kind,policy,t,lesson,arm,op,reason,width_before,width_after,n_support,n_contra,n_exceptions,utility,gain_n
alias,boundary:query,7,L1,dense,create,"default missed, dense hit",,2.0,1,0,0,0.0,0
alias,boundary:query,16,L2,hybrid,create,"default missed, hybrid hit",,2.0,1,0,0,0.0,0
alias,boundary:query,21,L3,dense,create,"default missed, dense hit",,2.0,1,0,0,0.0,0
alias,boundary:query,21,L4,hybrid,create,"default missed, hybrid hit",,2.0,1,0,0,0.0,0
alias,boundary:query,25,L5,dense,create,"default missed, dense hit",,2.0,1,0,0,0.0,0
alias,boundary:query,25,L6,hybrid,create,"default missed, hybrid hit",,2.0,1,0,0,0.0,0
alias,boundary:query,26,L7,dense,create,"default missed, dense hit",,2.0,1,0,0,0.0,0
alias,boundary:query,31,L8,dense,create,"default missed, dense hit",,2.0,1,0,0,0.0,0
alias,boundary:query,43,L9,dense,create,"default missed, dense hit",,2.0,1,0,0,0.0,0
alias,boundary:query,47,L8,dense,expand,arm beat the default just outside the box,1.9286,1.9875,3,0,0,1.0,1
alias,boundary:query,48,L1,dense,exception,contradicted; every cut loses a supporter,2.6504,2.6504,4,4,1,0.2857,7
alias,boundary:query,49,L1,dense,exception,contradicted; every cut loses a supporter,2.6654,2.6654,4,5,2,0.25,8
alias,boundary:query,55,L3,dense,retire,utility <= 0,,1.9235,2,4,0,0.0,5
alias,boundary:query,55,L4,hybrid,retire,utility <= 0,,1.9235,2,4,0,0.0,5
alias,boundary:query,56,L1,dense,exception,contradicted; every cut loses a supporter,2.6446,2.6446,4,6,3,0.2222,9
alias,boundary:query,56,L8,dense,exception,contradicted; every cut loses a supporter,2.0069,2.0069,3,5,1,0.1667,6
alias,boundary:query,59,L8,dense,exception,contradicted; every cut loses a supporter,2.0166,2.0166,3,6,2,0.1429,7
alias,boundary:query,60,L10,hybrid,create,"default missed, hybrid hit",,2.0,1,0,0,0.0,0
alias,boundary:query,62,L11,dense,create,"default missed, dense hit",,2.0,1,0,0,0.0,0
alias,boundary:query,66,L8,dense,exception,contradicted; every cut loses a supporter,2.0339,2.0339,3,7,3,0.125,8
alias,boundary:query,69,L1,dense,expand,arm beat the default just outside the box,2.7349,2.7685,5,6,3,0.2222,9
alias,boundary:query,69,L11,dense,expand,arm beat the default just outside the box,2.0105,2.039,2,2,0,0.0,2
alias,boundary:query,72,L12,dense,create,"default missed, dense hit",,2.0,1,0,0,0.0,0
alias,boundary:query,72,L13,hybrid,create,"default missed, hybrid hit",,2.0,1,0,0,0.0,0
alias,boundary:query,73,L14,dense,create,"default missed, dense hit",,2.0,1,0,0,0.0,0
alias,boundary:query,76,L11,dense,expand,arm beat the default just outside the box,2.0385,2.0898,3,4,0,0.0,4
alias,boundary:query,80,L12,dense,expand,arm beat the default just outside the box,1.9806,2.0373,2,1,0,0.0,1
alias,boundary:query,80,L13,hybrid,expand,arm beat the default just outside the box,1.9806,2.0373,2,1,0,0.0,1
alias,boundary:query,80,L15,dense,create,"default missed, dense hit",,2.0,1,0,0,0.0,0
alias,boundary:query,80,L16,hybrid,create,"default missed, hybrid hit",,2.0,1,0,0,0.0,0
alias,boundary:query,81,L11,dense,expand,arm beat the default just outside the box,2.0701,2.1068,4,4,0,0.0,4
alias,boundary:query,82,L1,dense,exception,contradicted; every cut loses a supporter,2.6601,2.6601,5,7,4,0.2,10
alias,boundary:query,82,L1,dense,split,4 exceptions; cut f:query_len_tokens at 11,,2.6601,5,7,4,0.2,10
alias,boundary:query,82,L1.lo,dense,create,split of L1,,2.5871,3,0,0,0.0,0
alias,boundary:query,82,L1.hi,dense,create,split of L1,,2.4006,2,0,0,0.0,0
alias,boundary:query,82,L11,dense,retire,utility <= 0,,2.1101,4,5,0,0.0,5
alias,boundary:query,87,L8,dense,narrow,contradicted; cut f:query_len_tokens,2.0421,1.9839,4,8,3,0.2,10
alias,boundary:query,89,L15,dense,expand,arm beat the default just outside the box,2.0167,2.0774,2,0,0,0.0,0
alias,boundary:query,92,L9,dense,expand,arm beat the default just outside the box,2.0201,2.0778,3,2,0,0.3333,3
alias,boundary:query,93,L8,dense,exception,contradicted; every cut loses a supporter,1.9907,1.9907,4,9,4,0.1818,11
alias,boundary:query,93,L8,dense,split,4 exceptions; cut f:query_cap_spans at 0.5,,1.9907,4,9,4,0.1818,11
alias,boundary:query,93,L8.lo,dense,create,split of L8,,1.8947,2,0,0,0.0,0
alias,boundary:query,93,L8.hi,dense,create,split of L8,,1.7693,2,0,0,0.0,0
alias,boundary:query,93,L1.lo,dense,retire,utility <= 0,,2.6092,3,5,0,0.0,5
alias,boundary:query,96,L21,dense,create,"default missed, dense hit",,2.0,1,0,0,0.0,0
alias,boundary:query,96,L22,hybrid,create,"default missed, hybrid hit",,2.0,1,0,0,0.0,0
alias,boundary:query,103,L5,dense,narrow,contradicted; cut f:query_len_tokens,1.9634,1.8944,4,3,0,0.5,6
alias,boundary:query,103,L6,hybrid,narrow,contradicted; cut f:query_len_tokens,1.9634,1.8944,3,4,0,0.3333,6
alias,boundary:query,107,L8.lo,dense,expand,arm beat the default just outside the box,1.9163,1.9718,3,0,0,0.0,0
alias,boundary:query,107,L23,dense,create,"default missed, dense hit",,2.0,1,0,0,0.0,0
alias,boundary:query,107,L24,hybrid,create,"default missed, hybrid hit",,2.0,1,0,0,0.0,0
alias,boundary:query,109,L1.hi,dense,expand,arm beat the default just outside the box,2.4565,2.4952,4,4,0,0.2,5
alias,boundary:query,109,L25,hybrid,create,"default missed, hybrid hit",,2.0,1,0,0,0.0,0
alias,boundary:query,114,L9,dense,narrow,contradicted; cut f:query_len_tokens,2.1125,2.0579,4,4,0,0.3333,6
alias,boundary:query,116,L9,dense,narrow,contradicted; cut f:query_len_tokens,2.0606,2.006,4,5,0,0.2857,7
alias,boundary:query,117,L8.hi,dense,narrow,contradicted; cut f:query_len_tokens,1.8006,1.7785,6,2,0,0.6667,6
alias,boundary:query,119,L5,dense,expand,arm beat the default just outside the box,1.909,1.909,5,3,0,0.5,6
alias,boundary:query,119,L6,hybrid,expand,arm beat the default just outside the box,1.909,1.909,4,4,0,0.3333,6
alias,boundary:query,119,L26,dense,create,"default missed, dense hit",,2.0,1,0,0,0.0,0
alias,boundary:query,119,L27,hybrid,create,"default missed, hybrid hit",,2.0,1,0,0,0.0,0
alias,boundary:query,122,L1.hi,dense,exception,contradicted; every cut loses a supporter,2.507,2.507,6,5,1,0.375,8
alias,boundary:query,122,L8.hi,dense,exception,contradicted; every cut loses a supporter,1.7812,1.7812,6,3,1,0.5714,7
alias,boundary:query,123,L5,dense,narrow,contradicted; cut f:query_len_tokens,1.9095,1.8381,5,4,0,0.2857,7
alias,boundary:query,123,L6,hybrid,narrow,contradicted; cut f:query_len_tokens,1.9095,1.8381,4,5,0,0.2857,7
alias,boundary:query,124,L5,dense,exception,contradicted; every cut loses a supporter,1.8409,1.8409,5,5,1,0.25,8
alias,boundary:query,124,L6,hybrid,exception,contradicted; every cut loses a supporter,1.8409,1.8409,4,6,1,0.25,8
alias,boundary:query,127,L13,hybrid,retire,utility <= 0,,2.1031,2,5,0,0.0,5
alias,boundary:query,129,L9,dense,exception,contradicted; every cut loses a supporter,2.0071,2.0071,4,6,1,0.25,8
alias,boundary:query,132,L25,hybrid,exception,contradicted; every cut loses a supporter,2.007,2.007,2,5,1,0.1667,6
alias,boundary:query,132,L28,dense,create,"default missed, dense hit",,2.0,1,0,0,0.0,0
alias,boundary:query,134,L10,hybrid,narrow,contradicted; cut f:query_len_tokens,2.0603,2.0101,2,5,0,0.1667,6
alias,boundary:query,135,L10,hybrid,narrow,contradicted; cut f:query_len_tokens,2.0082,1.9686,2,6,0,0.1429,7
alias,boundary:query,136,L25,hybrid,narrow,contradicted; cut f:query_len_tokens,2.009,1.9208,2,6,1,0.1429,7
alias,boundary:query,137,L9,dense,expand,arm beat the default just outside the box,2.0076,2.0076,5,6,1,0.25,8
alias,boundary:query,137,L14,dense,expand,arm beat the default just outside the box,2.0554,2.1179,2,0,0,0.0,0
alias,boundary:query,137,L29,dense,create,"default missed, dense hit",,2.0,1,0,0,0.0,0
alias,boundary:query,138,L8.hi,dense,expand,arm beat the default just outside the box,1.776,1.8154,8,3,1,0.625,8
alias,boundary:query,140,L25,hybrid,exception,contradicted; every cut loses a supporter,1.9249,1.9249,2,7,2,0.125,8
alias,boundary:query,141,L12,dense,narrow,contradicted; cut f:query_len_tokens,2.1039,2.0135,3,5,0,0.1667,6
alias,boundary:query,145,L25,hybrid,exception,contradicted; every cut loses a supporter,1.9213,1.9213,2,8,3,0.1111,9
alias,boundary:query,150,L1.hi,dense,expand,arm beat the default just outside the box,2.5184,2.5582,10,5,1,0.5455,11
alias,boundary:query,150,L8.hi,dense,expand,arm beat the default just outside the box,1.8198,1.8198,11,3,1,0.7,10
alias,boundary:query,150,L25,hybrid,expand,arm beat the default just outside the box,1.9224,1.9531,3,8,3,0.1111,9
alias,boundary:query,150,L30,hybrid,create,"default missed, hybrid hit",,2.0,1,0,0,0.0,0
alias,boundary:query,153,L14,dense,expand,arm beat the default just outside the box,2.1216,2.1615,3,0,0,0.0,0
alias,boundary:query,154,L2,hybrid,narrow,contradicted; cut f:query_len_tokens,2.0721,1.9481,2,5,0,0.1667,6
alias,boundary:query,155,L12,dense,exception,contradicted; every cut loses a supporter,2.0065,2.0065,3,6,1,0.1429,7
alias,boundary:query,155,L15,dense,retire,utility <= 0,,2.1193,2,5,0,0.0,5
alias,boundary:query,159,L9,dense,expand,arm beat the default just outside the box,1.9987,2.0375,7,6,1,0.3333,9
alias,boundary:query,160,L8.hi,dense,exception,contradicted; every cut loses a supporter,1.8045,1.8045,11,4,2,0.6364,11
alias,boundary:query,160,L28,dense,exception,contradicted; every cut loses a supporter,1.99,1.99,6,3,1,0.625,8
alias,boundary:query,162,L12,dense,narrow,contradicted; cut f:query_len_tokens,2.0021,1.9518,4,7,1,0.2222,9
alias,boundary:query,169,L9,dense,exception,contradicted; every cut loses a supporter,2.024,2.024,7,7,2,0.3,10
alias,boundary:query,170,L9,dense,expand,arm beat the default just outside the box,2.0217,2.0601,8,7,2,0.3,10
alias,boundary:query,170,L14,dense,expand,arm beat the default just outside the box,2.1272,2.1864,5,2,0,0.3333,3
alias,boundary:query,171,L10,hybrid,narrow,contradicted; cut f:query_len_tokens,1.9444,1.8955,3,7,0,0.2222,9
alias,boundary:query,177,L12,dense,exception,contradicted; every cut loses a supporter,1.9387,1.9387,4,8,2,0.2,10
alias,boundary:query,178,L1.hi,dense,exception,contradicted; every cut loses a supporter,2.4897,2.4897,11,6,2,0.5385,13
alias,boundary:query,178,L8.hi,dense,exception,contradicted; every cut loses a supporter,1.7948,1.7948,12,5,3,0.6154,13
alias,boundary:query,178,L28,dense,exception,contradicted; every cut loses a supporter,1.9754,1.9754,7,4,2,0.6,10
alias,boundary:query,179,L8.lo,dense,exception,contradicted; every cut loses a supporter,1.9593,1.9593,4,5,1,0.1667,6
alias,boundary:query,179,L24,hybrid,retire,utility <= 0,,1.9855,1,5,0,0.0,5
alias,boundary:query,180,L10,hybrid,expand,arm beat the default just outside the box,1.896,1.896,4,7,0,0.2222,9
alias,boundary:query,180,L31,hybrid,create,"default missed, hybrid hit",,2.0,1,0,0,0.0,0
alias,boundary:query,183,L5,dense,exception,contradicted; every cut loses a supporter,1.8142,1.8142,5,6,2,0.2222,9
alias,boundary:query,183,L6,hybrid,exception,contradicted; every cut loses a supporter,1.8142,1.8142,4,7,2,0.2222,9
alias,boundary:query,185,L5,dense,exception,contradicted; every cut loses a supporter,1.8147,1.8147,5,7,3,0.2,10
alias,boundary:query,185,L6,hybrid,exception,contradicted; every cut loses a supporter,1.8147,1.8147,4,8,3,0.2,10
alias,boundary:query,187,L8.hi,dense,exception,contradicted; every cut loses a supporter,1.8006,1.8006,12,6,4,0.5714,14
alias,boundary:query,187,L28,dense,exception,contradicted; every cut loses a supporter,1.9818,1.9818,7,5,3,0.5455,11
alias,boundary:query,187,L8.hi,dense,split,4 exceptions; cut f:query_len_tokens at 12,,1.8006,12,6,4,0.5714,14
alias,boundary:query,187,L8.hi.lo,dense,create,split of L8.hi,,1.7226,9,0,0,0.0,0
alias,boundary:query,187,L8.hi.hi,dense,create,split of L8.hi,,1.6447,3,0,0,0.0,0
alias,boundary:query,189,L9,dense,exception,contradicted; every cut loses a supporter,2.0705,2.0705,9,8,3,0.3333,12
alias,boundary:query,191,L1.hi,dense,expand,arm beat the default just outside the box,2.5177,2.5569,12,6,2,0.5385,13
alias,boundary:query,191,L25,hybrid,expand,arm beat the default just outside the box,1.9364,1.9364,4,8,3,0.1111,9
alias,boundary:query,191,L34,hybrid,create,"default missed, hybrid hit",,2.0,1,0,0,0.0,0
alias,boundary:query,193,L23,dense,narrow,contradicted; cut f:query_len_tokens,1.9954,1.908,2,5,0,0.1667,6
alias,boundary:query,194,L1.hi,dense,exception,contradicted; every cut loses a supporter,2.5625,2.5625,12,7,3,0.5,14
alias,boundary:query,194,L25,hybrid,exception,contradicted; every cut loses a supporter,1.9368,1.9368,4,9,4,0.1,10
alias,boundary:query,194,L28,dense,exception,contradicted; every cut loses a supporter,1.9869,1.9869,7,6,4,0.5,12
alias,boundary:query,194,L25,hybrid,split,4 exceptions; cut f:query_len_tokens at 11.5,,1.9368,4,9,4,0.1,10
alias,boundary:query,194,L25.lo,hybrid,create,split of L25,,1.839,2,0,0,0.0,0
alias,boundary:query,194,L25.hi,hybrid,create,split of L25,,1.839,2,0,0,0.0,0
alias,boundary:query,194,L28,dense,split,4 exceptions; cut f:query_len_tokens at 11,,1.9869,7,6,4,0.5,12
alias,boundary:query,194,L28.lo,dense,create,split of L28,,1.8639,5,0,0,0.0,0
alias,boundary:query,194,L28.hi,dense,create,split of L28,,1.8639,2,0,0,0.0,0
alias,boundary:query,197,L30,hybrid,narrow,contradicted; cut f:query_len_tokens,1.9898,1.9056,2,5,0,0.1667,6
alias,boundary:query,201,L28.lo,dense,expand,arm beat the default just outside the box,1.8678,1.907,6,1,0,0.0,1
alias,boundary:query,202,L1.hi,dense,exception,contradicted; every cut loses a supporter,2.5806,2.5806,14,8,4,0.5294,17
alias,boundary:query,202,L30,hybrid,exception,contradicted; every cut loses a supporter,1.9052,1.9052,2,6,1,0.1429,7
alias,boundary:query,202,L1.hi,dense,split,4 exceptions; cut f:query_len_tokens at 12,,2.5806,14,8,4,0.5294,17
alias,boundary:query,202,L1.hi.lo,dense,create,split of L1.hi,,2.5019,10,0,0,0.0,0
alias,boundary:query,202,L1.hi.hi,dense,create,split of L1.hi,,2.4626,4,0,0,0.0,0
alias,boundary:query,203,L5,dense,narrow,contradicted; cut f:query_len_tokens,1.8275,1.7882,5,8,3,0.0909,11
alias,boundary:query,203,L6,hybrid,narrow,contradicted; cut f:query_len_tokens,1.8275,1.7882,4,9,3,0.1818,11
alias,boundary:query,205,L10,hybrid,exception,contradicted; every cut loses a supporter,1.9146,1.9146,4,8,1,0.2,10
alias,boundary:query,205,L14,dense,expand,arm beat the default just outside the box,2.2113,2.2508,7,2,0,0.5,4
alias,boundary:query,206,L10,hybrid,exception,contradicted; every cut loses a supporter,1.9135,1.9135,4,9,2,0.1818,11
alias,boundary:query,208,L10,hybrid,exception,contradicted; every cut loses a supporter,1.9128,1.9128,4,10,3,0.1667,12
alias,boundary:query,208,L14,dense,exception,contradicted; every cut loses a supporter,2.2496,2.2496,8,3,1,0.5,6
alias,boundary:query,208,L29,dense,exception,contradicted; every cut loses a supporter,1.9936,1.9936,7,2,1,0.75,8
alias,boundary:query,210,L8.lo,dense,exception,contradicted; every cut loses a supporter,1.9711,1.9711,4,6,2,0.1429,7
alias,boundary:query,210,L23,dense,exception,contradicted; every cut loses a supporter,1.9106,1.9106,2,6,1,0.1429,7
alias,boundary:query,214,L2,hybrid,expand,arm beat the default just outside the box,1.9292,1.9681,3,5,0,0.1667,6
alias,boundary:query,214,L9,dense,expand,arm beat the default just outside the box,2.0622,2.1011,12,8,3,0.4286,14
alias,boundary:query,216,L8.hi.hi,dense,exception,contradicted; every cut loses a supporter,1.6451,1.6451,6,4,1,0.4286,7
alias,boundary:query,216,L25.hi,hybrid,exception,contradicted; every cut loses a supporter,1.8339,1.8339,3,5,1,0.1667,6
alias,boundary:query,216,L28.hi,dense,exception,contradicted; every cut loses a supporter,1.8587,1.8587,5,4,1,0.4286,7
alias,boundary:query,217,L10,hybrid,expand,arm beat the default just outside the box,1.9015,1.9532,5,10,3,0.1667,12
alias,boundary:query,217,L41,hybrid,create,"default missed, hybrid hit",,2.0,1,0,0,0.0,0
alias,boundary:query,218,L16,hybrid,retire,utility <= 0,,2.0419,1,5,0,0.0,5
alias,boundary:query,219,L9,dense,expand,arm beat the default just outside the box,2.0971,2.1537,14,8,3,0.4667,15
alias,boundary:query,219,L14,dense,expand,arm beat the default just outside the box,2.2261,2.2841,11,3,1,0.625,8
alias,boundary:query,219,L42,dense,create,"default missed, dense hit",,2.0,1,0,0,0.0,0
alias,boundary:query,221,L5,dense,expand,arm beat the default just outside the box,1.7656,1.7656,6,8,3,0.0909,11
alias,boundary:query,221,L6,hybrid,expand,arm beat the default just outside the box,1.7656,1.7656,5,9,3,0.1818,11
alias,boundary:query,221,L26,dense,retire,utility <= 0,,1.9589,2,4,0,0.0,5
alias,boundary:query,222,L12,dense,exception,contradicted; every cut loses a supporter,1.9277,1.9277,5,9,3,0.25,12
alias,boundary:query,223,L8.hi.hi,dense,exception,contradicted; every cut loses a supporter,1.6347,1.6347,6,5,2,0.375,8
alias,boundary:query,223,L25.hi,hybrid,narrow,contradicted; cut f:query_len_tokens,1.8204,1.8009,3,6,1,0.1429,7
alias,boundary:query,223,L28.hi,dense,exception,contradicted; every cut loses a supporter,1.8451,1.8451,5,5,2,0.375,8
alias,boundary:query,225,L23,dense,narrow,contradicted; cut f:query_len_tokens,1.888,1.8786,2,7,1,0.125,8
alias,boundary:query,227,L14,dense,expand,arm beat the default just outside the box,2.2722,2.3111,12,3,1,0.625,8
alias,boundary:query,227,L42,dense,expand,arm beat the default just outside the box,1.9891,2.0823,2,0,0,0.0,0
alias,boundary:query,228,L43,hybrid,create,"default missed, hybrid hit",,2.0,1,0,0,0.0,0
alias,boundary:query,229,L8.hi.hi,dense,expand,arm beat the default just outside the box,1.6334,1.6723,7,5,2,0.375,8
alias,boundary:query,229,L25.hi,hybrid,expand,arm beat the default just outside the box,1.7977,1.8367,4,6,1,0.1429,7
alias,boundary:query,229,L28.hi,dense,expand,arm beat the default just outside the box,1.842,1.8752,6,5,2,0.375,8
alias,boundary:query,229,L1.hi.hi,dense,expand,arm beat the default just outside the box,2.39,2.4289,6,2,0,0.3333,3
alias,boundary:query,229,L43,hybrid,expand,arm beat the default just outside the box,2.0016,2.0614,2,0,0,0.0,0
alias,boundary:query,229,L44,dense,create,"default missed, dense hit",,2.0,1,0,0,0.0,0
alias,boundary:query,230,L9,dense,exception,contradicted; every cut loses a supporter,2.1438,2.1438,15,9,4,0.4706,17
alias,boundary:query,230,L14,dense,exception,contradicted; every cut loses a supporter,2.3126,2.3126,12,4,2,0.5556,9
alias,boundary:query,230,L29,dense,exception,contradicted; every cut loses a supporter,1.9646,1.9646,9,3,2,0.7273,11
alias,boundary:query,230,L31,hybrid,narrow,contradicted; cut f:query_len_tokens,1.9911,1.9819,2,5,0,0.1667,6
alias,boundary:query,230,L9,dense,split,4 exceptions; cut f:query_cap_spans at 2,,2.1438,15,9,4,0.4706,17
alias,boundary:query,230,L9.lo,dense,create,split of L9,,1.9587,14,0,0,0.0,0
alias,boundary:query,230,L9.hi,dense,create,split of L9,,1.9587,1,0,0,0.0,0
alias,boundary:query,231,L8.hi.hi,dense,exception,contradicted; every cut loses a supporter,1.6729,1.6729,7,6,3,0.3333,9
alias,boundary:query,231,L25.hi,hybrid,exception,contradicted; every cut loses a supporter,1.838,1.838,4,7,2,0.125,8
alias,boundary:query,231,L28.hi,dense,exception,contradicted; every cut loses a supporter,1.8766,1.8766,6,6,3,0.3333,9
alias,boundary:query,232,L31,hybrid,exception,contradicted; every cut loses a supporter,1.982,1.982,2,6,1,0.1429,7
alias,boundary:query,233,L8.hi.lo,dense,exception,contradicted; every cut loses a supporter,1.7112,1.7112,11,4,1,0.3333,6
alias,boundary:query,233,L34,hybrid,retire,utility <= 0,,1.9791,1,5,0,0.0,5
alias,boundary:query,234,L31,hybrid,narrow,contradicted; cut f:query_len_tokens,1.983,1.9441,2,7,1,0.125,8
alias,boundary:query,236,L47,dense,create,"default missed, dense hit",,2.0,1,0,0,0.0,0
alias,boundary:query,239,L8.hi.lo,dense,exception,contradicted; every cut loses a supporter,1.7094,1.7094,11,5,2,0.2857,7
alias,boundary:query,239,L28.hi,dense,narrow,contradicted; cut f:query_len_tokens,1.8736,1.8736,6,7,3,0.3,10
alias,boundary:query,239,L28.lo,dense,retire,utility <= 0,,1.8794,6,5,0,0.0,5
alias,boundary:query,244,L27,hybrid,narrow,contradicted; cut f:query_len_tokens,1.9592,1.8755,2,5,0,0.1667,6
alias,boundary:query,247,L31,hybrid,exception,contradicted; every cut loses a supporter,1.9465,1.9465,2,8,2,0.1111,9
alias,boundary:query,248,L8.hi.lo,dense,exception,contradicted; every cut loses a supporter,1.7146,1.7146,11,6,3,0.25,8
alias,boundary:query,248,L25.lo,hybrid,retire,utility <= 0,,1.8213,2,5,0,0.0,5
alias,boundary:query,248,L1.hi.lo,dense,retire,utility <= 0,,2.4432,10,5,0,0.0,5
alias,boundary:query,250,L27,hybrid,exception,contradicted; every cut loses a supporter,1.8782,1.8782,2,6,1,0.0,7
alias,boundary:query,250,L27,hybrid,retire,utility <= 0,,1.8782,2,6,1,0.0,7
alias,boundary:query,253,L43,hybrid,expand,arm beat the default just outside the box,2.0698,2.1011,4,3,0,0.25,4
alias,boundary:query,253,L48,dense,create,"default missed, dense hit",,2.0,1,0,0,0.0,0
alias,boundary:query,253,L49,hybrid,create,"default missed, hybrid hit",,2.0,1,0,0,0.0,0
alias,boundary:query,254,L44,dense,expand,arm beat the default just outside the box,2.0077,2.0678,3,2,0,0.3333,3
alias,boundary:query,254,L48,dense,expand,arm beat the default just outside the box,1.9999,2.061,2,0,0,0.0,0
alias,boundary:query,255,L8.hi.lo,dense,exception,contradicted; every cut loses a supporter,1.7185,1.7185,11,7,4,0.2222,9
alias,boundary:query,255,L43,hybrid,exception,contradicted; every cut loses a supporter,2.1024,2.1024,4,5,1,0.1667,6
alias,boundary:query,255,L8.hi.lo,dense,split,4 exceptions; cut f:query_len_tokens at 11,,1.7185,11,7,4,0.2222,9
alias,boundary:query,255,L8.hi.lo.lo,dense,create,split of L8.hi.lo,,1.6789,6,0,0,0.0,0
alias,boundary:query,255,L8.hi.lo.hi,dense,create,split of L8.hi.lo,,1.5996,5,0,0,0.0,0
alias,boundary:query,257,L14,dense,exception,contradicted; every cut loses a supporter,2.324,2.324,14,5,3,0.5833,12
alias,boundary:query,257,L29,dense,exception,contradicted; every cut loses a supporter,1.9729,1.9729,11,4,3,0.7143,14
alias,boundary:query,257,L31,hybrid,exception,contradicted; every cut loses a supporter,1.9506,1.9506,2,9,3,0.1,10
alias,boundary:query,262,L42,dense,exception,contradicted; every cut loses a supporter,2.0935,2.0935,5,3,1,0.5,6
alias,boundary:query,265,L43,hybrid,exception,contradicted; every cut loses a supporter,2.1,2.1,4,6,2,0.1429,7
alias,boundary:query,266,L5,dense,exception,contradicted; every cut loses a supporter,1.7695,1.7695,6,9,4,0.0833,12
alias,boundary:query,266,L6,hybrid,exception,contradicted; every cut loses a supporter,1.7695,1.7695,5,10,4,0.1667,12
alias,boundary:query,266,L5,dense,split,4 exceptions; cut f:query_len_tokens at 14,,1.7695,6,9,4,0.0833,12
alias,boundary:query,266,L5.lo,dense,create,split of L5,,1.73,5,0,0,0.0,0
alias,boundary:query,266,L5.hi,dense,create,split of L5,,1.6904,1,0,0,0.0,0
alias,boundary:query,266,L6,hybrid,split,4 exceptions; cut f:query_len_tokens at 14,,1.7695,5,10,4,0.1667,12
alias,boundary:query,266,L6.lo,hybrid,create,split of L6,,1.73,4,0,0,0.0,0
alias,boundary:query,266,L6.hi,hybrid,create,split of L6,,1.6904,1,0,0,0.0,0
alias,boundary:query,267,L30,hybrid,expand,arm beat the default just outside the box,1.8864,1.9261,5,6,1,0.3333,9
alias,boundary:query,267,L25.hi,hybrid,expand,arm beat the default just outside the box,1.8447,1.8447,6,7,2,0.2222,9
alias,boundary:query,267,L8.hi.lo.lo,dense,expand,arm beat the default just outside the box,1.6807,1.7204,7,1,0,-1.0,1
alias,boundary:query,268,L56,hybrid,create,"default missed, hybrid hit",,2.0,1,0,0,0.0,0
alias,boundary:query,271,L42,dense,exception,contradicted; every cut loses a supporter,2.0879,2.0879,5,4,2,0.4286,7
alias,boundary:query,271,L9.lo,dense,exception,contradicted; every cut loses a supporter,1.9638,1.9638,18,3,1,0.5714,7
alias,boundary:query,271,L9.hi,dense,exception,contradicted; every cut loses a supporter,1.9638,1.9638,5,3,1,0.5714,7
alias,boundary:query,275,L14,dense,exception,contradicted; every cut loses a supporter,2.3164,2.3164,14,6,4,0.5385,13
alias,boundary:query,275,L29,dense,exception,contradicted; every cut loses a supporter,1.9656,1.9656,11,5,4,0.6667,15
alias,boundary:query,275,L42,dense,exception,contradicted; every cut loses a supporter,2.0849,2.0849,5,5,3,0.375,8
alias,boundary:query,275,L9.lo,dense,exception,contradicted; every cut loses a supporter,1.9607,1.9607,18,4,2,0.5,8
alias,boundary:query,275,L9.hi,dense,exception,contradicted; every cut loses a supporter,1.9607,1.9607,5,4,2,0.5,8
alias,boundary:query,275,L14,dense,split,4 exceptions; cut f:query_cap_spans at 2,,2.3164,14,6,4,0.5385,13
alias,boundary:query,275,L14.lo,dense,create,split of L14,,2.131,13,0,0,0.0,0
alias,boundary:query,275,L14.hi,dense,create,split of L14,,2.131,1,0,0,0.0,0
alias,boundary:query,275,L29,dense,split,4 exceptions; cut f:query_len_tokens at 15,,1.9656,11,5,4,0.6667,15
alias,boundary:query,275,L29.lo,dense,create,split of L29,,1.801,6,0,0,0.0,0
alias,boundary:query,275,L29.hi,dense,create,split of L29,,1.8801,5,0,0,0.0,0
alias,boundary:query,276,L48,dense,narrow,contradicted; cut f:query_len_tokens,2.0551,1.9698,4,4,0,0.1667,6
alias,boundary:query,277,L30,hybrid,exception,contradicted; every cut loses a supporter,1.9196,1.9196,5,7,2,0.3,10
alias,boundary:query,277,L25.hi,hybrid,exception,contradicted; every cut loses a supporter,1.8382,1.8382,6,8,3,0.2,10
alias,boundary:query,277,L1.hi.hi,dense,exception,contradicted; every cut loses a supporter,2.4222,2.4222,8,4,1,0.4286,7
alias,boundary:query,277,L43,hybrid,exception,contradicted; every cut loses a supporter,2.0963,2.0963,5,7,3,0.2222,9
alias,boundary:query,277,L44,dense,exception,contradicted; every cut loses a supporter,2.0636,2.0636,5,3,1,0.5,6
alias,boundary:query,277,L48,dense,exception,contradicted; every cut loses a supporter,1.9714,1.9714,4,5,1,0.1429,7
alias,boundary:query,277,L49,hybrid,retire,utility <= 0,,1.9955,2,4,0,0.0,5
alias,boundary:query,279,L61,hybrid,create,"default missed, hybrid hit",,2.0,1,0,0,0.0,0
alias,boundary:query,280,L30,hybrid,exception,contradicted; every cut loses a supporter,1.9181,1.9181,5,8,3,0.2727,11
alias,boundary:query,280,L25.hi,hybrid,exception,contradicted; every cut loses a supporter,1.8369,1.8369,6,9,4,0.1818,11
alias,boundary:query,280,L43,hybrid,exception,contradicted; every cut loses a supporter,2.0948,2.0948,5,8,4,0.2,10
alias,boundary:query,280,L25.hi,hybrid,split,4 exceptions; cut f:query_len_tokens at 14,,1.8369,6,9,4,0.1818,11
alias,boundary:query,280,L25.hi.lo,hybrid,create,split of L25.hi,,1.7974,4,0,0,0.0,0
alias,boundary:query,280,L25.hi.hi,hybrid,create,split of L25.hi,,1.7579,2,0,0,0.0,0
alias,boundary:query,280,L43,hybrid,split,4 exceptions; cut f:query_len_tokens at 13,,2.0948,5,8,4,0.2,10
alias,boundary:query,280,L43.lo,hybrid,create,split of L43,,1.9681,3,0,0,0.0,0
alias,boundary:query,280,L43.hi,hybrid,create,split of L43,,1.9368,2,0,0,0.0,0
alias,boundary:query,282,L30,hybrid,exception,contradicted; every cut loses a supporter,1.9183,1.9183,5,9,4,0.25,12
alias,boundary:query,282,L48,dense,expand,arm beat the default just outside the box,1.9704,2.0034,5,5,1,0.1429,7
alias,boundary:query,282,L8.hi.lo.lo,dense,expand,arm beat the default just outside the box,1.7112,1.7506,8,3,0,-0.3333,3
alias,boundary:query,282,L8.hi.lo.hi,dense,expand,arm beat the default just outside the box,1.5931,1.6324,7,1,0,0.5,2
alias,boundary:query,282,L30,hybrid,split,4 exceptions; cut f:query_len_tokens at 14,,1.9183,5,9,4,0.25,12
alias,boundary:query,282,L30.lo,hybrid,create,split of L30,,1.7947,3,0,0,0.0,0
alias,boundary:query,282,L30.hi,hybrid,create,split of L30,,1.8396,2,0,0,0.0,0
alias,boundary:query,284,L10,hybrid,exception,contradicted; every cut loses a supporter,1.9369,1.9369,5,11,4,0.1538,13
alias,boundary:query,284,L10,hybrid,split,4 exceptions; cut f:query_cap_spans at 2,,1.9369,5,11,4,0.1538,13
alias,boundary:query,284,L10.lo,hybrid,create,split of L10,,1.8008,5,0,0,0.0,0
alias,boundary:query,286,L7,dense,exception,contradicted; every cut loses a supporter,1.938,1.938,5,4,1,0.5,8
alias,boundary:query,286,L9.lo,dense,exception,contradicted; every cut loses a supporter,1.9613,1.9613,19,5,3,0.5,10
alias,boundary:query,286,L56,hybrid,expand,arm beat the default just outside the box,1.9923,2.0523,2,4,0,0.0,4
alias,boundary:query,286,L10.lo,hybrid,expand,arm beat the default just outside the box,1.8004,1.8004,6,0,0,0.0,0
alias,boundary:query,287,L48,dense,expand,arm beat the default just outside the box,2.0041,2.0041,7,5,1,0.25,8
alias,boundary:query,289,L7,dense,exception,contradicted; every cut loses a supporter,1.9382,1.9382,5,5,2,0.4444,9
alias,boundary:query,289,L9.lo,dense,exception,contradicted; every cut loses a supporter,1.9616,1.9616,19,6,4,0.4545,11
alias,boundary:query,289,L9.lo,dense,split,4 exceptions; cut f:query_cap_spans at 2,,1.9616,19,6,4,0.4545,11
alias,boundary:query,289,L9.lo.lo,dense,create,split of L9.lo,,1.9616,19,0,0,0.0,0
alias,boundary:query,289,L56,hybrid,retire,utility <= 0,,2.0532,2,5,0,0.0,5
alias,boundary:query,290,L70,dense,create,"default missed, dense hit",,2.0,1,0,0,0.0,0
alias,boundary:query,290,L71,hybrid,create,"default missed, hybrid hit",,2.0,1,0,0,0.0,0
alias,boundary:query,291,L8.hi.lo.lo,dense,retire,utility <= 0,,1.752,9,4,0,0.0,5
alias,boundary:query,292,L8.hi.hi,dense,expand,arm beat the default just outside the box,1.6738,1.7135,10,6,3,0.4545,11
alias,boundary:query,292,L28.hi,dense,expand,arm beat the default just outside the box,1.8795,1.8795,9,7,3,0.4167,12
alias,boundary:query,292,L1.hi.hi,dense,expand,arm beat the default just outside the box,2.4278,2.4675,11,4,1,0.5556,9
alias,boundary:query,292,L44,dense,expand,arm beat the default just outside the box,2.0668,2.0983,8,3,1,0.625,8
alias,boundary:query,293,L48,dense,exception,contradicted; every cut loses a supporter,2.0084,2.0084,8,6,2,0.3,10
alias,boundary:query,295,L72,hybrid,create,"default missed, hybrid hit",,2.0,1,0,0,0.0,0
alias,boundary:query,298,L31,hybrid,narrow,contradicted; cut f:query_len_tokens,1.9467,1.9069,2,10,3,0.0909,11
alias,boundary:query,298,L42,dense,exception,contradicted; every cut loses a supporter,2.0892,2.0892,6,6,4,0.4,10
alias,boundary:query,298,L9.hi,dense,exception,contradicted; every cut loses a supporter,1.9631,1.9631,6,5,3,0.5,10
alias,boundary:query,298,L14.lo,dense,exception,contradicted; every cut loses a supporter,2.1354,2.1354,15,5,1,0.2857,7
alias,boundary:query,298,L42,dense,split,4 exceptions; cut f:query_cap_spans at 2,,2.0892,6,6,4,0.4,10
alias,boundary:query,298,L42.lo,dense,create,split of L42,,1.779,4,0,0,0.0,0
alias,boundary:query,298,L42.hi,dense,create,split of L42,,2.0892,2,0,0,0.0,0
alias,boundary:query,299,L14.lo,dense,exception,contradicted; every cut loses a supporter,2.134,2.134,15,6,2,0.25,8
alias,boundary:query,301,L48,dense,exception,contradicted; every cut loses a supporter,2.0034,2.0034,8,7,3,0.1818,11
alias,boundary:query,301,L43.lo,hybrid,retire,utility <= 0,,1.9684,4,4,0,0.0,5
alias,boundary:query,303,L1.hi.hi,dense,exception,contradicted; every cut loses a supporter,2.4644,2.4644,11,5,2,0.4,10
alias,boundary:query,303,L44,dense,exception,contradicted; every cut loses a supporter,2.0937,2.0937,8,4,2,0.4444,9
alias,boundary:query,303,L48,dense,exception,contradicted; every cut loses a supporter,2.0029,2.0029,8,8,4,0.0833,12
alias,boundary:query,303,L48,dense,split,4 exceptions; cut f:query_len_tokens at 11.5,,2.0029,8,8,4,0.0833,12
alias,boundary:query,303,L48.lo,dense,create,split of L48,,1.9434,4,0,0,0.0,0
alias,boundary:query,303,L48.hi,dense,create,split of L48,,1.864,4,0,0,0.0,0
alias,boundary:query,304,L77,hybrid,create,"default missed, hybrid hit",,2.0,1,0,0,0.0,0
alias,boundary:query,306,L8.hi.lo.hi,dense,exception,contradicted; every cut loses a supporter,1.6313,1.6313,8,4,1,0.1667,6
alias,boundary:query,307,L78,dense,create,"default missed, dense hit",,2.0,1,0,0,0.0,0
alias,boundary:query,307,L79,hybrid,create,"default missed, hybrid hit",,2.0,1,0,0,0.0,0
alias,boundary:query,308,L2,hybrid,exception,contradicted; every cut loses a supporter,1.9544,1.9544,3,6,1,0.1429,7
alias,boundary:query,308,L31,hybrid,exception,contradicted; every cut loses a supporter,1.9021,1.9021,2,11,4,0.0833,12
alias,boundary:query,308,L31,hybrid,split,4 exceptions; cut f:query_len_tokens at 17.5,,1.9021,2,11,4,0.0833,12
alias,boundary:query,308,L31.lo,hybrid,create,split of L31,,1.8336,1,0,0,0.0,0
alias,boundary:query,308,L31.hi,hybrid,create,split of L31,,1.8035,1,0,0,0.0,0
alias,boundary:query,310,L29.lo,dense,expand,arm beat the default just outside the box,1.799,1.8385,7,1,0,0.0,1
alias,boundary:query,310,L72,hybrid,expand,arm beat the default just outside the box,1.9947,2.0551,2,0,0,0.0,0
alias,boundary:query,310,L31.hi,hybrid,expand,arm beat the default just outside the box,1.8032,1.8625,2,0,0,0.0,0
alias,boundary:query,311,L9.hi,dense,exception,contradicted; every cut loses a supporter,1.957,1.957,8,6,4,0.4615,13
alias,boundary:query,311,L14.lo,dense,exception,contradicted; every cut loses a supporter,2.1281,2.1281,17,7,3,0.2727,11
alias,boundary:query,311,L14.hi,dense,exception,contradicted; every cut loses a supporter,2.1281,2.1281,5,5,1,0.3333,9
alias,boundary:query,311,L29.hi,dense,exception,contradicted; every cut loses a supporter,1.8776,1.8776,8,5,1,0.25,8
alias,boundary:query,311,L9.lo.lo,dense,exception,contradicted; every cut loses a supporter,1.957,1.957,23,3,1,0.4286,7
alias,boundary:query,311,L9.hi,dense,split,4 exceptions; cut f:query_cap_spans at 2,,1.957,8,6,4,0.4615,13
alias,boundary:query,311,L9.hi.lo,dense,create,split of L9.hi,,1.7727,6,0,0,0.0,0
alias,boundary:query,311,L9.hi.hi,dense,create,split of L9.hi,,1.957,2,0,0,0.0,0
alias,boundary:query,314,L2,hybrid,expand,arm beat the default just outside the box,1.9507,1.9901,4,6,1,0.1429,7
alias,boundary:query,314,L31.lo,hybrid,expand,arm beat the default just outside the box,1.8307,1.8504,3,1,0,0.5,2
alias,boundary:query,315,L47,dense,narrow,contradicted; cut f:query_len_tokens,1.9954,1.9479,2,5,0,0.1667,6
alias,boundary:query,317,L47,dense,narrow,contradicted; cut f:query_len_tokens,1.9467,1.8993,2,6,0,0.1429,7
alias,boundary:query,318,L14.hi,dense,narrow,contradicted; cut f:query_len_tokens,2.1229,2.0439,6,6,1,0.3636,11
alias,boundary:query,318,L29.hi,dense,narrow,contradicted; cut f:query_len_tokens,1.8726,1.8726,9,6,1,0.3,10
alias,boundary:query,318,L10.lo,hybrid,exception,contradicted; every cut loses a supporter,1.7918,1.7918,7,5,1,0.1667,6
alias,boundary:query,318,L9.lo.lo,dense,exception,contradicted; every cut loses a supporter,1.9522,1.9522,24,4,2,0.4444,9
alias,boundary:query,318,L42.lo,dense,exception,contradicted; every cut loses a supporter,1.7687,1.7687,8,3,1,0.4286,7
alias,boundary:query,318,L42.hi,dense,narrow,contradicted; cut f:query_len_tokens,2.0772,1.9983,6,3,0,0.4286,7
alias,boundary:query,319,L14.lo,dense,exception,contradicted; every cut loses a supporter,2.1202,2.1202,18,8,4,0.3077,13
alias,boundary:query,319,L14.hi,dense,exception,contradicted; every cut loses a supporter,2.0417,2.0417,6,7,2,0.3333,12
alias,boundary:query,319,L29.hi,dense,exception,contradicted; every cut loses a supporter,1.8715,1.8715,9,7,2,0.2727,11
alias,boundary:query,319,L9.lo.lo,dense,exception,contradicted; every cut loses a supporter,1.9504,1.9504,24,5,3,0.4,10
alias,boundary:query,319,L42.lo,dense,exception,contradicted; every cut loses a supporter,1.7669,1.7669,8,4,2,0.375,8
alias,boundary:query,319,L42.hi,dense,exception,contradicted; every cut loses a supporter,1.997,1.997,6,4,1,0.375,8
alias,boundary:query,319,L14.lo,dense,split,4 exceptions; cut f:query_len_tokens at 16,,2.1202,18,8,4,0.3077,13
alias,boundary:query,319,L14.lo.lo,dense,create,split of L14.lo,,1.7898,11,0,0,0.0,0
alias,boundary:query,319,L14.lo.hi,dense,create,split of L14.lo,,2.0024,7,0,0,0.0,0
alias,boundary:query,320,L2,hybrid,exception,contradicted; every cut loses a supporter,1.9847,1.9847,4,7,2,0.125,8
alias,boundary:query,320,L14.hi,dense,exception,contradicted; every cut loses a supporter,2.0402,2.0402,6,8,3,0.3077,13
alias,boundary:query,320,L29.hi,dense,exception,contradicted; every cut loses a supporter,1.8708,1.8708,9,8,3,0.25,12
alias,boundary:query,320,L9.lo.lo,dense,exception,contradicted; every cut loses a supporter,1.9492,1.9492,24,6,4,0.3636,11
alias,boundary:query,320,L42.lo,dense,exception,contradicted; every cut loses a supporter,1.7657,1.7657,8,5,3,0.3333,9
alias,boundary:query,320,L42.hi,dense,exception,contradicted; every cut loses a supporter,1.9962,1.9962,6,5,2,0.3333,9
alias,boundary:query,320,L9.lo.lo,dense,split,4 exceptions; cut f:query_len_tokens at 15,,1.9492,24,6,4,0.3636,11
alias,boundary:query,320,L9.lo.lo.lo,dense,create,split of L9.lo.lo,,1.7928,13,0,0,0.0,0
alias,boundary:query,320,L9.lo.lo.hi,dense,create,split of L9.lo.lo,,1.8319,11,0,0,0.0,0
alias,boundary:query,321,L10.lo,hybrid,exception,contradicted; every cut loses a supporter,1.79,1.79,7,6,2,0.1429,7
alias,boundary:query,321,L72,hybrid,exception,contradicted; every cut loses a supporter,2.0468,2.0468,3,5,1,0.1667,6
alias,boundary:query,321,L42.lo,dense,exception,contradicted; every cut loses a supporter,1.7654,1.7654,8,6,4,0.3,10
alias,boundary:query,321,L42.hi,dense,exception,contradicted; every cut loses a supporter,1.996,1.996,6,6,3,0.3,10
alias,boundary:query,321,L42.lo,dense,split,4 exceptions; cut f:query_len_tokens at 16.5,,1.7654,8,6,4,0.3,10
alias,boundary:query,321,L42.lo.lo,dense,create,split of L42.lo,,1.6207,4,0,0,0.0,0
alias,boundary:query,321,L42.lo.hi,dense,create,split of L42.lo,,1.6286,4,0,0,0.0,0
alias,boundary:query,324,L72,hybrid,narrow,contradicted; cut f:query_len_tokens,2.0485,1.9642,3,6,1,0.1429,7
alias,boundary:query,324,L14.hi,dense,expand,arm beat the default just outside the box,2.0415,2.0415,7,8,3,0.3077,13
alias,boundary:query,324,L29.hi,dense,expand,arm beat the default just outside the box,1.8719,1.8719,10,8,3,0.25,12
alias,boundary:query,324,L42.hi,dense,expand,arm beat the default just outside the box,1.9976,1.9976,7,6,3,0.3,10
alias,boundary:query,324,L14.lo.hi,dense,expand,arm beat the default just outside the box,2.0023,2.0415,8,2,0,0.0,2
alias,boundary:query,324,L42.lo.hi,dense,expand,arm beat the default just outside the box,1.6293,1.6881,5,0,0,0.0,0
alias,boundary:query,324,L29.lo,dense,retire,utility <= 0,,1.8327,8,4,0,0.0,5
alias,boundary:query,325,L2,hybrid,exception,contradicted; every cut loses a supporter,1.9832,1.9832,4,8,3,0.1111,9
alias,boundary:query,325,L29.hi,dense,expand,arm beat the default just outside the box,1.8706,1.903,11,8,3,0.25,12
alias,boundary:query,325,L9.hi.lo,dense,expand,arm beat the default just outside the box,1.762,1.8009,9,4,0,0.3333,6
alias,boundary:query,325,L9.hi.hi,dense,expand,arm beat the default just outside the box,1.9479,1.9868,5,4,0,0.3333,6
alias,boundary:query,325,L9.lo.lo.hi,dense,expand,arm beat the default just outside the box,1.8312,1.8701,13,1,0,0.5,2
alias,boundary:query,326,L8.lo,dense,exception,contradicted; every cut loses a supporter,1.9367,1.9367,9,7,3,0.4615,13
alias,boundary:query,326,L44,dense,exception,contradicted; every cut loses a supporter,2.0808,2.0808,8,5,3,0.4,10
alias,boundary:query,330,L8.hi.lo.hi,dense,exception,contradicted; every cut loses a supporter,1.6212,1.6212,8,5,2,0.1429,7
alias,boundary:query,330,L25.hi.lo,hybrid,retire,utility <= 0,,1.7885,4,5,0,0.0,5
alias,boundary:query,332,L71,hybrid,retire,utility <= 0,,1.9856,1,5,0,0.0,5
alias,boundary:query,335,L23,dense,expand,arm beat the default just outside the box,1.8667,1.8667,5,7,1,0.3,10
alias,boundary:query,335,L44,dense,expand,arm beat the default just outside the box,2.0789,2.1181,9,5,3,0.4,10
alias,boundary:query,335,L48.hi,dense,expand,arm beat the default just outside the box,1.8523,1.911,5,3,0,0.0,3
alias,boundary:query,336,L47,dense,exception,contradicted; every cut loses a supporter,1.8931,1.8931,2,7,1,0.125,8
alias,boundary:query,337,L48.lo,dense,expand,arm beat the default just outside the box,1.9286,1.9483,8,3,0,0.3333,6
alias,boundary:query,339,L70,dense,narrow,contradicted; cut f:query_len_tokens,1.9839,1.899,2,5,0,0.1667,6
alias,boundary:query,340,L61,hybrid,narrow,contradicted; cut f:query_len_tokens,1.985,1.8997,2,5,0,0.1667,6
alias,boundary:query,341,L14.hi,dense,exception,contradicted; every cut loses a supporter,2.0361,2.0361,8,9,4,0.3333,15
alias,boundary:query,341,L29.hi,dense,exception,contradicted; every cut loses a supporter,1.898,1.898,11,9,4,0.2308,13
alias,boundary:query,341,L72,hybrid,exception,contradicted; every cut loses a supporter,1.9565,1.9565,3,7,2,0.125,8
alias,boundary:query,341,L42.hi,dense,exception,contradicted; every cut loses a supporter,1.9903,1.9903,8,7,4,0.3333,12
alias,boundary:query,341,L31.hi,hybrid,exception,contradicted; every cut loses a supporter,1.8493,1.8493,3,5,1,0.1667,6
alias,boundary:query,341,L9.hi.lo,dense,exception,contradicted; every cut loses a supporter,1.7997,1.7997,9,5,1,0.2857,7
alias,boundary:query,341,L9.hi.hi,dense,exception,contradicted; every cut loses a supporter,1.9844,1.9844,5,5,1,0.2857,7
alias,boundary:query,341,L14.hi,dense,split,4 exceptions; cut f:query_cap_spans at 2,,2.0361,8,9,4,0.3333,15
alias,boundary:query,341,L14.hi.lo,dense,create,split of L14.hi,,1.8513,6,0,0,0.0,0
alias,boundary:query,341,L14.hi.hi,dense,create,split of L14.hi,,2.0361,2,0,0,0.0,0
alias,boundary:query,341,L29.hi,dense,split,4 exceptions; cut f:query_len_tokens at 17,,1.898,11,9,4,0.2308,13
alias,boundary:query,341,L29.hi.lo,dense,create,split of L29.hi,,1.7801,6,0,0,0.0,0
alias,boundary:query,341,L29.hi.hi,dense,create,split of L29.hi,,1.8194,5,0,0,0.0,0
alias,boundary:query,341,L42.hi,dense,split,4 exceptions; cut f:query_cap_spans at 2,,1.9903,8,7,4,0.3333,12
alias,boundary:query,341,L42.hi.lo,dense,create,split of L42.hi,,1.6827,6,0,0,0.0,0
alias,boundary:query,341,L42.hi.hi,dense,create,split of L42.hi,,1.9903,2,0,0,0.0,0
alias,boundary:query,342,L48.lo,dense,exception,contradicted; every cut loses a supporter,1.9481,1.9481,8,4,1,0.2857,7
alias,boundary:query,342,L30.lo,hybrid,retire,utility <= 0,,1.7802,3,5,0,0.0,5
alias,boundary:query,343,L31.lo,hybrid,exception,contradicted; every cut loses a supporter,1.8408,1.8408,3,5,1,0.1667,6
alias,boundary:query,346,L61,hybrid,exception,contradicted; every cut loses a supporter,1.8962,1.8962,2,6,1,0.1429,7
alias,boundary:query,347,L21,dense,exception,contradicted; every cut loses a supporter,1.9811,1.9811,3,4,1,0.3333,6
alias,boundary:query,347,L22,hybrid,exception,contradicted; every cut loses a supporter,1.9811,1.9811,3,4,1,0.3333,6
alias,boundary:query,351,L14.lo.hi,dense,exception,contradicted; every cut loses a supporter,2.0312,2.0312,9,5,1,0.0,6
alias,boundary:query,351,L14.lo.hi,dense,retire,utility <= 0,,2.0312,9,5,1,0.0,6
alias,boundary:query,351,L9.lo.lo.hi,dense,retire,utility <= 0,,1.8618,13,4,0,0.0,5
alias,boundary:query,353,L44,dense,exception,contradicted; every cut loses a supporter,2.1091,2.1091,9,6,4,0.3636,11
alias,boundary:query,353,L48.lo,dense,exception,contradicted; every cut loses a supporter,1.9403,1.9403,8,5,2,0.25,8
alias,boundary:query,353,L48.hi,dense,exception,contradicted; every cut loses a supporter,1.9009,1.9009,6,5,1,0.1667,6
alias,boundary:query,353,L44,dense,split,4 exceptions; cut f:query_cap_spans at 1,,2.1091,9,6,4,0.3636,11
alias,boundary:query,353,L44.lo,dense,create,split of L44,,1.9856,9,0,0,0.0,0
alias,boundary:query,354,L12,dense,expand,arm beat the default just outside the box,1.903,1.903,6,9,3,0.25,12
alias,boundary:query,354,L47,dense,expand,arm beat the default just outside the box,1.884,1.884,4,7,1,0.2222,9
alias,boundary:query,354,L61,hybrid,expand,arm beat the default just outside the box,1.8918,1.9311,3,6,1,0.1429,7
alias,boundary:query,354,L97,dense,create,"default missed, dense hit",,2.0,1,0,0,0.0,0
alias,boundary:query,354,L98,hybrid,create,"default missed, hybrid hit",,2.0,1,0,0,0.0,0
alias,boundary:query,355,L1.hi.hi,dense,exception,contradicted; every cut loses a supporter,2.4029,2.4029,11,6,3,0.3636,11
alias,boundary:query,356,L10.lo,hybrid,exception,contradicted; every cut loses a supporter,1.7796,1.7796,7,7,3,0.0,8
alias,boundary:query,356,L9.hi.lo,dense,narrow,contradicted; cut f:query_len_tokens,1.797,1.7575,9,6,1,0.125,8
alias,boundary:query,356,L9.hi.hi,dense,narrow,contradicted; cut f:query_len_tokens,1.9802,1.9407,5,6,1,0.125,8
alias,boundary:query,356,L10.lo,hybrid,retire,utility <= 0,,1.7796,7,7,3,0.0,8
alias,boundary:query,357,L70,dense,exception,contradicted; every cut loses a supporter,1.8908,1.8908,2,6,1,0.1429,7
alias,boundary:query,359,L48.lo,dense,expand,arm beat the default just outside the box,1.9401,1.9797,9,5,2,0.25,8
alias,boundary:query,359,L43.hi,hybrid,retire,utility <= 0,,1.9131,2,5,0,0.0,5
alias,boundary:query,360,L12,dense,expand,arm beat the default just outside the box,1.9032,1.9428,7,9,3,0.25,12
alias,boundary:query,360,L47,dense,expand,arm beat the default just outside the box,1.8839,1.9442,5,7,1,0.2222,9
alias,boundary:query,360,L61,hybrid,expand,arm beat the default just outside the box,1.9313,1.9917,4,6,1,0.1429,7
alias,boundary:query,360,L97,dense,expand,arm beat the default just outside the box,2.0004,2.0912,2,0,0,0.0,0
alias,boundary:query,360,L98,hybrid,expand,arm beat the default just outside the box,2.0004,2.0912,2,0,0,0.0,0
alias,boundary:query,360,L99,dense,create,"default missed, dense hit",,2.0,1,0,0,0.0,0
alias,boundary:query,360,L100,hybrid,create,"default missed, hybrid hit",,2.0,1,0,0,0.0,0
alias,boundary:query,361,L48.hi,dense,exception,contradicted; every cut loses a supporter,1.9006,1.9006,7,6,2,0.25,8
alias,boundary:query,362,L70,dense,exception,contradicted; every cut loses a supporter,1.8908,1.8908,2,7,2,0.125,8
alias,boundary:query,363,L42.lo.hi,dense,retire,utility <= 0,,1.678,6,4,0,0.0,5
alias,boundary:query,364,L8.hi.lo.hi,dense,expand,arm beat the default just outside the box,1.6131,1.6528,9,5,2,0.1429,7
alias,boundary:query,364,L48.lo,dense,expand,arm beat the default just outside the box,1.9808,2.0205,10,5,2,0.25,8
alias,boundary:query,364,L48.hi,dense,expand,arm beat the default just outside the box,1.9014,1.9411,8,6,2,0.25,8
alias,boundary:query,365,L12,dense,exception,contradicted; every cut loses a supporter,1.944,1.944,7,10,4,0.2308,13
alias,boundary:query,365,L47,dense,exception,contradicted; every cut loses a supporter,1.9453,1.9453,5,8,2,0.2,10
alias,boundary:query,365,L61,hybrid,exception,contradicted; every cut loses a supporter,1.9929,1.9929,4,7,2,0.125,8
alias,boundary:query,365,L12,dense,split,4 exceptions; cut f:query_cap_spans at 1,,1.944,7,10,4,0.2308,13
alias,boundary:query,365,L12.lo,dense,create,split of L12,,1.7598,4,0,0,0.0,0
alias,boundary:query,365,L12.hi,dense,create,split of L12,,1.8166,3,0,0,0.0,0
alias,boundary:query,366,L72,hybrid,exception,contradicted; every cut loses a supporter,1.9492,1.9492,3,8,3,0.1111,9
alias,boundary:query,366,L31.lo,hybrid,exception,contradicted; every cut loses a supporter,1.8328,1.8328,3,6,2,0.1429,7
alias,boundary:query,366,L31.hi,hybrid,exception,contradicted; every cut loses a supporter,1.8421,1.8421,3,6,2,0.1429,7
alias,boundary:query,366,L42.lo.lo,dense,expand,arm beat the default just outside the box,1.6095,1.669,6,1,0,0.0,2
alias,boundary:query,366,L29.hi.lo,dense,expand,arm beat the default just outside the box,1.7731,1.8127,7,3,0,-0.3333,3
alias,boundary:query,367,L103,dense,create,"default missed, dense hit",,2.0,1,0,0,0.0,0
alias,boundary:query,368,L14.hi.lo,dense,retire,utility <= 0,,1.8469,7,4,0,0.0,5
alias,boundary:query,368,L14.hi.hi,dense,retire,utility <= 0,,2.0312,3,4,0,0.0,5
alias,boundary:query,368,L29.hi.hi,dense,retire,utility <= 0,,1.8124,6,4,0,0.0,5
alias,boundary:query,368,L42.hi.lo,dense,retire,utility <= 0,,1.6765,7,4,0,0.0,5
alias,boundary:query,368,L42.hi.hi,dense,retire,utility <= 0,,1.9835,3,4,0,0.0,5
alias,boundary:query,370,L48.lo,dense,exception,contradicted; every cut loses a supporter,2.0203,2.0203,10,6,3,0.2222,9
alias,boundary:query,370,L48.hi,dense,exception,contradicted; every cut loses a supporter,1.9411,1.9411,8,7,3,0.2222,9
alias,boundary:query,372,L48.lo,dense,exception,contradicted; every cut loses a supporter,2.0218,2.0218,10,7,4,0.1,10
alias,boundary:query,372,L48.lo,dense,split,4 exceptions; cut f:query_cap_spans at 1,,2.0218,10,7,4,0.1,10
alias,boundary:query,372,L48.lo.lo,dense,create,split of L48.lo,,1.898,10,0,0,0.0,0
alias,boundary:query,373,L44.lo,dense,exception,contradicted; every cut loses a supporter,1.9886,1.9886,11,4,1,0.3333,6
alias,boundary:query,374,L9.hi.lo,dense,exception,contradicted; every cut loses a supporter,1.7571,1.7571,10,7,2,0.2,10
alias,boundary:query,374,L9.hi.hi,dense,exception,contradicted; every cut loses a supporter,1.9421,1.9421,6,7,2,0.2,10
alias,boundary:query,376,L8.hi.hi,dense,expand,arm beat the default just outside the box,1.6937,1.7331,11,6,3,0.4545,11
alias,boundary:query,376,L28.hi,dense,expand,arm beat the default just outside the box,1.8578,1.8973,10,7,3,0.4167,12
alias,boundary:query,376,L1.hi.hi,dense,expand,arm beat the default just outside the box,2.4035,2.4429,12,6,3,0.3636,11
alias,boundary:query,376,L8.hi.lo.hi,dense,expand,arm beat the default just outside the box,1.6543,1.6937,10,5,2,0.1429,7
alias,boundary:query,376,L77,hybrid,expand,arm beat the default just outside the box,1.9808,2.0408,3,2,0,0.3333,3
alias,boundary:query,376,L105,hybrid,create,"default missed, hybrid hit",,2.0,1,0,0,0.0,0
alias,boundary:query,380,L41,hybrid,narrow,contradicted; cut f:query_len_tokens,1.9673,1.8805,2,5,0,0.0,6
alias,boundary:query,380,L41,hybrid,retire,utility <= 0,,1.8805,2,5,0,0.0,6
alias,boundary:query,382,L29.hi.lo,dense,expand,arm beat the default just outside the box,1.8184,1.8579,8,4,0,-0.25,4
alias,boundary:query,382,L14.lo.lo,dense,retire,utility <= 0,,1.7826,13,3,0,0.0,5
alias,boundary:query,383,L8.hi.hi,dense,expand,arm beat the default just outside the box,1.7346,1.7742,13,6,3,0.5,12
alias,boundary:query,383,L28.hi,dense,expand,arm beat the default just outside the box,1.8997,1.9392,12,7,3,0.4615,13
alias,boundary:query,383,L1.hi.hi,dense,expand,arm beat the default just outside the box,2.4493,2.4888,14,6,3,0.4167,12
alias,boundary:query,383,L8.hi.lo.hi,dense,expand,arm beat the default just outside the box,1.6951,1.7346,12,5,2,0.25,8
alias,boundary:query,383,L48.hi,dense,expand,arm beat the default just outside the box,1.947,1.9866,9,7,3,0.2222,9
alias,boundary:query,383,L44.lo,dense,expand,arm beat the default just outside the box,1.9906,2.0301,14,4,1,0.5,8
alias,boundary:query,384,L8.hi.hi,dense,exception,contradicted; every cut loses a supporter,1.775,1.775,13,7,4,0.4615,13
alias,boundary:query,384,L28.hi,dense,exception,contradicted; every cut loses a supporter,1.9402,1.9402,12,8,4,0.4286,14
alias,boundary:query,384,L1.hi.hi,dense,exception,contradicted; every cut loses a supporter,2.4905,2.4905,14,7,4,0.3846,13
alias,boundary:query,384,L8.hi.lo.hi,dense,exception,contradicted; every cut loses a supporter,1.7355,1.7355,12,6,3,0.2222,9
alias,boundary:query,384,L48.hi,dense,exception,contradicted; every cut loses a supporter,1.9876,1.9876,9,8,4,0.2,10
alias,boundary:query,384,L77,hybrid,exception,contradicted; every cut loses a supporter,2.0448,2.0448,6,3,1,0.5714,7
alias,boundary:query,384,L44.lo,dense,exception,contradicted; every cut loses a supporter,2.0312,2.0312,14,5,2,0.4444,9
alias,boundary:query,384,L48.lo.lo,dense,exception,contradicted; every cut loses a supporter,1.9024,1.9024,14,3,1,0.5714,7
alias,boundary:query,384,L8.hi.hi,dense,split,4 exceptions; cut f:query_len_tokens at 13,,1.775,13,7,4,0.4615,13
alias,boundary:query,384,L8.hi.hi.lo,dense,create,split of L8.hi.hi,,1.6959,7,0,0,0.0,0
alias,boundary:query,384,L8.hi.hi.hi,dense,create,split of L8.hi.hi,,1.6168,6,0,0,0.0,0
alias,boundary:query,384,L28.hi,dense,split,4 exceptions; cut f:query_len_tokens at 13,,1.9402,12,8,4,0.4286,14
alias,boundary:query,384,L28.hi.lo,dense,create,split of L28.hi,,1.8611,6,0,0,0.0,0
alias,boundary:query,384,L28.hi.hi,dense,create,split of L28.hi,,1.782,6,0,0,0.0,0
alias,boundary:query,384,L1.hi.hi,dense,split,4 exceptions; cut f:query_len_tokens at 13,,2.4905,14,7,4,0.3846,13
alias,boundary:query,384,L1.hi.hi.lo,dense,create,split of L1.hi.hi,,2.4113,8,0,0,0.0,0
alias,boundary:query,384,L1.hi.hi.hi,dense,create,split of L1.hi.hi,,2.3322,6,0,0,0.0,0
alias,boundary:query,384,L48.hi,dense,split,4 exceptions; cut f:query_cap_spans at 1,,1.9876,9,8,4,0.2,10
alias,boundary:query,384,L48.hi.lo,dense,create,split of L48.hi,,1.8628,9,0,0,0.0,0
alias,boundary:query,386,L99,dense,expand,arm beat the default just outside the box,2.0074,2.0669,2,0,0,0.0,0
alias,boundary:query,388,L99,dense,expand,arm beat the default just outside the box,2.0657,2.0991,3,0,0,0.0,0
alias,boundary:query,388,L100,hybrid,expand,arm beat the default just outside the box,2.0061,2.0991,2,0,0,0.0,0
alias,boundary:query,391,L9.hi.lo,dense,exception,contradicted; every cut loses a supporter,1.7586,1.7586,11,8,3,0.25,12
alias,boundary:query,391,L9.hi.hi,dense,exception,contradicted; every cut loses a supporter,1.9457,1.9457,7,8,3,0.25,12
alias,boundary:query,391,L29.hi.lo,dense,retire,utility <= 0,,1.8578,8,5,0,-0.2,5
alias,boundary:query,393,L8.hi.lo.hi,dense,exception,contradicted; every cut loses a supporter,1.7352,1.7352,13,7,4,0.2727,11
alias,boundary:query,393,L77,hybrid,exception,contradicted; every cut loses a supporter,2.0451,2.0451,7,4,2,0.5556,9
alias,boundary:query,393,L44.lo,dense,exception,contradicted; every cut loses a supporter,2.0313,2.0313,15,6,3,0.4545,11
alias,boundary:query,393,L48.lo.lo,dense,exception,contradicted; every cut loses a supporter,1.9019,1.9019,15,4,2,0.5556,9
alias,boundary:query,393,L105,hybrid,exception,contradicted; every cut loses a supporter,2.0036,2.0036,5,2,1,0.6667,6
alias,boundary:query,393,L8.hi.lo.hi,dense,split,4 exceptions; cut f:query_len_tokens at 12,,1.7352,13,7,4,0.2727,11
alias,boundary:query,393,L8.hi.lo.hi.lo,dense,create,split of L8.hi.lo.hi,,1.6557,11,0,0,0.0,0
alias,boundary:query,393,L8.hi.lo.hi.hi,dense,create,split of L8.hi.lo.hi,,1.616,2,0,0,0.0,0
alias,boundary:query,394,L9.hi.lo,dense,exception,contradicted; every cut loses a supporter,1.759,1.759,11,9,4,0.2308,13
alias,boundary:query,394,L9.hi.hi,dense,exception,contradicted; every cut loses a supporter,1.9463,1.9463,7,9,4,0.2308,13
alias,boundary:query,394,L42.lo.lo,dense,exception,contradicted; every cut loses a supporter,1.6714,1.6714,7,4,1,0.1667,6
alias,boundary:query,394,L9.hi.lo,dense,split,4 exceptions; cut f:query_len_tokens at 16,,1.759,11,9,4,0.2308,13
alias,boundary:query,394,L9.hi.lo.lo,dense,create,split of L9.hi.lo,,1.6005,6,0,0,0.0,0
alias,boundary:query,394,L9.hi.lo.hi,dense,create,split of L9.hi.lo,,1.6401,5,0,0,0.0,0
alias,boundary:query,394,L9.hi.hi,dense,split,4 exceptions; cut f:query_cap_spans at 2,,1.9463,7,9,4,0.2308,13
alias,boundary:query,394,L9.hi.hi.lo,dense,create,split of L9.hi.hi,,1.759,5,0,0,0.0,0
alias,boundary:query,394,L9.hi.hi.hi,dense,create,split of L9.hi.hi,,1.9463,2,0,0,0.0,0
alias,boundary:query,396,L48.lo.lo,dense,expand,arm beat the default just outside the box,1.9019,1.9415,16,4,2,0.5556,9
alias,boundary:query,396,L48.hi.lo,dense,expand,arm beat the default just outside the box,1.8622,1.9019,11,1,0,0.5,2
alias,boundary:query,396,L8.hi.lo.hi.hi,dense,expand,arm beat the default just outside the box,1.616,1.6556,3,0,0,0.0,0
alias,boundary:query,397,L42.lo.lo,dense,exception,contradicted; every cut loses a supporter,1.6715,1.6715,7,5,2,0.0,7
alias,boundary:query,397,L42.lo.lo,dense,retire,utility <= 0,,1.6715,7,5,2,0.0,7
alias,boundary:query,398,L77,hybrid,narrow,contradicted; cut f:query_len_tokens,2.0434,1.9979,7,5,2,0.5,10
alias,boundary:query,399,L44.lo,dense,exception,contradicted; every cut loses a supporter,2.0304,2.0304,16,7,4,0.4615,13
alias,boundary:query,399,L48.lo.lo,dense,exception,contradicted; every cut loses a supporter,1.9412,1.9412,16,5,3,0.5,10
alias,boundary:query,399,L105,hybrid,narrow,contradicted; cut f:query_len_tokens,2.0032,1.9964,5,3,1,0.5714,7
alias,boundary:query,399,L44.lo,dense,split,4 exceptions; cut f:query_cap_spans at 1,,2.0304,16,7,4,0.4615,13
alias,boundary:query,399,L44.lo.lo,dense,create,split of L44.lo,,2.0304,16,0,0,0.0,0
alias,boundary:query,401,L21,dense,exception,contradicted; every cut loses a supporter,1.9847,1.9847,3,5,2,0.2857,7
alias,boundary:query,401,L22,hybrid,exception,contradicted; every cut loses a supporter,1.9847,1.9847,3,5,2,0.2857,7
alias,boundary:query,403,L9.lo.lo.lo,dense,exception,contradicted; every cut loses a supporter,1.7886,1.7886,15,4,1,0.1667,6
alias,boundary:query,404,L8.hi.hi.lo,dense,expand,arm beat the default just outside the box,1.6957,1.7353,9,2,0,0.3333,3
alias,boundary:query,404,L28.hi.lo,dense,expand,arm beat the default just outside the box,1.8618,1.9014,8,2,0,0.3333,3
alias,boundary:query,404,L1.hi.hi.lo,dense,expand,arm beat the default just outside the box,2.409,2.4486,10,2,0,0.3333,3
alias,boundary:query,404,L48.hi.lo,dense,expand,arm beat the default just outside the box,1.9028,1.9424,12,2,0,0.3333,3
alias,boundary:query,404,L8.hi.lo.hi.lo,dense,expand,arm beat the default just outside the box,1.6561,1.6957,12,0,0,0.0,0
alias,boundary:query,404,L44.lo.lo,dense,expand,arm beat the default just outside the box,2.0317,2.0712,17,0,0,0.0,0
alias,boundary:query,406,L105,hybrid,exception,contradicted; every cut loses a supporter,1.9991,1.9991,6,4,2,0.5556,9
alias,boundary:query,407,L9.lo.lo.lo,dense,exception,contradicted; every cut loses a supporter,1.7898,1.7898,15,5,2,0.1429,7
alias,boundary:query,409,L9.hi.hi.lo,dense,retire,utility <= 0,,1.7609,5,5,0,-0.2,5
alias,boundary:query,409,L9.hi.hi.hi,dense,retire,utility <= 0,,1.9488,2,5,0,-0.2,5
alias,boundary:query,410,L120,hybrid,create,"default missed, hybrid hit",,2.0,1,0,0,0.0,0
alias,boundary:query,412,L8.hi.hi.lo,dense,exception,contradicted; every cut loses a supporter,1.7362,1.7362,9,5,1,0.1667,6
alias,boundary:query,412,L28.hi.lo,dense,exception,contradicted; every cut loses a supporter,1.903,1.903,8,5,1,0.1667,6
alias,boundary:query,412,L1.hi.hi.lo,dense,exception,contradicted; every cut loses a supporter,2.4499,2.4499,10,5,1,0.1667,6
alias,boundary:query,412,L48.hi.lo,dense,exception,contradicted; every cut loses a supporter,1.944,1.944,12,5,1,0.1667,6
alias,boundary:query,414,L97,dense,exception,contradicted; every cut loses a supporter,2.1028,2.1028,5,3,1,0.3333,6
alias,boundary:query,414,L98,hybrid,exception,contradicted; every cut loses a supporter,2.1028,2.1028,4,4,1,0.1667,6
alias,boundary:query,415,L47,dense,exception,contradicted; every cut loses a supporter,1.9544,1.9544,6,9,3,0.25,12
alias,boundary:query,415,L61,hybrid,exception,contradicted; every cut loses a supporter,2.0022,2.0022,5,8,3,0.2,10
alias,boundary:query,415,L97,dense,exception,contradicted; every cut loses a supporter,2.1022,2.1022,5,4,2,0.2857,7
alias,boundary:query,415,L98,hybrid,exception,contradicted; every cut loses a supporter,2.1022,2.1022,4,5,2,0.1429,7
alias,boundary:query,415,L12.lo,dense,narrow,contradicted; cut f:query_len_tokens,1.7646,1.7646,7,3,0,0.3333,6
alias,boundary:query,415,L12.hi,dense,exception,contradicted; every cut loses a supporter,1.8228,1.8228,6,3,1,0.3333,6
alias,boundary:query,419,L103,dense,narrow,contradicted; cut f:query_len_tokens,2.011,1.965,2,5,0,0.1667,6
alias,boundary:query,420,L78,dense,expand,arm beat the default just outside the box,1.9887,2.0493,2,2,0,0.0,2
alias,boundary:query,420,L79,hybrid,expand,arm beat the default just outside the box,1.9887,2.0493,2,2,0,0.0,2
alias,boundary:query,420,L121,dense,create,"default missed, dense hit",,2.0,1,0,0,0.0,0
alias,boundary:query,420,L122,hybrid,create,"default missed, hybrid hit",,2.0,1,0,0,0.0,0
alias,boundary:query,424,L78,dense,retire,utility <= 0,,2.0502,2,5,0,0.0,5
alias,boundary:query,424,L79,hybrid,retire,utility <= 0,,2.0502,2,5,0,0.0,5
alias,boundary:query,426,L77,hybrid,exception,contradicted; every cut loses a supporter,2.0045,2.0045,8,6,3,0.5,12
alias,boundary:query,426,L48.lo.lo,dense,exception,contradicted; every cut loses a supporter,1.9458,1.9458,17,6,4,0.5,12
alias,boundary:query,426,L105,hybrid,exception,contradicted; every cut loses a supporter,2.0018,2.0018,6,5,3,0.5,10
alias,boundary:query,426,L8.hi.hi.lo,dense,exception,contradicted; every cut loses a supporter,1.7377,1.7377,9,6,2,0.1429,7
alias,boundary:query,426,L28.hi.lo,dense,exception,contradicted; every cut loses a supporter,1.9045,1.9045,8,6,2,0.1429,7
alias,boundary:query,426,L1.hi.hi.lo,dense,exception,contradicted; every cut loses a supporter,2.4514,2.4514,10,6,2,0.1429,7
alias,boundary:query,426,L48.hi.lo,dense,exception,contradicted; every cut loses a supporter,1.9458,1.9458,12,6,2,0.1429,7
alias,boundary:query,426,L48.lo.lo,dense,split,4 exceptions; cut f:query_cap_spans at 1,,1.9458,17,6,4,0.5,12
alias,boundary:query,426,L48.lo.lo.lo,dense,create,split of L48.lo.lo,,1.9458,17,0,0,0.0,0
alias,boundary:query,426,L8.hi.lo.hi.lo,dense,retire,utility <= 0,,1.6976,12,5,0,0.0,5
alias,boundary:query,426,L44.lo.lo,dense,retire,utility <= 0,,2.0764,17,5,0,0.0,5
alias,boundary:query,427,L8.hi.hi.lo,dense,exception,contradicted; every cut loses a supporter,1.7384,1.7384,9,7,3,0.125,8
alias,boundary:query,427,L28.hi.lo,dense,narrow,contradicted; cut f:query_len_tokens,1.9054,1.9054,8,7,2,0.125,8
alias,boundary:query,427,L1.hi.hi.lo,dense,exception,contradicted; every cut loses a supporter,2.4528,2.4528,10,7,3,0.125,8
alias,boundary:query,427,L48.hi.lo,dense,exception,contradicted; every cut loses a supporter,1.9468,1.9468,12,7,3,0.125,8
alias,boundary:query,428,L48.hi.lo,dense,expand,arm beat the default just outside the box,1.9459,1.9859,13,7,3,0.125,8
alias,boundary:query,428,L48.lo.lo.lo,dense,expand,arm beat the default just outside the box,1.9459,1.9859,18,1,0,0.0,1
alias,boundary:query,428,L124,dense,create,"default missed, dense hit",,2.0,1,0,0,0.0,0
alias,boundary:query,430,L47,dense,exception,contradicted; every cut loses a supporter,1.9554,1.9554,6,10,4,0.2308,13
alias,boundary:query,430,L61,hybrid,exception,contradicted; every cut loses a supporter,2.0032,2.0032,5,9,4,0.1818,11
alias,boundary:query,430,L97,dense,exception,contradicted; every cut loses a supporter,2.1034,2.1034,5,5,3,0.25,8
alias,boundary:query,430,L98,hybrid,exception,contradicted; every cut loses a supporter,2.1034,2.1034,4,6,3,0.125,8
alias,boundary:query,430,L12.hi,dense,exception,contradicted; every cut loses a supporter,1.8232,1.8232,6,4,2,0.2857,7
alias,boundary:query,430,L47,dense,split,4 exceptions; cut f:query_len_tokens at 9.5,,1.9554,6,10,4,0.2308,13
alias,boundary:query,430,L47.lo,dense,create,split of L47,,1.8558,3,0,0,0.0,0
alias,boundary:query,430,L47.hi,dense,create,split of L47,,1.8957,3,0,0,0.0,0
alias,boundary:query,430,L61,hybrid,split,4 exceptions; cut f:query_len_tokens at 10,,2.0032,5,9,4,0.1818,11
alias,boundary:query,430,L61.lo,hybrid,create,split of L61,,1.877,4,0,0,0.0,0
alias,boundary:query,430,L61.hi,hybrid,create,split of L61,,1.9235,1,0,0,0.0,0
alias,boundary:query,430,L99,dense,retire,utility <= 0,,2.1043,4,4,0,0.0,5
alias,boundary:query,430,L100,hybrid,retire,utility <= 0,,2.1043,3,4,0,0.0,5
alias,boundary:query,431,L48.hi.lo,dense,exception,contradicted; every cut loses a supporter,1.9839,1.9839,13,8,4,0.1111,9
alias,boundary:query,431,L48.hi.lo,dense,split,4 exceptions; cut f:query_cap_spans at 1,,1.9839,13,8,4,0.1111,9
alias,boundary:query,431,L48.hi.lo.lo,dense,create,split of L48.hi.lo,,1.9839,13,0,0,0.0,0
alias,boundary:query,435,L77,hybrid,exception,contradicted; every cut loses a supporter,2.0044,2.0044,8,7,4,0.4615,13
alias,boundary:query,435,L105,hybrid,exception,contradicted; every cut loses a supporter,2.0017,2.0017,6,6,4,0.4545,11
alias,boundary:query,435,L8.hi.hi.lo,dense,exception,contradicted; every cut loses a supporter,1.7384,1.7384,9,8,4,0.1111,9
alias,boundary:query,435,L28.hi.lo,dense,exception,contradicted; every cut loses a supporter,1.9047,1.9047,8,8,3,0.1111,9
alias,boundary:query,435,L1.hi.hi.lo,dense,exception,contradicted; every cut loses a supporter,2.4522,2.4522,10,8,4,0.1111,9
alias,boundary:query,435,L77,hybrid,split,4 exceptions; cut f:query_len_tokens at 10,,2.0044,8,7,4,0.4615,13
alias,boundary:query,435,L77.lo,hybrid,create,split of L77,,1.9186,7,0,0,0.0,0
alias,boundary:query,435,L77.hi,hybrid,create,split of L77,,1.8847,1,0,0,0.0,0
alias,boundary:query,435,L105,hybrid,split,4 exceptions; cut f:query_len_tokens at 10,,2.0017,6,6,4,0.4545,11
alias,boundary:query,435,L105.lo,hybrid,create,split of L105,,1.882,5,0,0,0.0,0
alias,boundary:query,435,L105.hi,hybrid,create,split of L105,,1.8752,1,0,0,0.0,0
alias,boundary:query,435,L8.hi.hi.lo,dense,split,4 exceptions; cut f:query_len_tokens at 10,,1.7384,9,8,4,0.1111,9
alias,boundary:query,435,L8.hi.hi.lo.lo,dense,create,split of L8.hi.hi.lo,,1.6187,5,0,0,0.0,0
alias,boundary:query,435,L8.hi.hi.lo.hi,dense,create,split of L8.hi.hi.lo,,1.6586,4,0,0,0.0,0
alias,boundary:query,435,L1.hi.hi.lo,dense,split,4 exceptions; cut f:query_len_tokens at 10.5,,2.4522,10,8,4,0.1111,9
alias,boundary:query,435,L1.hi.hi.lo.lo,dense,create,split of L1.hi.hi.lo,,2.3525,5,0,0,0.0,0
alias,boundary:query,435,L1.hi.hi.lo.hi,dense,create,split of L1.hi.hi.lo,,2.3525,5,0,0,0.0,0
alias,boundary:query,436,L103,dense,narrow,contradicted; cut f:query_len_tokens,1.9667,1.9267,2,6,0,0.1429,7
alias,boundary:query,439,L8.hi.lo.hi.hi,dense,expand,arm beat the default just outside the box,1.6586,1.6986,4,4,0,0.0,4
alias,boundary:query,439,L8.hi.hi.lo.lo,dense,expand,arm beat the default just outside the box,1.6186,1.6586,6,0,0,0.0,0
alias,boundary:query,439,L1.hi.hi.lo.lo,dense,expand,arm beat the default just outside the box,2.3547,2.3747,6,0,0,0.0,0
alias,boundary:query,440,L30.hi,hybrid,narrow,contradicted; cut f:query_len_tokens,1.8292,1.7837,4,4,0,0.3333,6
alias,boundary:query,441,L120,hybrid,retire,utility <= 0,,2.0038,1,5,0,0.0,5
alias,boundary:query,442,L70,dense,exception,contradicted; every cut loses a supporter,1.9029,1.9029,3,8,3,0.2,10
alias,boundary:query,442,L103,dense,exception,contradicted; every cut loses a supporter,1.9282,1.9282,2,7,1,0.125,8
alias,boundary:query,443,L48.lo.lo.lo,dense,exception,contradicted; every cut loses a supporter,1.9884,1.9884,19,5,1,0.1667,6
alias,boundary:query,443,L8.hi.lo.hi.hi,dense,retire,utility <= 0,,1.6999,4,5,0,0.0,5
alias,boundary:query,444,L97,dense,exception,contradicted; every cut loses a supporter,2.1078,2.1078,5,6,4,0.2222,9
alias,boundary:query,444,L98,hybrid,exception,contradicted; every cut loses a supporter,2.1078,2.1078,4,7,4,0.1111,9
alias,boundary:query,444,L12.lo,dense,exception,contradicted; every cut loses a supporter,1.768,1.768,7,4,1,0.2857,7
alias,boundary:query,444,L12.hi,dense,exception,contradicted; every cut loses a supporter,1.8265,1.8265,6,5,3,0.25,8
alias,boundary:query,444,L97,dense,split,4 exceptions; cut f:query_len_tokens at 10,,2.1078,5,6,4,0.2222,9
alias,boundary:query,444,L97.lo,dense,create,split of L97,,2.0278,4,0,0,0.0,0
alias,boundary:query,444,L97.hi,dense,create,split of L97,,1.9007,1,0,0,0.0,0
alias,boundary:query,444,L98,hybrid,split,4 exceptions; cut f:query_len_tokens at 9,,2.1078,4,7,4,0.1111,9
alias,boundary:query,444,L98.lo,hybrid,create,split of L98,,1.9878,2,0,0,0.0,0
alias,boundary:query,444,L98.hi,hybrid,create,split of L98,,1.9407,2,0,0,0.0,0
alias,boundary:query,445,L28.hi.lo,dense,exception,contradicted; every cut loses a supporter,1.9067,1.9067,8,9,4,0.1,10
alias,boundary:query,445,L48.lo.lo.lo,dense,exception,contradicted; every cut loses a supporter,1.9878,1.9878,19,6,2,0.1429,7
alias,boundary:query,445,L28.hi.lo,dense,split,4 exceptions; cut f:query_len_tokens at 10,,1.9067,8,9,4,0.1,10
alias,boundary:query,445,L28.hi.lo.lo,dense,create,split of L28.hi.lo,,1.7866,5,0,0,0.0,0
alias,boundary:query,445,L28.hi.lo.hi,dense,create,split of L28.hi.lo,,1.8266,3,0,0,0.0,0
alias,boundary:query,447,L48.hi.lo.lo,dense,exception,contradicted; every cut loses a supporter,1.9886,1.9886,14,5,1,0.1667,6
alias,boundary:query,449,L12.lo,dense,narrow,contradicted; cut f:query_len_tokens,1.7668,1.7268,7,5,1,0.25,8
alias,boundary:query,449,L12.hi,dense,exception,contradicted; every cut loses a supporter,1.8252,1.8252,6,6,4,0.2222,9
alias,boundary:query,449,L12.hi,dense,split,4 exceptions; cut f:query_cap_spans at 1.5,,1.8252,6,6,4,0.2222,9
alias,boundary:query,449,L12.hi.lo,dense,create,split of L12.hi,,1.7305,3,0,0,0.0,0
alias,boundary:query,449,L12.hi.hi,dense,create,split of L12.hi,,1.7305,3,0,0,0.0,0
alias,boundary:query,450,L31.lo,hybrid,exception,contradicted; every cut loses a supporter,1.843,1.843,3,7,3,0.125,8
alias,boundary:query,450,L31.hi,hybrid,exception,contradicted; every cut loses a supporter,1.8525,1.8525,3,7,3,0.125,8
alias,boundary:query,450,L9.lo.lo.lo,dense,expand,arm beat the default just outside the box,1.791,1.8309,16,5,2,0.1429,7
alias,boundary:query,450,L9.hi.lo.hi,dense,retire,utility <= 0,,1.6415,6,4,0,-0.2,5
alias,boundary:query,451,L25.hi.hi,hybrid,expand,arm beat the default just outside the box,1.7455,1.7855,5,2,0,0.5,4
alias,boundary:query,451,L30.hi,hybrid,expand,arm beat the default just outside the box,1.7826,1.8226,5,4,0,0.3333,6
alias,boundary:query,451,L77.hi,hybrid,expand,arm beat the default just outside the box,1.8849,1.9189,2,4,0,0.0,4
alias,boundary:query,451,L105.hi,hybrid,expand,arm beat the default just outside the box,1.8752,1.8752,2,4,0,0.0,4
alias,boundary:query,451,L28.hi.lo.hi,dense,expand,arm beat the default just outside the box,1.825,1.825,4,1,0,0.0,1
alias,boundary:query,451,L146,hybrid,create,"default missed, hybrid hit",,2.0,1,0,0,0.0,0
alias,boundary:query,453,L5.hi,dense,expand,arm beat the default just outside the box,1.6745,1.7145,2,1,0,0.0,1
alias,boundary:query,453,L6.hi,hybrid,expand,arm beat the default just outside the box,1.6745,1.7145,2,1,0,0.0,1
alias,boundary:query,453,L147,dense,create,"default missed, dense hit",,2.0,1,0,0,0.0,0
alias,boundary:query,453,L148,hybrid,create,"default missed, hybrid hit",,2.0,1,0,0,0.0,0
alias,boundary:query,454,L8.hi.hi.lo.hi,dense,narrow,contradicted; cut f:query_len_tokens,1.6581,1.6581,6,4,0,0.3333,6
alias,boundary:query,454,L77.hi,hybrid,retire,utility <= 0,,1.9177,2,5,0,0.0,5
alias,boundary:query,454,L105.hi,hybrid,retire,utility <= 0,,1.8741,2,5,0,0.0,5
alias,boundary:query,456,L30.hi,hybrid,exception,contradicted; every cut loses a supporter,1.8222,1.8222,5,5,1,0.2857,7
alias,boundary:query,456,L8.hi.hi.hi,dense,exception,contradicted; every cut loses a supporter,1.6187,1.6187,8,4,1,0.3333,6
alias,boundary:query,456,L28.hi.hi,dense,exception,contradicted; every cut loses a supporter,1.7847,1.7847,8,4,1,0.3333,6
alias,boundary:query,456,L1.hi.hi.hi,dense,exception,contradicted; every cut loses a supporter,2.327,2.327,8,4,1,0.3333,6
alias,boundary:query,456,L48.lo.lo.lo,dense,exception,contradicted; every cut loses a supporter,1.9855,1.9855,20,7,3,0.2222,9
alias,boundary:query,456,L48.hi.lo.lo,dense,exception,contradicted; every cut loses a supporter,1.9855,1.9855,15,6,2,0.25,8
alias,boundary:query,457,L30.hi,hybrid,expand,arm beat the default just outside the box,1.8227,1.8626,6,5,1,0.2857,7
alias,boundary:query,457,L146,hybrid,expand,arm beat the default just outside the box,1.9997,2.0347,2,2,0,0.0,2
alias,boundary:query,457,L149,dense,create,"default missed, dense hit",,2.0,1,0,0,0.0,0
alias,boundary:query,457,L150,hybrid,create,"default missed, hybrid hit",,2.0,1,0,0,0.0,0
alias,boundary:query,458,L72,hybrid,narrow,contradicted; cut f:query_len_tokens,1.9619,1.9558,3,9,3,0.1,10
alias,boundary:query,458,L31.hi,hybrid,exception,contradicted; every cut loses a supporter,1.8527,1.8527,3,8,4,0.1111,9
alias,boundary:query,458,L31.hi,hybrid,split,4 exceptions; cut f:query_len_tokens at 18,,1.8527,3,8,4,0.1111,9
alias,boundary:query,458,L31.hi.lo,hybrid,create,split of L31.hi,,1.8036,2,0,0,0.0,0
alias,boundary:query,458,L31.hi.hi,hybrid,create,split of L31.hi,,1.7732,1,0,0,0.0,0
alias,boundary:query,458,L153,dense,create,"default missed, dense hit",,2.0,1,0,0,0.0,0
alias,boundary:query,459,L154,hybrid,create,"default missed, hybrid hit",,2.0,1,0,0,0.0,0
alias,boundary:query,462,L48.lo.lo.lo,dense,exception,contradicted; every cut loses a supporter,1.9838,1.9838,20,8,4,0.2,10
alias,boundary:query,462,L48.hi.lo.lo,dense,exception,contradicted; every cut loses a supporter,1.9838,1.9838,15,7,3,0.2222,9
alias,boundary:query,462,L48.lo.lo.lo,dense,split,4 exceptions; cut f:query_len_tokens at 10,,1.9838,20,8,4,0.2,10
alias,boundary:query,462,L48.lo.lo.lo.lo,dense,create,split of L48.lo.lo.lo,,1.7856,12,0,0,0.0,0
alias,boundary:query,462,L48.lo.lo.lo.hi,dense,create,split of L48.lo.lo.lo,,1.8649,8,0,0,0.0,0
alias,boundary:query,463,L77.lo,hybrid,retire,utility <= 0,,1.9192,7,5,0,0.0,5
alias,boundary:query,463,L105.lo,hybrid,retire,utility <= 0,,1.882,5,5,0,0.0,5
alias,boundary:query,463,L8.hi.hi.lo.lo,dense,retire,utility <= 0,,1.6583,6,5,0,0.0,5
alias,boundary:query,463,L1.hi.hi.lo.lo,dense,retire,utility <= 0,,2.3665,6,5,0,0.0,5
alias,boundary:query,468,L9.hi.lo.lo,dense,exception,contradicted; every cut loses a supporter,1.5984,1.5984,8,4,1,0.3333,6
alias,boundary:query,469,L25.hi.hi,hybrid,exception,contradicted; every cut loses a supporter,1.7833,1.7833,5,4,1,0.3333,6
alias,boundary:query,469,L30.hi,hybrid,exception,contradicted; every cut loses a supporter,1.858,1.858,6,6,2,0.25,8
alias,boundary:query,469,L8.hi.hi.hi,dense,exception,contradicted; every cut loses a supporter,1.6159,1.6159,8,5,2,0.2857,7
alias,boundary:query,469,L28.hi.hi,dense,exception,contradicted; every cut loses a supporter,1.7827,1.7827,8,5,2,0.2857,7
alias,boundary:query,469,L1.hi.hi.hi,dense,exception,contradicted; every cut loses a supporter,2.3226,2.3226,8,5,2,0.2857,7
alias,boundary:query,469,L48.hi.lo.lo,dense,exception,contradicted; every cut loses a supporter,1.9764,1.9764,15,8,4,0.2,10
alias,boundary:query,469,L48.hi.lo.lo,dense,split,4 exceptions; cut f:query_cap_spans at 1,,1.9764,15,8,4,0.2,10
alias,boundary:query,469,L48.hi.lo.lo.lo,dense,create,split of L48.hi.lo.lo,,1.9764,15,0,0,0.0,0
alias,boundary:query,470,L28.hi.lo.lo,dense,retire,utility <= 0,,1.7834,5,5,0,0.0,5
alias,boundary:query,471,L158,dense,create,"default missed, dense hit",,2.0,1,0,0,0.0,0
alias,boundary:query,472,L146,hybrid,retire,utility <= 0,,2.0275,2,5,0,0.0,5
alias,boundary:query,473,L28.hi.lo.hi,dense,retire,utility <= 0,,1.8234,4,5,0,0.0,5
alias,boundary:query,474,L23,dense,exception,contradicted; every cut loses a supporter,1.8651,1.8651,5,8,2,0.2727,11
alias,boundary:query,474,L48.lo.lo.lo.lo,dense,retire,utility <= 0,,1.7842,12,5,0,0.0,5
alias,boundary:query,474,L48.lo.lo.lo.hi,dense,retire,utility <= 0,,1.8618,8,5,0,0.0,5
alias,boundary:query,475,L8.lo,dense,exception,contradicted; every cut loses a supporter,1.9347,1.9347,9,8,4,0.4286,14
alias,boundary:query,475,L23,dense,exception,contradicted; every cut loses a supporter,1.8646,1.8646,5,9,3,0.25,12
alias,boundary:query,475,L8.lo,dense,split,4 exceptions; cut f:query_len_tokens at 9,,1.9347,9,8,4,0.4286,14
alias,boundary:query,475,L8.lo.lo,dense,create,split of L8.lo,,1.7407,5,0,0,0.0,0
alias,boundary:query,475,L8.lo.hi,dense,create,split of L8.lo,,1.8571,4,0,0,0.0,0
alias,boundary:query,475,L48.hi.lo.lo.lo,dense,retire,utility <= 0,,1.9779,15,5,0,0.0,5
alias,boundary:query,477,L5.lo,dense,expand,arm beat the default just outside the box,1.715,1.7538,6,3,0,0.0,3
alias,boundary:query,478,L8.hi.hi.lo.hi,dense,exception,contradicted; every cut loses a supporter,1.6581,1.6581,6,5,1,0.2857,7
alias,boundary:query,479,L25.hi.hi,hybrid,exception,contradicted; every cut loses a supporter,1.7868,1.7868,5,5,2,0.2857,7
alias,boundary:query,481,L72,hybrid,expand,arm beat the default just outside the box,1.9554,1.9554,4,9,3,0.1,10
alias,boundary:query,481,L31.lo,hybrid,expand,arm beat the default just outside the box,1.8441,1.8828,4,7,3,0.125,8
alias,boundary:query,481,L31.hi.lo,hybrid,expand,arm beat the default just outside the box,1.8054,1.8441,3,1,0,0.0,1
alias,boundary:query,482,L72,hybrid,expand,arm beat the default just outside the box,1.9553,1.9941,5,9,3,0.1,10
alias,boundary:query,482,L31.lo,hybrid,expand,arm beat the default just outside the box,1.8828,1.9215,5,7,3,0.125,8
alias,boundary:query,482,L161,dense,create,"default missed, dense hit",,2.0,1,0,0,0.0,0
alias,boundary:query,482,L162,hybrid,create,"default missed, hybrid hit",,2.0,1,0,0,0.0,0
alias,boundary:query,483,L25.hi.hi,hybrid,exception,contradicted; every cut loses a supporter,1.7876,1.7876,5,6,3,0.25,8
alias,boundary:query,483,L30.hi,hybrid,exception,contradicted; every cut loses a supporter,1.8623,1.8623,6,7,3,0.2222,9
alias,boundary:query,483,L8.hi.hi.hi,dense,exception,contradicted; every cut loses a supporter,1.6199,1.6199,8,6,3,0.25,8
alias,boundary:query,483,L28.hi.hi,dense,exception,contradicted; every cut loses a supporter,1.787,1.787,8,6,3,0.25,8
alias,boundary:query,483,L1.hi.hi.hi,dense,exception,contradicted; every cut loses a supporter,2.3337,2.3337,8,6,3,0.25,8
alias,boundary:query,483,L8.hi.hi.lo.hi,dense,exception,contradicted; every cut loses a supporter,1.6587,1.6587,6,6,2,0.25,8
alias,boundary:query,484,L30.hi,hybrid,exception,contradicted; every cut loses a supporter,1.8629,1.8629,6,8,4,0.1,10
alias,boundary:query,484,L30.hi,hybrid,split,4 exceptions; cut f:query_len_tokens at 15,,1.8629,6,8,4,0.1,10
alias,boundary:query,484,L30.hi.lo,hybrid,create,split of L30.hi,,1.7853,5,0,0,0.0,0
alias,boundary:query,484,L30.hi.hi,hybrid,create,split of L30.hi,,1.7853,1,0,0,0.0,0
alias,boundary:query,486,L12.lo,dense,exception,contradicted; every cut loses a supporter,1.7279,1.7279,7,6,2,0.2222,9
alias,boundary:query,487,L12.lo,dense,expand,arm beat the default just outside the box,1.7273,1.7273,8,6,2,0.2222,9
alias,boundary:query,487,L47.lo,dense,expand,arm beat the default just outside the box,1.8597,1.9179,4,1,0,0.0,1
alias,boundary:query,487,L61.lo,hybrid,expand,arm beat the default just outside the box,1.8803,1.9191,5,2,0,0.0,2
alias,boundary:query,487,L97.lo,dense,expand,arm beat the default just outside the box,2.0236,2.0624,5,2,0,0.0,2
alias,boundary:query,489,L98.hi,hybrid,expand,arm beat the default just outside the box,1.9372,1.976,4,2,0,0.3333,3
alias,boundary:query,491,L9.lo.lo.lo,dense,exception,contradicted; every cut loses a supporter,1.8295,1.8295,18,6,3,0.3,10
alias,boundary:query,491,L9.hi.lo.lo,dense,exception,contradicted; every cut loses a supporter,1.601,1.601,8,5,2,0.2857,7
alias,boundary:query,492,L12.lo,dense,exception,contradicted; every cut loses a supporter,1.7252,1.7252,8,7,3,0.2,10
alias,boundary:query,493,L9.lo.lo.lo,dense,exception,contradicted; every cut loses a supporter,1.8288,1.8288,18,7,4,0.2727,11
alias,boundary:query,493,L9.lo.lo.lo,dense,split,4 exceptions; cut f:query_len_tokens at 14,,1.8288,18,7,4,0.2727,11
alias,boundary:query,493,L9.lo.lo.lo.lo,dense,create,split of L9.lo.lo.lo,,1.7515,10,0,0,0.0,0
alias,boundary:query,493,L9.lo.lo.lo.hi,dense,create,split of L9.lo.lo.lo,,1.7515,8,0,0,0.0,0
alias,boundary:query,494,L72,hybrid,exception,contradicted; every cut loses a supporter,1.9916,1.9916,5,10,4,0.0909,11
alias,boundary:query,494,L31.lo,hybrid,exception,contradicted; every cut loses a supporter,1.9188,1.9188,5,8,4,0.1111,9
alias,boundary:query,494,L72,hybrid,split,4 exceptions; cut f:query_cap_spans at 2,,1.9916,5,10,4,0.0909,11
alias,boundary:query,494,L72.lo,hybrid,create,split of L72,,1.6736,4,0,0,0.0,0
alias,boundary:query,494,L72.hi,hybrid,create,split of L72,,1.9916,1,0,0,0.0,0
alias,boundary:query,494,L31.lo,hybrid,split,4 exceptions; cut f:query_len_tokens at 16,,1.9188,5,8,4,0.1111,9
alias,boundary:query,494,L31.lo.lo,hybrid,create,split of L31.lo,,1.8028,3,0,0,0.0,0
alias,boundary:query,494,L31.lo.hi,hybrid,create,split of L31.lo,,1.8415,2,0,0,0.0,0
alias,boundary:query,496,L171,hybrid,create,"default missed, hybrid hit",,2.0,1,0,0,0.0,0
alias,boundary:query,497,L47.hi,dense,expand,arm beat the default just outside the box,1.8953,1.9146,5,2,0,0.3333,3
alias,boundary:query,497,L97.hi,dense,expand,arm beat the default just outside the box,1.8969,1.9357,3,2,0,0.3333,3
alias,boundary:query,498,L121,dense,retire,utility <= 0,,1.9937,1,5,0,0.0,5
alias,boundary:query,498,L122,hybrid,retire,utility <= 0,,1.9937,1,5,0,0.0,5
alias,boundary:query,499,L1.hi.hi.lo.hi,dense,exception,contradicted; every cut loses a supporter,2.335,2.335,8,4,1,0.2857,7
alias,boundary:query,500,L31.hi.lo,hybrid,expand,arm beat the default just outside the box,1.8412,1.88,4,3,0,0.0,3
alias,boundary:query,500,L153,dense,expand,arm beat the default just outside the box,1.9942,2.0274,4,2,0,0.5,4
alias,boundary:query,500,L9.lo.lo.lo.lo,dense,expand,arm beat the default just outside the box,1.751,1.7898,12,0,0,1.0,1
alias,boundary:query,500,L31.lo.hi,hybrid,expand,arm beat the default just outside the box,1.8412,1.88,3,0,0,0.0,0
alias,boundary:query,503,L9.lo.lo.lo.lo,dense,expand,arm beat the default just outside the box,1.7901,1.8289,13,0,0,1.0,1
alias,boundary:query,504,L97.lo,dense,narrow,contradicted; cut f:query_cap_spans,2.0592,2.0592,6,5,0,0.1667,6
alias,boundary:query,504,L98.hi,hybrid,exception,contradicted; every cut loses a supporter,1.9746,1.9746,4,5,1,0.1667,6
alias,boundary:query,504,L61.lo,hybrid,retire,utility <= 0,,1.9159,5,5,0,0.0,5
alias,boundary:query,505,L31.hi.lo,hybrid,retire,utility <= 0,,1.879,4,5,0,0.0,5
alias,boundary:query,508,L9.hi.lo.lo,dense,exception,contradicted; every cut loses a supporter,1.6002,1.6002,9,6,3,0.3333,9
alias,boundary:query,508,L153,dense,exception,contradicted; every cut loses a supporter,2.0264,2.0264,6,3,1,0.5714,7
alias,boundary:query,508,L161,dense,exception,contradicted; every cut loses a supporter,1.9958,1.9958,4,3,1,0.5,6
alias,boundary:query,508,L162,hybrid,exception,contradicted; every cut loses a supporter,1.9958,1.9958,2,5,1,0.1667,6
alias,boundary:query,509,L162,hybrid,narrow,contradicted; cut f:query_len_tokens,1.9959,1.9483,2,6,1,0.1429,7
alias,boundary:query,509,L9.hi.lo.lo,dense,expand,arm beat the default just outside the box,1.6001,1.6389,10,6,3,0.3333,9
alias,boundary:query,509,L9.lo.lo.lo.lo,dense,expand,arm beat the default just outside the box,1.828,1.828,14,1,0,0.5,2
alias,boundary:query,510,L98.hi,hybrid,narrow,contradicted; cut f:query_len_tokens,1.9734,1.9734,4,6,1,0.1429,7
alias,boundary:query,510,L98.lo,hybrid,retire,utility <= 0,,1.9802,2,5,0,0.0,5
alias,boundary:query,511,L21,dense,narrow,contradicted; cut f:query_len_tokens,1.9821,1.9687,3,6,2,0.25,8
alias,boundary:query,511,L22,hybrid,narrow,contradicted; cut f:query_len_tokens,1.9821,1.9687,3,6,2,0.25,8
alias,boundary:query,513,L47.lo,dense,exception,contradicted; every cut loses a supporter,1.9135,1.9135,6,4,1,0.3333,6
alias,boundary:query,513,L97.lo,dense,exception,contradicted; every cut loses a supporter,2.0577,2.0577,7,6,1,0.25,8
alias,boundary:query,513,L12.hi.lo,dense,exception,contradicted; every cut loses a supporter,1.7261,1.7261,6,3,1,0.5,6
alias,boundary:query,518,L171,hybrid,retire,utility <= 0,,2.0001,1,5,0,-0.2,5
alias,boundary:query,519,L47.lo,dense,exception,contradicted; every cut loses a supporter,1.9146,1.9146,6,5,2,0.2857,7
alias,boundary:query,519,L47.hi,dense,exception,contradicted; every cut loses a supporter,1.9146,1.9146,6,4,1,0.3333,6
alias,boundary:query,519,L97.lo,dense,exception,contradicted; every cut loses a supporter,2.0589,2.0589,7,7,2,0.2222,9
alias,boundary:query,519,L97.hi,dense,exception,contradicted; every cut loses a supporter,1.9355,1.9355,4,4,1,0.3333,6
alias,boundary:query,519,L12.hi.lo,dense,exception,contradicted; every cut loses a supporter,1.7268,1.7268,6,4,2,0.4286,7
alias,boundary:query,523,L72.hi,hybrid,narrow,contradicted; cut f:query_len_tokens,1.9873,1.9873,2,5,0,0.1667,6
alias,boundary:query,524,L12.lo,dense,expand,arm beat the default just outside the box,1.7213,1.7792,9,7,3,0.2,10
alias,boundary:query,524,L47.lo,dense,expand,arm beat the default just outside the box,1.9094,1.9711,7,5,2,0.2857,7
alias,boundary:query,524,L47.hi,dense,expand,arm beat the default just outside the box,1.9094,2.0098,7,4,1,0.3333,6
alias,boundary:query,524,L97.lo,dense,expand,arm beat the default just outside the box,2.0532,2.1127,8,7,2,0.2222,9
alias,boundary:query,524,L97.hi,dense,expand,arm beat the default just outside the box,1.9302,2.0284,5,4,1,0.3333,6
alias,boundary:query,524,L98.hi,hybrid,expand,arm beat the default just outside the box,1.9689,2.0672,5,6,1,0.1429,7
alias,boundary:query,524,L172,dense,create,"default missed, dense hit",,2.0,1,0,0,0.0,0
alias,boundary:query,524,L173,hybrid,create,"default missed, hybrid hit",,2.0,1,0,0,0.0,0
alias,boundary:query,525,L153,dense,exception,contradicted; every cut loses a supporter,2.0207,2.0207,6,4,2,0.5,8
alias,boundary:query,525,L72.lo,hybrid,exception,contradicted; every cut loses a supporter,1.6706,1.6706,5,5,1,0.1667,6
alias,boundary:query,525,L72.hi,hybrid,narrow,contradicted; cut f:query_len_tokens,1.9849,1.9463,2,6,0,0.1429,7
alias,boundary:query,525,L31.lo.hi,hybrid,retire,utility <= 0,,1.8744,3,5,0,0.0,5
alias,boundary:query,526,L5.lo,dense,expand,arm beat the default just outside the box,1.749,1.7877,7,3,0,0.0,3
alias,boundary:query,526,L174,dense,create,"default missed, dense hit",,2.0,1,0,0,0.0,0
alias,boundary:query,527,L149,dense,retire,utility <= 0,,1.9878,1,5,0,-0.2,5
alias,boundary:query,527,L150,hybrid,retire,utility <= 0,,1.9878,1,5,0,-0.2,5
alias,boundary:query,532,L7,dense,expand,arm beat the default just outside the box,1.9217,1.9308,7,5,2,0.5,10
alias,boundary:query,535,L97.lo,dense,expand,arm beat the default just outside the box,2.1143,2.1143,9,7,2,0.2222,9
alias,boundary:query,536,L9.lo.lo.lo.lo,dense,exception,contradicted; every cut loses a supporter,1.8255,1.8255,17,2,1,0.6667,6
alias,boundary:query,536,L9.lo.lo.lo.hi,dense,exception,contradicted; every cut loses a supporter,1.7478,1.7478,13,2,1,0.7143,7
alias,boundary:query,536,L72.lo,hybrid,exception,contradicted; every cut loses a supporter,1.6722,1.6722,6,6,2,0.25,8
alias,boundary:query,536,L72.hi,hybrid,exception,contradicted; every cut loses a supporter,1.9478,1.9478,3,7,1,0.2222,9
alias,boundary:query,536,L31.lo.lo,hybrid,exception,contradicted; every cut loses a supporter,1.7982,1.7982,5,4,1,0.3333,6
alias,boundary:query,537,L175,hybrid,create,"default missed, hybrid hit",,2.0,1,0,0,0.0,0
alias,boundary:query,541,L1.hi.hi.lo.hi,dense,exception,contradicted; every cut loses a supporter,2.326,2.326,9,5,2,0.3333,9
alias,boundary:query,544,L97.lo,dense,narrow,contradicted; cut f:query_len_tokens,2.1133,2.029,9,8,2,0.2,10
alias,boundary:query,546,L153,dense,exception,contradicted; every cut loses a supporter,2.0221,2.0221,7,5,3,0.5,10
alias,boundary:query,546,L161,dense,narrow,contradicted; cut f:query_len_tokens,1.9916,1.9828,6,4,1,0.5556,9
alias,boundary:query,546,L162,hybrid,narrow,contradicted; cut f:query_len_tokens,1.9441,1.9354,3,7,1,0.2222,9
alias,boundary:query,546,L72.lo,hybrid,exception,contradicted; every cut loses a supporter,1.6714,1.6714,6,7,3,0.2222,9
alias,boundary:query,546,L72.hi,hybrid,narrow,contradicted; cut f:query_len_tokens,1.9475,1.9088,3,8,1,0.2,10
alias,boundary:query,548,L47.hi,dense,exception,contradicted; every cut loses a supporter,2.0102,2.0102,8,5,2,0.375,8
alias,boundary:query,548,L61.hi,hybrid,exception,contradicted; every cut loses a supporter,1.9172,1.9172,4,4,1,0.4286,7
alias,boundary:query,548,L97.hi,dense,exception,contradicted; every cut loses a supporter,2.0288,2.0288,6,5,2,0.375,8
alias,boundary:query,548,L98.hi,hybrid,exception,contradicted; every cut loses a supporter,2.0676,2.0676,6,7,2,0.2222,9
alias,boundary:query,551,L70,dense,expand,arm beat the default just outside the box,1.892,1.9544,4,8,3,0.2,10
alias,boundary:query,551,L103,dense,expand,arm beat the default just outside the box,1.9163,1.977,3,7,1,0.125,8
alias,boundary:query,551,L176,dense,create,"default missed, dense hit",,2.0,1,0,0,0.0,0
alias,boundary:query,551,L177,hybrid,create,"default missed, hybrid hit",,2.0,1,0,0,0.0,0
alias,boundary:query,552,L178,dense,create,"default missed, dense hit",,2.0,1,0,0,0.0,0
alias,boundary:query,553,L5.lo,dense,expand,arm beat the default just outside the box,1.7889,1.8277,8,3,0,0.0,3
alias,boundary:query,553,L179,hybrid,create,"default missed, hybrid hit",,2.0,1,0,0,0.0,0
distractor_para,boundary:query,5,L1,dense,create,"default missed, dense hit",,2.0,1,0,0,0.0,0
distractor_para,boundary:query,5,L2,hybrid,create,"default missed, hybrid hit",,2.0,1,0,0,0.0,0
distractor_para,boundary:query,10,L3,dense,create,"default missed, dense hit",,2.0,1,0,0,0.0,0
distractor_para,boundary:query,10,L4,hybrid,create,"default missed, hybrid hit",,2.0,1,0,0,0.0,0
distractor_para,boundary:query,13,L5,dense,create,"default missed, dense hit",,2.0,1,0,0,0.0,0
distractor_para,boundary:query,15,L6,dense,create,"default missed, dense hit",,2.0,1,0,0,0.0,0
distractor_para,boundary:query,18,L3,dense,expand,arm beat the default just outside the box,2.138,2.1822,2,0,0,0.0,0
distractor_para,boundary:query,18,L4,hybrid,expand,arm beat the default just outside the box,2.138,2.1822,2,0,0,0.0,0
distractor_para,boundary:query,18,L7,dense,create,"default missed, dense hit",,2.0,1,0,0,0.0,0
distractor_para,boundary:query,18,L8,hybrid,create,"default missed, hybrid hit",,2.0,1,0,0,0.0,0
distractor_para,boundary:query,20,L6,dense,expand,arm beat the default just outside the box,2.0416,2.0998,2,0,0,0.0,0
distractor_para,boundary:query,20,L7,dense,expand,arm beat the default just outside the box,2.0352,2.0485,2,0,0,0.0,0
distractor_para,boundary:query,20,L9,dense,create,"default missed, dense hit",,2.0,1,0,0,0.0,0
distractor_para,boundary:query,23,L3,dense,expand,arm beat the default just outside the box,2.1604,2.2168,3,0,0,0.0,0
distractor_para,boundary:query,23,L4,hybrid,expand,arm beat the default just outside the box,2.1604,2.2168,3,0,0,0.0,0
distractor_para,boundary:query,23,L7,dense,expand,arm beat the default just outside the box,2.0057,2.0571,3,0,0,0.0,0
distractor_para,boundary:query,23,L8,hybrid,expand,arm beat the default just outside the box,1.9921,2.0435,2,0,0,0.0,0
distractor_para,boundary:query,23,L9,dense,expand,arm beat the default just outside the box,1.9598,2.0051,2,0,0,0.0,0
distractor_para,boundary:query,23,L10,hybrid,create,"default missed, hybrid hit",,2.0,1,0,0,0.0,0
distractor_para,boundary:query,27,L11,dense,create,"default missed, dense hit",,2.0,1,0,0,0.0,0
distractor_para,boundary:query,27,L12,hybrid,create,"default missed, hybrid hit",,2.0,1,0,0,0.0,0
distractor_para,boundary:query,34,L7,dense,retire,utility <= 0,,2.0724,3,5,0,-0.2,5
distractor_para,boundary:query,34,L9,dense,retire,utility <= 0,,2.0221,2,5,0,-0.2,5
distractor_para,boundary:query,34,L10,hybrid,retire,utility <= 0,,2.012,1,5,0,-0.2,5
distractor_para,boundary:query,36,L8,hybrid,expand,arm beat the default just outside the box,2.0684,2.117,3,3,0,0.0,3
distractor_para,boundary:query,36,L13,hybrid,create,"default missed, hybrid hit",,2.0,1,0,0,0.0,0
distractor_para,boundary:query,37,L3,dense,retire,utility <= 0,,2.2608,3,5,0,0.0,5
distractor_para,boundary:query,37,L4,hybrid,retire,utility <= 0,,2.2608,3,5,0,0.0,5
distractor_para,boundary:query,38,L2,hybrid,retire,utility <= 0,,2.2461,1,5,0,0.0,5
distractor_para,boundary:query,39,L5,dense,expand,arm beat the default just outside the box,2.0501,2.1092,2,0,0,0.0,0
distractor_para,boundary:query,41,L1,dense,narrow,contradicted; cut f:query_len_tokens,2.2244,2.1151,3,5,0,0.2857,7
distractor_para,boundary:query,42,L1,dense,expand,arm beat the default just outside the box,2.1108,2.1454,4,5,0,0.2857,7
distractor_para,boundary:query,43,L6,dense,exception,contradicted; every cut loses a supporter,2.0589,2.0589,4,4,1,0.1667,6
distractor_para,boundary:query,43,L8,hybrid,retire,utility <= 0,,2.097,3,5,0,0.0,5
distractor_para,boundary:query,44,L5,dense,expand,arm beat the default just outside the box,2.096,2.1522,4,1,0,0.5,2
distractor_para,boundary:query,51,L1,dense,exception,contradicted; every cut loses a supporter,2.1287,2.1287,6,6,1,0.4,10
distractor_para,boundary:query,53,L1,dense,exception,contradicted; every cut loses a supporter,2.0968,2.0968,6,7,2,0.3636,11
distractor_para,boundary:query,56,L5,dense,exception,contradicted; every cut loses a supporter,2.1004,2.1004,5,4,1,0.3333,6
distractor_para,boundary:query,56,L14,hybrid,create,"default missed, hybrid hit",,2.0,1,0,0,0.0,0
distractor_para,boundary:query,57,L1,dense,exception,contradicted; every cut loses a supporter,2.0773,2.0773,6,8,3,0.3333,12
distractor_para,boundary:query,57,L5,dense,exception,contradicted; every cut loses a supporter,2.1026,2.1026,5,5,2,0.2857,7
distractor_para,boundary:query,60,L1,dense,exception,contradicted; every cut loses a supporter,2.095,2.095,6,9,4,0.3077,13
distractor_para,boundary:query,60,L5,dense,exception,contradicted; every cut loses a supporter,2.1176,2.1176,5,6,3,0.25,8
distractor_para,boundary:query,60,L1,dense,split,4 exceptions; cut f:query_len_tokens at 15.5,,2.095,6,9,4,0.3077,13
distractor_para,boundary:query,60,L1.lo,dense,create,split of L1,,2.0028,3,0,0,0.0,0
distractor_para,boundary:query,60,L1.hi,dense,create,split of L1,,1.9622,3,0,0,0.0,0
distractor_para,boundary:query,62,L13,hybrid,retire,utility <= 0,,1.9611,1,5,0,0.0,5
distractor_para,boundary:query,63,L6,dense,exception,contradicted; every cut loses a supporter,2.0391,2.0391,4,5,2,0.1429,7
distractor_para,boundary:query,65,L17,dense,create,"default missed, dense hit",,2.0,1,0,0,0.0,0
distractor_para,boundary:query,69,L6,dense,exception,contradicted; every cut loses a supporter,2.0446,2.0446,4,6,3,0.0,8
distractor_para,boundary:query,69,L6,dense,retire,utility <= 0,,2.0446,4,6,3,0.0,8
distractor_para,boundary:query,70,L18,dense,create,"default missed, dense hit",,2.0,1,0,0,0.0,0
distractor_para,boundary:query,70,L19,hybrid,create,"default missed, hybrid hit",,2.0,1,0,0,0.0,0
distractor_para,boundary:query,75,L1.hi,dense,expand,arm beat the default just outside the box,1.9832,2.0018,4,2,0,0.0,2
distractor_para,boundary:query,75,L14,hybrid,retire,utility <= 0,,2.0382,2,4,0,0.0,5
distractor_para,boundary:query,78,L17,dense,expand,arm beat the default just outside the box,2.0188,2.0768,2,1,0,-1.0,1
distractor_para,boundary:query,78,L20,dense,create,"default missed, dense hit",,2.0,1,0,0,0.0,0
distractor_para,boundary:query,80,L5,dense,exception,contradicted; every cut loses a supporter,2.1575,2.1575,6,7,4,0.3,10
distractor_para,boundary:query,80,L5,dense,split,4 exceptions; cut f:query_cap_spans at 2,,2.1575,6,7,4,0.3,10
distractor_para,boundary:query,80,L5.lo,dense,create,split of L5,,2.1575,6,0,0,0.0,0
distractor_para,boundary:query,81,L12,hybrid,exception,contradicted; every cut loses a supporter,2.0018,2.0018,2,5,1,0.1667,6
distractor_para,boundary:query,82,L17,dense,expand,arm beat the default just outside the box,2.074,2.1121,3,1,0,-1.0,1
distractor_para,boundary:query,82,L22,hybrid,create,"default missed, hybrid hit",,2.0,1,0,0,0.0,0
distractor_para,boundary:query,86,L1.hi,dense,expand,arm beat the default just outside the box,1.9917,2.0281,5,2,0,0.0,2
distractor_para,boundary:query,93,L11,dense,exception,contradicted; every cut loses a supporter,1.9728,1.9728,4,4,1,0.4286,7
distractor_para,boundary:query,93,L12,hybrid,narrow,contradicted; cut f:query_len_tokens,1.9728,1.9131,2,6,1,0.1429,7
distractor_para,boundary:query,97,L11,dense,expand,arm beat the default just outside the box,1.9813,2.0546,5,4,1,0.4286,7
distractor_para,boundary:query,97,L23,dense,create,"default missed, dense hit",,2.0,1,0,0,0.0,0
distractor_para,boundary:query,97,L24,hybrid,create,"default missed, hybrid hit",,2.0,1,0,0,0.0,0
distractor_para,boundary:query,98,L1.hi,dense,exception,contradicted; every cut loses a supporter,2.0314,2.0314,6,5,1,0.1667,6
distractor_para,boundary:query,100,L1.hi,dense,exception,contradicted; every cut loses a supporter,2.0238,2.0238,6,6,2,0.1429,7
distractor_para,boundary:query,100,L5.lo,dense,exception,contradicted; every cut loses a supporter,2.1237,2.1237,8,4,1,0.3333,6
distractor_para,boundary:query,101,L17,dense,retire,utility <= 0,,2.0838,4,4,0,0.0,5
distractor_para,boundary:query,102,L12,hybrid,narrow,contradicted; cut f:query_len_tokens,1.9175,1.881,2,7,1,0.125,8
distractor_para,boundary:query,103,L20,dense,exception,contradicted; every cut loses a supporter,1.9765,1.9765,3,4,1,0.3333,6
distractor_para,boundary:query,104,L25,dense,create,"default missed, dense hit",,2.0,1,0,0,0.0,0
distractor_para,boundary:query,107,L20,dense,expand,arm beat the default just outside the box,1.9653,2.0272,4,4,1,0.3333,6
distractor_para,boundary:query,107,L26,dense,create,"default missed, dense hit",,2.0,1,0,0,0.0,0
distractor_para,boundary:query,108,L20,dense,exception,contradicted; every cut loses a supporter,2.0303,2.0303,4,5,2,0.2857,7
distractor_para,boundary:query,109,L5.lo,dense,exception,contradicted; every cut loses a supporter,2.1256,2.1256,8,5,2,0.2857,7
distractor_para,boundary:query,116,L20,dense,exception,contradicted; every cut loses a supporter,2.0208,2.0208,5,6,3,0.3333,9
distractor_para,boundary:query,117,L26,dense,expand,arm beat the default just outside the box,2.0015,2.0219,2,3,0,0.0,3
distractor_para,boundary:query,118,L27,hybrid,create,"default missed, hybrid hit",,2.0,1,0,0,0.0,0
distractor_para,boundary:query,119,L1.lo,dense,exception,contradicted; every cut loses a supporter,2.0154,2.0154,5,5,1,0.2857,7
distractor_para,boundary:query,119,L5.lo,dense,exception,contradicted; every cut loses a supporter,2.1228,2.1228,8,6,3,0.25,8
distractor_para,boundary:query,120,L22,hybrid,exception,contradicted; every cut loses a supporter,1.9754,1.9754,4,5,1,0.375,8
distractor_para,boundary:query,123,L11,dense,exception,contradicted; every cut loses a supporter,2.0525,2.0525,6,5,2,0.4444,9
distractor_para,boundary:query,124,L5.lo,dense,exception,contradicted; every cut loses a supporter,2.1243,2.1243,8,7,4,0.2222,9
distractor_para,boundary:query,124,L5.lo,dense,split,4 exceptions; cut f:query_len_tokens at 17,,2.1243,8,7,4,0.2222,9
distractor_para,boundary:query,124,L5.lo.lo,dense,create,split of L5.lo,,1.9698,4,0,0,0.0,0
distractor_para,boundary:query,124,L5.lo.hi,dense,create,split of L5.lo,,1.9833,4,0,0,0.0,0
distractor_para,boundary:query,125,L26,dense,retire,utility <= 0,,2.0308,2,5,0,0.0,5
distractor_para,boundary:query,129,L5.lo.lo,dense,expand,arm beat the default just outside the box,1.9697,2.0052,5,0,0,0.0,0
distractor_para,boundary:query,132,L30,dense,create,"default missed, dense hit",,2.0,1,0,0,0.0,0
distractor_para,boundary:query,132,L31,hybrid,create,"default missed, hybrid hit",,2.0,1,0,0,0.0,0
distractor_para,boundary:query,134,L20,dense,exception,contradicted; every cut loses a supporter,2.023,2.023,6,7,4,0.3636,11
distractor_para,boundary:query,134,L22,hybrid,narrow,contradicted; cut f:query_len_tokens,1.9672,1.9575,4,6,1,0.3333,9
distractor_para,boundary:query,134,L20,dense,split,4 exceptions; cut f:query_len_tokens at 13,,2.023,6,7,4,0.3636,11
distractor_para,boundary:query,134,L20.lo,dense,create,split of L20,,1.9069,4,0,0,0.0,0
distractor_para,boundary:query,134,L20.hi,dense,create,split of L20,,1.8476,2,0,0,0.0,0
distractor_para,boundary:query,136,L22,hybrid,exception,contradicted; every cut loses a supporter,1.964,1.964,4,7,2,0.3,10
distractor_para,boundary:query,139,L22,hybrid,exception,contradicted; every cut loses a supporter,1.9737,1.9737,4,8,3,0.2727,11
distractor_para,boundary:query,142,L1.hi,dense,expand,arm beat the default just outside the box,2.0494,2.0854,7,6,2,0.1429,7
distractor_para,boundary:query,144,L20.lo,dense,retire,utility <= 0,,1.927,4,5,0,0.0,5
distractor_para,boundary:query,145,L34,hybrid,create,"default missed, hybrid hit",,2.0,1,0,0,0.0,0
distractor_para,boundary:query,146,L25,dense,retire,utility <= 0,,2.0124,2,4,0,0.0,5
distractor_para,boundary:query,147,L5.lo.lo,dense,expand,arm beat the default just outside the box,2.0137,2.0495,7,1,0,0.5,2
distractor_para,boundary:query,149,L18,dense,narrow,contradicted; cut f:query_len_tokens,2.0023,1.9502,3,4,0,0.1667,6
distractor_para,boundary:query,149,L19,hybrid,narrow,contradicted; cut f:query_len_tokens,2.0023,1.9502,4,3,0,0.3333,6
distractor_para,boundary:query,151,L18,dense,expand,arm beat the default just outside the box,1.9557,1.9919,4,4,0,0.1667,6
distractor_para,boundary:query,151,L19,hybrid,expand,arm beat the default just outside the box,1.9557,1.9919,5,3,0,0.3333,6
distractor_para,boundary:query,151,L35,dense,create,"default missed, dense hit",,2.0,1,0,0,0.0,0
distractor_para,boundary:query,151,L36,hybrid,create,"default missed, hybrid hit",,2.0,1,0,0,0.0,0
distractor_para,boundary:query,153,L37,dense,create,"default missed, dense hit",,2.0,1,0,0,0.0,0
distractor_para,boundary:query,154,L12,hybrid,expand,arm beat the default just outside the box,1.9023,1.9023,3,7,1,0.125,8
distractor_para,boundary:query,154,L38,hybrid,create,"default missed, hybrid hit",,2.0,1,0,0,0.0,0
distractor_para,boundary:query,155,L1.lo,dense,expand,arm beat the default just outside the box,2.0486,2.0666,7,5,1,0.375,8
distractor_para,boundary:query,155,L5.lo.hi,dense,expand,arm beat the default just outside the box,1.9996,2.0356,8,1,0,0.75,4
distractor_para,boundary:query,156,L39,hybrid,create,"default missed, hybrid hit",,2.0,1,0,0,0.0,0
distractor_para,boundary:query,157,L1.lo,dense,exception,contradicted; every cut loses a supporter,2.0661,2.0661,7,6,2,0.3333,9
distractor_para,boundary:query,157,L1.hi,dense,exception,contradicted; every cut loses a supporter,2.0981,2.0981,10,7,3,0.3636,11
distractor_para,boundary:query,158,L27,hybrid,exception,contradicted; every cut loses a supporter,2.0239,2.0239,3,5,1,0.2857,7
distractor_para,boundary:query,158,L5.lo.lo,dense,exception,contradicted; every cut loses a supporter,2.0564,2.0564,9,3,1,0.5,6
distractor_para,boundary:query,161,L27,hybrid,exception,contradicted; every cut loses a supporter,2.0238,2.0238,3,6,2,0.25,8
distractor_para,boundary:query,162,L1.hi,dense,expand,arm beat the default just outside the box,2.0962,2.1317,12,7,3,0.4167,12
distractor_para,boundary:query,162,L5.lo.lo,dense,expand,arm beat the default just outside the box,2.0539,2.0894,11,3,1,0.5714,7
distractor_para,boundary:query,163,L40,dense,create,"default missed, dense hit",,2.0,1,0,0,0.0,0
distractor_para,boundary:query,165,L11,dense,expand,arm beat the default just outside the box,2.0578,2.1167,8,5,2,0.5,10
distractor_para,boundary:query,165,L12,hybrid,expand,arm beat the default just outside the box,1.8929,1.9518,4,7,1,0.125,8
distractor_para,boundary:query,165,L41,dense,create,"default missed, dense hit",,2.0,1,0,0,0.0,0
distractor_para,boundary:query,165,L42,hybrid,create,"default missed, hybrid hit",,2.0,1,0,0,0.0,0
distractor_para,boundary:query,166,L20.hi,dense,expand,arm beat the default just outside the box,1.8679,1.9034,3,2,0,0.0,2
distractor_para,boundary:query,166,L43,hybrid,create,"default missed, hybrid hit",,2.0,1,0,0,0.0,0
distractor_para,boundary:query,167,L11,dense,narrow,contradicted; cut f:query_len_tokens,2.111,2.0164,8,6,2,0.4545,11
distractor_para,boundary:query,167,L12,hybrid,narrow,contradicted; cut f:query_len_tokens,1.9468,1.8522,4,8,1,0.1111,9
distractor_para,boundary:query,168,L11,dense,exception,contradicted; every cut loses a supporter,2.0135,2.0135,8,7,3,0.4167,12
distractor_para,boundary:query,171,L35,dense,expand,arm beat the default just outside the box,1.9811,2.0004,2,0,0,0.0,0
distractor_para,boundary:query,171,L36,hybrid,expand,arm beat the default just outside the box,1.9811,2.0004,2,0,0,0.0,0
distractor_para,boundary:query,171,L43,hybrid,expand,arm beat the default just outside the box,1.9898,2.0686,3,0,0,1.0,1
distractor_para,boundary:query,180,L37,dense,exception,contradicted; every cut loses a supporter,1.9765,1.9765,4,3,1,0.5,6
distractor_para,boundary:query,181,L20.hi,dense,expand,arm beat the default just outside the box,1.8911,1.9269,4,3,0,-0.3333,3
distractor_para,boundary:query,182,L27,hybrid,narrow,contradicted; cut f:query_len_tokens,2.0069,1.95,3,7,2,0.2222,9
distractor_para,boundary:query,182,L5.lo.lo,dense,exception,contradicted; every cut loses a supporter,2.0751,2.0751,12,4,2,0.5556,9
distractor_para,boundary:query,182,L5.lo.hi,dense,exception,contradicted; every cut loses a supporter,2.0174,2.0174,11,3,1,0.6667,9
distractor_para,boundary:query,183,L18,dense,exception,contradicted; every cut loses a supporter,1.9731,1.9731,5,5,1,0.25,8
distractor_para,boundary:query,183,L19,hybrid,exception,contradicted; every cut loses a supporter,1.9731,1.9731,6,4,1,0.375,8
distractor_para,boundary:query,183,L43,hybrid,exception,contradicted; every cut loses a supporter,2.0712,2.0712,4,4,1,0.3333,6
distractor_para,boundary:query,184,L43,hybrid,exception,contradicted; every cut loses a supporter,2.0736,2.0736,4,5,2,0.2857,7
distractor_para,boundary:query,185,L43,hybrid,exception,contradicted; every cut loses a supporter,2.0757,2.0757,4,6,3,0.25,8
distractor_para,boundary:query,187,L11,dense,exception,contradicted; every cut loses a supporter,2.017,2.017,8,8,4,0.3846,13
distractor_para,boundary:query,187,L11,dense,split,4 exceptions; cut f:query_cap_spans at 1,,2.017,8,8,4,0.3846,13
distractor_para,boundary:query,187,L11.lo,dense,create,split of L11,,1.8274,7,0,0,0.0,0
distractor_para,boundary:query,187,L11.hi,dense,create,split of L11,,1.8274,1,0,0,0.0,0
distractor_para,boundary:query,188,L37,dense,exception,contradicted; every cut loses a supporter,1.9842,1.9842,5,4,2,0.5,8
distractor_para,boundary:query,188,L43,hybrid,exception,contradicted; every cut loses a supporter,2.075,2.075,4,7,4,0.2222,9
distractor_para,boundary:query,188,L43,hybrid,split,4 exceptions; cut f:query_cap_spans at 1.5,,2.075,4,7,4,0.2222,9
distractor_para,boundary:query,188,L43.lo,hybrid,create,split of L43,,1.98,2,0,0,0.0,0
distractor_para,boundary:query,188,L43.hi,hybrid,create,split of L43,,1.8535,2,0,0,0.0,0
distractor_para,boundary:query,192,L37,dense,exception,contradicted; every cut loses a supporter,1.9838,1.9838,6,5,3,0.5,10
distractor_para,boundary:query,193,L20.hi,dense,retire,utility <= 0,,1.9327,5,4,0,0.0,5
distractor_para,boundary:query,194,L48,dense,create,"default missed, dense hit",,2.0,1,0,0,0.0,0
distractor_para,boundary:query,197,L1.hi,dense,exception,contradicted; every cut loses a supporter,2.1119,2.1119,13,8,4,0.4286,14
distractor_para,boundary:query,197,L5.lo.lo,dense,exception,contradicted; every cut loses a supporter,2.0809,2.0809,12,5,3,0.5,10
distractor_para,boundary:query,197,L5.lo.hi,dense,exception,contradicted; every cut loses a supporter,2.0227,2.0227,11,4,2,0.6,10
distractor_para,boundary:query,197,L1.hi,dense,split,4 exceptions; cut f:query_len_tokens at 16,,2.1119,13,8,4,0.4286,14
distractor_para,boundary:query,197,L1.hi.lo,dense,create,split of L1.hi,,1.9679,7,0,0,0.0,0
distractor_para,boundary:query,197,L1.hi.hi,dense,create,split of L1.hi,,2.0399,6,0,0,0.0,0
distractor_para,boundary:query,199,L38,hybrid,retire,utility <= 0,,1.9882,1,5,0,0.0,5
distractor_para,boundary:query,200,L43.lo,hybrid,retire,utility <= 0,,1.9823,2,5,0,0.0,5
distractor_para,boundary:query,201,L12,hybrid,exception,contradicted; every cut loses a supporter,1.8528,1.8528,4,9,2,0.1,10
distractor_para,boundary:query,205,L12,hybrid,expand,arm beat the default just outside the box,1.8537,1.8899,5,9,2,0.1,10
distractor_para,boundary:query,205,L11.lo,dense,retire,utility <= 0,,1.8302,7,5,0,0.0,5
distractor_para,boundary:query,205,L11.hi,dense,retire,utility <= 0,,1.8302,1,5,0,0.0,5
distractor_para,boundary:query,205,L51,hybrid,create,"default missed, hybrid hit",,2.0,1,0,0,0.0,0
distractor_para,boundary:query,206,L52,dense,create,"default missed, dense hit",,2.0,1,0,0,0.0,0
distractor_para,boundary:query,208,L48,dense,retire,utility <= 0,,1.998,2,4,0,0.0,5
distractor_para,boundary:query,209,L18,dense,expand,arm beat the default just outside the box,1.9792,2.0154,6,5,1,0.25,8
distractor_para,boundary:query,211,L53,dense,create,"default missed, dense hit",,2.0,1,0,0,0.0,0
distractor_para,boundary:query,213,L27,hybrid,narrow,contradicted; cut f:query_len_tokens,1.9594,1.9013,3,8,2,0.2,10
distractor_para,boundary:query,213,L5.lo.lo,dense,exception,contradicted; every cut loses a supporter,2.0862,2.0862,12,6,4,0.4545,11
distractor_para,boundary:query,213,L5.lo.lo,dense,split,4 exceptions; cut f:query_len_tokens at 16,,2.0862,12,6,4,0.4545,11
distractor_para,boundary:query,213,L5.lo.lo.lo,dense,create,split of L5.lo.lo,,1.9403,8,0,0,0.0,0
distractor_para,boundary:query,213,L5.lo.lo.hi,dense,create,split of L5.lo.lo,,1.9768,4,0,0,0.0,0
distractor_para,boundary:query,216,L37,dense,expand,arm beat the default just outside the box,1.9919,2.0112,9,5,3,0.5833,12
distractor_para,boundary:query,216,L53,dense,expand,arm beat the default just outside the box,2.0036,2.0241,2,1,0,0.0,1
distractor_para,boundary:query,216,L56,dense,create,"default missed, dense hit",,2.0,1,0,0,0.0,0
distractor_para,boundary:query,218,L37,dense,exception,contradicted; every cut loses a supporter,2.0152,2.0152,9,6,4,0.5385,13
distractor_para,boundary:query,218,L37,dense,split,4 exceptions; cut f:query_len_tokens at 11,,2.0152,9,6,4,0.5385,13
distractor_para,boundary:query,218,L37.lo,dense,create,split of L37,,1.9423,7,0,0,0.0,0
distractor_para,boundary:query,218,L37.hi,dense,create,split of L37,,1.8156,2,0,0,0.0,0
distractor_para,boundary:query,219,L37.lo,dense,expand,arm beat the default just outside the box,1.9445,1.981,8,0,0,0.0,0
distractor_para,boundary:query,220,L18,dense,exception,contradicted; every cut loses a supporter,2.0263,2.0263,6,6,2,0.2222,9
distractor_para,boundary:query,220,L19,hybrid,exception,contradicted; every cut loses a supporter,1.9896,1.9896,6,5,2,0.3333,9
distractor_para,boundary:query,223,L56,dense,expand,arm beat the default just outside the box,2.0084,2.029,4,1,0,0.6667,3
distractor_para,boundary:query,223,L59,dense,create,"default missed, dense hit",,2.0,1,0,0,0.0,0
distractor_para,boundary:query,225,L24,hybrid,retire,utility <= 0,,2.0186,1,5,0,0.0,5
distractor_para,boundary:query,233,L5.lo.hi,dense,exception,contradicted; every cut loses a supporter,2.0258,2.0258,13,5,3,0.6154,13
distractor_para,boundary:query,234,L56,dense,expand,arm beat the default just outside the box,2.0186,2.0393,5,3,0,0.4,5
distractor_para,boundary:query,235,L12,hybrid,exception,contradicted; every cut loses a supporter,1.8909,1.8909,5,10,3,0.0909,11
distractor_para,boundary:query,237,L53,dense,narrow,contradicted; cut f:query_len_tokens,2.0211,1.9323,4,5,0,0.2857,7
distractor_para,boundary:query,240,L53,dense,exception,contradicted; every cut loses a supporter,1.9355,1.9355,4,6,1,0.25,8
distractor_para,boundary:query,240,L56,dense,exception,contradicted; every cut loses a supporter,2.0416,2.0416,6,4,1,0.4286,7
distractor_para,boundary:query,241,L53,dense,exception,contradicted; every cut loses a supporter,1.9371,1.9371,4,7,2,0.2222,9
distractor_para,boundary:query,241,L56,dense,exception,contradicted; every cut loses a supporter,2.0432,2.0432,6,5,2,0.375,8
distractor_para,boundary:query,241,L37.lo,dense,exception,contradicted; every cut loses a supporter,1.9768,1.9768,9,5,1,0.1667,6
distractor_para,boundary:query,242,L53,dense,exception,contradicted; every cut loses a supporter,1.9388,1.9388,4,8,3,0.2,10
distractor_para,boundary:query,242,L56,dense,exception,contradicted; every cut loses a supporter,2.0451,2.0451,6,6,3,0.3333,9
distractor_para,boundary:query,242,L37.lo,dense,exception,contradicted; every cut loses a supporter,1.9785,1.9785,9,6,2,0.1429,7
distractor_para,boundary:query,243,L18,dense,exception,contradicted; every cut loses a supporter,2.0228,2.0228,6,7,3,0.2,10
distractor_para,boundary:query,243,L19,hybrid,exception,contradicted; every cut loses a supporter,1.9863,1.9863,6,6,3,0.3,10
distractor_para,boundary:query,243,L35,dense,exception,contradicted; every cut loses a supporter,2.0181,2.0181,4,4,1,0.3333,6
distractor_para,boundary:query,243,L36,hybrid,exception,contradicted; every cut loses a supporter,2.0181,2.0181,3,5,1,0.1667,6
distractor_para,boundary:query,247,L37.lo,dense,exception,contradicted; every cut loses a supporter,1.981,1.981,9,7,3,0.125,8
distractor_para,boundary:query,248,L53,dense,exception,contradicted; every cut loses a supporter,1.9432,1.9432,4,9,4,0.1818,11
distractor_para,boundary:query,248,L56,dense,exception,contradicted; every cut loses a supporter,2.05,2.05,6,7,4,0.3,10
distractor_para,boundary:query,248,L53,dense,split,4 exceptions; cut f:query_len_tokens at 10.5,,1.9432,4,9,4,0.1818,11
distractor_para,boundary:query,248,L53.lo,dense,create,split of L53,,1.8514,2,0,0,0.0,0
distractor_para,boundary:query,248,L53.hi,dense,create,split of L53,,1.8514,2,0,0,0.0,0
distractor_para,boundary:query,248,L56,dense,split,4 exceptions; cut f:query_len_tokens at 14,,2.05,6,7,4,0.3,10
distractor_para,boundary:query,248,L56.lo,dense,create,split of L56,,1.9398,3,0,0,0.0,0
distractor_para,boundary:query,248,L56.hi,dense,create,split of L56,,1.8663,3,0,0,0.0,0
distractor_para,boundary:query,249,L39,hybrid,narrow,contradicted; cut f:query_len_tokens,2.0062,1.987,3,4,0,0.3333,6
distractor_para,boundary:query,253,L37.lo,dense,expand,arm beat the default just outside the box,1.9774,2.0141,10,7,3,0.125,8
distractor_para,boundary:query,253,L59,dense,expand,arm beat the default just outside the box,1.995,2.0159,3,0,0,1.0,1
distractor_para,boundary:query,253,L56.hi,dense,expand,arm beat the default just outside the box,1.8611,1.8978,4,0,0,0.0,0
distractor_para,boundary:query,253,L64,hybrid,create,"default missed, hybrid hit",,2.0,1,0,0,0.0,0
distractor_para,boundary:query,254,L1.hi.hi,dense,narrow,contradicted; cut f:query_len_tokens,2.0437,2.007,8,4,0,0.3333,6
distractor_para,boundary:query,254,L5.lo.lo.hi,dense,narrow,contradicted; cut f:query_len_tokens,1.9822,1.9455,6,4,0,0.3333,6
distractor_para,boundary:query,255,L39,hybrid,exception,contradicted; every cut loses a supporter,1.9799,1.9799,3,5,1,0.2857,7
distractor_para,boundary:query,255,L1.hi.hi,dense,exception,contradicted; every cut loses a supporter,2.0062,2.0062,8,5,1,0.2857,7
distractor_para,boundary:query,255,L5.lo.lo.hi,dense,exception,contradicted; every cut loses a supporter,1.9444,1.9444,6,5,1,0.2857,7
distractor_para,boundary:query,256,L37.lo,dense,exception,contradicted; every cut loses a supporter,2.0132,2.0132,10,8,4,0.1111,9
distractor_para,boundary:query,256,L37.hi,dense,exception,contradicted; every cut loses a supporter,1.8136,1.8136,4,5,1,0.2857,7
distractor_para,boundary:query,256,L37.lo,dense,split,4 exceptions; cut f:query_len_tokens at 11,,2.0132,10,8,4,0.1111,9
distractor_para,boundary:query,256,L37.lo.lo,dense,create,split of L37.lo,,1.9403,8,0,0,0.0,0
distractor_para,boundary:query,256,L37.lo.hi,dense,create,split of L37.lo,,1.8136,2,0,0,0.0,0
distractor_para,boundary:query,257,L40,dense,expand,arm beat the default just outside the box,2.0034,2.0567,2,1,0,0.0,1
distractor_para,boundary:query,257,L67,dense,create,"default missed, dense hit",,2.0,1,0,0,0.0,0
distractor_para,boundary:query,259,L51,hybrid,exception,contradicted; every cut loses a supporter,2.0018,2.0018,3,4,1,0.3333,6
distractor_para,boundary:query,261,L51,hybrid,exception,contradicted; every cut loses a supporter,2.0021,2.0021,3,5,2,0.2857,7
distractor_para,boundary:query,261,L52,dense,exception,contradicted; every cut loses a supporter,2.0041,2.0041,4,3,1,0.5,6
distractor_para,boundary:query,262,L31,hybrid,retire,utility <= 0,,2.0196,1,5,0,0.0,5
distractor_para,boundary:query,263,L22,hybrid,expand,arm beat the default just outside the box,1.975,2.0117,7,8,3,0.3846,13
distractor_para,boundary:query,263,L37.hi,dense,expand,arm beat the default just outside the box,1.8084,1.8451,5,5,1,0.2857,7
distractor_para,boundary:query,263,L53.hi,dense,expand,arm beat the default just outside the box,1.8413,1.8597,4,1,0,0.5,2
distractor_para,boundary:query,263,L37.lo.hi,dense,expand,arm beat the default just outside the box,1.8084,1.8451,3,0,0,0.0,0
distractor_para,boundary:query,265,L22,hybrid,exception,contradicted; every cut loses a supporter,2.0138,2.0138,7,9,4,0.3571,14
distractor_para,boundary:query,265,L37.hi,dense,exception,contradicted; every cut loses a supporter,1.8467,1.8467,5,6,2,0.25,8
distractor_para,boundary:query,265,L56.lo,dense,exception,contradicted; every cut loses a supporter,1.9315,1.9315,5,4,1,0.3333,6
distractor_para,boundary:query,265,L22,hybrid,split,4 exceptions; cut f:query_len_tokens at 14,,2.0138,7,9,4,0.3571,14
distractor_para,boundary:query,265,L22.lo,hybrid,create,split of L22,,1.8932,4,0,0,0.0,0
distractor_para,boundary:query,265,L22.hi,hybrid,create,split of L22,,1.8666,3,0,0,0.0,0
distractor_para,boundary:query,267,L18,dense,exception,contradicted; every cut loses a supporter,2.0211,2.0211,6,8,4,0.1818,11
distractor_para,boundary:query,267,L35,dense,exception,contradicted; every cut loses a supporter,2.0156,2.0156,4,5,2,0.2857,7
distractor_para,boundary:query,267,L36,hybrid,exception,contradicted; every cut loses a supporter,2.0156,2.0156,3,6,2,0.1429,7
distractor_para,boundary:query,267,L18,dense,split,4 exceptions; cut f:query_len_tokens at 14,,2.0211,6,8,4,0.1818,11
distractor_para,boundary:query,267,L18.lo,dense,create,split of L18,,1.8574,4,0,0,0.0,0
distractor_para,boundary:query,267,L18.hi,dense,create,split of L18,,1.9107,2,0,0,0.0,0
distractor_para,boundary:query,269,L1.hi.hi,dense,exception,contradicted; every cut loses a supporter,2.0075,2.0075,8,6,2,0.25,8
distractor_para,boundary:query,269,L5.lo.lo.hi,dense,exception,contradicted; every cut loses a supporter,1.9437,1.9437,6,6,2,0.25,8
distractor_para,boundary:query,272,L37.hi,dense,exception,contradicted; every cut loses a supporter,1.8522,1.8522,5,7,3,0.2222,9
distractor_para,boundary:query,272,L56.lo,dense,exception,contradicted; every cut loses a supporter,1.9376,1.9376,5,5,2,0.2857,7
distractor_para,boundary:query,273,L53.hi,dense,exception,contradicted; every cut loses a supporter,1.8688,1.8688,4,5,1,0.1667,6
distractor_para,boundary:query,273,L64,hybrid,exception,contradicted; every cut loses a supporter,2.0053,2.0053,2,5,1,0.1667,6
distractor_para,boundary:query,274,L53.hi,dense,exception,contradicted; every cut loses a supporter,1.8703,1.8703,4,6,2,0.1429,7
distractor_para,boundary:query,274,L64,hybrid,exception,contradicted; every cut loses a supporter,2.007,2.007,2,6,2,0.1429,7
distractor_para,boundary:query,274,L37.lo.lo,dense,exception,contradicted; every cut loses a supporter,1.9468,1.9468,9,5,1,0.1667,6
distractor_para,boundary:query,274,L37.lo.hi,dense,retire,utility <= 0,,1.8553,3,5,0,0.0,5
distractor_para,boundary:query,275,L56.lo,dense,narrow,contradicted; cut f:query_len_tokens,1.9426,1.9426,5,6,2,0.125,8
distractor_para,boundary:query,275,L64,hybrid,narrow,contradicted; cut f:query_len_tokens,2.0088,1.9197,2,7,2,0.125,8
distractor_para,boundary:query,275,L22.lo,hybrid,retire,utility <= 0,,1.9039,4,5,0,0.0,5
distractor_para,boundary:query,276,L5.lo.lo.lo,dense,narrow,contradicted; cut f:query_cap_spans,1.9527,1.8149,10,5,0,0.2857,7
distractor_para,boundary:query,277,L53.lo,dense,expand,arm beat the default just outside the box,1.855,1.855,4,2,0,0.3333,3
distractor_para,boundary:query,277,L56.lo,dense,expand,arm beat the default just outside the box,1.9443,1.9814,6,6,2,0.125,8
distractor_para,boundary:query,278,L51,hybrid,exception,contradicted; every cut loses a supporter,2.0155,2.0155,3,6,3,0.25,8
distractor_para,boundary:query,278,L52,dense,exception,contradicted; every cut loses a supporter,2.0175,2.0175,4,4,2,0.4286,7
distractor_para,boundary:query,281,L56.lo,dense,exception,contradicted; every cut loses a supporter,1.9782,1.9782,6,7,3,0.1111,9
distractor_para,boundary:query,281,L37.lo.lo,dense,exception,contradicted; every cut loses a supporter,1.947,1.947,10,6,2,0.25,8
distractor_para,boundary:query,282,L23,dense,exception,contradicted; every cut loses a supporter,2.0191,2.0191,2,5,1,0.1667,6
distractor_para,boundary:query,283,L52,dense,exception,contradicted; every cut loses a supporter,2.0134,2.0134,4,5,3,0.375,8
distractor_para,boundary:query,285,L1.hi.hi,dense,expand,arm beat the default just outside the box,2.0121,2.0491,9,6,2,0.25,8
distractor_para,boundary:query,285,L5.lo.lo.hi,dense,expand,arm beat the default just outside the box,1.9498,1.9868,7,6,2,0.25,8
distractor_para,boundary:query,286,L5.lo.lo.lo,dense,exception,contradicted; every cut loses a supporter,1.8111,1.8111,11,6,1,0.3333,9
distractor_para,boundary:query,287,L53.lo,dense,expand,arm beat the default just outside the box,1.8515,1.8885,5,4,0,0.2,5
distractor_para,boundary:query,287,L56.lo,dense,expand,arm beat the default just outside the box,1.9774,2.0144,7,7,3,0.1111,9
distractor_para,boundary:query,288,L37.hi,dense,expand,arm beat the default just outside the box,1.8567,1.8936,6,7,3,0.2222,9
distractor_para,boundary:query,288,L53.hi,dense,expand,arm beat the default just outside the box,1.8713,1.9083,5,6,2,0.1429,7
distractor_para,boundary:query,288,L64,hybrid,expand,arm beat the default just outside the box,1.919,1.9411,3,7,2,0.125,8
distractor_para,boundary:query,288,L72,hybrid,create,"default missed, hybrid hit",,2.0,1,0,0,0.0,0
distractor_para,boundary:query,289,L30,dense,narrow,contradicted; cut f:query_len_tokens,2.0319,1.9365,2,5,0,0.1667,6
distractor_para,boundary:query,290,L37.hi,dense,exception,contradicted; every cut loses a supporter,1.8927,1.8927,6,8,4,0.2,10
distractor_para,boundary:query,290,L53.lo,dense,exception,contradicted; every cut loses a supporter,1.889,1.889,6,5,1,0.2857,7
distractor_para,boundary:query,290,L53.hi,dense,exception,contradicted; every cut loses a supporter,1.9075,1.9075,5,7,3,0.125,8
distractor_para,boundary:query,290,L56.lo,dense,exception,contradicted; every cut loses a supporter,2.0152,2.0152,8,8,4,0.1818,11
distractor_para,boundary:query,290,L64,hybrid,exception,contradicted; every cut loses a supporter,1.9403,1.9403,3,8,3,0.1111,9
distractor_para,boundary:query,290,L37.lo.lo,dense,exception,contradicted; every cut loses a supporter,1.9472,1.9472,12,7,3,0.3636,11
distractor_para,boundary:query,290,L37.hi,dense,split,4 exceptions; cut f:query_len_tokens at 12,,1.8927,6,8,4,0.2,10
distractor_para,boundary:query,290,L37.hi.lo,dense,create,split of L37.hi,,1.8557,4,0,0,0.0,0
distractor_para,boundary:query,290,L37.hi.hi,dense,create,split of L37.hi,,1.7816,2,0,0,0.0,0
distractor_para,boundary:query,290,L56.lo,dense,split,4 exceptions; cut f:query_len_tokens at 9.5,,2.0152,8,8,4,0.1818,11
distractor_para,boundary:query,290,L56.lo.lo,dense,create,split of L56.lo,,1.8484,4,0,0,0.0,0
distractor_para,boundary:query,290,L56.lo.hi,dense,create,split of L56.lo,,1.9225,4,0,0,0.0,0
distractor_para,boundary:query,291,L77,hybrid,create,"default missed, hybrid hit",,2.0,1,0,0,0.0,0
distractor_para,boundary:query,292,L51,hybrid,narrow,contradicted; cut f:query_len_tokens,2.0134,1.9593,3,7,3,0.2222,9
distractor_para,boundary:query,293,L27,hybrid,exception,contradicted; every cut loses a supporter,1.9099,1.9099,3,9,3,0.1818,11
distractor_para,boundary:query,293,L5.lo.hi,dense,expand,arm beat the default just outside the box,2.0394,2.0766,15,5,3,0.6429,14
distractor_para,boundary:query,293,L1.hi.hi,dense,expand,arm beat the default just outside the box,2.0494,2.0866,10,6,2,0.25,8
distractor_para,boundary:query,293,L5.lo.lo.hi,dense,expand,arm beat the default just outside the box,1.9879,2.0251,8,6,2,0.25,8
distractor_para,boundary:query,297,L72,hybrid,retire,utility <= 0,,2.0053,1,5,0,-0.2,5
distractor_para,boundary:query,299,L37.hi.lo,dense,retire,utility <= 0,,1.8608,4,5,0,-0.2,5
distractor_para,boundary:query,299,L56.lo.hi,dense,retire,utility <= 0,,1.9279,4,5,0,-0.2,5
distractor_para,boundary:query,301,L1.lo,dense,exception,contradicted; every cut loses a supporter,2.0614,2.0614,11,7,3,0.5,14
distractor_para,boundary:query,301,L5.lo.hi,dense,exception,contradicted; every cut loses a supporter,2.0848,2.0848,15,6,4,0.6,15
distractor_para,boundary:query,301,L1.hi.lo,dense,exception,contradicted; every cut loses a supporter,1.9828,1.9828,12,2,1,0.7143,7
distractor_para,boundary:query,301,L1.hi.hi,dense,exception,contradicted; every cut loses a supporter,2.0951,2.0951,10,7,3,0.2222,9
distractor_para,boundary:query,301,L5.lo.lo.lo,dense,exception,contradicted; every cut loses a supporter,1.8177,1.8177,12,7,2,0.3636,11
distractor_para,boundary:query,301,L5.lo.lo.hi,dense,exception,contradicted; every cut loses a supporter,2.033,2.033,8,7,3,0.2222,9
distractor_para,boundary:query,301,L5.lo.hi,dense,split,4 exceptions; cut f:query_cap_spans at 2,,2.0848,15,6,4,0.6,15
distractor_para,boundary:query,301,L5.lo.hi.lo,dense,create,split of L5.lo.hi,,2.0848,15,0,0,0.0,0
distractor_para,boundary:query,302,L79,dense,create,"default missed, dense hit",,2.0,1,0,0,0.0,0
distractor_para,boundary:query,302,L80,hybrid,create,"default missed, hybrid hit",,2.0,1,0,0,0.0,0
distractor_para,boundary:query,303,L1.lo,dense,narrow,contradicted; cut f:query_len_tokens,2.0587,2.055,11,8,3,0.4667,15
distractor_para,boundary:query,303,L27,hybrid,expand,arm beat the default just outside the box,1.9152,1.9527,4,9,3,0.1818,11
distractor_para,boundary:query,304,L1.lo,dense,exception,contradicted; every cut loses a supporter,2.0552,2.0552,11,9,4,0.4375,16
distractor_para,boundary:query,304,L1.hi.lo,dense,exception,contradicted; every cut loses a supporter,1.9802,1.9802,12,3,2,0.625,8
distractor_para,boundary:query,304,L1.hi.hi,dense,exception,contradicted; every cut loses a supporter,2.0927,2.0927,10,8,4,0.2,10
distractor_para,boundary:query,304,L5.lo.lo.lo,dense,exception,contradicted; every cut loses a supporter,1.8159,1.8159,12,8,3,0.3333,12
distractor_para,boundary:query,304,L5.lo.lo.hi,dense,exception,contradicted; every cut loses a supporter,2.0314,2.0314,8,8,4,0.2,10
distractor_para,boundary:query,304,L1.lo,dense,split,4 exceptions; cut f:query_len_tokens at 15,,2.0552,11,9,4,0.4375,16
distractor_para,boundary:query,304,L1.lo.lo,dense,create,split of L1.lo,,2.0177,7,0,0,0.0,0
distractor_para,boundary:query,304,L1.lo.hi,dense,create,split of L1.lo,,1.9427,4,0,0,0.0,0
distractor_para,boundary:query,304,L1.hi.hi,dense,split,4 exceptions; cut f:query_len_tokens at 19,,2.0927,10,8,4,0.2,10
distractor_para,boundary:query,304,L1.hi.hi.lo,dense,create,split of L1.hi.hi,,2.0552,9,0,0,0.0,0
distractor_para,boundary:query,304,L1.hi.hi.hi,dense,create,split of L1.hi.hi,,1.9427,1,0,0,0.0,0
distractor_para,boundary:query,304,L5.lo.lo.hi,dense,split,4 exceptions; cut f:query_cap_spans at 2,,2.0314,8,8,4,0.2,10
distractor_para,boundary:query,304,L5.lo.lo.hi.lo,dense,create,split of L5.lo.lo.hi,,2.0314,8,0,0,0.0,0
distractor_para,boundary:query,307,L30,dense,expand,arm beat the default just outside the box,1.94,1.9776,3,5,0,0.1667,6
distractor_para,boundary:query,307,L86,dense,create,"default missed, dense hit",,2.0,1,0,0,0.0,0
distractor_para,boundary:query,307,L87,hybrid,create,"default missed, hybrid hit",,2.0,1,0,0,0.0,0
distractor_para,boundary:query,308,L1.hi.lo,dense,exception,contradicted; every cut loses a supporter,1.9764,1.9764,12,4,3,0.5556,9
distractor_para,boundary:query,310,L19,hybrid,exception,contradicted; every cut loses a supporter,1.9979,1.9979,6,7,4,0.2727,11
distractor_para,boundary:query,310,L35,dense,exception,contradicted; every cut loses a supporter,2.0304,2.0304,4,6,3,0.25,8
distractor_para,boundary:query,310,L36,hybrid,exception,contradicted; every cut loses a supporter,2.0304,2.0304,3,7,3,0.125,8
distractor_para,boundary:query,310,L19,hybrid,split,4 exceptions; cut f:query_len_tokens at 14.5,,1.9979,6,7,4,0.2727,11
distractor_para,boundary:query,310,L19.lo,hybrid,create,split of L19,,1.8486,3,0,0,0.0,0
distractor_para,boundary:query,310,L19.hi,hybrid,create,split of L19,,1.9034,3,0,0,0.0,0
distractor_para,boundary:query,310,L43.hi,hybrid,retire,utility <= 0,,1.8694,2,5,0,0.0,5
distractor_para,boundary:query,311,L53.lo,dense,expand,arm beat the default just outside the box,1.8947,1.9137,7,5,1,0.2857,7
distractor_para,boundary:query,311,L37.hi.hi,dense,expand,arm beat the default just outside the box,1.785,1.8229,3,4,0,-0.25,4
distractor_para,boundary:query,311,L56.lo.lo,dense,expand,arm beat the default just outside the box,1.8534,1.9102,5,0,0,0.0,0
distractor_para,boundary:query,311,L90,dense,create,"default missed, dense hit",,2.0,1,0,0,0.0,0
distractor_para,boundary:query,312,L34,hybrid,retire,utility <= 0,,2.0195,1,5,0,0.0,5
distractor_para,boundary:query,313,L27,hybrid,exception,contradicted; every cut loses a supporter,1.9544,1.9544,4,10,4,0.1667,12
distractor_para,boundary:query,313,L77,hybrid,exception,contradicted; every cut loses a supporter,2.0081,2.0081,2,5,1,0.1667,6
distractor_para,boundary:query,313,L27,hybrid,split,4 exceptions; cut f:query_len_tokens at 14.5,,1.9544,4,10,4,0.1667,12
distractor_para,boundary:query,313,L27.lo,hybrid,create,split of L27,,1.8594,2,0,0,0.0,0
distractor_para,boundary:query,313,L27.hi,hybrid,create,split of L27,,1.8594,2,0,0,0.0,0
distractor_para,boundary:query,314,L59,dense,retire,utility <= 0,,2.0325,3,4,0,0.0,5
distractor_para,boundary:query,316,L30,dense,exception,contradicted; every cut loses a supporter,1.9793,1.9793,3,6,1,0.1429,7
distractor_para,boundary:query,319,L5.lo.lo.lo,dense,expand,arm beat the default just outside the box,1.8179,1.8559,13,8,3,0.3333,12
distractor_para,boundary:query,319,L93,dense,create,"default missed, dense hit",,2.0,1,0,0,0.0,0
distractor_para,boundary:query,319,L94,hybrid,create,"default missed, hybrid hit",,2.0,1,0,0,0.0,0
distractor_para,boundary:query,320,L95,hybrid,create,"default missed, hybrid hit",,2.0,1,0,0,0.0,0
distractor_para,boundary:query,322,L53.lo,dense,exception,contradicted; every cut loses a supporter,1.9142,1.9142,7,6,2,0.25,8
distractor_para,boundary:query,322,L37.hi.hi,dense,retire,utility <= 0,,1.8231,3,5,0,-0.2,5
distractor_para,boundary:query,324,L30,dense,exception,contradicted; every cut loses a supporter,1.98,1.98,3,7,2,0.125,8
distractor_para,boundary:query,326,L51,hybrid,narrow,contradicted; cut f:query_len_tokens,1.9622,1.9451,3,8,3,0.2,10
distractor_para,boundary:query,326,L52,dense,narrow,contradicted; cut f:query_len_tokens,2.019,1.9263,4,6,3,0.3333,9
distractor_para,boundary:query,327,L53.lo,dense,exception,contradicted; every cut loses a supporter,1.9094,1.9094,7,7,3,0.2222,9
distractor_para,boundary:query,327,L37.lo.lo,dense,exception,contradicted; every cut loses a supporter,1.95,1.95,12,8,4,0.3333,12
distractor_para,boundary:query,327,L37.lo.lo,dense,split,4 exceptions; cut f:query_len_tokens at 9,,1.95,12,8,4,0.3333,12
distractor_para,boundary:query,327,L37.lo.lo.lo,dense,create,split of L37.lo.lo,,1.8748,7,0,0,0.0,0
distractor_para,boundary:query,327,L37.lo.lo.hi,dense,create,split of L37.lo.lo,,1.8194,5,0,0,0.0,0
distractor_para,boundary:query,330,L77,hybrid,narrow,contradicted; cut f:query_len_tokens,2.0008,1.9494,2,6,1,0.1429,7
distractor_para,boundary:query,332,L35,dense,exception,contradicted; every cut loses a supporter,2.0258,2.0258,4,7,4,0.2222,9
distractor_para,boundary:query,332,L36,hybrid,exception,contradicted; every cut loses a supporter,2.0258,2.0258,3,8,4,0.1111,9
distractor_para,boundary:query,332,L35,dense,split,4 exceptions; cut f:query_len_tokens at 11.5,,2.0258,4,7,4,0.2222,9
distractor_para,boundary:query,332,L35.lo,dense,create,split of L35,,1.8563,2,0,0,0.0,0
distractor_para,boundary:query,332,L35.hi,dense,create,split of L35,,1.9145,2,0,0,0.0,0
distractor_para,boundary:query,332,L36,hybrid,split,4 exceptions; cut f:query_len_tokens at 12,,2.0258,3,8,4,0.1111,9
distractor_para,boundary:query,332,L36.lo,hybrid,create,split of L36,,1.8751,2,0,0,0.0,0
distractor_para,boundary:query,332,L36.hi,hybrid,create,split of L36,,1.8956,1,0,0,0.0,0
distractor_para,boundary:query,334,L53.hi,dense,exception,contradicted; every cut loses a supporter,1.909,1.909,5,8,4,0.1111,9
distractor_para,boundary:query,334,L64,hybrid,exception,contradicted; every cut loses a supporter,1.9424,1.9424,3,9,4,0.1,10
distractor_para,boundary:query,334,L53.hi,dense,split,4 exceptions; cut f:query_len_tokens at 12,,1.909,5,8,4,0.1111,9
distractor_para,boundary:query,334,L53.hi.lo,dense,create,split of L53.hi,,1.8713,3,0,0,0.0,0
distractor_para,boundary:query,334,L53.hi.hi,dense,create,split of L53.hi,,1.7959,2,0,0,0.0,0
distractor_para,boundary:query,334,L56.hi,dense,retire,utility <= 0,,1.9055,4,5,0,-0.2,5
distractor_para,boundary:query,334,L64,hybrid,split,4 exceptions; cut f:query_len_tokens at 10,,1.9424,3,9,4,0.1,10
distractor_para,boundary:query,334,L64.lo,hybrid,create,split of L64,,1.7917,2,0,0,0.0,0
distractor_para,boundary:query,334,L64.hi,hybrid,create,split of L64,,1.9047,1,0,0,0.0,0
distractor_para,boundary:query,335,L1.hi.lo,dense,expand,arm beat the default just outside the box,1.9769,2.0146,13,4,3,0.5556,9
distractor_para,boundary:query,335,L5.lo.lo.lo,dense,expand,arm beat the default just outside the box,1.851,1.8886,14,8,3,0.3333,12
distractor_para,boundary:query,335,L1.lo.hi,dense,expand,arm beat the default just outside the box,1.9393,1.9769,5,1,0,0.0,1
distractor_para,boundary:query,337,L40,dense,exception,contradicted; every cut loses a supporter,2.0675,2.0675,4,4,1,0.3333,6
distractor_para,boundary:query,338,L23,dense,exception,contradicted; every cut loses a supporter,2.0202,2.0202,3,6,2,0.25,8
distractor_para,boundary:query,339,L77,hybrid,narrow,contradicted; cut f:query_len_tokens,1.9479,1.9101,2,7,1,0.125,8
distractor_para,boundary:query,339,L5.lo.hi.lo,dense,exception,contradicted; every cut loses a supporter,2.0764,2.0764,16,5,1,0.1667,6
distractor_para,boundary:query,340,L1.hi.lo,dense,exception,contradicted; every cut loses a supporter,2.0103,2.0103,13,5,4,0.5,10
distractor_para,boundary:query,340,L5.lo.lo.lo,dense,exception,contradicted; every cut loses a supporter,1.8855,1.8855,14,9,4,0.3077,13
distractor_para,boundary:query,340,L5.lo.hi.lo,dense,exception,contradicted; every cut loses a supporter,2.076,2.076,16,6,2,0.1429,7
distractor_para,boundary:query,340,L5.lo.lo.hi.lo,dense,exception,contradicted; every cut loses a supporter,2.0238,2.0238,9,5,1,0.1667,6
distractor_para,boundary:query,340,L1.hi.lo,dense,split,4 exceptions; cut f:query_len_tokens at 16,,2.0103,13,5,4,0.5,10
distractor_para,boundary:query,340,L1.hi.lo.lo,dense,create,split of L1.hi.lo,,1.9726,12,0,0,0.0,0
distractor_para,boundary:query,340,L1.hi.lo.hi,dense,create,split of L1.hi.lo,,1.9349,1,0,0,0.0,0
distractor_para,boundary:query,340,L5.lo.lo.lo,dense,split,4 exceptions; cut f:query_cap_spans at 2,,1.8855,14,9,4,0.3077,13
distractor_para,boundary:query,340,L5.lo.lo.lo.lo,dense,create,split of L5.lo.lo.lo,,1.8855,14,0,0,0.0,0
distractor_para,boundary:query,343,L109,dense,create,"default missed, dense hit",,2.0,1,0,0,0.0,0
distractor_para,boundary:query,344,L1.hi.hi.lo,dense,exception,contradicted; every cut loses a supporter,2.0447,2.0447,10,5,1,0.1667,6
distractor_para,boundary:query,345,L40,dense,exception,contradicted; every cut loses a supporter,2.0636,2.0636,4,5,2,0.2857,7
distractor_para,boundary:query,346,L30,dense,narrow,contradicted; cut f:query_len_tokens,1.9689,1.8716,3,8,2,0.1111,9
distractor_para,boundary:query,348,L90,dense,retire,utility <= 0,,1.9885,1,5,0,0.0,5
distractor_para,boundary:query,349,L5.lo.hi.lo,dense,exception,contradicted; every cut loses a supporter,2.0727,2.0727,16,7,3,0.125,8
distractor_para,boundary:query,349,L5.lo.lo.hi.lo,dense,exception,contradicted; every cut loses a supporter,2.0205,2.0205,9,6,2,0.1429,7
distractor_para,boundary:query,350,L86,dense,retire,utility <= 0,,1.9916,1,5,0,0.0,5
distractor_para,boundary:query,350,L87,hybrid,retire,utility <= 0,,1.9916,1,5,0,0.0,5
distractor_para,boundary:query,352,L1.lo.lo,dense,expand,arm beat the default just outside the box,2.0028,2.0406,8,2,0,0.0,2
distractor_para,boundary:query,353,L1.lo.hi,dense,narrow,contradicted; cut f:query_len_tokens,1.9652,1.9652,6,5,0,0.1667,6
distractor_para,boundary:query,353,L1.hi.hi.lo,dense,exception,contradicted; every cut loses a supporter,2.0408,2.0408,11,6,2,0.25,8
distractor_para,boundary:query,353,L5.lo.lo.hi.lo,dense,exception,contradicted; every cut loses a supporter,2.0179,2.0179,10,7,3,0.2222,9
distractor_para,boundary:query,354,L1.lo.hi,dense,exception,contradicted; every cut loses a supporter,1.9652,1.9652,6,6,1,0.1429,7
distractor_para,boundary:query,355,L5.lo.lo.lo.lo,dense,exception,contradicted; every cut loses a supporter,1.8803,1.8803,15,5,1,0.1667,6
distractor_para,boundary:query,357,L5.lo.hi.lo,dense,exception,contradicted; every cut loses a supporter,2.0706,2.0706,17,8,4,0.2,10
distractor_para,boundary:query,357,L1.lo.hi,dense,exception,contradicted; every cut loses a supporter,1.9659,1.9659,6,7,2,0.125,8
distractor_para,boundary:query,357,L1.hi.hi.lo,dense,exception,contradicted; every cut loses a supporter,2.0416,2.0416,11,7,3,0.2222,9
distractor_para,boundary:query,357,L5.lo.lo.hi.lo,dense,exception,contradicted; every cut loses a supporter,2.0182,2.0182,10,8,4,0.2,10
distractor_para,boundary:query,357,L5.lo.lo.lo.lo,dense,exception,contradicted; every cut loses a supporter,1.8806,1.8806,15,6,2,0.1429,7
distractor_para,boundary:query,357,L5.lo.hi.lo,dense,split,4 exceptions; cut f:query_len_tokens at 18,,2.0706,17,8,4,0.2,10
distractor_para,boundary:query,357,L5.lo.hi.lo.lo,dense,create,split of L5.lo.hi.lo,,1.9425,11,0,0,0.0,0
distractor_para,boundary:query,357,L5.lo.hi.lo.hi,dense,create,split of L5.lo.hi.lo,,1.957,6,0,0,0.0,0
distractor_para,boundary:query,357,L5.lo.lo.hi.lo,dense,split,4 exceptions; cut f:query_len_tokens at 18,,2.0182,10,8,4,0.2,10
distractor_para,boundary:query,357,L5.lo.lo.hi.lo.lo,dense,create,split of L5.lo.lo.hi.lo,,1.9425,6,0,0,0.0,0
distractor_para,boundary:query,357,L5.lo.lo.hi.lo.hi,dense,create,split of L5.lo.lo.hi.lo,,1.9046,4,0,0,0.0,0
distractor_para,boundary:query,357,L27.hi,hybrid,retire,utility <= 0,,1.8457,2,5,0,0.0,5
distractor_para,boundary:query,358,L77,hybrid,exception,contradicted; every cut loses a supporter,1.9046,1.9046,2,8,2,0.1111,9
distractor_para,boundary:query,358,L1.lo.hi,dense,expand,arm beat the default just outside the box,1.9662,2.0041,7,7,2,0.125,8
distractor_para,boundary:query,358,L1.hi.hi.lo,dense,expand,arm beat the default just outside the box,2.0419,2.0798,12,7,3,0.2222,9
distractor_para,boundary:query,358,L5.lo.hi.lo.lo,dense,expand,arm beat the default just outside the box,1.9426,1.9805,12,0,0,0.0,0
distractor_para,boundary:query,358,L5.lo.lo.hi.lo.lo,dense,expand,arm beat the default just outside the box,1.9426,1.9805,7,0,0,0.0,0
distractor_para,boundary:query,359,L1.lo.lo,dense,exception,contradicted; every cut loses a supporter,2.0422,2.0422,9,5,1,0.1667,6
distractor_para,boundary:query,359,L1.lo.hi,dense,exception,contradicted; every cut loses a supporter,2.0043,2.0043,7,8,3,0.1111,9
distractor_para,boundary:query,359,L5.lo.lo.lo.lo,dense,exception,contradicted; every cut loses a supporter,1.8809,1.8809,16,7,3,0.2222,9
distractor_para,boundary:query,359,L77,hybrid,expand,arm beat the default just outside the box,1.9048,1.9048,3,8,2,0.1111,9
distractor_para,boundary:query,359,L27.lo,hybrid,expand,arm beat the default just outside the box,1.846,1.8649,3,2,0,0.0,2
distractor_para,boundary:query,359,L114,hybrid,create,"default missed, hybrid hit",,2.0,1,0,0,0.0,0
distractor_para,boundary:query,363,L64.hi,hybrid,expand,arm beat the default just outside the box,1.8952,1.9331,2,2,0,0.0,2
distractor_para,boundary:query,364,L1.lo.lo,dense,exception,contradicted; every cut loses a supporter,2.041,2.041,9,6,2,0.1429,7
distractor_para,boundary:query,364,L1.hi.lo.lo,dense,exception,contradicted; every cut loses a supporter,1.9651,1.9651,14,4,1,0.3333,6
distractor_para,boundary:query,366,L1.hi.hi.hi,dense,expand,arm beat the default just outside the box,1.9282,1.9659,2,1,0,0.0,1
distractor_para,boundary:query,366,L5.lo.lo.hi.lo.hi,dense,expand,arm beat the default just outside the box,1.905,1.9427,5,0,0,0.0,0
distractor_para,boundary:query,368,L53.lo,dense,expand,arm beat the default just outside the box,1.9019,1.9397,9,7,3,0.3,10
distractor_para,boundary:query,368,L56.lo.lo,dense,expand,arm beat the default just outside the box,1.8984,1.9362,7,4,0,0.2,5
distractor_para,boundary:query,368,L37.lo.lo.hi,dense,expand,arm beat the default just outside the box,1.811,1.8488,7,1,0,0.5,2
distractor_para,boundary:query,370,L5.lo.lo.lo.lo,dense,exception,contradicted; every cut loses a supporter,1.8815,1.8815,16,8,4,0.2,10
distractor_para,boundary:query,370,L5.lo.lo.lo.lo,dense,split,4 exceptions; cut f:query_cap_spans at 2,,1.8815,16,8,4,0.2,10
distractor_para,boundary:query,370,L5.lo.lo.lo.lo.lo,dense,create,split of L5.lo.lo.lo.lo,,1.8815,16,0,0,0.0,0
distractor_para,boundary:query,371,L67,dense,exception,contradicted; every cut loses a supporter,2.0036,2.0036,3,4,1,0.3333,6
distractor_para,boundary:query,372,L77,hybrid,exception,contradicted; every cut loses a supporter,1.906,1.906,3,9,3,0.1,10
distractor_para,boundary:query,372,L1.lo.lo,dense,exception,contradicted; every cut loses a supporter,2.0434,2.0434,9,7,3,0.125,8
distractor_para,boundary:query,373,L1.hi.lo.hi,dense,exception,contradicted; every cut loses a supporter,1.9298,1.9298,2,5,1,0.1667,6
distractor_para,boundary:query,374,L53.hi.hi,dense,expand,arm beat the default just outside the box,1.7885,1.8265,4,2,0,0.3333,3
distractor_para,boundary:query,376,L56.lo.lo,dense,exception,contradicted; every cut loses a supporter,1.9368,1.9368,8,5,1,0.2857,7
distractor_para,boundary:query,376,L53.hi.lo,dense,exception,contradicted; every cut loses a supporter,1.8642,1.8642,6,3,1,0.5,6
distractor_para,boundary:query,376,L64.hi,hybrid,exception,contradicted; every cut loses a supporter,1.9359,1.9359,3,5,1,0.1667,6
distractor_para,boundary:query,378,L53.lo,dense,exception,contradicted; every cut loses a supporter,1.94,1.94,9,8,4,0.2727,11
distractor_para,boundary:query,378,L56.lo.lo,dense,exception,contradicted; every cut loses a supporter,1.9365,1.9365,8,6,2,0.25,8
distractor_para,boundary:query,378,L53.hi.lo,dense,exception,contradicted; every cut loses a supporter,1.8637,1.8637,6,4,2,0.4286,7
distractor_para,boundary:query,378,L64.hi,hybrid,exception,contradicted; every cut loses a supporter,1.9355,1.9355,3,6,2,0.1429,7
distractor_para,boundary:query,378,L53.lo,dense,split,4 exceptions; cut f:query_len_tokens at 9,,1.94,9,8,4,0.2727,11
distractor_para,boundary:query,378,L53.lo.lo,dense,create,split of L53.lo,,1.8256,6,0,0,0.0,0
distractor_para,boundary:query,378,L53.lo.hi,dense,create,split of L53.lo,,1.8637,3,0,0,0.0,0
distractor_para,boundary:query,379,L1.lo.lo,dense,exception,contradicted; every cut loses a supporter,2.044,2.044,9,8,4,0.1111,9
distractor_para,boundary:query,379,L1.lo.hi,dense,exception,contradicted; every cut loses a supporter,2.0059,2.0059,7,9,4,0.1,10
distractor_para,boundary:query,379,L1.hi.hi.lo,dense,exception,contradicted; every cut loses a supporter,2.0822,2.0822,12,8,4,0.2,10
distractor_para,boundary:query,379,L1.hi.lo.lo,dense,exception,contradicted; every cut loses a supporter,1.9677,1.9677,14,5,2,0.2857,7
distractor_para,boundary:query,379,L1.lo.lo,dense,split,4 exceptions; cut f:query_len_tokens at 15,,2.044,9,8,4,0.1111,9
distractor_para,boundary:query,379,L1.lo.lo.lo,dense,create,split of L1.lo.lo,,2.0059,8,0,0,0.0,0
distractor_para,boundary:query,379,L1.lo.lo.hi,dense,create,split of L1.lo.lo,,1.9296,1,0,0,0.0,0
distractor_para,boundary:query,379,L1.lo.hi,dense,split,4 exceptions; cut f:query_len_tokens at 16,,2.0059,7,9,4,0.1,10
distractor_para,boundary:query,379,L1.lo.hi.lo,dense,create,split of L1.lo.hi,,1.9677,6,0,0,0.0,0
distractor_para,boundary:query,379,L1.lo.hi.hi,dense,create,split of L1.lo.hi,,1.9296,1,0,0,0.0,0
distractor_para,boundary:query,379,L1.hi.hi.lo,dense,split,4 exceptions; cut f:query_len_tokens at 18,,2.0822,12,8,4,0.2,10
distractor_para,boundary:query,379,L1.hi.hi.lo.lo,dense,create,split of L1.hi.hi.lo,,2.044,7,0,0,0.0,0
distractor_para,boundary:query,379,L1.hi.hi.lo.hi,dense,create,split of L1.hi.hi.lo,,1.9296,5,0,0,0.0,0
distractor_para,boundary:query,379,L5.lo.hi.lo.lo,dense,retire,utility <= 0,,1.9833,12,5,0,0.0,5
distractor_para,boundary:query,379,L5.lo.lo.hi.lo.lo,dense,retire,utility <= 0,,1.9833,7,5,0,0.0,5
distractor_para,boundary:query,381,L56.lo.lo,dense,exception,contradicted; every cut loses a supporter,1.9377,1.9377,8,7,3,0.2222,9
distractor_para,boundary:query,383,L1.hi.lo.hi,dense,exception,contradicted; every cut loses a supporter,1.9297,1.9297,2,6,2,0.1429,7
distractor_para,boundary:query,383,L114,hybrid,retire,utility <= 0,,2.0018,1,5,0,0.0,5
distractor_para,boundary:query,385,L56.lo.lo,dense,exception,contradicted; every cut loses a supporter,1.936,1.936,8,8,4,0.2,10
distractor_para,boundary:query,385,L37.lo.lo.hi,dense,exception,contradicted; every cut loses a supporter,1.8481,1.8481,8,4,1,0.3333,6
distractor_para,boundary:query,385,L53.hi.lo,dense,exception,contradicted; every cut loses a supporter,1.8635,1.8635,6,5,3,0.375,8
distractor_para,boundary:query,385,L64.hi,hybrid,exception,contradicted; every cut loses a supporter,1.9351,1.9351,3,7,3,0.125,8
distractor_para,boundary:query,385,L56.lo.lo,dense,split,4 exceptions; cut f:query_len_tokens at 9,,1.936,8,8,4,0.2,10
distractor_para,boundary:query,385,L56.lo.lo.lo,dense,create,split of L56.lo.lo,,1.822,5,0,0,0.0,0
distractor_para,boundary:query,385,L56.lo.lo.hi,dense,create,split of L56.lo.lo,,1.86,3,0,0,0.0,0
distractor_para,boundary:query,386,L37.lo.lo.hi,dense,exception,contradicted; every cut loses a supporter,1.8492,1.8492,8,5,2,0.2857,7
distractor_para,boundary:query,386,L53.hi.hi,dense,exception,contradicted; every cut loses a supporter,1.8265,1.8265,4,5,1,0.1667,6
distractor_para,boundary:query,389,L53.hi.hi,dense,exception,contradicted; every cut loses a supporter,1.8274,1.8274,4,6,2,0.1429,7
distractor_para,boundary:query,389,L64.hi,hybrid,exception,contradicted; every cut loses a supporter,1.9376,1.9376,3,8,4,0.1111,9
distractor_para,boundary:query,389,L64.hi,hybrid,split,4 exceptions; cut f:query_len_tokens at 12,,1.9376,3,8,4,0.1111,9
distractor_para,boundary:query,389,L64.hi.lo,hybrid,create,split of L64.hi,,1.8612,2,0,0,0.0,0
distractor_para,boundary:query,389,L64.hi.hi,hybrid,create,split of L64.hi,,1.823,1,0,0,0.0,0
distractor_para,boundary:query,390,L12,hybrid,expand,arm beat the default just outside the box,1.8987,1.9369,6,10,3,0.0909,11
distractor_para,boundary:query,392,L27.lo,hybrid,retire,utility <= 0,,1.866,3,5,0,0.0,5
distractor_para,boundary:query,392,L5.lo.lo.lo.lo.lo,dense,retire,utility <= 0,,1.8825,16,5,0,0.0,5
distractor_para,boundary:query,396,L37.lo.lo.hi,dense,exception,contradicted; every cut loses a supporter,1.8493,1.8493,8,6,3,0.25,8
distractor_para,boundary:query,396,L53.hi.hi,dense,exception,contradicted; every cut loses a supporter,1.8259,1.8259,4,7,3,0.125,8
distractor_para,boundary:query,401,L77,hybrid,expand,arm beat the default just outside the box,1.9061,1.9445,4,9,3,0.1,10
distractor_para,boundary:query,401,L1.lo.lo.lo,dense,expand,arm beat the default just outside the box,2.0027,2.0411,9,2,0,0.0,2
distractor_para,boundary:query,401,L128,hybrid,create,"default missed, hybrid hit",,2.0,1,0,0,0.0,0
distractor_para,boundary:query,403,L1.hi.hi.lo.lo,dense,retire,utility <= 0,,2.042,8,4,0,0.0,5
distractor_para,boundary:query,404,L77,hybrid,exception,contradicted; every cut loses a supporter,1.9452,1.9452,4,10,4,0.0909,11
distractor_para,boundary:query,404,L1.hi.lo.hi,dense,expand,arm beat the default just outside the box,1.9271,1.9655,3,6,2,0.1429,7
distractor_para,boundary:query,404,L1.lo.hi.hi,dense,expand,arm beat the default just outside the box,1.9271,1.9655,3,1,0,0.5,2
distractor_para,boundary:query,404,L77,hybrid,split,4 exceptions; cut f:query_len_tokens at 14.5,,1.9452,4,10,4,0.0909,11
distractor_para,boundary:query,404,L77.lo,hybrid,create,split of L77,,1.8877,2,0,0,0.0,0
distractor_para,boundary:query,404,L77.hi,hybrid,create,split of L77,,1.7967,2,0,0,0.0,0
distractor_para,boundary:query,405,L18.lo,dense,retire,utility <= 0,,1.8575,4,5,0,0.0,5
distractor_para,boundary:query,410,L67,dense,narrow,contradicted; cut f:query_len_tokens,2.0077,1.9143,3,5,1,0.2857,7
distractor_para,boundary:query,411,L53.hi.hi,dense,expand,arm beat the default just outside the box,1.8269,1.8655,5,7,3,0.125,8
distractor_para,boundary:query,411,L64.hi.hi,hybrid,expand,arm beat the default just outside the box,1.8225,1.8225,2,0,0,0.0,0
distractor_para,boundary:query,411,L131,dense,create,"default missed, dense hit",,2.0,1,0,0,0.0,0
distractor_para,boundary:query,412,L95,hybrid,retire,utility <= 0,,1.9923,1,5,0,0.0,5
distractor_para,boundary:query,415,L77.lo,hybrid,expand,arm beat the default just outside the box,1.8901,1.948,3,0,0,0.0,0
distractor_para,boundary:query,417,L109,dense,exception,contradicted; every cut loses a supporter,2.0021,2.0021,2,5,1,0.1667,6
distractor_para,boundary:query,418,L23,dense,narrow,contradicted; cut f:query_len_tokens,2.0194,1.9248,3,7,2,0.2222,9
distractor_para,boundary:query,420,L93,dense,exception,contradicted; every cut loses a supporter,1.9916,1.9916,3,4,1,0.3333,6
distractor_para,boundary:query,420,L94,hybrid,exception,contradicted; every cut loses a supporter,1.9916,1.9916,2,5,1,0.1667,6
distractor_para,boundary:query,421,L19.lo,hybrid,expand,arm beat the default just outside the box,1.8394,1.8973,4,4,0,0.0,4
distractor_para,boundary:query,421,L35.hi,dense,retire,utility <= 0,,1.9115,3,4,0,0.0,5
distractor_para,boundary:query,423,L109,dense,narrow,contradicted; cut f:query_len_tokens,2.0037,1.9145,2,6,1,0.1429,7
distractor_para,boundary:query,427,L53.lo.hi,dense,exception,contradicted; every cut loses a supporter,1.8655,1.8655,5,5,1,0.2857,7
distractor_para,boundary:query,427,L56.lo.lo.hi,dense,exception,contradicted; every cut loses a supporter,1.862,1.862,5,4,1,0.3333,6
distractor_para,boundary:query,428,L53.lo.hi,dense,exception,contradicted; every cut loses a supporter,1.8664,1.8664,5,6,2,0.25,8
distractor_para,boundary:query,428,L56.lo.lo.hi,dense,exception,contradicted; every cut loses a supporter,1.863,1.863,5,5,2,0.2857,7
distractor_para,boundary:query,428,L64.hi.lo,hybrid,retire,utility <= 0,,1.8621,2,5,0,0.0,5
distractor_para,boundary:query,429,L67,dense,narrow,contradicted; cut f:query_len_tokens,1.9163,1.8612,3,6,1,0.25,8
distractor_para,boundary:query,430,L37.lo.lo.hi,dense,exception,contradicted; every cut loses a supporter,1.8522,1.8522,8,7,4,0.2222,9
distractor_para,boundary:query,430,L53.hi.lo,dense,exception,contradicted; every cut loses a supporter,1.8669,1.8669,6,6,4,0.3333,9
distractor_para,boundary:query,430,L53.lo.hi,dense,exception,contradicted; every cut loses a supporter,1.8669,1.8669,5,7,3,0.2222,9
distractor_para,boundary:query,430,L56.lo.lo.hi,dense,narrow,contradicted; cut f:query_len_tokens,1.8634,1.8245,5,6,2,0.25,8
distractor_para,boundary:query,430,L37.lo.lo.hi,dense,split,4 exceptions; cut f:query_len_tokens at 11,,1.8522,8,7,4,0.2222,9
distractor_para,boundary:query,430,L37.lo.lo.hi.lo,dense,create,split of L37.lo.lo.hi,,1.8133,7,0,0,0.0,0
distractor_para,boundary:query,430,L37.lo.lo.hi.hi,dense,create,split of L37.lo.lo.hi,,1.7744,1,0,0,0.0,0
distractor_para,boundary:query,430,L53.hi.lo,dense,split,4 exceptions; cut f:query_len_tokens at 10.5,,1.8669,6,6,4,0.3333,9
distractor_para,boundary:query,430,L53.hi.lo.lo,dense,create,split of L53.hi.lo,,1.8085,3,0,0,0.0,0
distractor_para,boundary:query,430,L53.hi.lo.hi,dense,create,split of L53.hi.lo,,1.8085,3,0,0,0.0,0
distractor_para,boundary:query,432,L131,dense,exception,contradicted; every cut loses a supporter,2.0044,2.0044,2,5,1,0.1667,6
distractor_para,boundary:query,432,L64.hi.hi,hybrid,retire,utility <= 0,,1.8253,2,5,0,0.0,5
distractor_para,boundary:query,435,L93,dense,narrow,contradicted; cut f:query_len_tokens,1.9932,1.9038,3,5,1,0.2857,7
distractor_para,boundary:query,435,L94,hybrid,narrow,contradicted; cut f:query_len_tokens,1.9932,1.9038,2,6,1,0.1429,7
distractor_para,boundary:query,436,L22.hi,hybrid,exception,contradicted; every cut loses a supporter,1.8717,1.8717,4,5,1,0.1667,6
distractor_para,boundary:query,436,L53.hi.hi,dense,exception,contradicted; every cut loses a supporter,1.8662,1.8662,5,8,4,0.1111,9
distractor_para,boundary:query,436,L131,dense,exception,contradicted; every cut loses a supporter,2.0025,2.0025,2,6,2,0.1429,7
distractor_para,boundary:query,436,L53.hi.hi,dense,split,4 exceptions; cut f:query_len_tokens at 13,,1.8662,5,8,4,0.1111,9
distractor_para,boundary:query,436,L53.hi.hi.lo,dense,create,split of L53.hi.hi,,1.8271,4,0,0,0.0,0
distractor_para,boundary:query,436,L53.hi.hi.hi,dense,create,split of L53.hi.hi,,1.788,1,0,0,0.0,0
distractor_para,boundary:query,438,L131,dense,narrow,contradicted; cut f:query_len_tokens,2.0021,1.9929,2,7,2,0.125,8
distractor_para,boundary:query,439,L37.lo.lo.lo,dense,exception,contradicted; every cut loses a supporter,1.87,1.87,8,5,1,0.1667,6
distractor_para,boundary:query,439,L53.lo.lo,dense,retire,utility <= 0,,1.8274,6,5,0,0.0,5
distractor_para,boundary:query,441,L1.hi.lo.hi,dense,expand,arm beat the default just outside the box,1.9657,2.0048,4,6,2,0.1429,7
distractor_para,boundary:query,441,L1.lo.lo.hi,dense,expand,arm beat the default just outside the box,1.9266,1.9657,5,0,0,1.0,3
distractor_para,boundary:query,441,L1.lo.hi.hi,dense,expand,arm beat the default just outside the box,1.9657,2.0048,5,1,0,0.6667,3
distractor_para,boundary:query,442,L109,dense,exception,contradicted; every cut loses a supporter,1.9138,1.9138,2,7,2,0.125,8
distractor_para,boundary:query,444,L131,dense,exception,contradicted; every cut loses a supporter,1.9905,1.9905,2,8,3,0.1111,9
distractor_para,boundary:query,445,L22.hi,hybrid,exception,contradicted; every cut loses a supporter,1.8698,1.8698,4,6,2,0.1429,7
distractor_para,boundary:query,445,L131,dense,narrow,contradicted; cut f:query_len_tokens,1.9912,1.943,2,9,3,0.1,10
distractor_para,boundary:query,448,L1.hi.lo.hi,dense,exception,contradicted; every cut loses a supporter,2.0035,2.0035,4,7,3,0.125,8
distractor_para,boundary:query,448,L1.lo.lo.lo,dense,exception,contradicted; every cut loses a supporter,2.0426,2.0426,12,3,1,0.5,6
distractor_para,boundary:query,448,L1.lo.hi.lo,dense,exception,contradicted; every cut loses a supporter,1.9644,1.9644,10,3,1,0.5714,7
distractor_para,boundary:query,448,L128,hybrid,narrow,contradicted; cut f:query_len_tokens,2.0035,1.9544,2,5,0,0.1667,6
distractor_para,boundary:query,451,L93,dense,exception,contradicted; every cut loses a supporter,1.9039,1.9039,3,6,2,0.25,8
distractor_para,boundary:query,451,L94,hybrid,exception,contradicted; every cut loses a supporter,1.9039,1.9039,2,7,2,0.125,8
distractor_para,boundary:query,452,L1.lo.hi.hi,dense,exception,contradicted; every cut loses a supporter,2.0052,2.0052,5,4,1,0.3333,6
distractor_para,boundary:query,452,L128,hybrid,narrow,contradicted; cut f:query_len_tokens,1.9559,1.8675,2,6,0,0.1429,7
distractor_para,boundary:query,453,L39,hybrid,exception,contradicted; every cut loses a supporter,1.9905,1.9905,4,6,2,0.3333,9
distractor_para,boundary:query,455,L37.lo.lo.lo,dense,exception,contradicted; every cut loses a supporter,1.8691,1.8691,8,6,2,0.1429,7
distractor_para,boundary:query,455,L56.lo.lo.lo,dense,retire,utility <= 0,,1.8236,5,5,0,0.0,5
distractor_para,boundary:query,456,L36.hi,hybrid,narrow,contradicted; cut f:query_len_tokens,1.8929,1.815,2,5,0,0.1667,6
distractor_para,boundary:query,456,L18.hi,dense,retire,utility <= 0,,1.9162,3,4,0,0.0,5
distractor_para,boundary:query,456,L19.lo,hybrid,retire,utility <= 0,,1.8987,4,5,0,0.0,5
distractor_para,boundary:query,460,L30,dense,exception,contradicted; every cut loses a supporter,1.8703,1.8703,3,9,3,0.1,10
distractor_para,boundary:query,461,L37.lo.lo.lo,dense,expand,arm beat the default just outside the box,1.8664,1.9054,9,6,2,0.1429,7
distractor_para,boundary:query,461,L56.lo.lo.hi,dense,expand,arm beat the default just outside the box,1.8207,1.8207,6,6,2,0.25,8
distractor_para,boundary:query,461,L131,dense,expand,arm beat the default just outside the box,1.9413,1.9802,3,9,3,0.1,10
distractor_para,boundary:query,461,L37.lo.lo.hi.hi,dense,expand,arm beat the default just outside the box,1.7702,1.8092,2,3,0,0.0,3
distractor_para,boundary:query,461,L53.hi.lo.hi,dense,expand,arm beat the default just outside the box,1.8047,1.8242,4,3,0,0.0,3
distractor_para,boundary:query,461,L53.hi.hi.lo,dense,expand,arm beat the default just outside the box,1.8242,1.8631,5,3,0,0.0,3
distractor_para,boundary:query,462,L37.lo.lo.lo,dense,exception,contradicted; every cut loses a supporter,1.9062,1.9062,9,7,3,0.125,8
distractor_para,boundary:query,462,L56.lo.lo.hi,dense,exception,contradicted; every cut loses a supporter,1.8215,1.8215,6,7,3,0.2222,9
distractor_para,boundary:query,462,L131,dense,exception,contradicted; every cut loses a supporter,1.9811,1.9811,3,10,4,0.0909,11
distractor_para,boundary:query,462,L131,dense,split,4 exceptions; cut f:query_len_tokens at 12,,1.9811,3,10,4,0.0909,11
distractor_para,boundary:query,462,L131.lo,dense,create,split of L131,,1.8253,2,0,0,0.0,0
distractor_para,boundary:query,462,L131.hi,dense,create,split of L131,,1.9032,1,0,0,0.0,0
distractor_para,boundary:query,463,L22.hi,hybrid,exception,contradicted; every cut loses a supporter,1.8698,1.8698,4,7,3,0.125,8
distractor_para,boundary:query,464,L12,hybrid,exception,contradicted; every cut loses a supporter,1.938,1.938,6,11,4,0.0833,12
distractor_para,boundary:query,464,L51,hybrid,exception,contradicted; every cut loses a supporter,1.9404,1.9404,4,9,4,0.25,12
distractor_para,boundary:query,464,L52,dense,exception,contradicted; every cut loses a supporter,1.921,1.921,5,7,4,0.3636,11
distractor_para,boundary:query,464,L109,dense,exception,contradicted; every cut loses a supporter,1.9129,1.9129,2,8,3,0.1111,9
distractor_para,boundary:query,464,L12,hybrid,split,4 exceptions; cut f:query_cap_spans at 1,,1.938,6,11,4,0.0833,12
distractor_para,boundary:query,464,L12.lo,hybrid,create,split of L12,,1.8006,6,0,0,0.0,0
distractor_para,boundary:query,464,L51,hybrid,split,4 exceptions; cut f:query_len_tokens at 9.5,,1.9404,4,9,4,0.25,12
distractor_para,boundary:query,464,L51.lo,hybrid,create,split of L51,,1.8431,2,0,0,0.0,0
distractor_para,boundary:query,464,L51.hi,hybrid,create,split of L51,,1.8431,2,0,0,0.0,0
distractor_para,boundary:query,464,L52,dense,split,4 exceptions; cut f:query_len_tokens at 9,,1.921,5,7,4,0.3636,11
distractor_para,boundary:query,464,L52.lo,dense,create,split of L52,,1.8252,3,0,0,0.0,0
distractor_para,boundary:query,464,L52.hi,dense,create,split of L52,,1.8431,2,0,0,0.0,0
distractor_para,boundary:query,468,L145,dense,create,"default missed, dense hit",,2.0,1,0,0,0.0,0
distractor_para,boundary:query,469,L1.lo.lo.hi,dense,exception,contradicted; every cut loses a supporter,1.9603,1.9603,5,3,1,0.5,6
distractor_para,boundary:query,469,L1.lo.hi.hi,dense,exception,contradicted; every cut loses a supporter,1.9992,1.9992,5,5,2,0.2857,7
distractor_para,boundary:query,470,L146,hybrid,create,"default missed, hybrid hit",,2.0,1,0,0,0.0,0
distractor_para,boundary:query,473,L37.lo.lo.hi.hi,dense,retire,utility <= 0,,1.8081,2,5,0,0.0,5
distractor_para,boundary:query,473,L53.hi.lo.hi,dense,retire,utility <= 0,,1.8229,4,5,0,0.0,5
distractor_para,boundary:query,473,L53.hi.hi.lo,dense,retire,utility <= 0,,1.8618,5,5,0,0.0,5
distractor_para,boundary:query,474,L128,hybrid,narrow,contradicted; cut f:query_len_tokens,1.8642,1.8252,2,7,0,0.125,8
distractor_para,boundary:query,474,L77.lo,hybrid,retire,utility <= 0,,1.945,3,5,0,0.0,5
distractor_para,boundary:query,475,L56.lo.lo.hi,dense,expand,arm beat the default just outside the box,1.8202,1.8592,7,7,3,0.2222,9
distractor_para,boundary:query,475,L131.lo,dense,expand,arm beat the default just outside the box,1.824,1.863,3,1,0,0.0,1
distractor_para,boundary:query,478,L64.lo,hybrid,exception,contradicted; every cut loses a supporter,1.7816,1.7816,4,5,1,0.2857,7
distractor_para,boundary:query,478,L37.lo.lo.hi.lo,dense,exception,contradicted; every cut loses a supporter,1.8102,1.8102,9,4,1,0.3333,6
distractor_para,boundary:query,479,L23,dense,exception,contradicted; every cut loses a supporter,1.9248,1.9248,3,8,3,0.2,10
distractor_para,boundary:query,482,L1.lo.lo.lo,dense,exception,contradicted; every cut loses a supporter,2.0384,2.0384,13,4,2,0.375,8
distractor_para,boundary:query,482,L1.lo.lo.hi,dense,exception,contradicted; every cut loses a supporter,1.9605,1.9605,6,4,2,0.375,8
distractor_para,boundary:query,482,L1.lo.hi.lo,dense,exception,contradicted; every cut loses a supporter,1.9605,1.9605,11,4,2,0.4444,9
distractor_para,boundary:query,482,L1.lo.hi.hi,dense,exception,contradicted; every cut loses a supporter,1.9994,1.9994,6,6,3,0.2222,9
distractor_para,boundary:query,482,L128,hybrid,exception,contradicted; every cut loses a supporter,1.8253,1.8253,2,8,1,0.1111,9
distractor_para,boundary:query,485,L5.lo.hi.lo.hi,dense,narrow,contradicted; cut f:query_len_tokens,1.9601,1.9601,8,4,0,0.1667,6
distractor_para,boundary:query,485,L5.lo.lo.hi.lo.hi,dense,retire,utility <= 0,,1.9452,6,4,0,0.0,5
distractor_para,boundary:query,485,L1.hi.hi.lo.hi,dense,retire,utility <= 0,,1.9211,6,4,0,0.0,5
distractor_para,boundary:query,486,L51.lo,hybrid,expand,arm beat the default just outside the box,1.8404,1.8598,3,1,0,0.0,1
distractor_para,boundary:query,486,L52.lo,dense,expand,arm beat the default just outside the box,1.8225,1.8614,4,1,0,0.0,1
distractor_para,boundary:query,489,L5.lo.hi.lo.hi,dense,exception,contradicted; every cut loses a supporter,1.9575,1.9575,8,5,1,0.1429,7
distractor_para,boundary:query,490,L39,hybrid,expand,arm beat the default just outside the box,1.9838,1.9838,5,6,2,0.3333,9
distractor_para,boundary:query,490,L1.hi.hi.hi,dense,expand,arm beat the default just outside the box,1.9562,1.9948,4,3,0,0.25,4
distractor_para,boundary:query,490,L1.hi.lo.hi,dense,expand,arm beat the default just outside the box,1.9948,2.0334,6,7,3,0.2222,9
distractor_para,boundary:query,490,L5.lo.hi.lo.hi,dense,expand,arm beat the default just outside the box,1.9573,1.9573,9,5,1,0.1429,7
distractor_para,boundary:query,490,L1.lo.hi.hi,dense,expand,arm beat the default just outside the box,1.9948,2.0334,7,6,3,0.2222,9
distractor_para,boundary:query,490,L128,hybrid,expand,arm beat the default just outside the box,1.8228,1.8614,3,8,1,0.1111,9
distractor_para,boundary:query,490,L147,dense,create,"default missed, dense hit",,2.0,1,0,0,0.0,0
distractor_para,boundary:query,490,L148,hybrid,create,"default missed, hybrid hit",,2.0,1,0,0,0.0,0
distractor_para,boundary:query,492,L131.lo,dense,retire,utility <= 0,,1.861,3,5,0,0.0,5
distractor_para,boundary:query,493,L36.lo,hybrid,retire,utility <= 0,,1.8669,2,5,0,0.0,5
distractor_para,boundary:query,494,L37.lo.lo.hi.lo,dense,exception,contradicted; every cut loses a supporter,1.8089,1.8089,9,5,2,0.2857,7
distractor_para,boundary:query,496,L53.hi.lo.lo,dense,exception,contradicted; every cut loses a supporter,1.8035,1.8035,5,4,1,0.3333,6
distractor_para,boundary:query,498,L37.lo.lo.lo,dense,exception,contradicted; every cut loses a supporter,1.9045,1.9045,10,8,4,0.2,10
distractor_para,boundary:query,498,L64.lo,hybrid,exception,contradicted; every cut loses a supporter,1.7797,1.7797,4,6,2,0.25,8
distractor_para,boundary:query,498,L53.lo.hi,dense,exception,contradicted; every cut loses a supporter,1.8617,1.8617,6,8,4,0.2727,11
distractor_para,boundary:query,498,L56.lo.lo.hi,dense,exception,contradicted; every cut loses a supporter,1.8582,1.8582,7,8,4,0.2,10
distractor_para,boundary:query,498,L37.lo.lo.hi.lo,dense,exception,contradicted; every cut loses a supporter,1.8086,1.8086,9,6,3,0.25,8
distractor_para,boundary:query,498,L53.hi.lo.lo,dense,exception,contradicted; every cut loses a supporter,1.8035,1.8035,5,5,2,0.2857,7
distractor_para,boundary:query,498,L37.lo.lo.lo,dense,split,4 exceptions; cut f:query_len_tokens at 9,,1.9045,10,8,4,0.2,10
distractor_para,boundary:query,498,L37.lo.lo.lo.lo,dense,create,split of L37.lo.lo.lo,,1.8657,9,0,0,0.0,0
distractor_para,boundary:query,498,L37.lo.lo.lo.hi,dense,create,split of L37.lo.lo.lo,,1.7698,1,0,0,0.0,0
distractor_para,boundary:query,498,L53.lo.hi,dense,split,4 exceptions; cut f:query_len_tokens at 11.5,,1.8617,6,8,4,0.2727,11
distractor_para,boundary:query,498,L53.lo.hi.lo,dense,create,split of L53.lo.hi,,1.8423,3,0,0,0.0,0
distractor_para,boundary:query,498,L53.lo.hi.hi,dense,create,split of L53.lo.hi,,1.7647,3,0,0,0.0,0
distractor_para,boundary:query,498,L56.lo.lo.hi,dense,split,4 exceptions; cut f:query_len_tokens at 11,,1.8582,7,8,4,0.2,10
distractor_para,boundary:query,498,L56.lo.lo.hi.lo,dense,create,split of L56.lo.lo.hi,,1.8195,4,0,0,0.0,0
distractor_para,boundary:query,498,L56.lo.lo.hi.hi,dense,create,split of L56.lo.lo.hi,,1.7807,3,0,0,0.0,0
distractor_para,boundary:query,500,L53.hi.hi.hi,dense,expand,arm beat the default just outside the box,1.7839,1.8227,2,1,0,0.0,1
distractor_para,boundary:query,501,L40,dense,exception,contradicted; every cut loses a supporter,2.0659,2.0659,4,6,3,0.25,8
distractor_para,boundary:query,502,L12.lo,hybrid,exception,contradicted; every cut loses a supporter,1.7963,1.7963,7,5,1,0.1667,6
distractor_para,boundary:query,505,L37.lo.lo.lo.lo,dense,expand,arm beat the default just outside the box,1.8637,1.9024,10,0,0,0.0,0
distractor_para,boundary:query,505,L53.lo.hi.hi,dense,expand,arm beat the default just outside the box,1.7629,1.821,4,0,0,0.0,0
distractor_para,boundary:query,505,L56.lo.lo.hi.hi,dense,expand,arm beat the default just outside the box,1.7788,1.8176,4,0,0,0.0,0
distractor_para,boundary:query,506,L128,hybrid,exception,contradicted; every cut loses a supporter,1.8619,1.8619,3,9,2,0.1,10
distractor_para,boundary:query,507,L155,hybrid,create,"default missed, hybrid hit",,2.0,1,0,0,0.0,0
distractor_para,boundary:query,511,L1.hi.hi.hi,dense,expand,arm beat the default just outside the box,1.9971,2.0359,5,3,0,0.25,4
distractor_para,boundary:query,511,L1.hi.lo.lo,dense,expand,arm beat the default just outside the box,1.9584,1.9971,17,5,2,0.4444,9
distractor_para,boundary:query,511,L5.lo.hi.lo.hi,dense,expand,arm beat the default just outside the box,1.959,1.9978,10,5,1,0.1429,7
distractor_para,boundary:query,511,L1.lo.lo.lo,dense,expand,arm beat the default just outside the box,2.0359,2.0746,14,4,2,0.375,8
distractor_para,boundary:query,511,L1.lo.lo.hi,dense,expand,arm beat the default just outside the box,1.9584,1.9971,7,4,2,0.375,8
distractor_para,boundary:query,511,L1.lo.hi.lo,dense,expand,arm beat the default just outside the box,1.9584,1.9971,12,4,2,0.4444,9
distractor_para,boundary:query,513,L40,dense,narrow,contradicted; cut f:query_len_tokens,2.0639,1.966,5,7,3,0.3,10
distractor_para,boundary:query,514,L1.lo.lo.lo,dense,exception,contradicted; every cut loses a supporter,2.0747,2.0747,14,5,3,0.3333,9
distractor_para,boundary:query,516,L37.lo.lo.hi.lo,dense,expand,arm beat the default just outside the box,1.8087,1.8474,10,6,3,0.25,8
distractor_para,boundary:query,516,L53.hi.lo.lo,dense,expand,arm beat the default just outside the box,1.804,1.8619,6,5,2,0.2857,7
distractor_para,boundary:query,516,L53.hi.hi.hi,dense,expand,arm beat the default just outside the box,1.8233,1.8619,4,2,0,0.3333,3
distractor_para,boundary:query,516,L53.lo.hi.lo,dense,expand,arm beat the default just outside the box,1.8426,1.8619,6,0,0,1.0,2
distractor_para,boundary:query,516,L56.lo.lo.hi.lo,dense,expand,arm beat the default just outside the box,1.8199,1.8585,7,0,0,1.0,2
distractor_para,boundary:query,518,L12.lo,hybrid,exception,contradicted; every cut loses a supporter,1.7967,1.7967,7,6,2,0.1429,7
distractor_para,boundary:query,518,L52.hi,dense,exception,contradicted; every cut loses a supporter,1.8398,1.8398,5,3,1,0.5,6
distractor_para,boundary:query,518,L51.lo,hybrid,retire,utility <= 0,,1.8592,3,5,0,0.0,5
distractor_para,boundary:query,519,L131.hi,dense,exception,contradicted; every cut loses a supporter,1.9003,1.9003,4,4,1,0.4286,7
distractor_para,boundary:query,526,L1.hi.lo.lo,dense,exception,contradicted; every cut loses a supporter,1.9981,1.9981,17,6,3,0.4,10
distractor_para,boundary:query,526,L5.lo.hi.lo.hi,dense,exception,contradicted; every cut loses a supporter,1.9989,1.9989,10,6,2,0.125,8
distractor_para,boundary:query,526,L1.lo.lo.lo,dense,exception,contradicted; every cut loses a supporter,2.0757,2.0757,14,6,4,0.3,10
distractor_para,boundary:query,526,L1.lo.lo.hi,dense,exception,contradicted; every cut loses a supporter,1.9981,1.9981,7,5,3,0.3333,9
distractor_para,boundary:query,526,L1.lo.hi.lo,dense,exception,contradicted; every cut loses a supporter,1.9981,1.9981,12,5,3,0.4,10
distractor_para,boundary:query,526,L1.lo.lo.lo,dense,split,4 exceptions; cut f:query_len_tokens at 15,,2.0757,14,6,4,0.3,10
distractor_para,boundary:query,526,L1.lo.lo.lo.lo,dense,create,split of L1.lo.lo.lo,,1.9981,11,0,0,0.0,0
distractor_para,boundary:query,526,L1.lo.lo.lo.hi,dense,create,split of L1.lo.lo.lo,,1.9594,3,0,0,0.0,0
distractor_para,boundary:query,527,L155,hybrid,expand,arm beat the default just outside the box,2.0022,2.0322,2,3,0,0.0,3
distractor_para,boundary:query,527,L158,hybrid,create,"default missed, hybrid hit",,2.0,1,0,0,0.0,0
distractor_para,boundary:query,528,L53.hi.hi.hi,dense,expand,arm beat the default just outside the box,1.863,1.9018,7,3,0,0.5,6
distractor_para,boundary:query,528,L131.hi,dense,expand,arm beat the default just outside the box,1.9022,1.9411,7,4,1,0.5556,9
distractor_para,boundary:query,528,L37.lo.lo.lo.lo,dense,expand,arm beat the default just outside the box,1.9056,1.9444,12,1,0,0.5,2
distractor_para,boundary:query,528,L37.lo.lo.lo.hi,dense,expand,arm beat the default just outside the box,1.7708,1.8097,4,1,0,0.6667,3
distractor_para,boundary:query,529,L53.hi.lo.lo,dense,exception,contradicted; every cut loses a supporter,1.8637,1.8637,7,6,3,0.3333,9
distractor_para,boundary:query,529,L53.hi.hi.hi,dense,exception,contradicted; every cut loses a supporter,1.9026,1.9026,7,4,1,0.4286,7
distractor_para,boundary:query,529,L131.hi,dense,exception,contradicted; every cut loses a supporter,1.9419,1.9419,7,5,2,0.5,10
distractor_para,boundary:query,529,L155,hybrid,retire,utility <= 0,,2.0339,2,5,0,0.0,5
distractor_para,boundary:query,530,L39,hybrid,exception,contradicted; every cut loses a supporter,1.9888,1.9888,5,7,3,0.3,10
distractor_para,boundary:query,530,L1.hi.hi.hi,dense,exception,contradicted; every cut loses a supporter,2.0395,2.0395,5,5,1,0.1667,6
distractor_para,boundary:query,530,L1.hi.lo.hi,dense,exception,contradicted; every cut loses a supporter,2.0395,2.0395,6,8,4,0.2,10
distractor_para,boundary:query,530,L5.lo.hi.lo.hi,dense,exception,contradicted; every cut loses a supporter,2.001,2.001,10,7,3,0.1111,9
distractor_para,boundary:query,530,L1.lo.hi.hi,dense,exception,contradicted; every cut loses a supporter,2.0395,2.0395,7,7,4,0.2,10
distractor_para,boundary:query,530,L128,hybrid,exception,contradicted; every cut loses a supporter,1.8658,1.8658,3,10,3,0.0909,11
distractor_para,boundary:query,530,L147,dense,exception,contradicted; every cut loses a supporter,2.0052,2.0052,2,5,1,0.1667,6
distractor_para,boundary:query,530,L148,hybrid,exception,contradicted; every cut loses a supporter,2.0052,2.0052,2,5,1,0.1667,6
distractor_para,boundary:query,530,L1.hi.lo.hi,dense,split,4 exceptions; cut f:query_len_tokens at 15.5,,2.0395,6,8,4,0.2,10
distractor_para,boundary:query,530,L1.hi.lo.hi.lo,dense,create,split of L1.hi.lo.hi,,1.9425,3,0,0,0.0,0
distractor_para,boundary:query,530,L1.hi.lo.hi.hi,dense,create,split of L1.hi.lo.hi,,1.9813,3,0,0,0.0,0
distractor_para,boundary:query,530,L1.lo.hi.hi,dense,split,4 exceptions; cut f:query_len_tokens at 16,,2.0395,7,7,4,0.2,10
distractor_para,boundary:query,530,L1.lo.hi.hi.lo,dense,create,split of L1.lo.hi.hi,,1.9619,5,0,0,0.0,0
distractor_para,boundary:query,530,L1.lo.hi.hi.hi,dense,create,split of L1.lo.hi.hi,,1.9619,2,0,0,0.0,0
distractor_para,boundary:query,531,L37.lo.lo.lo.lo,dense,expand,arm beat the default just outside the box,1.9457,1.9845,13,2,0,0.3333,3
distractor_para,boundary:query,531,L37.lo.lo.lo.hi,dense,expand,arm beat the default just outside the box,1.8109,1.8497,5,2,0,0.5,4
distractor_para,boundary:query,532,L53.hi.hi.hi,dense,exception,contradicted; every cut loses a supporter,1.9039,1.9039,8,5,2,0.4444,9
distractor_para,boundary:query,532,L131.hi,dense,exception,contradicted; every cut loses a supporter,1.9432,1.9432,8,6,3,0.5,12
distractor_para,boundary:query,533,L53.lo.hi.lo,dense,exception,contradicted; every cut loses a supporter,1.8657,1.8657,8,3,1,0.5714,7
distractor_para,boundary:query,533,L53.lo.hi.hi,dense,exception,contradicted; every cut loses a supporter,1.8269,1.8269,8,2,1,0.6667,6
distractor_para,boundary:query,533,L56.lo.lo.hi.lo,dense,exception,contradicted; every cut loses a supporter,1.8623,1.8623,9,3,1,0.5714,7
distractor_para,boundary:query,533,L56.lo.lo.hi.hi,dense,exception,contradicted; every cut loses a supporter,1.8234,1.8234,8,2,1,0.6667,6
distractor_para,boundary:query,535,L145,dense,retire,utility <= 0,,2.0038,1,5,0,0.0,5
distractor_para,boundary:query,537,L77.hi,hybrid,exception,contradicted; every cut loses a supporter,1.7962,1.7962,4,4,1,0.3333,6
distractor_para,boundary:query,537,L148,hybrid,exception,contradicted; every cut loses a supporter,2.0062,2.0062,2,6,2,0.1429,7
distractor_para,boundary:query,537,L1.hi.hi.hi,dense,expand,arm beat the default just outside the box,2.0401,2.0791,6,5,1,0.1667,6
distractor_para,boundary:query,537,L5.lo.hi.lo.hi,dense,expand,arm beat the default just outside the box,2.0021,2.0411,11,7,3,0.1111,9
distractor_para,boundary:query,537,L1.lo.lo.lo.lo,dense,expand,arm beat the default just outside the box,2.0011,2.0401,12,1,0,0.0,1
distractor_para,boundary:query,537,L1.hi.lo.hi.lo,dense,expand,arm beat the default just outside the box,1.9427,1.9622,4,1,0,0.0,1
distractor_para,boundary:query,538,L1.hi.hi.hi,dense,exception,contradicted; every cut loses a supporter,2.079,2.079,6,6,2,0.0,7
distractor_para,boundary:query,538,L147,dense,exception,contradicted; every cut loses a supporter,2.006,2.006,3,6,2,0.125,8
distractor_para,boundary:query,538,L148,hybrid,exception,contradicted; every cut loses a supporter,2.006,2.006,2,7,3,0.125,8
distractor_para,boundary:query,538,L1.hi.hi.hi,dense,retire,utility <= 0,,2.079,6,6,2,0.0,7
distractor_para,boundary:query,539,L51.hi,hybrid,exception,contradicted; every cut loses a supporter,1.8427,1.8427,3,5,1,0.1667,6
distractor_para,boundary:query,539,L52.lo,dense,exception,contradicted; every cut loses a supporter,1.8637,1.8637,7,4,1,0.4286,7
distractor_para,boundary:query,541,L37.lo.lo.lo.hi,dense,exception,contradicted; every cut loses a supporter,1.85,1.85,5,4,1,0.3333,6
distractor_para,boundary:query,541,L53.lo.hi.lo,dense,exception,contradicted; every cut loses a supporter,1.8647,1.8647,8,4,2,0.5,8
distractor_para,boundary:query,541,L53.lo.hi.hi,dense,exception,contradicted; every cut loses a supporter,1.8257,1.8257,8,3,2,0.5714,7
distractor_para,boundary:query,541,L56.lo.lo.hi.lo,dense,exception,contradicted; every cut loses a supporter,1.8612,1.8612,9,4,2,0.5,8
distractor_para,boundary:query,541,L56.lo.lo.hi.hi,dense,exception,contradicted; every cut loses a supporter,1.8222,1.8222,8,3,2,0.5714,7
distractor_para,boundary:query,541,L158,hybrid,retire,utility <= 0,,2.003,1,5,0,0.0,5
distractor_para,boundary:query,542,L163,dense,create,"default missed, dense hit",,2.0,1,0,0,0.0,0
distractor_para,boundary:query,542,L164,hybrid,create,"default missed, hybrid hit",,2.0,1,0,0,0.0,0
distractor_para,boundary:query,543,L94,hybrid,exception,contradicted; every cut loses a supporter,1.9026,1.9026,2,8,3,0.1111,9
distractor_para,boundary:query,544,L165,dense,create,"default missed, dense hit",,2.0,1,0,0,0.0,0
distractor_para,boundary:query,550,L40,dense,expand,arm beat the default just outside the box,1.9702,2.0094,6,7,3,0.3,10
distractor_para,boundary:query,551,L5.lo.hi.lo.hi,dense,narrow,contradicted; cut f:query_cap_spans,2.0397,1.8986,11,8,3,0.1,10
distractor_para,boundary:query,554,L166,dense,create,"default missed, dense hit",,2.0,1,0,0,0.0,0
distractor_para,boundary:query,554,L167,hybrid,create,"default missed, hybrid hit",,2.0,1,0,0,0.0,0
distractor_para,boundary:query,555,L37.lo.lo.lo.lo,dense,exception,contradicted; every cut loses a supporter,1.9832,1.9832,13,5,1,0.1667,6
distractor_para,boundary:query,555,L37.lo.lo.lo.hi,dense,narrow,contradicted; cut f:query_len_tokens,1.8476,1.8476,5,5,1,0.2857,7
distractor_para,boundary:query,555,L53.lo.hi.lo,dense,exception,contradicted; every cut loses a supporter,1.8621,1.8621,8,5,3,0.4444,9
distractor_para,boundary:query,555,L56.lo.lo.hi.lo,dense,exception,contradicted; every cut loses a supporter,1.8587,1.8587,9,5,3,0.4444,9
distractor_para,boundary:query,557,L12.lo,hybrid,exception,contradicted; every cut loses a supporter,1.7984,1.7984,7,7,3,0.0,8
distractor_para,boundary:query,557,L51.hi,hybrid,exception,contradicted; every cut loses a supporter,1.841,1.841,3,6,2,0.0,7
distractor_para,boundary:query,557,L52.hi,dense,exception,contradicted; every cut loses a supporter,1.841,1.841,5,4,2,0.4286,7
distractor_para,boundary:query,557,L12.lo,hybrid,retire,utility <= 0,,1.7984,7,7,3,0.0,8
distractor_para,boundary:query,557,L51.hi,hybrid,retire,utility <= 0,,1.841,3,6,2,0.0,7
distractor_para,boundary:query,558,L64.lo,hybrid,expand,arm beat the default just outside the box,1.7798,1.8189,5,6,2,0.25,8
distractor_para,boundary:query,558,L37.lo.lo.hi.lo,dense,expand,arm beat the default just outside the box,1.8479,1.8869,12,6,3,0.3333,9
distractor_para,boundary:query,558,L53.hi.lo.lo,dense,expand,arm beat the default just outside the box,1.8623,1.9013,9,6,3,0.4,10
distractor_para,boundary:query,558,L37.lo.lo.lo.hi,dense,expand,arm beat the default just outside the box,1.8479,1.8869,6,5,1,0.2857,7
distractor_para,boundary:query,558,L53.lo.hi.lo,dense,expand,arm beat the default just outside the box,1.8623,1.9013,9,5,3,0.4444,9
distractor_para,boundary:query,558,L56.lo.lo.hi.lo,dense,expand,arm beat the default just outside the box,1.8589,1.8979,10,5,3,0.4444,9
distractor_para,boundary:query,558,L168,hybrid,create,"default missed, hybrid hit",,2.0,1,0,0,0.0,0
distractor_para,boundary:query,559,L53.hi.hi.hi,dense,exception,contradicted; every cut loses a supporter,1.9021,1.9021,9,6,3,0.4545,11
distractor_para,boundary:query,561,L37.lo.lo.lo.lo,dense,exception,contradicted; every cut loses a supporter,1.9854,1.9854,14,6,2,0.25,8
distractor_para,boundary:query,564,L53.lo.hi.hi,dense,expand,arm beat the default just outside the box,1.8237,1.8629,9,3,2,0.5714,7
distractor_para,boundary:query,564,L56.lo.lo.hi.hi,dense,expand,arm beat the default just outside the box,1.8203,1.8595,9,3,2,0.5714,7
distractor_para,boundary:query,566,L1.hi.lo.lo,dense,exception,contradicted; every cut loses a supporter,1.9987,1.9987,17,7,4,0.3636,11
distractor_para,boundary:query,566,L1.lo.lo.hi,dense,exception,contradicted; every cut loses a supporter,1.9987,1.9987,7,6,4,0.3,10
distractor_para,boundary:query,566,L1.lo.hi.lo,dense,exception,contradicted; every cut loses a supporter,1.9987,1.9987,12,6,4,0.3636,11
distractor_para,boundary:query,566,L77.hi,hybrid,exception,contradicted; every cut loses a supporter,1.7943,1.7943,4,5,2,0.2857,7
distractor_para,boundary:query,566,L147,dense,narrow,contradicted; cut f:query_len_tokens,2.0054,1.9961,3,7,2,0.1111,9
distractor_para,boundary:query,566,L148,hybrid,narrow,contradicted; cut f:query_len_tokens,2.0054,1.9961,2,8,3,0.1111,9
distractor_para,boundary:query,566,L1.hi.lo.lo,dense,split,4 exceptions; cut f:query_len_tokens at 15,,1.9987,17,7,4,0.3636,11
distractor_para,boundary:query,566,L1.hi.lo.lo.lo,dense,create,split of L1.hi.lo.lo,,1.9204,9,0,0,0.0,0
distractor_para,boundary:query,566,L1.hi.lo.lo.hi,dense,create,split of L1.hi.lo.lo,,1.9596,8,0,0,0.0,0
distractor_para,boundary:query,566,L1.lo.lo.hi,dense,split,4 exceptions; cut f:query_len_tokens at 16,,1.9987,7,6,4,0.3,10
distractor_para,boundary:query,566,L1.lo.lo.hi.lo,dense,create,split of L1.lo.lo.hi,,1.9596,6,0,0,0.0,0
distractor_para,boundary:query,566,L1.lo.lo.hi.hi,dense,create,split of L1.lo.lo.hi,,1.9204,1,0,0,0.0,0
distractor_para,boundary:query,566,L1.lo.hi.lo,dense,split,4 exceptions; cut f:query_len_tokens at 16,,1.9987,12,6,4,0.3636,11
distractor_para,boundary:query,566,L1.lo.hi.lo.lo,dense,create,split of L1.lo.hi.lo,,1.9596,11,0,0,0.0,0
distractor_para,boundary:query,566,L1.lo.hi.lo.hi,dense,create,split of L1.lo.hi.lo,,1.9204,1,0,0,0.0,0
distractor_para,boundary:query,567,L175,dense,create,"default missed, dense hit",,2.0,1,0,0,0.0,0
distractor_para,boundary:query,571,L36.hi,hybrid,exception,contradicted; every cut loses a supporter,1.8116,1.8116,2,6,1,0.1429,7
distractor_para,boundary:query,572,L64.lo,hybrid,exception,contradicted; every cut loses a supporter,1.8196,1.8196,5,7,3,0.1111,9
distractor_para,boundary:query,572,L37.lo.lo.hi.lo,dense,exception,contradicted; every cut loses a supporter,1.888,1.888,12,7,4,0.2,10
distractor_para,boundary:query,572,L53.hi.lo.lo,dense,exception,contradicted; every cut loses a supporter,1.9024,1.9024,9,7,4,0.2727,11
distractor_para,boundary:query,572,L37.lo.lo.lo.lo,dense,exception,contradicted; every cut loses a supporter,1.9848,1.9848,14,7,3,0.1111,9
distractor_para,boundary:query,572,L37.lo.lo.lo.hi,dense,exception,contradicted; every cut loses a supporter,1.888,1.888,9,6,2,0.3636,11
distractor_para,boundary:query,572,L53.lo.hi.lo,dense,exception,contradicted; every cut loses a supporter,1.9024,1.9024,9,6,4,0.3,10
distractor_para,boundary:query,572,L56.lo.lo.hi.lo,dense,exception,contradicted; every cut loses a supporter,1.899,1.899,10,6,4,0.3,10
distractor_para,boundary:query,572,L37.lo.lo.hi.lo,dense,split,4 exceptions; cut f:query_len_tokens at 11,,1.888,12,7,4,0.2,10
distractor_para,boundary:query,572,L37.lo.lo.hi.lo.lo,dense,create,split of L37.lo.lo.hi.lo,,1.8488,10,0,0,0.0,0
distractor_para,boundary:query,572,L37.lo.lo.hi.lo.hi,dense,create,split of L37.lo.lo.hi.lo,,1.7704,2,0,0,0.0,0
distractor_para,boundary:query,572,L53.hi.lo.lo,dense,split,4 exceptions; cut f:query_len_tokens at 10,,1.9024,9,7,4,0.2727,11
distractor_para,boundary:query,572,L53.hi.lo.lo.lo,dense,create,split of L53.hi.lo.lo,,1.824,6,0,0,0.0,0
distractor_para,boundary:query,572,L53.hi.lo.lo.hi,dense,create,split of L53.hi.lo.lo,,1.824,3,0,0,0.0,0
distractor_para,boundary:query,572,L53.lo.hi.lo,dense,split,4 exceptions; cut f:query_len_tokens at 10,,1.9024,9,6,4,0.3,10
distractor_para,boundary:query,572,L53.lo.hi.lo.lo,dense,create,split of L53.lo.hi.lo,,1.824,5,0,0,0.0,0
distractor_para,boundary:query,572,L53.lo.hi.lo.hi,dense,create,split of L53.lo.hi.lo,,1.824,4,0,0,0.0,0
distractor_para,boundary:query,572,L56.lo.lo.hi.lo,dense,split,4 exceptions; cut f:query_len_tokens at 10.5,,1.899,10,6,4,0.3,10
distractor_para,boundary:query,572,L56.lo.lo.hi.lo.lo,dense,create,split of L56.lo.lo.hi.lo,,1.8402,5,0,0,0.0,0
distractor_para,boundary:query,572,L56.lo.lo.hi.lo.hi,dense,create,split of L56.lo.lo.hi.lo,,1.801,5,0,0,0.0,0
distractor_para,boundary:query,572,L168,hybrid,retire,utility <= 0,,2.0014,2,4,0,0.0,5
distractor_para,boundary:query,573,L36.hi,hybrid,narrow,contradicted; cut f:query_len_tokens,1.8126,1.7734,2,7,1,0.125,8
distractor_para,boundary:query,574,L53.hi.hi.hi,dense,exception,contradicted; every cut loses a supporter,1.9037,1.9037,9,7,4,0.4167,12
distractor_para,boundary:query,574,L131.hi,dense,exception,contradicted; every cut loses a supporter,1.9434,1.9434,9,7,4,0.5,14
distractor_para,boundary:query,574,L37.lo.lo.lo.lo,dense,exception,contradicted; every cut loses a supporter,1.9862,1.9862,14,8,4,0.1,10
distractor_para,boundary:query,574,L37.lo.lo.lo.hi,dense,exception,contradicted; every cut loses a supporter,1.8892,1.8892,9,7,3,0.3333,12
distractor_para,boundary:query,574,L53.lo.hi.hi,dense,exception,contradicted; every cut loses a supporter,1.8644,1.8644,11,4,3,0.6,10
distractor_para,boundary:query,574,L56.lo.lo.hi.hi,dense,exception,contradicted; every cut loses a supporter,1.861,1.861,11,4,3,0.6,10
distractor_para,boundary:query,574,L53.hi.hi.hi,dense,split,4 exceptions; cut f:query_len_tokens at 14,,1.9037,9,7,4,0.4167,12
distractor_para,boundary:query,574,L53.hi.hi.hi.lo,dense,create,split of L53.hi.hi.hi,,1.8644,7,0,0,0.0,0
distractor_para,boundary:query,574,L53.hi.hi.hi.hi,dense,create,split of L53.hi.hi.hi,,1.786,2,0,0,0.0,0
distractor_para,boundary:query,574,L131.hi,dense,split,4 exceptions; cut f:query_len_tokens at 14,,1.9434,9,7,4,0.5,14
distractor_para,boundary:query,574,L131.hi.lo,dense,create,split of L131.hi,,1.865,7,0,0,0.0,0
distractor_para,boundary:query,574,L131.hi.hi,dense,create,split of L131.hi,,1.8257,2,0,0,0.0,0
distractor_para,boundary:query,574,L37.lo.lo.lo.lo,dense,split,4 exceptions; cut f:query_len_tokens at 9,,1.9862,14,8,4,0.1,10
distractor_para,boundary:query,574,L37.lo.lo.lo.lo.lo,dense,create,split of L37.lo.lo.lo.lo,,1.8685,10,0,0,0.0,0
distractor_para,boundary:query,574,L37.lo.lo.lo.lo.hi,dense,create,split of L37.lo.lo.lo.lo,,1.85,4,0,0,0.0,0
distractor_para,boundary:query,577,L146,hybrid,retire,utility <= 0,,2.0029,1,5,0,0.0,5
distractor_para,boundary:query,579,L5.lo.hi.lo.hi,dense,exception,contradicted; every cut loses a supporter,1.8984,1.8984,11,9,4,0.0909,11
distractor_para,boundary:query,579,L147,dense,exception,contradicted; every cut loses a supporter,1.9966,1.9966,3,8,3,0.1,10
distractor_para,boundary:query,579,L5.lo.hi.lo.hi,dense,split,4 exceptions; cut f:query_len_tokens at 19,,1.8984,11,9,4,0.0909,11
distractor_para,boundary:query,579,L5.lo.hi.lo.hi.lo,dense,create,split of L5.lo.hi.lo.hi,,1.8052,9,0,0,0.0,0
distractor_para,boundary:query,579,L5.lo.hi.lo.hi.hi,dense,create,split of L5.lo.hi.lo.hi,,1.7812,2,0,0,0.0,0
distractor_para,boundary:query,584,L52.lo,dense,exception,contradicted; every cut loses a supporter,1.8614,1.8614,8,5,2,0.4444,9
distractor_para,boundary:query,584,L52.hi,dense,exception,contradicted; every cut loses a supporter,1.8403,1.8403,6,5,3,0.4444,9
distractor_para,boundary:query,584,L164,hybrid,retire,utility <= 0,,1.9972,1,5,0,-0.2,5
distractor_para,boundary:query,586,L1.lo.lo.lo.hi,dense,retire,utility <= 0,,1.9573,4,4,0,0.0,5
distractor_para,boundary:query,587,L165,dense,narrow,contradicted; cut f:query_len_tokens,1.9965,1.9496,2,5,0,0.1667,6
distractor_para,boundary:query,589,L1.lo.hi.hi.lo,dense,exception,contradicted; every cut loses a supporter,1.9569,1.9569,6,5,1,0.1667,6
distractor_para,boundary:query,589,L1.lo.lo.lo.lo,dense,retire,utility <= 0,,2.0351,12,5,0,0.0,5
distractor_para,boundary:query,589,L1.hi.lo.hi.lo,dense,retire,utility <= 0,,1.9569,4,5,0,0.0,5
distractor_para,boundary:query,591,L192,dense,create,"default missed, dense hit",,2.0,1,0,0,0.0,0
distractor_para,boundary:query,591,L193,hybrid,create,"default missed, hybrid hit",,2.0,1,0,0,0.0,0
distractor_para,boundary:query,593,L1.hi.lo.hi.hi,dense,retire,utility <= 0,,1.9761,4,4,0,0.0,5
distractor_para,boundary:query,593,L1.lo.hi.hi.hi,dense,retire,utility <= 0,,1.9566,3,4,0,0.0,5
distractor_para,boundary:query,594,L22.hi,hybrid,exception,contradicted; every cut loses a supporter,1.8659,1.8659,6,8,4,0.2727,11
distractor_para,boundary:query,594,L53.hi.hi.hi.lo,dense,expand,arm beat the default just outside the box,1.8605,1.8996,9,3,0,0.25,4
distractor_para,boundary:query,594,L131.hi.lo,dense,expand,arm beat the default just outside the box,1.8611,1.9002,9,3,0,0.25,4
distractor_para,boundary:query,594,L22.hi,hybrid,split,4 exceptions; cut f:query_len_tokens at 15,,1.8659,6,8,4,0.2727,11
distractor_para,boundary:query,594,L22.hi.lo,hybrid,create,split of L22.hi,,1.7767,4,0,0,0.0,0
distractor_para,boundary:query,594,L22.hi.hi,hybrid,create,split of L22.hi,,1.8268,2,0,0,0.0,0
distractor_para,boundary:query,597,L163,dense,exception,contradicted; every cut loses a supporter,1.9965,1.9965,2,5,1,0.1667,6
distractor_para,boundary:query,598,L19.hi,hybrid,exception,contradicted; every cut loses a supporter,1.8911,1.8911,4,5,1,0.1667,6
distractor_para,boundary:query,599,L1.lo.hi.hi.lo,dense,exception,contradicted; every cut loses a supporter,1.9577,1.9577,6,6,2,0.1429,7
distractor_para,boundary:query,601,L147,dense,narrow,contradicted; cut f:query_len_tokens,1.994,1.9458,3,9,3,0.0909,11
distractor_para,boundary:query,601,L148,hybrid,narrow,contradicted; cut f:query_len_tokens,1.994,1.9458,2,9,3,0.1,10
distractor_para,boundary:query,602,L147,dense,narrow,contradicted; cut f:query_len_tokens,1.9453,1.9064,3,10,3,0.0833,12
distractor_para,boundary:query,602,L148,hybrid,narrow,contradicted; cut f:query_len_tokens,1.9453,1.9064,2,10,3,0.0909,11
distractor_para,boundary:query,604,L37.lo.lo.hi.lo.hi,dense,retire,utility <= 0,,1.7684,2,5,0,0.0,5
distractor_para,boundary:query,604,L53.hi.lo.lo.hi,dense,retire,utility <= 0,,1.8216,3,5,0,0.0,5
distractor_para,boundary:query,604,L53.lo.hi.lo.hi,dense,retire,utility <= 0,,1.8216,4,5,0,0.0,5
distractor_para,boundary:query,604,L56.lo.lo.hi.lo.hi,dense,retire,utility <= 0,,1.7987,5,5,0,0.0,5
distractor_para,boundary:query,605,L1.hi.lo.lo.hi,dense,retire,utility <= 0,,1.9578,8,5,0,0.0,5
distractor_para,boundary:query,605,L1.lo.lo.hi.lo,dense,retire,utility <= 0,,1.9578,6,5,0,0.0,5
distractor_para,boundary:query,605,L1.lo.hi.lo.lo,dense,retire,utility <= 0,,1.9578,11,5,0,0.0,5
distractor_para,boundary:query,606,L165,dense,narrow,contradicted; cut f:query_len_tokens,1.949,1.9412,4,6,0,0.3333,9
distractor_para,boundary:query,607,L196,dense,create,"default missed, dense hit",,2.0,1,0,0,0.0,0
distractor_para,boundary:query,608,L37.lo.lo.lo.hi,dense,exception,contradicted; every cut loses a supporter,1.8859,1.8859,9,8,4,0.3077,13
distractor_para,boundary:query,608,L53.lo.hi.hi,dense,exception,contradicted; every cut loses a supporter,1.8611,1.8611,11,5,4,0.5455,11
distractor_para,boundary:query,608,L56.lo.lo.hi.hi,dense,exception,contradicted; every cut loses a supporter,1.8577,1.8577,11,5,4,0.5455,11
distractor_para,boundary:query,608,L37.lo.lo.lo.hi,dense,split,4 exceptions; cut f:query_len_tokens at 10,,1.8859,9,8,4,0.3077,13
distractor_para,boundary:query,608,L37.lo.lo.lo.hi.lo,dense,create,split of L37.lo.lo.lo.hi,,1.8081,7,0,0,0.0,0
distractor_para,boundary:query,608,L37.lo.lo.lo.hi.hi,dense,create,split of L37.lo.lo.lo.hi,,1.8081,2,0,0,0.0,0
distractor_para,boundary:query,608,L53.lo.hi.hi,dense,split,4 exceptions; cut f:query_len_tokens at 11,,1.8611,11,5,4,0.5455,11
distractor_para,boundary:query,608,L53.lo.hi.hi.lo,dense,create,split of L53.lo.hi.hi,,1.8222,6,0,0,0.0,0
distractor_para,boundary:query,608,L53.lo.hi.hi.hi,dense,create,split of L53.lo.hi.hi,,1.7833,5,0,0,0.0,0
distractor_para,boundary:query,608,L56.lo.lo.hi.hi,dense,split,4 exceptions; cut f:query_len_tokens at 11,,1.8577,11,5,4,0.5455,11
distractor_para,boundary:query,608,L56.lo.lo.hi.hi.lo,dense,create,split of L56.lo.lo.hi.hi,,1.8188,6,0,0,0.0,0
distractor_para,boundary:query,608,L56.lo.lo.hi.hi.hi,dense,create,split of L56.lo.lo.hi.hi,,1.7799,5,0,0,0.0,0
distractor_para,boundary:query,608,L37.lo.lo.lo.lo.hi,dense,retire,utility <= 0,,1.847,4,5,0,0.0,5
distractor_para,boundary:query,609,L165,dense,expand,arm beat the default just outside the box,1.942,1.9809,5,6,0,0.3333,9
distractor_para,boundary:query,609,L53.hi.lo.lo.lo,dense,expand,arm beat the default just outside the box,1.8228,1.8618,7,1,0,0.0,1
distractor_para,boundary:query,609,L53.lo.hi.lo.lo,dense,expand,arm beat the default just outside the box,1.8228,1.8618,6,1,0,0.0,1
distractor_para,boundary:query,609,L56.lo.lo.hi.lo.lo,dense,expand,arm beat the default just outside the box,1.8389,1.8584,6,1,0,0.0,1
distractor_para,boundary:query,609,L37.lo.lo.lo.hi.lo,dense,expand,arm beat the default just outside the box,1.8087,1.8476,8,0,0,0.0,0
distractor_para,boundary:query,610,L165,dense,exception,contradicted; every cut loses a supporter,1.9817,1.9817,5,7,1,0.3,10
distractor_para,boundary:query,610,L53.hi.hi.hi.lo,dense,exception,contradicted; every cut loses a supporter,1.9014,1.9014,10,5,1,0.2857,7
distractor_para,boundary:query,610,L131.hi.lo,dense,exception,contradicted; every cut loses a supporter,1.902,1.902,10,5,1,0.2857,7
distractor_para,boundary:query,611,L203,dense,create,"default missed, dense hit",,2.0,1,0,0,0.0,0
distractor_para,boundary:query,611,L204,hybrid,create,"default missed, hybrid hit",,2.0,1,0,0,0.0,0
distractor_para,boundary:query,613,L1.hi.lo.lo.lo,dense,retire,utility <= 0,,1.9188,9,5,0,0.0,5
distractor_para,boundary:query,615,L5.lo.hi.lo.hi.lo,dense,retire,utility <= 0,,1.8026,9,5,0,0.0,5
distractor_para,boundary:query,616,L165,dense,exception,contradicted; every cut loses a supporter,1.9801,1.9801,5,8,2,0.2727,11
distractor_para,boundary:query,616,L53.hi.hi.hi.lo,dense,exception,contradicted; every cut loses a supporter,1.8998,1.8998,10,6,2,0.25,8
distractor_para,boundary:query,616,L131.hi.lo,dense,exception,contradicted; every cut loses a supporter,1.9003,1.9003,10,6,2,0.25,8
distractor_para,boundary:query,618,L165,dense,exception,contradicted; every cut loses a supporter,1.9815,1.9815,5,9,3,0.1667,12
distractor_para,boundary:query,618,L53.hi.hi.hi.lo,dense,exception,contradicted; every cut loses a supporter,1.9012,1.9012,10,7,3,0.1111,9
distractor_para,boundary:query,618,L131.hi.lo,dense,exception,contradicted; every cut loses a supporter,1.9017,1.9017,10,7,3,0.1111,9
distractor_para,boundary:query,619,L40,dense,exception,contradicted; every cut loses a supporter,2.0079,2.0079,7,8,4,0.3333,12
distractor_para,boundary:query,619,L40,dense,split,4 exceptions; cut f:query_len_tokens at 12,,2.0079,7,8,4,0.3333,12
distractor_para,boundary:query,619,L40.lo,dense,create,split of L40,,1.9689,6,0,0,0.0,0
distractor_para,boundary:query,619,L40.hi,dense,create,split of L40,,1.7739,1,0,0,0.0,0
distractor_para,boundary:query,621,L1.lo.hi.hi.lo,dense,exception,contradicted; every cut loses a supporter,1.9607,1.9607,6,7,3,0.125,8
distractor_para,boundary:query,624,L165,dense,expand,arm beat the default just outside the box,1.9832,2.0223,7,9,3,0.2308,13
distractor_para,boundary:query,624,L53.hi.hi.hi.lo,dense,expand,arm beat the default just outside the box,1.9027,1.9418,12,7,3,0.2,10
distractor_para,boundary:query,624,L131.hi.lo,dense,expand,arm beat the default just outside the box,1.9033,1.9423,12,7,3,0.2,10
distractor_para,boundary:query,624,L37.lo.lo.lo.lo.lo,dense,expand,arm beat the default just outside the box,1.8676,1.9066,11,1,0,0.0,1
distractor_para,boundary:query,624,L53.lo.hi.hi.hi,dense,expand,arm beat the default just outside the box,1.7856,1.8246,8,3,0,0.4,5
distractor_para,boundary:query,624,L56.lo.lo.hi.hi.hi,dense,expand,arm beat the default just outside the box,1.7821,1.8212,8,3,0,0.4,5
distractor_para,boundary:query,624,L207,hybrid,create,"default missed, hybrid hit",,2.0,1,0,0,0.0,0
distractor_para,boundary:query,626,L37.lo.lo.hi.lo.lo,dense,expand,arm beat the default just outside the box,1.8494,1.8886,14,3,0,0.5,6
distractor_para,boundary:query,626,L53.hi.lo.lo.lo,dense,expand,arm beat the default just outside the box,1.864,1.9031,10,3,0,0.4,5
distractor_para,boundary:query,626,L53.lo.hi.lo.lo,dense,expand,arm beat the default just outside the box,1.864,1.9031,9,3,0,0.4,5
distractor_para,boundary:query,626,L56.lo.lo.hi.lo.lo,dense,expand,arm beat the default just outside the box,1.8606,1.8997,9,3,0,0.4,5
distractor_para,boundary:query,626,L37.lo.lo.lo.hi.lo,dense,expand,arm beat the default just outside the box,1.8494,1.8886,11,2,0,0.5,4
distractor_para,boundary:query,626,L53.lo.hi.hi.lo,dense,expand,arm beat the default just outside the box,1.8249,1.864,10,2,0,0.6,5
distractor_para,boundary:query,626,L56.lo.lo.hi.hi.lo,dense,expand,arm beat the default just outside the box,1.8215,1.8606,10,2,0,0.6,5
distractor_para,boundary:query,628,L165,dense,exception,contradicted; every cut loses a supporter,2.0226,2.0226,7,10,4,0.2143,14
distractor_para,boundary:query,628,L37.lo.lo.hi.lo.lo,dense,exception,contradicted; every cut loses a supporter,1.8886,1.8886,14,4,1,0.4286,7
distractor_para,boundary:query,628,L53.hi.lo.lo.lo,dense,exception,contradicted; every cut loses a supporter,1.9032,1.9032,10,4,1,0.3333,6
distractor_para,boundary:query,628,L53.lo.hi.lo.lo,dense,exception,contradicted; every cut loses a supporter,1.9032,1.9032,9,4,1,0.3333,6
distractor_para,boundary:query,628,L56.lo.lo.hi.lo.lo,dense,exception,contradicted; every cut loses a supporter,1.8998,1.8998,9,4,1,0.3333,6
distractor_para,boundary:query,628,L53.hi.hi.hi.lo,dense,exception,contradicted; every cut loses a supporter,1.9422,1.9422,12,8,4,0.1818,11
distractor_para,boundary:query,628,L131.hi.lo,dense,exception,contradicted; every cut loses a supporter,1.9427,1.9427,12,8,4,0.1818,11
distractor_para,boundary:query,628,L37.lo.lo.lo.hi.hi,dense,exception,contradicted; every cut loses a supporter,1.8106,1.8106,6,4,1,0.5,8
distractor_para,boundary:query,628,L53.lo.hi.hi.lo,dense,exception,contradicted; every cut loses a supporter,1.8642,1.8642,10,3,1,0.5,6
distractor_para,boundary:query,628,L53.lo.hi.hi.hi,dense,exception,contradicted; every cut loses a supporter,1.8252,1.8252,9,4,1,0.4286,7
distractor_para,boundary:query,628,L56.lo.lo.hi.hi.lo,dense,exception,contradicted; every cut loses a supporter,1.8608,1.8608,10,3,1,0.5,6
distractor_para,boundary:query,628,L56.lo.lo.hi.hi.hi,dense,exception,contradicted; every cut loses a supporter,1.8218,1.8218,9,4,1,0.4286,7
distractor_para,boundary:query,628,L165,dense,split,4 exceptions; cut f:query_len_tokens at 14,,2.0226,7,10,4,0.2143,14
distractor_para,boundary:query,628,L165.lo,dense,create,split of L165,,1.9057,4,0,0,0.0,0
distractor_para,boundary:query,628,L165.hi,dense,create,split of L165,,1.8667,3,0,0,0.0,0
distractor_para,boundary:query,628,L53.hi.hi.hi.lo,dense,split,4 exceptions; cut f:query_len_tokens at 14,,1.9422,12,8,4,0.1818,11
distractor_para,boundary:query,628,L53.hi.hi.hi.lo.lo,dense,create,split of L53.hi.hi.hi.lo,,1.9032,10,0,0,0.0,0
distractor_para,boundary:query,628,L53.hi.hi.hi.lo.hi,dense,create,split of L53.hi.hi.hi.lo,,1.7863,2,0,0,0.0,0
distractor_para,boundary:query,628,L131.hi.lo,dense,split,4 exceptions; cut f:query_len_tokens at 14,,1.9427,12,8,4,0.1818,11
distractor_para,boundary:query,628,L131.hi.lo.lo,dense,create,split of L131.hi.lo,,1.9037,10,0,0,0.0,0
distractor_para,boundary:query,628,L131.hi.lo.hi,dense,create,split of L131.hi.lo,,1.7868,2,0,0,0.0,0
distractor_para,boundary:query,631,L109,dense,narrow,contradicted; cut f:query_len_tokens,1.9129,1.9008,2,9,3,0.1,10
distractor_para,boundary:query,631,L163,dense,narrow,contradicted; cut f:query_len_tokens,2.0,1.9529,2,6,1,0.1429,7
distractor_para,boundary:query,639,L163,dense,narrow,contradicted; cut f:query_len_tokens,1.9518,1.9128,2,7,1,0.125,8
distractor_para,boundary:query,644,L93,dense,expand,arm beat the default just outside the box,1.8998,1.9276,5,6,2,0.3333,9
distractor_para,boundary:query,644,L214,dense,create,"default missed, dense hit",,2.0,1,0,0,0.0,0
distractor_para,boundary:query,645,L93,dense,exception,contradicted; every cut loses a supporter,1.9277,1.9277,5,7,3,0.3,10
distractor_para,boundary:query,647,L37.lo.lo.lo.hi.lo,dense,exception,contradicted; every cut loses a supporter,1.8866,1.8866,11,4,1,0.3333,6
distractor_para,boundary:query,655,L19.hi,hybrid,expand,arm beat the default just outside the box,1.8912,1.9109,5,5,1,0.1667,6
distractor_para,boundary:query,655,L36.hi,hybrid,expand,arm beat the default just outside the box,1.7703,1.8096,3,7,1,0.125,8
distractor_para,boundary:query,655,L215,dense,create,"default missed, dense hit",,2.0,1,0,0,0.0,0
distractor_para,boundary:query,655,L216,hybrid,create,"default missed, hybrid hit",,2.0,1,0,0,0.0,0
distractor_para,boundary:query,656,L217,hybrid,create,"default missed, hybrid hit",,2.0,1,0,0,0.0,0
distractor_para,boundary:query,657,L1.lo.lo.hi.hi,dense,retire,utility <= 0,,1.9188,1,5,0,0.0,5
distractor_para,boundary:query,657,L1.lo.hi.lo.hi,dense,retire,utility <= 0,,1.9188,1,5,0,0.0,5
distractor_para,boundary:query,658,L166,dense,narrow,contradicted; cut f:query_len_tokens,1.9991,1.9128,2,5,0,0.1667,6
distractor_para,boundary:query,658,L167,hybrid,exception,contradicted; every cut loses a supporter,1.9991,1.9991,2,5,1,0.1667,6
distractor_para,boundary:query,660,L207,hybrid,retire,utility <= 0,,1.9971,1,5,0,0.0,5
distractor_para,boundary:query,662,L37.lo.lo.hi.lo.lo,dense,exception,contradicted; every cut loses a supporter,1.8856,1.8856,14,5,2,0.375,8
distractor_para,boundary:query,662,L53.hi.lo.lo.lo,dense,exception,contradicted; every cut loses a supporter,1.8999,1.8999,10,5,2,0.2857,7
distractor_para,boundary:query,662,L53.lo.hi.lo.lo,dense,exception,contradicted; every cut loses a supporter,1.8999,1.8999,9,5,2,0.2857,7
distractor_para,boundary:query,662,L56.lo.lo.hi.lo.lo,dense,exception,contradicted; every cut loses a supporter,1.8964,1.8964,9,5,2,0.2857,7
distractor_para,boundary:query,662,L37.lo.lo.lo.hi.lo,dense,exception,contradicted; every cut loses a supporter,1.8856,1.8856,11,5,2,0.2857,7
distractor_para,boundary:query,662,L37.lo.lo.lo.hi.hi,dense,exception,contradicted; every cut loses a supporter,1.807,1.807,6,5,2,0.4444,9
distractor_para,boundary:query,662,L53.lo.hi.hi.lo,dense,exception,contradicted; every cut loses a supporter,1.8606,1.8606,10,4,2,0.4286,7
distractor_para,boundary:query,662,L53.lo.hi.hi.hi,dense,exception,contradicted; every cut loses a supporter,1.8213,1.8213,9,5,2,0.375,8
distractor_para,boundary:query,662,L56.lo.lo.hi.hi.lo,dense,exception,contradicted; every cut loses a supporter,1.8572,1.8572,10,4,2,0.4286,7
distractor_para,boundary:query,662,L56.lo.lo.hi.hi.hi,dense,exception,contradicted; every cut loses a supporter,1.8179,1.8179,9,5,2,0.375,8
distractor_para,boundary:query,662,L165.lo,dense,retire,utility <= 0,,1.9023,4,5,0,0.0,5
distractor_para,boundary:query,662,L53.hi.hi.hi.lo.lo,dense,retire,utility <= 0,,1.8999,10,5,0,0.0,5
distractor_para,boundary:query,662,L131.hi.lo.lo,dense,retire,utility <= 0,,1.9005,10,5,0,0.0,5
distractor_para,boundary:query,664,L167,hybrid,exception,contradicted; every cut loses a supporter,1.9994,1.9994,2,6,2,0.1429,7
distractor_para,boundary:query,667,L196,dense,exception,contradicted; every cut loses a supporter,2.0014,2.0014,2,5,1,0.1667,6
distractor_para,boundary:query,668,L147,dense,expand,arm beat the default just outside the box,1.9069,1.9462,4,10,3,0.0833,12
distractor_para,boundary:query,668,L218,dense,create,"default missed, dense hit",,2.0,1,0,0,0.0,0
distractor_para,boundary:query,669,L219,dense,create,"default missed, dense hit",,2.0,1,0,0,0.0,0
distractor_para,boundary:query,670,L37.lo.lo.hi.lo.lo,dense,exception,contradicted; every cut loses a supporter,1.8861,1.8861,14,6,3,0.3333,9
distractor_para,boundary:query,670,L53.hi.lo.lo.lo,dense,exception,contradicted; every cut loses a supporter,1.9001,1.9001,10,6,3,0.25,8
distractor_para,boundary:query,670,L53.lo.hi.lo.lo,dense,exception,contradicted; every cut loses a supporter,1.9001,1.9001,9,6,3,0.25,8
distractor_para,boundary:query,670,L56.lo.lo.hi.lo.lo,dense,exception,contradicted; every cut loses a supporter,1.8967,1.8967,9,6,3,0.25,8
distractor_para,boundary:query,670,L37.lo.lo.lo.hi.lo,dense,exception,contradicted; every cut loses a supporter,1.8861,1.8861,11,6,3,0.25,8
distractor_para,boundary:query,670,L37.lo.lo.lo.hi.hi,dense,exception,contradicted; every cut loses a supporter,1.8072,1.8072,6,6,3,0.4,10
distractor_para,boundary:query,670,L53.lo.hi.hi.lo,dense,exception,contradicted; every cut loses a supporter,1.8607,1.8607,10,5,3,0.375,8
distractor_para,boundary:query,670,L53.lo.hi.hi.hi,dense,exception,contradicted; every cut loses a supporter,1.8213,1.8213,9,6,3,0.3333,9
distractor_para,boundary:query,670,L56.lo.lo.hi.hi.lo,dense,exception,contradicted; every cut loses a supporter,1.8573,1.8573,10,5,3,0.375,8
distractor_para,boundary:query,670,L56.lo.lo.hi.hi.hi,dense,exception,contradicted; every cut loses a supporter,1.8178,1.8178,9,6,3,0.3333,9
distractor_para,boundary:query,673,L167,hybrid,narrow,contradicted; cut f:query_len_tokens,1.9995,1.9522,2,7,2,0.125,8
distractor_para,boundary:query,674,L37.lo.lo.lo.lo.lo,dense,retire,utility <= 0,,1.9043,11,5,0,0.0,5
distractor_para,boundary:query,677,L147,dense,expand,arm beat the default just outside the box,1.9459,1.9854,5,10,3,0.0833,12
distractor_para,boundary:query,677,L1.lo.hi.hi.lo,dense,expand,arm beat the default just outside the box,1.9558,1.9953,7,7,3,0.125,8
distractor_para,boundary:query,678,L147,dense,exception,contradicted; every cut loses a supporter,1.9856,1.9856,5,11,4,0.0,13
distractor_para,boundary:query,678,L1.lo.hi.hi.lo,dense,exception,contradicted; every cut loses a supporter,1.9955,1.9955,7,8,4,0.0,9
distractor_para,boundary:query,678,L147,dense,split,4 exceptions; cut f:query_len_tokens at 16,,1.9856,5,11,4,0.0,13
distractor_para,boundary:query,678,L147.lo,dense,create,split of L147,,1.867,3,0,0,0.0,0
distractor_para,boundary:query,678,L147.hi,dense,create,split of L147,,1.867,2,0,0,0.0,0
distractor_para,boundary:query,678,L1.lo.hi.hi.lo,dense,split,4 exceptions; cut f:query_len_tokens at 15,,1.9955,7,8,4,0.0,9
distractor_para,boundary:query,678,L1.lo.hi.hi.lo.lo,dense,create,split of L1.lo.hi.hi.lo,,1.956,4,0,0,0.0,0
distractor_para,boundary:query,678,L1.lo.hi.hi.lo.hi,dense,create,split of L1.lo.hi.hi.lo,,1.9165,3,0,0,0.0,0
distractor_para,boundary:query,682,L166,dense,expand,arm beat the default just outside the box,1.9122,1.9122,4,5,0,0.2857,7
distractor_para,boundary:query,682,L224,dense,create,"default missed, dense hit",,2.0,1,0,0,0.0,0
distractor_para,boundary:query,682,L225,hybrid,create,"default missed, hybrid hit",,2.0,1,0,0,0.0,0
distractor_para,boundary:query,686,L22.hi.hi,hybrid,expand,arm beat the default just outside the box,1.8252,1.8648,4,2,0,0.3333,3
distractor_para,boundary:query,687,L53.hi.hi.hi.hi,dense,exception,contradicted; every cut loses a supporter,1.7805,1.7805,6,3,1,0.5714,7
distractor_para,boundary:query,687,L131.hi.hi,dense,exception,contradicted; every cut loses a supporter,1.8208,1.8208,6,3,1,0.5714,7
distractor_para,boundary:query,688,L166,dense,exception,contradicted; every cut loses a supporter,1.9128,1.9128,4,6,1,0.25,8
distractor_para,boundary:query,688,L167,hybrid,exception,contradicted; every cut loses a supporter,1.9525,1.9525,2,8,3,0.1111,9
distractor_para,boundary:query,691,L19.hi,hybrid,exception,contradicted; every cut loses a supporter,1.9107,1.9107,5,6,2,0.1429,7
distractor_para,boundary:query,692,L37.lo.lo.hi.lo.lo,dense,exception,contradicted; every cut loses a supporter,1.8863,1.8863,14,7,4,0.3,10
distractor_para,boundary:query,692,L53.hi.lo.lo.lo,dense,exception,contradicted; every cut loses a supporter,1.9002,1.9002,10,7,4,0.2222,9
distractor_para,boundary:query,692,L53.lo.hi.lo.lo,dense,exception,contradicted; every cut loses a supporter,1.9002,1.9002,9,7,4,0.2222,9
distractor_para,boundary:query,692,L56.lo.lo.hi.lo.lo,dense,exception,contradicted; every cut loses a supporter,1.8968,1.8968,9,7,4,0.2222,9
distractor_para,boundary:query,692,L37.lo.lo.lo.hi.lo,dense,exception,contradicted; every cut loses a supporter,1.8863,1.8863,11,7,4,0.2222,9
distractor_para,boundary:query,692,L37.lo.lo.hi.lo.lo,dense,split,4 exceptions; cut f:query_len_tokens at 11,,1.8863,14,7,4,0.3,10
distractor_para,boundary:query,692,L37.lo.lo.hi.lo.lo.lo,dense,create,split of L37.lo.lo.hi.lo.lo,,1.8466,13,0,0,0.0,0
distractor_para,boundary:query,692,L37.lo.lo.hi.lo.lo.hi,dense,create,split of L37.lo.lo.hi.lo.lo,,1.7674,1,0,0,0.0,0
distractor_para,boundary:query,692,L53.hi.lo.lo.lo,dense,split,4 exceptions; cut f:query_len_tokens at 10,,1.9002,10,7,4,0.2222,9
distractor_para,boundary:query,692,L53.hi.lo.lo.lo.lo,dense,create,split of L53.hi.lo.lo.lo,,1.821,7,0,0,0.0,0
distractor_para,boundary:query,692,L53.hi.lo.lo.lo.hi,dense,create,split of L53.hi.lo.lo.lo,,1.821,3,0,0,0.0,0
distractor_para,boundary:query,692,L53.lo.hi.lo.lo,dense,split,4 exceptions; cut f:query_len_tokens at 10,,1.9002,9,7,4,0.2222,9
distractor_para,boundary:query,692,L53.lo.hi.lo.lo.lo,dense,create,split of L53.lo.hi.lo.lo,,1.821,6,0,0,0.0,0
distractor_para,boundary:query,692,L53.lo.hi.lo.lo.hi,dense,create,split of L53.lo.hi.lo.lo,,1.821,3,0,0,0.0,0
distractor_para,boundary:query,692,L56.lo.lo.hi.lo.lo,dense,split,4 exceptions; cut f:query_len_tokens at 10,,1.8968,9,7,4,0.2222,9
distractor_para,boundary:query,692,L56.lo.lo.hi.lo.lo.lo,dense,create,split of L56.lo.lo.hi.lo.lo,,1.8175,6,0,0,0.0,0
distractor_para,boundary:query,692,L56.lo.lo.hi.lo.lo.hi,dense,create,split of L56.lo.lo.hi.lo.lo,,1.8175,3,0,0,0.0,0
distractor_para,boundary:query,692,L37.lo.lo.lo.hi.lo,dense,split,4 exceptions; cut f:query_len_tokens at 10,,1.8863,11,7,4,0.2222,9
distractor_para,boundary:query,692,L37.lo.lo.lo.hi.lo.lo,dense,create,split of L37.lo.lo.lo.hi.lo,,1.807,8,0,0,0.0,0
distractor_para,boundary:query,692,L37.lo.lo.lo.hi.lo.hi,dense,create,split of L37.lo.lo.lo.hi.lo,,1.807,3,0,0,0.0,0
distractor_para,boundary:query,697,L1.lo.hi.hi.lo.lo,dense,expand,arm beat the default just outside the box,1.9573,1.997,5,0,0,0.0,0
distractor_para,boundary:query,700,L53.lo.hi.hi.lo,dense,exception,contradicted; every cut loses a supporter,1.8621,1.8621,10,6,4,0.3333,9
distractor_para,boundary:query,700,L56.lo.lo.hi.hi.lo,dense,exception,contradicted; every cut loses a supporter,1.8586,1.8586,10,6,4,0.3333,9
distractor_para,boundary:query,700,L53.lo.hi.hi.lo,dense,split,4 exceptions; cut f:query_len_tokens at 10,,1.8621,10,6,4,0.3333,9
distractor_para,boundary:query,700,L53.lo.hi.hi.lo.lo,dense,create,split of L53.lo.hi.hi.lo,,1.7828,6,0,0,0.0,0
distractor_para,boundary:query,700,L53.lo.hi.hi.lo.hi,dense,create,split of L53.lo.hi.hi.lo,,1.8224,4,0,0,0.0,0
distractor_para,boundary:query,700,L56.lo.lo.hi.hi.lo,dense,split,4 exceptions; cut f:query_len_tokens at 10,,1.8586,10,6,4,0.3333,9
distractor_para,boundary:query,700,L56.lo.lo.hi.hi.lo.lo,dense,create,split of L56.lo.lo.hi.hi.lo,,1.7794,6,0,0,0.0,0
distractor_para,boundary:query,700,L56.lo.lo.hi.hi.lo.hi,dense,create,split of L56.lo.lo.hi.hi.lo,,1.819,4,0,0,0.0,0
distractor_para,boundary:query,701,L163,dense,exception,contradicted; every cut loses a supporter,1.9127,1.9127,3,8,2,0.2,10
distractor_para,boundary:query,701,L196,dense,exception,contradicted; every cut loses a supporter,2.0036,2.0036,2,6,2,0.1429,7
distractor_para,boundary:query,705,L37.lo.lo.hi.lo.lo.hi,dense,expand,arm beat the default just outside the box,1.7674,1.807,2,1,0,0.0,1
distractor_para,boundary:query,705,L240,hybrid,create,"default missed, hybrid hit",,2.0,1,0,0,0.0,0
distractor_para,boundary:query,708,L37.lo.lo.lo.hi.hi,dense,expand,arm beat the default just outside the box,1.8084,1.848,7,6,3,0.4,10
distractor_para,boundary:query,708,L53.lo.hi.hi.hi,dense,expand,arm beat the default just outside the box,1.8222,1.8618,10,6,3,0.3333,9
distractor_para,boundary:query,708,L56.lo.lo.hi.hi.hi,dense,expand,arm beat the default just outside the box,1.8188,1.8584,10,6,3,0.3333,9
distractor_para,boundary:query,708,L37.lo.lo.hi.lo.lo.hi,dense,expand,arm beat the default just outside the box,1.8084,1.848,4,2,0,0.3333,3
distractor_para,boundary:query,708,L53.hi.lo.lo.lo.hi,dense,expand,arm beat the default just outside the box,1.8222,1.8618,6,2,0,0.5,4
distractor_para,boundary:query,708,L53.lo.hi.lo.lo.hi,dense,expand,arm beat the default just outside the box,1.8222,1.8618,6,2,0,0.5,4
distractor_para,boundary:query,708,L56.lo.lo.hi.lo.lo.hi,dense,expand,arm beat the default just outside the box,1.8188,1.8584,6,2,0,0.5,4
distractor_para,boundary:query,708,L37.lo.lo.lo.hi.lo.hi,dense,expand,arm beat the default just outside the box,1.8084,1.848,6,2,0,0.5,4
distractor_para,boundary:query,708,L53.lo.hi.hi.lo.hi,dense,expand,arm beat the default just outside the box,1.8222,1.8618,7,1,0,0.6667,3
distractor_para,boundary:query,708,L56.lo.lo.hi.hi.lo.hi,dense,expand,arm beat the default just outside the box,1.8188,1.8584,7,1,0,0.6667,3
distractor_para,boundary:query,709,L53.hi.hi.hi.hi,dense,expand,arm beat the default just outside the box,1.7831,1.8227,8,3,1,0.625,8
distractor_para,boundary:query,709,L131.hi.hi,dense,expand,arm beat the default just outside the box,1.8234,1.863,8,3,1,0.625,8
distractor_para,boundary:query,709,L22.hi.lo,hybrid,expand,arm beat the default just outside the box,1.7776,1.8172,8,3,0,0.5,6
distractor_para,boundary:query,709,L22.hi.hi,hybrid,expand,arm beat the default just outside the box,1.8678,1.9074,6,4,0,0.3333,6
distractor_para,boundary:query,709,L37.lo.lo.lo.hi.hi,dense,expand,arm beat the default just outside the box,1.8485,1.8881,8,6,3,0.4,10
distractor_para,boundary:query,709,L53.lo.hi.hi.hi,dense,expand,arm beat the default just outside the box,1.8624,1.902,11,6,3,0.3333,9
distractor_para,boundary:query,709,L56.lo.lo.hi.hi.hi,dense,expand,arm beat the default just outside the box,1.8589,1.8986,11,6,3,0.3333,9
distractor_para,boundary:query,709,L165.hi,dense,expand,arm beat the default just outside the box,1.8648,1.9044,6,3,0,0.4,5
distractor_para,boundary:query,709,L53.hi.hi.hi.lo.hi,dense,expand,arm beat the default just outside the box,1.7831,1.8227,5,3,0,0.4,5
distractor_para,boundary:query,709,L131.hi.lo.hi,dense,expand,arm beat the default just outside the box,1.7838,1.8234,5,3,0,0.4,5
distractor_para,boundary:query,709,L37.lo.lo.hi.lo.lo.hi,dense,expand,arm beat the default just outside the box,1.8485,1.8881,5,2,0,0.3333,3
distractor_para,boundary:query,709,L53.hi.lo.lo.lo.hi,dense,expand,arm beat the default just outside the box,1.8624,1.902,7,2,0,0.5,4
distractor_para,boundary:query,709,L53.lo.hi.lo.lo.hi,dense,expand,arm beat the default just outside the box,1.8624,1.902,7,2,0,0.5,4
distractor_para,boundary:query,709,L56.lo.lo.hi.lo.lo.hi,dense,expand,arm beat the default just outside the box,1.8589,1.8986,7,2,0,0.5,4
distractor_para,boundary:query,709,L37.lo.lo.lo.hi.lo.hi,dense,expand,arm beat the default just outside the box,1.8485,1.8881,7,2,0,0.5,4
distractor_para,boundary:query,709,L53.lo.hi.hi.lo.hi,dense,expand,arm beat the default just outside the box,1.8624,1.902,8,1,0,0.6667,3
distractor_para,boundary:query,709,L56.lo.lo.hi.hi.lo.hi,dense,expand,arm beat the default just outside the box,1.8589,1.8986,8,1,0,0.6667,3
distractor_para,boundary:query,709,L241,dense,create,"default missed, dense hit",,2.0,1,0,0,0.0,0
distractor_para,boundary:query,710,L36.hi,hybrid,exception,contradicted; every cut loses a supporter,1.8118,1.8118,3,8,2,0.0,9
distractor_para,boundary:query,710,L36.hi,hybrid,retire,utility <= 0,,1.8118,3,8,2,0.0,9
distractor_para,boundary:query,713,L37.lo.lo.hi.lo.lo.lo,dense,exception,contradicted; every cut loses a supporter,1.8491,1.8491,16,4,1,0.4286,7
distractor_para,boundary:query,713,L53.hi.lo.lo.lo.lo,dense,exception,contradicted; every cut loses a supporter,1.8234,1.8234,10,3,1,0.5,6
distractor_para,boundary:query,713,L53.lo.hi.lo.lo.lo,dense,exception,contradicted; every cut loses a supporter,1.8234,1.8234,9,3,1,0.5,6
distractor_para,boundary:query,713,L56.lo.lo.hi.lo.lo.lo,dense,exception,contradicted; every cut loses a supporter,1.82,1.82,9,3,1,0.5,6
distractor_para,boundary:query,713,L37.lo.lo.lo.hi.lo.lo,dense,exception,contradicted; every cut loses a supporter,1.8095,1.8095,11,3,1,0.5,6
distractor_para,boundary:query,713,L240,hybrid,narrow,contradicted; cut f:query_len_tokens,2.0029,1.957,4,3,0,0.5,6
distractor_para,boundary:query,715,L217,hybrid,exception,contradicted; every cut loses a supporter,2.0042,2.0042,2,5,1,0.1667,6
distractor_para,boundary:query,718,L218,dense,narrow,contradicted; cut f:query_len_tokens,2.0032,1.9963,3,4,0,0.0,6
distractor_para,boundary:query,718,L218,dense,retire,utility <= 0,,1.9963,3,4,0,0.0,6
distractor_para,boundary:query,718,L147.hi,dense,retire,utility <= 0,,1.8697,3,4,0,0.0,5
distractor_para,boundary:query,719,L37.lo.lo.hi.lo.lo.lo,dense,exception,contradicted; every cut loses a supporter,1.8495,1.8495,17,5,2,0.4444,9
distractor_para,boundary:query,719,L37.lo.lo.hi.lo.lo.hi,dense,exception,contradicted; every cut loses a supporter,1.8892,1.8892,7,4,1,0.4286,7
distractor_para,boundary:query,719,L53.hi.lo.lo.lo.hi,dense,exception,contradicted; every cut loses a supporter,1.9031,1.9031,9,4,1,0.5,8
distractor_para,boundary:query,719,L53.lo.hi.lo.lo.hi,dense,exception,contradicted; every cut loses a supporter,1.9031,1.9031,9,4,1,0.5,8
distractor_para,boundary:query,719,L56.lo.lo.hi.lo.lo.hi,dense,exception,contradicted; every cut loses a supporter,1.8997,1.8997,9,4,1,0.5,8
distractor_para,boundary:query,719,L37.lo.lo.lo.hi.lo.hi,dense,exception,contradicted; every cut loses a supporter,1.8892,1.8892,9,4,1,0.5,8
distractor_para,boundary:query,719,L53.lo.hi.hi.lo.hi,dense,exception,contradicted; every cut loses a supporter,1.9031,1.9031,10,3,1,0.5714,7
distractor_para,boundary:query,719,L56.lo.lo.hi.hi.lo.hi,dense,exception,contradicted; every cut loses a supporter,1.8997,1.8997,10,3,1,0.5714,7
distractor_para,boundary:query,719,L240,hybrid,exception,contradicted; every cut loses a supporter,1.9574,1.9574,6,4,1,0.5556,9
distractor_para,boundary:query,720,L37.lo.lo.lo.hi.hi,dense,expand,arm beat the default just outside the box,1.8897,1.9295,10,6,3,0.4545,11
distractor_para,boundary:query,720,L53.lo.hi.hi.hi,dense,expand,arm beat the default just outside the box,1.9036,1.9433,13,6,3,0.4,10
distractor_para,boundary:query,720,L56.lo.lo.hi.hi.hi,dense,expand,arm beat the default just outside the box,1.9002,1.9399,13,6,3,0.4,10
distractor_para,boundary:query,720,L37.lo.lo.hi.lo.lo.hi,dense,expand,arm beat the default just outside the box,1.8897,1.9295,8,4,1,0.4286,7
distractor_para,boundary:query,720,L53.hi.lo.lo.lo.hi,dense,expand,arm beat the default just outside the box,1.9036,1.9433,10,4,1,0.5,8
distractor_para,boundary:query,720,L53.lo.hi.lo.lo.hi,dense,expand,arm beat the default just outside the box,1.9036,1.9433,10,4,1,0.5,8
distractor_para,boundary:query,720,L56.lo.lo.hi.lo.lo.hi,dense,expand,arm beat the default just outside the box,1.9002,1.9399,10,4,1,0.5,8
distractor_para,boundary:query,720,L37.lo.lo.lo.hi.lo.hi,dense,expand,arm beat the default just outside the box,1.8897,1.9295,10,4,1,0.5,8
distractor_para,boundary:query,720,L53.lo.hi.hi.lo.hi,dense,expand,arm beat the default just outside the box,1.9036,1.9433,11,3,1,0.5714,7
distractor_para,boundary:query,720,L56.lo.lo.hi.hi.lo.hi,dense,expand,arm beat the default just outside the box,1.9002,1.9399,11,3,1,0.5714,7
distractor_para,boundary:query,720,L240,hybrid,expand,arm beat the default just outside the box,1.958,1.9914,7,4,1,0.5556,9
distractor_para,boundary:query,721,L166,dense,exception,contradicted; every cut loses a supporter,1.9168,1.9168,4,7,2,0.2222,9
distractor_para,boundary:query,721,L167,hybrid,narrow,contradicted; cut f:query_len_tokens,1.9565,1.9168,2,9,3,0.1,10
distractor_para,boundary:query,722,L242,hybrid,create,"default missed, hybrid hit",,2.0,1,0,0,0.0,0
distractor_para,boundary:query,723,L22.hi.lo,hybrid,exception,contradicted; every cut loses a supporter,1.8187,1.8187,10,4,1,0.5556,9
distractor_para,boundary:query,723,L22.hi.hi,hybrid,exception,contradicted; every cut loses a supporter,1.9092,1.9092,8,5,1,0.4444,9
distractor_para,boundary:query,723,L240,hybrid,exception,contradicted; every cut loses a supporter,1.9916,1.9916,7,5,2,0.5,10
distractor_para,boundary:query,724,L37.lo.lo.lo.hi.hi,dense,expand,arm beat the default just outside the box,1.93,1.9697,12,6,3,0.5,12
distractor_para,boundary:query,724,L53.lo.hi.hi.hi,dense,expand,arm beat the default just outside the box,1.9438,1.9835,15,6,3,0.4545,11
distractor_para,boundary:query,724,L56.lo.lo.hi.hi.hi,dense,expand,arm beat the default just outside the box,1.9404,1.9801,15,6,3,0.4545,11
distractor_para,boundary:query,724,L37.lo.lo.hi.lo.lo.hi,dense,expand,arm beat the default just outside the box,1.93,1.9697,10,4,1,0.5,8
distractor_para,boundary:query,724,L53.hi.lo.lo.lo.hi,dense,expand,arm beat the default just outside the box,1.9438,1.9835,12,4,1,0.5556,9
distractor_para,boundary:query,724,L53.lo.hi.lo.lo.hi,dense,expand,arm beat the default just outside the box,1.9438,1.9835,12,4,1,0.5556,9
distractor_para,boundary:query,724,L56.lo.lo.hi.lo.lo.hi,dense,expand,arm beat the default just outside the box,1.9404,1.9801,12,4,1,0.5556,9
distractor_para,boundary:query,724,L37.lo.lo.lo.hi.lo.hi,dense,expand,arm beat the default just outside the box,1.93,1.9697,12,4,1,0.5556,9
distractor_para,boundary:query,724,L53.lo.hi.hi.lo.lo,dense,expand,arm beat the default just outside the box,1.785,1.8247,11,0,0,1.0,4
distractor_para,boundary:query,724,L53.lo.hi.hi.lo.hi,dense,expand,arm beat the default just outside the box,1.9438,1.9835,13,3,1,0.625,8
distractor_para,boundary:query,724,L56.lo.lo.hi.hi.lo.lo,dense,expand,arm beat the default just outside the box,1.7816,1.8213,11,0,0,1.0,4
distractor_para,boundary:query,724,L56.lo.lo.hi.hi.lo.hi,dense,expand,arm beat the default just outside the box,1.9404,1.9801,13,3,1,0.625,8
distractor_para,boundary:query,724,L240,hybrid,expand,arm beat the default just outside the box,1.9919,1.9919,8,5,2,0.5,10
distractor_para,boundary:query,724,L243,dense,create,"default missed, dense hit",,2.0,1,0,0,0.0,0
distractor_para,boundary:query,724,L244,hybrid,create,"default missed, hybrid hit",,2.0,1,0,0,0.0,0
distractor_para,boundary:query,725,L166,dense,exception,contradicted; every cut loses a supporter,1.9174,1.9174,4,8,3,0.2,10
distractor_para,boundary:query,726,L37.lo.lo.hi.lo.lo.lo,dense,exception,contradicted; every cut loses a supporter,1.8507,1.8507,17,6,3,0.4,10
distractor_para,boundary:query,726,L37.lo.lo.hi.lo.lo.hi,dense,exception,contradicted; every cut loses a supporter,1.97,1.97,10,5,2,0.4444,9
distractor_para,boundary:query,726,L53.hi.lo.lo.lo.lo,dense,exception,contradicted; every cut loses a supporter,1.8247,1.8247,11,4,2,0.5,8
distractor_para,boundary:query,726,L53.hi.lo.lo.lo.hi,dense,exception,contradicted; every cut loses a supporter,1.9837,1.9837,12,5,2,0.5,10
distractor_para,boundary:query,726,L53.lo.hi.lo.lo.lo,dense,exception,contradicted; every cut loses a supporter,1.8247,1.8247,10,4,2,0.5,8
distractor_para,boundary:query,726,L53.lo.hi.lo.lo.hi,dense,exception,contradicted; every cut loses a supporter,1.9837,1.9837,12,5,2,0.5,10
distractor_para,boundary:query,726,L56.lo.lo.hi.lo.lo.lo,dense,exception,contradicted; every cut loses a supporter,1.8213,1.8213,10,4,2,0.5,8
distractor_para,boundary:query,726,L56.lo.lo.hi.lo.lo.hi,dense,exception,contradicted; every cut loses a supporter,1.9803,1.9803,12,5,2,0.5,10
distractor_para,boundary:query,726,L37.lo.lo.lo.hi.lo.lo,dense,exception,contradicted; every cut loses a supporter,1.811,1.811,12,4,2,0.5,8
distractor_para,boundary:query,726,L37.lo.lo.lo.hi.lo.hi,dense,exception,contradicted; every cut loses a supporter,1.97,1.97,12,5,2,0.5,10
distractor_para,boundary:query,726,L53.lo.hi.hi.lo.hi,dense,exception,contradicted; every cut loses a supporter,1.9837,1.9837,13,4,2,0.5556,9
distractor_para,boundary:query,726,L56.lo.lo.hi.hi.lo.hi,dense,exception,contradicted; every cut loses a supporter,1.9803,1.9803,13,4,2,0.5556,9
distractor_para,boundary:query,726,L240,hybrid,exception,contradicted; every cut loses a supporter,1.9921,1.9921,8,6,3,0.4545,11
distractor_para,boundary:query,726,L241,dense,exception,contradicted; every cut loses a supporter,2.0025,2.0025,5,3,1,0.5714,7
distractor_para,boundary:query,727,L224,dense,retire,utility <= 0,,2.0057,1,5,0,0.0,5
distractor_para,boundary:query,727,L225,hybrid,retire,utility <= 0,,2.0057,1,5,0,0.0,5
distractor_para,boundary:query,729,L53.hi.hi.hi.hi,dense,exception,contradicted; every cut loses a supporter,1.8245,1.8245,10,4,2,0.6364,11
distractor_para,boundary:query,729,L131.hi.hi,dense,exception,contradicted; every cut loses a supporter,1.865,1.865,10,4,2,0.6364,11
distractor_para,boundary:query,729,L37.lo.lo.lo.hi.hi,dense,exception,contradicted; every cut loses a supporter,1.9701,1.9701,12,7,4,0.4615,13
distractor_para,boundary:query,729,L53.lo.hi.hi.hi,dense,exception,contradicted; every cut loses a supporter,1.9837,1.9837,15,7,4,0.4167,12
distractor_para,boundary:query,729,L56.lo.lo.hi.hi.hi,dense,exception,contradicted; every cut loses a supporter,1.9803,1.9803,15,7,4,0.4167,12
distractor_para,boundary:query,729,L165.hi,dense,exception,contradicted; every cut loses a supporter,1.9066,1.9066,9,4,1,0.5556,9
distractor_para,boundary:query,729,L53.hi.hi.hi.lo.hi,dense,exception,contradicted; every cut loses a supporter,1.8245,1.8245,8,4,1,0.5556,9
distractor_para,boundary:query,729,L131.hi.lo.hi,dense,exception,contradicted; every cut loses a supporter,1.8252,1.8252,8,4,1,0.5556,9
distractor_para,boundary:query,729,L37.lo.lo.hi.lo.lo.hi,dense,exception,contradicted; every cut loses a supporter,1.9701,1.9701,10,6,3,0.4,10
distractor_para,boundary:query,729,L53.hi.lo.lo.lo.hi,dense,exception,contradicted; every cut loses a supporter,1.9837,1.9837,12,6,3,0.4545,11
distractor_para,boundary:query,729,L53.lo.hi.lo.lo.hi,dense,exception,contradicted; every cut loses a supporter,1.9837,1.9837,12,6,3,0.4545,11
distractor_para,boundary:query,729,L56.lo.lo.hi.lo.lo.hi,dense,exception,contradicted; every cut loses a supporter,1.9803,1.9803,12,6,3,0.4545,11
distractor_para,boundary:query,729,L37.lo.lo.lo.hi.lo.hi,dense,exception,contradicted; every cut loses a supporter,1.9701,1.9701,12,6,3,0.4545,11
distractor_para,boundary:query,729,L53.lo.hi.hi.lo.hi,dense,exception,contradicted; every cut loses a supporter,1.9837,1.9837,13,5,3,0.5,10
distractor_para,boundary:query,729,L56.lo.lo.hi.hi.lo.hi,dense,exception,contradicted; every cut loses a supporter,1.9803,1.9803,13,5,3,0.5,10
distractor_para,boundary:query,729,L241,dense,exception,contradicted; every cut loses a supporter,2.0025,2.0025,5,4,2,0.5,8
distractor_para,boundary:query,729,L37.lo.lo.lo.hi.hi,dense,split,4 exceptions; cut f:query_len_tokens at 11.5,,1.9701,12,7,4,0.4615,13
distractor_para,boundary:query,729,L37.lo.lo.lo.hi.hi.lo,dense,create,split of L37.lo.lo.lo.hi.hi,,1.8706,6,0,0,0.0,0
distractor_para,boundary:query,729,L37.lo.lo.lo.hi.hi.hi,dense,create,split of L37.lo.lo.lo.hi.hi,,1.8308,6,0,0,0.0,0
distractor_para,boundary:query,729,L53.lo.hi.hi.hi,dense,split,4 exceptions; cut f:query_len_tokens at 12,,1.9837,15,7,4,0.4167,12
distractor_para,boundary:query,729,L53.lo.hi.hi.hi.lo,dense,create,split of L53.lo.hi.hi.hi,,1.9041,11,0,0,0.0,0
distractor_para,boundary:query,729,L53.lo.hi.hi.hi.hi,dense,create,split of L53.lo.hi.hi.hi,,1.8245,4,0,0,0.0,0
distractor_para,boundary:query,729,L56.lo.lo.hi.hi.hi,dense,split,4 exceptions; cut f:query_len_tokens at 12,,1.9803,15,7,4,0.4167,12
distractor_para,boundary:query,729,L56.lo.lo.hi.hi.hi.lo,dense,create,split of L56.lo.lo.hi.hi.hi,,1.9007,11,0,0,0.0,0
distractor_para,boundary:query,729,L56.lo.lo.hi.hi.hi.hi,dense,create,split of L56.lo.lo.hi.hi.hi,,1.8211,4,0,0,0.0,0
distractor_para,boundary:query,731,L219,dense,retire,utility <= 0,,2.0045,2,4,0,0.0,5
distractor_para,boundary:query,733,L241,dense,exception,contradicted; every cut loses a supporter,2.0014,2.0014,5,5,3,0.4444,9
distractor_para,boundary:query,734,L53.hi.hi.hi.hi,dense,exception,contradicted; every cut loses a supporter,1.8238,1.8238,10,5,3,0.5833,12
distractor_para,boundary:query,734,L131.hi.hi,dense,exception,contradicted; every cut loses a supporter,1.8644,1.8644,10,5,3,0.5833,12
distractor_para,boundary:query,734,L22.hi.lo,hybrid,exception,contradicted; every cut loses a supporter,1.8183,1.8183,10,5,2,0.5,10
distractor_para,boundary:query,734,L22.hi.hi,hybrid,exception,contradicted; every cut loses a supporter,1.909,1.909,8,6,2,0.4,10
distractor_para,boundary:query,734,L165.hi,dense,exception,contradicted; every cut loses a supporter,1.906,1.906,9,5,2,0.5,10
distractor_para,boundary:query,734,L53.hi.hi.hi.lo.hi,dense,exception,contradicted; every cut loses a supporter,1.8238,1.8238,8,5,2,0.5,10
distractor_para,boundary:query,734,L131.hi.lo.hi,dense,exception,contradicted; every cut loses a supporter,1.8246,1.8246,8,5,2,0.5,10
distractor_para,boundary:query,734,L241,dense,narrow,contradicted; cut f:query_len_tokens,2.002,1.956,5,6,3,0.4,10
distractor_para,boundary:query,735,L240,hybrid,exception,contradicted; every cut loses a supporter,1.9919,1.9919,8,7,4,0.4167,12
distractor_para,boundary:query,735,L241,dense,expand,arm beat the default just outside the box,1.9564,1.99,6,6,3,0.4,10
distractor_para,boundary:query,735,L240,hybrid,split,4 exceptions; cut f:query_len_tokens at 10,,1.9919,8,7,4,0.4167,12
distractor_para,boundary:query,735,L240.lo,hybrid,create,split of L240,,1.8327,5,0,0,0.0,0
distractor_para,boundary:query,735,L240.hi,hybrid,create,split of L240,,1.9123,3,0,0,0.0,0
distractor_para,boundary:query,736,L37.lo.lo.hi.lo.lo.hi,dense,exception,contradicted; every cut loses a supporter,1.9706,1.9706,11,7,4,0.4167,12
distractor_para,boundary:query,736,L53.hi.lo.lo.lo.hi,dense,exception,contradicted; every cut loses a supporter,1.9841,1.9841,13,7,4,0.4615,13
distractor_para,boundary:query,736,L53.lo.hi.lo.lo.hi,dense,exception,contradicted; every cut loses a supporter,1.9841,1.9841,13,7,4,0.4615,13
distractor_para,boundary:query,736,L56.lo.lo.hi.lo.lo.hi,dense,exception,contradicted; every cut loses a supporter,1.9807,1.9807,13,7,4,0.4615,13
distractor_para,boundary:query,736,L37.lo.lo.lo.hi.lo.hi,dense,exception,contradicted; every cut loses a supporter,1.9706,1.9706,13,7,4,0.4615,13
distractor_para,boundary:query,736,L53.lo.hi.hi.lo.hi,dense,exception,contradicted; every cut loses a supporter,1.9841,1.9841,14,6,4,0.5,12
distractor_para,boundary:query,736,L56.lo.lo.hi.hi.lo.hi,dense,exception,contradicted; every cut loses a supporter,1.9807,1.9807,14,6,4,0.5,12
distractor_para,boundary:query,736,L241,dense,exception,contradicted; every cut loses a supporter,1.9906,1.9906,6,7,4,0.3636,11
distractor_para,boundary:query,736,L37.lo.lo.hi.lo.lo.hi,dense,split,4 exceptions; cut f:query_len_tokens at 10,,1.9706,11,7,4,0.4167,12
distractor_para,boundary:query,736,L37.lo.lo.hi.lo.lo.hi.lo,dense,create,split of L37.lo.lo.hi.lo.lo.hi,,1.8113,6,0,0,0.0,0
distractor_para,boundary:query,736,L37.lo.lo.hi.lo.lo.hi.hi,dense,create,split of L37.lo.lo.hi.lo.lo.hi,,1.8909,5,0,0,0.0,0
distractor_para,boundary:query,736,L53.hi.lo.lo.lo.hi,dense,split,4 exceptions; cut f:query_len_tokens at 11,,1.9841,13,7,4,0.4615,13
distractor_para,boundary:query,736,L53.hi.lo.lo.lo.hi.lo,dense,create,split of L53.hi.lo.lo.lo.hi,,1.8646,8,0,0,0.0,0
distractor_para,boundary:query,736,L53.hi.lo.lo.lo.hi.hi,dense,create,split of L53.hi.lo.lo.lo.hi,,1.8646,5,0,0,0.0,0
distractor_para,boundary:query,736,L53.lo.hi.lo.lo.hi,dense,split,4 exceptions; cut f:query_len_tokens at 11,,1.9841,13,7,4,0.4615,13
distractor_para,boundary:query,736,L53.lo.hi.lo.lo.hi.lo,dense,create,split of L53.lo.hi.lo.lo.hi,,1.8646,8,0,0,0.0,0
distractor_para,boundary:query,736,L53.lo.hi.lo.lo.hi.hi,dense,create,split of L53.lo.hi.lo.lo.hi,,1.8646,5,0,0,0.0,0
distractor_para,boundary:query,736,L56.lo.lo.hi.lo.lo.hi,dense,split,4 exceptions; cut f:query_len_tokens at 11,,1.9807,13,7,4,0.4615,13
distractor_para,boundary:query,736,L56.lo.lo.hi.lo.lo.hi.lo,dense,create,split of L56.lo.lo.hi.lo.lo.hi,,1.8612,8,0,0,0.0,0
distractor_para,boundary:query,736,L56.lo.lo.hi.lo.lo.hi.hi,dense,create,split of L56.lo.lo.hi.lo.lo.hi,,1.8612,5,0,0,0.0,0
distractor_para,boundary:query,736,L37.lo.lo.lo.hi.lo.hi,dense,split,4 exceptions; cut f:query_len_tokens at 11,,1.9706,13,7,4,0.4615,13
distractor_para,boundary:query,736,L37.lo.lo.lo.hi.lo.hi.lo,dense,create,split of L37.lo.lo.lo.hi.lo.hi,,1.8511,8,0,0,0.0,0
distractor_para,boundary:query,736,L37.lo.lo.lo.hi.lo.hi.hi,dense,create,split of L37.lo.lo.lo.hi.lo.hi,,1.8511,5,0,0,0.0,0
distractor_para,boundary:query,736,L53.lo.hi.hi.lo.hi,dense,split,4 exceptions; cut f:query_len_tokens at 11,,1.9841,14,6,4,0.5,12
distractor_para,boundary:query,736,L53.lo.hi.hi.lo.hi.lo,dense,create,split of L53.lo.hi.hi.lo.hi,,1.8646,9,0,0,0.0,0
distractor_para,boundary:query,736,L53.lo.hi.hi.lo.hi.hi,dense,create,split of L53.lo.hi.hi.lo.hi,,1.8646,5,0,0,0.0,0
distractor_para,boundary:query,736,L56.lo.lo.hi.hi.lo.hi,dense,split,4 exceptions; cut f:query_len_tokens at 11,,1.9807,14,6,4,0.5,12
distractor_para,boundary:query,736,L56.lo.lo.hi.hi.lo.hi.lo,dense,create,split of L56.lo.lo.hi.hi.lo.hi,,1.8612,9,0,0,0.0,0
distractor_para,boundary:query,736,L56.lo.lo.hi.hi.lo.hi.hi,dense,create,split of L56.lo.lo.hi.hi.lo.hi,,1.8612,5,0,0,0.0,0
distractor_para,boundary:query,736,L241,dense,split,4 exceptions; cut f:query_len_tokens at 13,,1.9906,6,7,4,0.3636,11
distractor_para,boundary:query,736,L241.lo,dense,create,split of L241,,1.911,5,0,0,0.0,0
distractor_para,boundary:query,736,L241.hi,dense,create,split of L241,,1.8313,1,0,0,0.0,0
distractor_para,boundary:query,737,L5.lo.hi.lo.hi.hi,dense,expand,arm beat the default just outside the box,1.7813,1.8211,3,4,0,0.0,4
distractor_para,boundary:query,737,L269,dense,create,"default missed, dense hit",,2.0,1,0,0,0.0,0
distractor_para,boundary:query,740,L53.lo.hi.hi.lo.lo,dense,exception,contradicted; every cut loses a supporter,1.8236,1.8236,12,2,1,0.7143,7
distractor_para,boundary:query,740,L56.lo.lo.hi.hi.lo.lo,dense,exception,contradicted; every cut loses a supporter,1.8202,1.8202,12,2,1,0.7143,7
distractor_para,boundary:query,741,L5.lo.hi.lo.hi.hi,dense,retire,utility <= 0,,1.82,3,5,0,0.0,5
distractor_para,boundary:query,743,L244,hybrid,retire,utility <= 0,,1.9987,1,5,0,0.0,5
distractor_para,boundary:query,745,L37.lo.lo.lo.hi.hi.lo,dense,expand,arm beat the default just outside the box,1.8706,1.93,8,2,0,0.3333,3
distractor_para,boundary:query,745,L53.lo.hi.hi.hi.lo,dense,expand,arm beat the default just outside the box,1.9041,1.9437,13,3,0,0.25,4
distractor_para,boundary:query,745,L56.lo.lo.hi.hi.hi.lo,dense,expand,arm beat the default just outside the box,1.9007,1.9403,13,3,0,0.25,4
distractor_para,boundary:query,748,L37.lo.lo.lo.hi.hi.hi,dense,expand,arm beat the default just outside the box,1.8306,1.8901,8,1,0,0.5,2
distractor_para,boundary:query,748,L53.hi.lo.lo.lo.hi.hi,dense,expand,arm beat the default just outside the box,1.8642,1.9039,7,0,0,1.0,1
distractor_para,boundary:query,748,L53.lo.hi.lo.lo.hi.hi,dense,expand,arm beat the default just outside the box,1.8642,1.9039,7,0,0,1.0,1
distractor_para,boundary:query,748,L56.lo.lo.hi.lo.lo.hi.hi,dense,expand,arm beat the default just outside the box,1.8608,1.9005,7,0,0,1.0,1
distractor_para,boundary:query,748,L37.lo.lo.lo.hi.lo.hi.hi,dense,expand,arm beat the default just outside the box,1.8505,1.8901,7,0,0,1.0,1
distractor_para,boundary:query,748,L53.lo.hi.hi.lo.hi.hi,dense,expand,arm beat the default just outside the box,1.8642,1.9039,7,0,0,1.0,1
distractor_para,boundary:query,748,L56.lo.lo.hi.hi.lo.hi.hi,dense,expand,arm beat the default just outside the box,1.8608,1.9005,7,0,0,1.0,1
distractor_para,boundary:query,749,L19.hi,hybrid,narrow,contradicted; cut f:query_len_tokens,1.915,1.8972,5,7,2,0.125,8
distractor_para,boundary:query,753,L53.hi.lo.lo.lo.lo,dense,expand,arm beat the default just outside the box,1.8248,1.8639,13,4,2,0.5556,9
distractor_para,boundary:query,753,L53.lo.hi.lo.lo.lo,dense,expand,arm beat the default just outside the box,1.8248,1.8639,12,4,2,0.5556,9
distractor_para,boundary:query,753,L56.lo.lo.hi.lo.lo.lo,dense,expand,arm beat the default just outside the box,1.8214,1.8605,12,4,2,0.5556,9
distractor_para,boundary:query,753,L37.lo.lo.lo.hi.lo.lo,dense,expand,arm beat the default just outside the box,1.811,1.8501,14,4,2,0.5556,9
distractor_para,boundary:query,753,L53.lo.hi.hi.lo.lo,dense,expand,arm beat the default just outside the box,1.8248,1.8639,14,2,1,0.75,8
distractor_para,boundary:query,753,L56.lo.lo.hi.hi.lo.lo,dense,expand,arm beat the default just outside the box,1.8214,1.8605,14,2,1,0.75,8
distractor_para,boundary:query,753,L53.lo.hi.hi.hi.hi,dense,expand,arm beat the default just outside the box,1.8248,1.8639,7,1,0,0.6667,3
distractor_para,boundary:query,753,L56.lo.lo.hi.hi.hi.hi,dense,expand,arm beat the default just outside the box,1.8214,1.8605,7,1,0,0.6667,3
distractor_para,boundary:query,753,L37.lo.lo.hi.lo.lo.hi.lo,dense,expand,arm beat the default just outside the box,1.811,1.8501,8,1,0,0.5,2
distractor_para,boundary:query,754,L22.hi.hi,hybrid,exception,contradicted; every cut loses a supporter,1.9088,1.9088,8,7,3,0.3636,11
distractor_para,boundary:query,754,L165.hi,dense,narrow,contradicted; cut f:query_len_tokens,1.9059,1.8668,9,6,2,0.4545,11
distractor_para,boundary:query,755,L243,dense,exception,contradicted; every cut loses a supporter,1.9983,1.9983,4,5,1,0.375,8
distractor_para,boundary:query,755,L37.lo.lo.lo.hi.hi.lo,dense,exception,contradicted; every cut loses a supporter,1.929,1.929,11,3,1,0.5714,7
distractor_para,boundary:query,755,L53.lo.hi.hi.hi.lo,dense,exception,contradicted; every cut loses a supporter,1.9429,1.9429,16,4,1,0.5,8
distractor_para,boundary:query,755,L56.lo.lo.hi.hi.hi.lo,dense,exception,contradicted; every cut loses a supporter,1.9395,1.9395,16,4,1,0.5,8
distractor_para,boundary:query,758,L53.lo.hi.hi.lo.lo,dense,exception,contradicted; every cut loses a supporter,1.8639,1.8639,14,3,2,0.6667,9
distractor_para,boundary:query,758,L56.lo.lo.hi.hi.lo.lo,dense,exception,contradicted; every cut loses a supporter,1.8605,1.8605,14,3,2,0.6667,9
distractor_para,boundary:query,758,L243,dense,exception,contradicted; every cut loses a supporter,1.9973,1.9973,4,6,2,0.3333,9
distractor_para,boundary:query,758,L37.lo.lo.lo.hi.hi.lo,dense,exception,contradicted; every cut loses a supporter,1.928,1.928,11,4,2,0.5,8
distractor_para,boundary:query,758,L53.lo.hi.hi.hi.lo,dense,exception,contradicted; every cut loses a supporter,1.9419,1.9419,16,5,2,0.4444,9
distractor_para,boundary:query,758,L56.lo.lo.hi.hi.hi.lo,dense,exception,contradicted; every cut loses a supporter,1.9385,1.9385,16,5,2,0.4444,9
distractor_para,boundary:query,758,L240.hi,hybrid,narrow,contradicted; cut f:query_len_tokens,1.9114,1.9114,4,5,0,0.1667,6
distractor_para,boundary:query,759,L270,hybrid,create,"default missed, hybrid hit",,2.0,1,0,0,0.0,0
distractor_para,boundary:query,760,L22.hi.hi,hybrid,exception,contradicted; every cut loses a supporter,1.9082,1.9082,8,8,4,0.3333,12
distractor_para,boundary:query,760,L22.hi.hi,hybrid,split,4 exceptions; cut f:query_len_tokens at 14.5,,1.9082,8,8,4,0.3333,12
distractor_para,boundary:query,760,L22.hi.hi.lo,hybrid,create,split of L22.hi.hi,,1.7999,4,0,0,0.0,0
distractor_para,boundary:query,760,L22.hi.hi.hi,hybrid,create,split of L22.hi.hi,,1.8497,4,0,0,0.0,0
distractor_para,boundary:query,761,L215,dense,retire,utility <= 0,,2.0026,1,5,0,-0.2,5
distractor_para,boundary:query,761,L216,hybrid,retire,utility <= 0,,2.0026,1,5,0,-0.2,5
distractor_para,boundary:query,763,L242,hybrid,retire,utility <= 0,,1.9981,2,4,0,0.0,5
distractor_para,boundary:query,765,L196,dense,narrow,contradicted; cut f:query_len_tokens,2.0034,1.9171,2,7,2,0.125,8
distractor_para,boundary:query,765,L217,hybrid,narrow,contradicted; cut f:query_len_tokens,2.0025,1.9563,2,6,1,0.1429,7
distractor_para,boundary:query,768,L269,dense,retire,utility <= 0,,1.9952,1,5,0,-0.2,5
distractor_para,boundary:query,770,L22.hi.hi.hi,hybrid,expand,arm beat the default just outside the box,1.8485,1.907,5,0,0,0.0,0
distractor_para,boundary:query,773,L147.lo,dense,exception,contradicted; every cut loses a supporter,1.8684,1.8684,6,3,1,0.5,6
distractor_para,boundary:query,773,L1.lo.hi.hi.lo.hi,dense,exception,contradicted; every cut loses a supporter,1.9191,1.9191,6,3,1,0.5,6
distractor_para,boundary:query,774,L53.hi.lo.lo.lo.hi.lo,dense,exception,contradicted; every cut loses a supporter,1.8618,1.8618,10,4,1,0.3333,6
distractor_para,boundary:query,774,L53.lo.hi.lo.lo.hi.lo,dense,exception,contradicted; every cut loses a supporter,1.8618,1.8618,10,4,1,0.3333,6
distractor_para,boundary:query,774,L56.lo.lo.hi.lo.lo.hi.lo,dense,exception,contradicted; every cut loses a supporter,1.8584,1.8584,10,4,1,0.3333,6
distractor_para,boundary:query,774,L37.lo.lo.lo.hi.lo.hi.lo,dense,exception,contradicted; every cut loses a supporter,1.8479,1.8479,10,4,1,0.3333,6
distractor_para,boundary:query,774,L53.lo.hi.hi.lo.hi.lo,dense,exception,contradicted; every cut loses a supporter,1.8618,1.8618,11,4,1,0.3333,6
distractor_para,boundary:query,774,L56.lo.lo.hi.hi.lo.hi.lo,dense,exception,contradicted; every cut loses a supporter,1.8584,1.8584,11,4,1,0.3333,6
distractor_para,boundary:query,774,L240.lo,hybrid,retire,utility <= 0,,1.8312,5,5,0,0.0,5
distractor_para,boundary:query,775,L273,dense,create,"default missed, dense hit",,2.0,1,0,0,0.0,0
distractor_para,boundary:query,778,L35.lo,dense,retire,utility <= 0,,1.8486,2,5,0,0.0,5
distractor_para,boundary:query,779,L52.lo,dense,expand,arm beat the default just outside the box,1.8618,1.9008,9,5,2,0.4444,9
distractor_para,boundary:query,779,L163,dense,expand,arm beat the default just outside the box,1.9117,1.9117,4,8,2,0.2,10
distractor_para,boundary:query,779,L196,dense,expand,arm beat the default just outside the box,1.915,1.915,3,7,2,0.125,8
distractor_para,boundary:query,779,L217,hybrid,expand,arm beat the default just outside the box,1.9541,1.9541,3,6,1,0.1429,7
distractor_para,boundary:query,779,L274,dense,create,"default missed, dense hit",,2.0,1,0,0,0.0,0
distractor_para,boundary:query,779,L275,hybrid,create,"default missed, hybrid hit",,2.0,1,0,0,0.0,0
distractor_para,boundary:query,780,L37.lo.lo.hi.lo.lo.hi.lo,dense,exception,contradicted; every cut loses a supporter,1.8481,1.8481,8,5,1,0.1667,6
distractor_para,boundary:query,782,L1.lo.hi.hi.lo.lo,dense,exception,contradicted; every cut loses a supporter,1.9971,1.9971,7,4,1,0.3333,6
distractor_para,boundary:query,783,L37.lo.lo.lo.hi.hi.lo,dense,exception,contradicted; every cut loses a supporter,1.9258,1.9258,12,5,3,0.5,10
distractor_para,boundary:query,783,L37.lo.lo.lo.hi.hi.hi,dense,exception,contradicted; every cut loses a supporter,1.8869,1.8869,11,3,1,0.5714,7
distractor_para,boundary:query,783,L53.lo.hi.hi.hi.lo,dense,exception,contradicted; every cut loses a supporter,1.9397,1.9397,17,6,3,0.4545,11
distractor_para,boundary:query,783,L56.lo.lo.hi.hi.hi.lo,dense,exception,contradicted; every cut loses a supporter,1.9363,1.9363,17,6,3,0.4545,11
distractor_para,boundary:query,783,L240.hi,hybrid,narrow,contradicted; cut f:query_len_tokens,1.9092,1.8313,5,6,0,0.25,8
distractor_para,boundary:query,783,L37.lo.lo.hi.lo.lo.hi.hi,dense,exception,contradicted; every cut loses a supporter,1.8869,1.8869,10,2,1,0.7143,7
distractor_para,boundary:query,783,L53.hi.lo.lo.lo.hi.hi,dense,exception,contradicted; every cut loses a supporter,1.9007,1.9007,10,2,1,0.6667,6
distractor_para,boundary:query,783,L53.lo.hi.lo.lo.hi.hi,dense,exception,contradicted; every cut loses a supporter,1.9007,1.9007,10,2,1,0.6667,6
distractor_para,boundary:query,783,L56.lo.lo.hi.lo.lo.hi.hi,dense,exception,contradicted; every cut loses a supporter,1.8973,1.8973,10,2,1,0.6667,6
distractor_para,boundary:query,783,L37.lo.lo.lo.hi.lo.hi.hi,dense,exception,contradicted; every cut loses a supporter,1.8869,1.8869,10,2,1,0.6667,6
distractor_para,boundary:query,783,L53.lo.hi.hi.lo.hi.hi,dense,exception,contradicted; every cut loses a supporter,1.9007,1.9007,10,2,1,0.6667,6
distractor_para,boundary:query,783,L56.lo.lo.hi.hi.lo.hi.hi,dense,exception,contradicted; every cut loses a supporter,1.8973,1.8973,10,2,1,0.6667,6
distractor_para,boundary:query,783,L241.lo,dense,exception,contradicted; every cut loses a supporter,1.9073,1.9073,10,2,1,0.7143,7
distractor_para,boundary:query,786,L276,dense,create,"default missed, dense hit",,2.0,1,0,0,0.0,0
distractor_para,boundary:query,787,L37.lo.lo.lo.hi.hi.hi,dense,exception,contradicted; every cut loses a supporter,1.8864,1.8864,11,4,2,0.5,8
distractor_para,boundary:query,787,L37.lo.lo.hi.lo.lo.hi.lo,dense,exception,contradicted; every cut loses a supporter,1.8474,1.8474,8,6,2,0.1429,7
distractor_para,boundary:query,787,L37.lo.lo.hi.lo.lo.hi.hi,dense,exception,contradicted; every cut loses a supporter,1.8864,1.8864,10,3,2,0.625,8
distractor_para,boundary:query,787,L53.hi.lo.lo.lo.hi.lo,dense,exception,contradicted; every cut loses a supporter,1.8614,1.8614,10,5,2,0.2857,7
distractor_para,boundary:query,787,L53.hi.lo.lo.lo.hi.hi,dense,exception,contradicted; every cut loses a supporter,1.9003,1.9003,10,3,2,0.5714,7
distractor_para,boundary:query,787,L53.lo.hi.lo.lo.hi.lo,dense,exception,contradicted; every cut loses a supporter,1.8614,1.8614,10,5,2,0.2857,7
distractor_para,boundary:query,787,L53.lo.hi.lo.lo.hi.hi,dense,exception,contradicted; every cut loses a supporter,1.9003,1.9003,10,3,2,0.5714,7
distractor_para,boundary:query,787,L56.lo.lo.hi.lo.lo.hi.lo,dense,exception,contradicted; every cut loses a supporter,1.8579,1.8579,10,5,2,0.2857,7
distractor_para,boundary:query,787,L56.lo.lo.hi.lo.lo.hi.hi,dense,exception,contradicted; every cut loses a supporter,1.8969,1.8969,10,3,2,0.5714,7
distractor_para,boundary:query,787,L37.lo.lo.lo.hi.lo.hi.lo,dense,exception,contradicted; every cut loses a supporter,1.8474,1.8474,10,5,2,0.2857,7
distractor_para,boundary:query,787,L37.lo.lo.lo.hi.lo.hi.hi,dense,exception,contradicted; every cut loses a supporter,1.8864,1.8864,10,3,2,0.5714,7
distractor_para,boundary:query,787,L53.lo.hi.hi.lo.hi.lo,dense,exception,contradicted; every cut loses a supporter,1.8614,1.8614,11,5,2,0.2857,7
distractor_para,boundary:query,787,L53.lo.hi.hi.lo.hi.hi,dense,exception,contradicted; every cut loses a supporter,1.9003,1.9003,10,3,2,0.5714,7
distractor_para,boundary:query,787,L56.lo.lo.hi.hi.lo.hi.lo,dense,exception,contradicted; every cut loses a supporter,1.8579,1.8579,11,5,2,0.2857,7
distractor_para,boundary:query,787,L56.lo.lo.hi.hi.lo.hi.hi,dense,exception,contradicted; every cut loses a supporter,1.8969,1.8969,10,3,2,0.5714,7
distractor_para,boundary:query,787,L241.lo,dense,exception,contradicted; every cut loses a supporter,1.9068,1.9068,10,3,2,0.625,8
distractor_para,boundary:query,789,L40.lo,dense,exception,contradicted; every cut loses a supporter,1.9676,1.9676,8,4,1,0.3333,6
distractor_para,boundary:query,791,L277,dense,create,"default missed, dense hit",,2.0,1,0,0,0.0,0
distractor_para,boundary:query,792,L53.hi.lo.lo.lo.lo,dense,exception,contradicted; every cut loses a supporter,1.8618,1.8618,13,5,3,0.5,10
distractor_para,boundary:query,792,L53.lo.hi.lo.lo.lo,dense,exception,contradicted; every cut loses a supporter,1.8618,1.8618,12,5,3,0.5,10
distractor_para,boundary:query,792,L56.lo.lo.hi.lo.lo.lo,dense,exception,contradicted; every cut loses a supporter,1.8584,1.8584,12,5,3,0.5,10
distractor_para,boundary:query,792,L37.lo.lo.lo.hi.lo.lo,dense,exception,contradicted; every cut loses a supporter,1.8478,1.8478,14,5,3,0.5,10
distractor_para,boundary:query,792,L53.lo.hi.hi.lo.lo,dense,exception,contradicted; every cut loses a supporter,1.8618,1.8618,14,4,3,0.6,10
distractor_para,boundary:query,792,L56.lo.lo.hi.hi.lo.lo,dense,exception,contradicted; every cut loses a supporter,1.8584,1.8584,14,4,3,0.6,10
distractor_para,boundary:query,792,L243,dense,exception,contradicted; every cut loses a supporter,1.995,1.995,4,7,3,0.3,10
distractor_para,boundary:query,792,L37.lo.lo.lo.hi.hi.lo,dense,exception,contradicted; every cut loses a supporter,1.9256,1.9256,12,6,4,0.4545,11
distractor_para,boundary:query,792,L37.lo.lo.lo.hi.hi.hi,dense,exception,contradicted; every cut loses a supporter,1.8867,1.8867,11,5,3,0.4444,9
distractor_para,boundary:query,792,L53.lo.hi.hi.hi.lo,dense,exception,contradicted; every cut loses a supporter,1.9396,1.9396,17,7,4,0.4167,12
distractor_para,boundary:query,792,L53.lo.hi.hi.hi.hi,dense,exception,contradicted; every cut loses a supporter,1.8618,1.8618,8,3,1,0.5,6
distractor_para,boundary:query,792,L56.lo.lo.hi.hi.hi.lo,dense,exception,contradicted; every cut loses a supporter,1.9362,1.9362,17,7,4,0.4167,12
distractor_para,boundary:query,792,L56.lo.lo.hi.hi.hi.hi,dense,exception,contradicted; every cut loses a supporter,1.8584,1.8584,8,3,1,0.5,6
distractor_para,boundary:query,792,L37.lo.lo.hi.lo.lo.hi.lo,dense,exception,contradicted; every cut loses a supporter,1.8478,1.8478,8,7,3,0.125,8
distractor_para,boundary:query,792,L37.lo.lo.hi.lo.lo.hi.hi,dense,exception,contradicted; every cut loses a supporter,1.8867,1.8867,10,4,3,0.5556,9
distractor_para,boundary:query,792,L53.hi.lo.lo.lo.hi.lo,dense,exception,contradicted; every cut loses a supporter,1.8618,1.8618,10,6,3,0.25,8
distractor_para,boundary:query,792,L53.hi.lo.lo.lo.hi.hi,dense,exception,contradicted; every cut loses a supporter,1.9007,1.9007,10,4,3,0.5,8
distractor_para,boundary:query,792,L53.lo.hi.lo.lo.hi.lo,dense,exception,contradicted; every cut loses a supporter,1.8618,1.8618,10,6,3,0.25,8
distractor_para,boundary:query,792,L53.lo.hi.lo.lo.hi.hi,dense,exception,contradicted; every cut loses a supporter,1.9007,1.9007,10,4,3,0.5,8
distractor_para,boundary:query,792,L56.lo.lo.hi.lo.lo.hi.lo,dense,exception,contradicted; every cut loses a supporter,1.8584,1.8584,10,6,3,0.25,8
distractor_para,boundary:query,792,L56.lo.lo.hi.lo.lo.hi.hi,dense,exception,contradicted; every cut loses a supporter,1.8973,1.8973,10,4,3,0.5,8
distractor_para,boundary:query,792,L37.lo.lo.lo.hi.lo.hi.lo,dense,exception,contradicted; every cut loses a supporter,1.8478,1.8478,10,6,3,0.25,8
distractor_para,boundary:query,792,L37.lo.lo.lo.hi.lo.hi.hi,dense,exception,contradicted; every cut loses a supporter,1.8867,1.8867,10,4,3,0.5,8
distractor_para,boundary:query,792,L53.lo.hi.hi.lo.hi.lo,dense,exception,contradicted; every cut loses a supporter,1.8618,1.8618,11,6,3,0.25,8
distractor_para,boundary:query,792,L53.lo.hi.hi.lo.hi.hi,dense,exception,contradicted; every cut loses a supporter,1.9007,1.9007,10,4,3,0.5,8
distractor_para,boundary:query,792,L56.lo.lo.hi.hi.lo.hi.lo,dense,exception,contradicted; every cut loses a supporter,1.8584,1.8584,11,6,3,0.25,8
distractor_para,boundary:query,792,L56.lo.lo.hi.hi.lo.hi.hi,dense,exception,contradicted; every cut loses a supporter,1.8973,1.8973,10,4,3,0.5,8
distractor_para,boundary:query,792,L241.lo,dense,exception,contradicted; every cut loses a supporter,1.9074,1.9074,10,4,3,0.5556,9
distractor_para,boundary:query,792,L37.lo.lo.lo.hi.hi.lo,dense,split,4 exceptions; cut f:query_len_tokens at 11,,1.9256,12,6,4,0.4545,11
distractor_para,boundary:query,792,L37.lo.lo.lo.hi.hi.lo.lo,dense,create,split of L37.lo.lo.lo.hi.hi.lo,,1.8478,9,0,0,0.0,0
distractor_para,boundary:query,792,L37.lo.lo.lo.hi.hi.lo.hi,dense,create,split of L37.lo.lo.lo.hi.hi.lo,,1.8089,3,0,0,0.0,0
distractor_para,boundary:query,792,L53.lo.hi.hi.hi.lo,dense,split,4 exceptions; cut f:query_len_tokens at 12,,1.9396,17,7,4,0.4167,12
distractor_para,boundary:query,792,L53.lo.hi.hi.hi.lo.lo,dense,create,split of L53.lo.hi.hi.hi.lo,,1.9007,14,0,0,0.0,0
distractor_para,boundary:query,792,L53.lo.hi.hi.hi.lo.hi,dense,create,split of L53.lo.hi.hi.hi.lo,,1.784,3,0,0,0.0,0
distractor_para,boundary:query,792,L56.lo.lo.hi.hi.hi.lo,dense,split,4 exceptions; cut f:query_len_tokens at 12,,1.9362,17,7,4,0.4167,12
distractor_para,boundary:query,792,L56.lo.lo.hi.hi.hi.lo.lo,dense,create,split of L56.lo.lo.hi.hi.hi.lo,,1.8973,14,0,0,0.0,0
distractor_para,boundary:query,792,L56.lo.lo.hi.hi.hi.lo.hi,dense,create,split of L56.lo.lo.hi.hi.hi.lo,,1.7805,3,0,0,0.0,0
distractor_para,boundary:query,795,L128,hybrid,expand,arm beat the default just outside the box,1.8652,1.9041,4,10,3,0.0909,11
distractor_para,boundary:query,795,L148,hybrid,expand,arm beat the default just outside the box,1.9085,1.9085,3,10,3,0.0909,11
distractor_para,boundary:query,795,L284,hybrid,create,"default missed, hybrid hit",,2.0,1,0,0,0.0,0
distractor_para,boundary:query,796,L128,hybrid,expand,arm beat the default just outside the box,1.9042,1.9431,5,10,3,0.0909,11
distractor_para,boundary:query,796,L77.hi,hybrid,expand,arm beat the default just outside the box,1.7951,1.8146,5,5,2,0.2857,7
distractor_para,boundary:query,796,L148,hybrid,expand,arm beat the default just outside the box,1.9086,1.9475,4,10,3,0.0909,11
distractor_para,boundary:query,796,L1.lo.hi.hi.lo.hi,dense,expand,arm beat the default just outside the box,1.9219,1.9608,7,3,1,0.5,6
distractor_para,boundary:query,796,L285,hybrid,create,"default missed, hybrid hit",,2.0,1,0,0,0.0,0
distractor_para,boundary:query,799,L53.lo.hi.hi.hi.hi,dense,exception,contradicted; every cut loses a supporter,1.864,1.864,8,4,2,0.4286,7
distractor_para,boundary:query,799,L56.lo.lo.hi.hi.hi.hi,dense,exception,contradicted; every cut loses a supporter,1.8606,1.8606,8,4,2,0.4286,7
distractor_para,boundary:query,803,L217,hybrid,exception,contradicted; every cut loses a supporter,1.956,1.956,3,7,2,0.125,8
distractor_para,boundary:query,805,L175,dense,narrow,contradicted; cut f:query_len_tokens,2.0006,1.9543,3,5,0,0.2857,7
distractor_para,boundary:query,807,L64.lo,hybrid,expand,arm beat the default just outside the box,1.8191,1.8581,6,7,3,0.1111,9
distractor_para,boundary:query,807,L240.hi,hybrid,expand,arm beat the default just outside the box,1.8319,1.8709,6,6,0,0.25,8
distractor_para,boundary:query,807,L53.lo.hi.hi.hi.lo.hi,dense,expand,arm beat the default just outside the box,1.7843,1.8233,4,1,0,0.0,1
distractor_para,boundary:query,807,L56.lo.lo.hi.hi.hi.lo.hi,dense,expand,arm beat the default just outside the box,1.7808,1.8199,4,1,0,0.0,1
distractor_para,boundary:query,807,L286,hybrid,create,"default missed, hybrid hit",,2.0,1,0,0,0.0,0
distractor_para,boundary:query,809,L273,dense,expand,arm beat the default just outside the box,2.0003,2.031,4,2,0,0.5,4
distractor_para,boundary:query,809,L284,hybrid,expand,arm beat the default just outside the box,1.9992,2.0298,2,0,0,0.0,0
distractor_para,boundary:query,812,L64.lo,hybrid,exception,contradicted; every cut loses a supporter,1.8579,1.8579,6,8,4,0.1,10
distractor_para,boundary:query,812,L240.hi,hybrid,exception,contradicted; every cut loses a supporter,1.8708,1.8708,6,7,1,0.2222,9
distractor_para,boundary:query,812,L53.lo.hi.hi.hi.lo.lo,dense,exception,contradicted; every cut loses a supporter,1.9011,1.9011,15,5,1,0.1667,6
distractor_para,boundary:query,812,L56.lo.lo.hi.hi.hi.lo.lo,dense,exception,contradicted; every cut loses a supporter,1.8977,1.8977,15,5,1,0.1667,6
distractor_para,boundary:query,812,L64.lo,hybrid,split,4 exceptions; cut f:query_len_tokens at 9,,1.8579,6,8,4,0.1,10
distractor_para,boundary:query,812,L64.lo.lo,hybrid,create,split of L64.lo,,1.7798,4,0,0,0.0,0
distractor_para,boundary:query,812,L64.lo.hi,hybrid,create,split of L64.lo,,1.8189,2,0,0,0.0,0
distractor_para,boundary:query,817,L147.lo,dense,expand,arm beat the default just outside the box,1.8689,1.908,9,3,1,0.625,8
distractor_para,boundary:query,817,L1.lo.hi.hi.lo.lo,dense,expand,arm beat the default just outside the box,1.9998,2.0388,10,4,1,0.5,8
distractor_para,boundary:query,817,L289,dense,create,"default missed, dense hit",,2.0,1,0,0,0.0,0
distractor_para,boundary:query,820,L273,dense,exception,contradicted; every cut loses a supporter,2.0312,2.0312,4,4,1,0.3333,6
distractor_para,boundary:query,821,L240.hi,hybrid,exception,contradicted; every cut loses a supporter,1.8706,1.8706,6,8,2,0.2,10
distractor_para,boundary:query,821,L53.lo.hi.hi.hi.lo.lo,dense,expand,arm beat the default just outside the box,1.9009,1.94,16,5,1,0.1667,6
distractor_para,boundary:query,821,L56.lo.lo.hi.hi.hi.lo.lo,dense,expand,arm beat the default just outside the box,1.8975,1.9366,16,5,1,0.1667,6
distractor_para,boundary:query,822,L37.lo.lo.lo.hi.hi.lo.lo,dense,exception,contradicted; every cut loses a supporter,1.8481,1.8481,10,5,1,0.1667,6
distractor_para,boundary:query,822,L53.lo.hi.hi.hi.lo.lo,dense,exception,contradicted; every cut loses a supporter,1.9405,1.9405,16,6,2,0.1429,7
distractor_para,boundary:query,822,L56.lo.lo.hi.hi.hi.lo.lo,dense,exception,contradicted; every cut loses a supporter,1.937,1.937,16,6,2,0.1429,7
distractor_para,boundary:query,823,L37.lo.lo.hi.lo.lo.lo,dense,exception,contradicted; every cut loses a supporter,1.8485,1.8485,18,7,4,0.3333,12
distractor_para,boundary:query,823,L53.hi.lo.lo.lo.lo,dense,exception,contradicted; every cut loses a supporter,1.8627,1.8627,13,6,4,0.3636,11
distractor_para,boundary:query,823,L53.lo.hi.lo.lo.lo,dense,exception,contradicted; every cut loses a supporter,1.8627,1.8627,12,6,4,0.3636,11
distractor_para,boundary:query,823,L56.lo.lo.hi.lo.lo.lo,dense,exception,contradicted; every cut loses a supporter,1.8593,1.8593,12,6,4,0.3636,11
distractor_para,boundary:query,823,L37.lo.lo.lo.hi.lo.lo,dense,exception,contradicted; every cut loses a supporter,1.8485,1.8485,14,6,4,0.3636,11
distractor_para,boundary:query,823,L53.lo.hi.hi.lo.lo,dense,exception,contradicted; every cut loses a supporter,1.8627,1.8627,14,5,4,0.4545,11
distractor_para,boundary:query,823,L56.lo.lo.hi.hi.lo.lo,dense,exception,contradicted; every cut loses a supporter,1.8593,1.8593,14,5,4,0.4545,11
distractor_para,boundary:query,823,L243,dense,exception,contradicted; every cut loses a supporter,1.9966,1.9966,4,8,4,0.1818,11
distractor_para,boundary:query,823,L37.lo.lo.hi.lo.lo.hi.lo,dense,exception,contradicted; every cut loses a supporter,1.8485,1.8485,8,8,4,0.0,9
distractor_para,boundary:query,823,L53.hi.lo.lo.lo.hi.lo,dense,exception,contradicted; every cut loses a supporter,1.8627,1.8627,10,7,4,0.1111,9
distractor_para,boundary:query,823,L53.lo.hi.lo.lo.hi.lo,dense,exception,contradicted; every cut loses a supporter,1.8627,1.8627,10,7,4,0.1111,9
distractor_para,boundary:query,823,L56.lo.lo.hi.lo.lo.hi.lo,dense,exception,contradicted; every cut loses a supporter,1.8593,1.8593,10,7,4,0.1111,9
distractor_para,boundary:query,823,L37.lo.lo.lo.hi.lo.hi.lo,dense,exception,contradicted; every cut loses a supporter,1.8485,1.8485,10,7,4,0.1111,9
distractor_para,boundary:query,823,L53.lo.hi.hi.lo.hi.lo,dense,exception,contradicted; every cut loses a supporter,1.8627,1.8627,11,7,4,0.1111,9
distractor_para,boundary:query,823,L56.lo.lo.hi.hi.lo.hi.lo,dense,exception,contradicted; every cut loses a supporter,1.8593,1.8593,11,7,4,0.1111,9
distractor_para,boundary:query,823,L241.lo,dense,exception,contradicted; every cut loses a supporter,1.9086,1.9086,11,5,4,0.4545,11
distractor_para,boundary:query,823,L37.lo.lo.lo.hi.hi.lo.lo,dense,exception,contradicted; every cut loses a supporter,1.8485,1.8485,10,6,2,0.0,7
distractor_para,boundary:query,823,L53.lo.hi.hi.hi.lo.lo,dense,exception,contradicted; every cut loses a supporter,1.9408,1.9408,16,7,3,0.0,8
distractor_para,boundary:query,823,L56.lo.lo.hi.hi.hi.lo.lo,dense,exception,contradicted; every cut loses a supporter,1.9374,1.9374,16,7,3,0.0,8
distractor_para,boundary:query,823,L37.lo.lo.hi.lo.lo.lo,dense,split,4 exceptions; cut f:query_len_tokens at 10,,1.8485,18,7,4,0.3333,12
distractor_para,boundary:query,823,L37.lo.lo.hi.lo.lo.lo.lo,dense,create,split of L37.lo.lo.hi.lo.lo.lo,,1.8094,11,0,0,0.0,0
distractor_para,boundary:query,823,L37.lo.lo.hi.lo.lo.lo.hi,dense,create,split of L37.lo.lo.hi.lo.lo.lo,,1.7704,7,0,0,0.0,0
distractor_para,boundary:query,823,L53.hi.lo.lo.lo.lo,dense,split,4 exceptions; cut f:query_len_tokens at 10,,1.8627,13,6,4,0.3636,11
distractor_para,boundary:query,823,L53.hi.lo.lo.lo.lo.lo,dense,create,split of L53.hi.lo.lo.lo.lo,,1.8237,12,0,0,0.0,0
distractor_para,boundary:query,823,L53.hi.lo.lo.lo.lo.hi,dense,create,split of L53.hi.lo.lo.lo.lo,,1.7846,1,0,0,0.0,0
distractor_para,boundary:query,823,L53.lo.hi.lo.lo.lo,dense,split,4 exceptions; cut f:query_len_tokens at 10,,1.8627,12,6,4,0.3636,11
distractor_para,boundary:query,823,L53.lo.hi.lo.lo.lo.lo,dense,create,split of L53.lo.hi.lo.lo.lo,,1.8237,11,0,0,0.0,0
distractor_para,boundary:query,823,L53.lo.hi.lo.lo.lo.hi,dense,create,split of L53.lo.hi.lo.lo.lo,,1.7846,1,0,0,0.0,0
distractor_para,boundary:query,823,L56.lo.lo.hi.lo.lo.lo,dense,split,4 exceptions; cut f:query_len_tokens at 10,,1.8593,12,6,4,0.3636,11
distractor_para,boundary:query,823,L56.lo.lo.hi.lo.lo.lo.lo,dense,create,split of L56.lo.lo.hi.lo.lo.lo,,1.8202,11,0,0,0.0,0
distractor_para,boundary:query,823,L56.lo.lo.hi.lo.lo.lo.hi,dense,create,split of L56.lo.lo.hi.lo.lo.lo,,1.7811,1,0,0,0.0,0
distractor_para,boundary:query,823,L37.lo.lo.lo.hi.lo.lo,dense,split,4 exceptions; cut f:query_len_tokens at 10,,1.8485,14,6,4,0.3636,11
distractor_para,boundary:query,823,L37.lo.lo.lo.hi.lo.lo.lo,dense,create,split of L37.lo.lo.lo.hi.lo.lo,,1.8094,13,0,0,0.0,0
distractor_para,boundary:query,823,L37.lo.lo.lo.hi.lo.lo.hi,dense,create,split of L37.lo.lo.lo.hi.lo.lo,,1.7704,1,0,0,0.0,0
distractor_para,boundary:query,823,L53.lo.hi.hi.lo.lo,dense,split,4 exceptions; cut f:query_len_tokens at 10,,1.8627,14,5,4,0.4545,11
distractor_para,boundary:query,823,L53.lo.hi.hi.lo.lo.lo,dense,create,split of L53.lo.hi.hi.lo.lo,,1.8237,13,0,0,0.0,0
distractor_para,boundary:query,823,L53.lo.hi.hi.lo.lo.hi,dense,create,split of L53.lo.hi.hi.lo.lo,,1.7846,1,0,0,0.0,0
distractor_para,boundary:query,823,L56.lo.lo.hi.hi.lo.lo,dense,split,4 exceptions; cut f:query_len_tokens at 10,,1.8593,14,5,4,0.4545,11
distractor_para,boundary:query,823,L56.lo.lo.hi.hi.lo.lo.lo,dense,create,split of L56.lo.lo.hi.hi.lo.lo,,1.8202,13,0,0,0.0,0
distractor_para,boundary:query,823,L56.lo.lo.hi.hi.lo.lo.hi,dense,create,split of L56.lo.lo.hi.hi.lo.lo,,1.7811,1,0,0,0.0,0
distractor_para,boundary:query,823,L243,dense,split,4 exceptions; cut f:query_len_tokens at 9.5,,1.9966,4,8,4,0.1818,11
distractor_para,boundary:query,823,L243.lo,dense,create,split of L243,,1.9322,2,0,0,0.0,0
distractor_para,boundary:query,823,L243.hi,dense,create,split of L243,,1.815,2,0,0,0.0,0
distractor_para,boundary:query,823,L37.lo.lo.hi.lo.lo.hi.lo,dense,split,4 exceptions; cut f:query_len_tokens at 10,,1.8485,8,8,4,0.0,9
distractor_para,boundary:query,823,L37.lo.lo.hi.lo.lo.hi.lo.lo,dense,create,split of L37.lo.lo.hi.lo.lo.hi.lo,,1.8094,7,0,0,0.0,0
distractor_para,boundary:query,823,L37.lo.lo.hi.lo.lo.hi.lo.hi,dense,create,split of L37.lo.lo.hi.lo.lo.hi.lo,,1.7704,1,0,0,0.0,0
distractor_para,boundary:query,823,L53.hi.lo.lo.lo.hi.lo,dense,split,4 exceptions; cut f:query_len_tokens at 10,,1.8627,10,7,4,0.1111,9
distractor_para,boundary:query,823,L53.hi.lo.lo.lo.hi.lo.lo,dense,create,split of L53.hi.lo.lo.lo.hi.lo,,1.8237,7,0,0,0.0,0
distractor_para,boundary:query,823,L53.hi.lo.lo.lo.hi.lo.hi,dense,create,split of L53.hi.lo.lo.lo.hi.lo,,1.7846,3,0,0,0.0,0
distractor_para,boundary:query,823,L53.lo.hi.lo.lo.hi.lo,dense,split,4 exceptions; cut f:query_len_tokens at 10,,1.8627,10,7,4,0.1111,9
distractor_para,boundary:query,823,L53.lo.hi.lo.lo.hi.lo.lo,dense,create,split of L53.lo.hi.lo.lo.hi.lo,,1.8237,7,0,0,0.0,0
distractor_para,boundary:query,823,L53.lo.hi.lo.lo.hi.lo.hi,dense,create,split of L53.lo.hi.lo.lo.hi.lo,,1.7846,3,0,0,0.0,0
distractor_para,boundary:query,823,L56.lo.lo.hi.lo.lo.hi.lo,dense,split,4 exceptions; cut f:query_len_tokens at 10,,1.8593,10,7,4,0.1111,9
distractor_para,boundary:query,823,L56.lo.lo.hi.lo.lo.hi.lo.lo,dense,create,split of L56.lo.lo.hi.lo.lo.hi.lo,,1.8202,7,0,0,0.0,0
distractor_para,boundary:query,823,L56.lo.lo.hi.lo.lo.hi.lo.hi,dense,create,split of L56.lo.lo.hi.lo.lo.hi.lo,,1.7811,3,0,0,0.0,0
distractor_para,boundary:query,823,L37.lo.lo.lo.hi.lo.hi.lo,dense,split,4 exceptions; cut f:query_len_tokens at 10,,1.8485,10,7,4,0.1111,9
distractor_para,boundary:query,823,L37.lo.lo.lo.hi.lo.hi.lo.lo,dense,create,split of L37.lo.lo.lo.hi.lo.hi.lo,,1.8094,7,0,0,0.0,0
distractor_para,boundary:query,823,L37.lo.lo.lo.hi.lo.hi.lo.hi,dense,create,split of L37.lo.lo.lo.hi.lo.hi.lo,,1.7704,3,0,0,0.0,0
distractor_para,boundary:query,823,L53.lo.hi.hi.lo.hi.lo,dense,split,4 exceptions; cut f:query_len_tokens at 10,,1.8627,11,7,4,0.1111,9
distractor_para,boundary:query,823,L53.lo.hi.hi.lo.hi.lo.lo,dense,create,split of L53.lo.hi.hi.lo.hi.lo,,1.8237,7,0,0,0.0,0
distractor_para,boundary:query,823,L53.lo.hi.hi.lo.hi.lo.hi,dense,create,split of L53.lo.hi.hi.lo.hi.lo,,1.7846,4,0,0,0.0,0
distractor_para,boundary:query,823,L56.lo.lo.hi.hi.lo.hi.lo,dense,split,4 exceptions; cut f:query_len_tokens at 10,,1.8593,11,7,4,0.1111,9
distractor_para,boundary:query,823,L56.lo.lo.hi.hi.lo.hi.lo.lo,dense,create,split of L56.lo.lo.hi.hi.lo.hi.lo,,1.8202,7,0,0,0.0,0
distractor_para,boundary:query,823,L56.lo.lo.hi.hi.lo.hi.lo.hi,dense,create,split of L56.lo.lo.hi.hi.lo.hi.lo,,1.7811,4,0,0,0.0,0
distractor_para,boundary:query,823,L241.lo,dense,split,4 exceptions; cut f:query_len_tokens at 13,,1.9086,11,5,4,0.4545,11
distractor_para,boundary:query,823,L241.lo.lo,dense,create,split of L241.lo,,1.9086,11,0,0,0.0,0
distractor_para,boundary:query,823,L37.lo.lo.lo.hi.hi.lo.lo,dense,retire,utility <= 0,,1.8485,10,6,2,0.0,7
distractor_para,boundary:query,823,L53.lo.hi.hi.hi.lo.lo,dense,retire,utility <= 0,,1.9408,16,7,3,0.0,8
distractor_para,boundary:query,823,L56.lo.lo.hi.hi.hi.lo.lo,dense,retire,utility <= 0,,1.9374,16,7,3,0.0,8
distractor_para,boundary:query,823,L286,hybrid,retire,utility <= 0,,2.0006,1,5,0,0.0,5
distractor_para,boundary:query,825,L128,hybrid,exception,contradicted; every cut loses a supporter,1.944,1.944,6,11,4,0.1538,13
distractor_para,boundary:query,825,L148,hybrid,exception,contradicted; every cut loses a supporter,1.9485,1.9485,5,11,4,0.1538,13
distractor_para,boundary:query,825,L128,hybrid,split,4 exceptions; cut f:query_len_tokens at 16,,1.944,6,11,4,0.1538,13
distractor_para,boundary:query,825,L128.lo,hybrid,create,split of L128,,1.8268,4,0,0,0.0,0
distractor_para,boundary:query,825,L128.hi,hybrid,create,split of L128,,1.8659,2,0,0,0.0,0
distractor_para,boundary:query,825,L148,hybrid,split,4 exceptions; cut f:query_len_tokens at 16,,1.9485,5,11,4,0.1538,13
distractor_para,boundary:query,825,L148.lo,hybrid,create,split of L148,,1.8313,3,0,0,0.0,0
distractor_para,boundary:query,825,L148.hi,hybrid,create,split of L148,,1.8703,2,0,0,0.0,0
distractor_para,boundary:query,829,L37.lo.lo.lo.hi.hi.lo.hi,dense,expand,arm beat the default just outside the box,1.8108,1.8499,6,4,0,0.3333,6
distractor_para,boundary:query,829,L53.lo.hi.hi.hi.lo.hi,dense,expand,arm beat the default just outside the box,1.825,1.8641,6,2,0,0.3333,3
distractor_para,boundary:query,829,L56.lo.lo.hi.hi.hi.lo.hi,dense,expand,arm beat the default just outside the box,1.8215,1.8606,6,2,0,0.3333,3
distractor_para,boundary:query,829,L241.lo.lo,dense,expand,arm beat the default just outside the box,1.91,1.9491,12,2,0,0.0,2
distractor_para,boundary:query,831,L175,dense,exception,contradicted; every cut loses a supporter,1.9546,1.9546,3,6,1,0.125,8
distractor_para,boundary:query,831,L40.lo,dense,exception,contradicted; every cut loses a supporter,1.9706,1.9706,8,5,2,0.1429,7
distractor_para,boundary:query,835,L273,dense,exception,contradicted; every cut loses a supporter,2.0304,2.0304,5,5,2,0.375,8
distractor_para,boundary:query,835,L284,hybrid,retire,utility <= 0,,2.0292,2,5,0,0.0,5
distractor_para,boundary:query,836,L285,hybrid,narrow,contradicted; cut f:query_len_tokens,1.9984,1.9901,2,5,0,0.1667,6
distractor_para,boundary:query,837,L277,dense,expand,arm beat the default just outside the box,2.0002,2.0308,2,3,0,0.0,3
distractor_para,boundary:query,837,L325,dense,create,"default missed, dense hit",,2.0,1,0,0,0.0,0
distractor_para,boundary:query,838,L22.hi.hi.hi,hybrid,retire,utility <= 0,,1.906,6,4,0,0.0,5
distractor_para,boundary:query,839,L64.lo.hi,hybrid,retire,utility <= 0,,1.8189,2,5,0,0.0,5
distractor_para,boundary:query,843,L37.lo.lo.lo.hi.hi.hi,dense,exception,contradicted; every cut loses a supporter,1.8857,1.8857,13,6,4,0.5,12
distractor_para,boundary:query,843,L53.lo.hi.hi.hi.hi,dense,exception,contradicted; every cut loses a supporter,1.8611,1.8611,10,5,3,0.5,10
distractor_para,boundary:query,843,L56.lo.lo.hi.hi.hi.hi,dense,exception,contradicted; every cut loses a supporter,1.8576,1.8576,10,5,3,0.5,10
distractor_para,boundary:query,843,L37.lo.lo.hi.lo.lo.hi.hi,dense,exception,contradicted; every cut loses a supporter,1.8857,1.8857,12,5,4,0.5833,12
distractor_para,boundary:query,843,L53.hi.lo.lo.lo.hi.hi,dense,exception,contradicted; every cut loses a supporter,1.9001,1.9001,12,5,4,0.5455,11
distractor_para,boundary:query,843,L53.lo.hi.lo.lo.hi.hi,dense,exception,contradicted; every cut loses a supporter,1.9001,1.9001,12,5,4,0.5455,11
distractor_para,boundary:query,843,L56.lo.lo.hi.lo.lo.hi.hi,dense,exception,contradicted; every cut loses a supporter,1.8966,1.8966,12,5,4,0.5455,11
distractor_para,boundary:query,843,L37.lo.lo.lo.hi.lo.hi.hi,dense,exception,contradicted; every cut loses a supporter,1.8857,1.8857,12,5,4,0.5455,11
distractor_para,boundary:query,843,L53.lo.hi.hi.lo.hi.hi,dense,exception,contradicted; every cut loses a supporter,1.9001,1.9001,12,5,4,0.5455,11
distractor_para,boundary:query,843,L56.lo.lo.hi.hi.lo.hi.hi,dense,exception,contradicted; every cut loses a supporter,1.8966,1.8966,12,5,4,0.5455,11
distractor_para,boundary:query,843,L241.hi,dense,exception,contradicted; every cut loses a supporter,1.8289,1.8289,6,1,1,0.8333,6
distractor_para,boundary:query,843,L37.lo.lo.lo.hi.hi.lo.hi,dense,exception,contradicted; every cut loses a supporter,1.8467,1.8467,6,5,1,0.2857,7
distractor_para,boundary:query,843,L37.lo.lo.lo.hi.hi.hi,dense,split,4 exceptions; cut f:query_len_tokens at 13,,1.8857,13,6,4,0.5,12
distractor_para,boundary:query,843,L37.lo.lo.lo.hi.hi.hi.lo,dense,create,split of L37.lo.lo.lo.hi.hi.hi,,1.8467,11,0,0,0.0,0
distractor_para,boundary:query,843,L37.lo.lo.lo.hi.hi.hi.hi,dense,create,split of L37.lo.lo.lo.hi.hi.hi,,1.7688,2,0,0,0.0,0
distractor_para,boundary:query,843,L37.lo.lo.hi.lo.lo.hi.hi,dense,split,4 exceptions; cut f:query_len_tokens at 13,,1.8857,12,5,4,0.5833,12
distractor_para,boundary:query,843,L37.lo.lo.hi.lo.lo.hi.hi.lo,dense,create,split of L37.lo.lo.hi.lo.lo.hi.hi,,1.8467,10,0,0,0.0,0
distractor_para,boundary:query,843,L37.lo.lo.hi.lo.lo.hi.hi.hi,dense,create,split of L37.lo.lo.hi.lo.lo.hi.hi,,1.7688,2,0,0,0.0,0
distractor_para,boundary:query,843,L53.hi.lo.lo.lo.hi.hi,dense,split,4 exceptions; cut f:query_len_tokens at 13,,1.9001,12,5,4,0.5455,11
distractor_para,boundary:query,843,L53.hi.lo.lo.lo.hi.hi.lo,dense,create,split of L53.hi.lo.lo.lo.hi.hi,,1.8611,10,0,0,0.0,0
distractor_para,boundary:query,843,L53.hi.lo.lo.lo.hi.hi.hi,dense,create,split of L53.hi.lo.lo.lo.hi.hi,,1.7831,2,0,0,0.0,0
distractor_para,boundary:query,843,L53.lo.hi.lo.lo.hi.hi,dense,split,4 exceptions; cut f:query_len_tokens at 13,,1.9001,12,5,4,0.5455,11
distractor_para,boundary:query,843,L53.lo.hi.lo.lo.hi.hi.lo,dense,create,split of L53.lo.hi.lo.lo.hi.hi,,1.8611,10,0,0,0.0,0
distractor_para,boundary:query,843,L53.lo.hi.lo.lo.hi.hi.hi,dense,create,split of L53.lo.hi.lo.lo.hi.hi,,1.7831,2,0,0,0.0,0
distractor_para,boundary:query,843,L56.lo.lo.hi.lo.lo.hi.hi,dense,split,4 exceptions; cut f:query_len_tokens at 13,,1.8966,12,5,4,0.5455,11
distractor_para,boundary:query,843,L56.lo.lo.hi.lo.lo.hi.hi.lo,dense,create,split of L56.lo.lo.hi.lo.lo.hi.hi,,1.8576,10,0,0,0.0,0
distractor_para,boundary:query,843,L56.lo.lo.hi.lo.lo.hi.hi.hi,dense,create,split of L56.lo.lo.hi.lo.lo.hi.hi,,1.7797,2,0,0,0.0,0
distractor_para,boundary:query,843,L37.lo.lo.lo.hi.lo.hi.hi,dense,split,4 exceptions; cut f:query_len_tokens at 13,,1.8857,12,5,4,0.5455,11
distractor_para,boundary:query,843,L37.lo.lo.lo.hi.lo.hi.hi.lo,dense,create,split of L37.lo.lo.lo.hi.lo.hi.hi,,1.8467,10,0,0,0.0,0
distractor_para,boundary:query,843,L37.lo.lo.lo.hi.lo.hi.hi.hi,dense,create,split of L37.lo.lo.lo.hi.lo.hi.hi,,1.7688,2,0,0,0.0,0
distractor_para,boundary:query,843,L53.lo.hi.hi.lo.hi.hi,dense,split,4 exceptions; cut f:query_len_tokens at 13,,1.9001,12,5,4,0.5455,11
distractor_para,boundary:query,843,L53.lo.hi.hi.lo.hi.hi.lo,dense,create,split of L53.lo.hi.hi.lo.hi.hi,,1.8611,10,0,0,0.0,0
distractor_para,boundary:query,843,L53.lo.hi.hi.lo.hi.hi.hi,dense,create,split of L53.lo.hi.hi.lo.hi.hi,,1.7831,2,0,0,0.0,0
distractor_para,boundary:query,843,L56.lo.lo.hi.hi.lo.hi.hi,dense,split,4 exceptions; cut f:query_len_tokens at 13,,1.8966,12,5,4,0.5455,11
distractor_para,boundary:query,843,L56.lo.lo.hi.hi.lo.hi.hi.lo,dense,create,split of L56.lo.lo.hi.hi.lo.hi.hi,,1.8576,10,0,0,0.0,0
distractor_para,boundary:query,843,L56.lo.lo.hi.hi.lo.hi.hi.hi,dense,create,split of L56.lo.lo.hi.hi.lo.hi.hi,,1.7797,2,0,0,0.0,0
distractor_para,boundary:query,844,L214,dense,expand,arm beat the default just outside the box,2.0001,2.0313,4,3,0,0.4,5
distractor_para,boundary:query,844,L342,dense,create,"default missed, dense hit",,2.0,1,0,0,0.0,0
distractor_para,boundary:query,844,L343,hybrid,create,"default missed, hybrid hit",,2.0,1,0,0,0.0,0
distractor_para,boundary:query,845,L289,dense,expand,arm beat the default just outside the box,1.9994,2.0305,3,0,0,1.0,1
distractor_para,boundary:query,850,L270,hybrid,retire,utility <= 0,,1.9979,1,5,0,-0.2,5
distractor_para,boundary:query,851,L344,dense,create,"default missed, dense hit",,2.0,1,0,0,0.0,0
distractor_para,boundary:query,851,L345,hybrid,create,"default missed, hybrid hit",,2.0,1,0,0,0.0,0
distractor_para,boundary:query,852,L147.lo,dense,exception,contradicted; every cut loses a supporter,1.9071,1.9071,10,4,2,0.6,10
distractor_para,boundary:query,852,L1.lo.hi.hi.lo.lo,dense,exception,contradicted; every cut loses a supporter,2.0387,2.0387,11,5,2,0.5,10
distractor_para,boundary:query,852,L1.lo.hi.hi.lo.hi,dense,exception,contradicted; every cut loses a supporter,1.9606,1.9606,9,4,2,0.5556,9
distractor_para,boundary:query,852,L273,dense,exception,contradicted; every cut loses a supporter,2.0308,2.0308,6,6,3,0.4,10
distractor_para,boundary:query,852,L285,hybrid,exception,contradicted; every cut loses a supporter,1.9905,1.9905,3,6,1,0.25,8
distractor_para,boundary:query,853,L37.lo.lo.hi.lo.lo.lo.lo,dense,expand,arm beat the default just outside the box,1.8078,1.8469,12,4,0,0.0,4
distractor_para,boundary:query,853,L53.hi.lo.lo.lo.lo.lo,dense,expand,arm beat the default just outside the box,1.8222,1.8613,13,4,0,0.0,4
distractor_para,boundary:query,853,L53.lo.hi.lo.lo.lo.lo,dense,expand,arm beat the default just outside the box,1.8222,1.8613,12,4,0,0.0,4
distractor_para,boundary:query,853,L56.lo.lo.hi.lo.lo.lo.lo,dense,expand,arm beat the default just outside the box,1.8187,1.8578,12,4,0,0.0,4
distractor_para,boundary:query,853,L37.lo.lo.lo.hi.lo.lo.lo,dense,expand,arm beat the default just outside the box,1.8078,1.8469,14,4,0,0.0,4
distractor_para,boundary:query,853,L53.lo.hi.hi.lo.lo.lo,dense,expand,arm beat the default just outside the box,1.8222,1.8613,14,4,0,0.0,4
distractor_para,boundary:query,853,L56.lo.lo.hi.hi.lo.lo.lo,dense,expand,arm beat the default just outside the box,1.8187,1.8578,14,4,0,0.0,4
distractor_para,boundary:query,853,L243.lo,dense,expand,arm beat the default just outside the box,1.9308,1.9894,3,1,0,0.0,1
distractor_para,boundary:query,853,L37.lo.lo.hi.lo.lo.hi.lo.lo,dense,expand,arm beat the default just outside the box,1.8078,1.8469,8,4,0,0.0,4
distractor_para,boundary:query,853,L53.hi.lo.lo.lo.hi.lo.lo,dense,expand,arm beat the default just outside the box,1.8222,1.8613,8,4,0,0.0,4
distractor_para,boundary:query,853,L53.lo.hi.lo.lo.hi.lo.lo,dense,expand,arm beat the default just outside the box,1.8222,1.8613,8,4,0,0.0,4
distractor_para,boundary:query,853,L56.lo.lo.hi.lo.lo.hi.lo.lo,dense,expand,arm beat the default just outside the box,1.8187,1.8578,8,4,0,0.0,4
distractor_para,boundary:query,853,L37.lo.lo.lo.hi.lo.hi.lo.lo,dense,expand,arm beat the default just outside the box,1.8078,1.8469,8,4,0,0.0,4
distractor_para,boundary:query,853,L53.lo.hi.hi.lo.hi.lo.lo,dense,expand,arm beat the default just outside the box,1.8222,1.8613,8,4,0,0.0,4
distractor_para,boundary:query,853,L56.lo.lo.hi.hi.lo.hi.lo.lo,dense,expand,arm beat the default just outside the box,1.8187,1.8578,8,4,0,0.0,4
distractor_para,boundary:query,853,L346,hybrid,create,"default missed, hybrid hit",,2.0,1,0,0,0.0,0
distractor_para,boundary:query,855,L347,hybrid,create,"default missed, hybrid hit",,2.0,1,0,0,0.0,0
distractor_para,boundary:query,858,L37.lo.lo.lo.hi.hi.lo.hi,dense,exception,contradicted; every cut loses a supporter,1.8457,1.8457,7,6,2,0.3333,9
distractor_para,boundary:query,858,L53.lo.hi.hi.hi.lo.hi,dense,exception,contradicted; every cut loses a supporter,1.8601,1.8601,7,4,1,0.3333,6
distractor_para,boundary:query,858,L56.lo.lo.hi.hi.hi.lo.hi,dense,exception,contradicted; every cut loses a supporter,1.8567,1.8567,7,4,1,0.3333,6
distractor_para,boundary:query,858,L241.lo.lo,dense,exception,contradicted; every cut loses a supporter,1.9449,1.9449,13,5,1,0.1667,6
distractor_para,boundary:query,858,L37.lo.lo.hi.lo.lo.lo.lo,dense,retire,utility <= 0,,1.8457,12,5,0,0.0,5
distractor_para,boundary:query,858,L53.hi.lo.lo.lo.lo.lo,dense,retire,utility <= 0,,1.8601,13,5,0,0.0,5
distractor_para,boundary:query,858,L53.lo.hi.lo.lo.lo.lo,dense,retire,utility <= 0,,1.8601,12,5,0,0.0,5
distractor_para,boundary:query,858,L56.lo.lo.hi.lo.lo.lo.lo,dense,retire,utility <= 0,,1.8567,12,5,0,0.0,5
distractor_para,boundary:query,858,L37.lo.lo.lo.hi.lo.lo.lo,dense,retire,utility <= 0,,1.8457,14,5,0,0.0,5
distractor_para,boundary:query,858,L53.lo.hi.hi.lo.lo.lo,dense,retire,utility <= 0,,1.8601,14,5,0,0.0,5
distractor_para,boundary:query,858,L56.lo.lo.hi.hi.lo.lo.lo,dense,retire,utility <= 0,,1.8567,14,5,0,0.0,5
distractor_para,boundary:query,858,L37.lo.lo.hi.lo.lo.hi.lo.lo,dense,retire,utility <= 0,,1.8457,8,5,0,0.0,5
distractor_para,boundary:query,858,L53.hi.lo.lo.lo.hi.lo.lo,dense,retire,utility <= 0,,1.8601,8,5,0,0.0,5
distractor_para,boundary:query,858,L53.lo.hi.lo.lo.hi.lo.lo,dense,retire,utility <= 0,,1.8601,8,5,0,0.0,5
distractor_para,boundary:query,858,L56.lo.lo.hi.lo.lo.hi.lo.lo,dense,retire,utility <= 0,,1.8567,8,5,0,0.0,5
distractor_para,boundary:query,858,L37.lo.lo.lo.hi.lo.hi.lo.lo,dense,retire,utility <= 0,,1.8457,8,5,0,0.0,5
distractor_para,boundary:query,858,L53.lo.hi.hi.lo.hi.lo.lo,dense,retire,utility <= 0,,1.8601,8,5,0,0.0,5
distractor_para,boundary:query,858,L56.lo.lo.hi.hi.lo.hi.lo.lo,dense,retire,utility <= 0,,1.8567,8,5,0,0.0,5
distractor_para,boundary:query,859,L79,dense,retire,utility <= 0,,1.9907,1,5,0,0.0,5
distractor_para,boundary:query,859,L80,hybrid,retire,utility <= 0,,1.9907,1,5,0,0.0,5
distractor_para,boundary:query,861,L163,dense,narrow,contradicted; cut f:query_len_tokens,1.9088,1.9008,4,9,2,0.1818,11
distractor_para,boundary:query,861,L196,dense,narrow,contradicted; cut f:query_len_tokens,1.912,1.9038,3,8,2,0.1111,9
distractor_para,boundary:query,861,L217,hybrid,narrow,contradicted; cut f:query_len_tokens,1.951,1.9049,3,8,2,0.1111,9
distractor_para,boundary:query,863,L37.lo.lo.hi.lo.lo.lo.hi,dense,exception,contradicted; every cut loses a supporter,1.767,1.767,8,5,1,0.1667,6
distractor_para,boundary:query,863,L53.hi.lo.lo.lo.lo.hi,dense,exception,contradicted; every cut loses a supporter,1.7814,1.7814,2,5,1,0.1667,6
distractor_para,boundary:query,863,L53.lo.hi.lo.lo.lo.hi,dense,exception,contradicted; every cut loses a supporter,1.7814,1.7814,2,5,1,0.1667,6
distractor_para,boundary:query,863,L56.lo.lo.hi.lo.lo.lo.hi,dense,exception,contradicted; every cut loses a supporter,1.7779,1.7779,2,5,1,0.1667,6
distractor_para,boundary:query,863,L37.lo.lo.lo.hi.lo.lo.hi,dense,exception,contradicted; every cut loses a supporter,1.767,1.767,2,5,1,0.1667,6
distractor_para,boundary:query,863,L53.lo.hi.hi.lo.lo.hi,dense,exception,contradicted; every cut loses a supporter,1.7814,1.7814,2,5,1,0.1667,6
distractor_para,boundary:query,863,L56.lo.lo.hi.hi.lo.lo.hi,dense,exception,contradicted; every cut loses a supporter,1.7779,1.7779,2,5,1,0.1667,6
distractor_para,boundary:query,863,L243.hi,dense,exception,contradicted; every cut loses a supporter,1.8117,1.8117,3,5,1,0.1667,6
distractor_para,boundary:query,863,L37.lo.lo.hi.lo.lo.hi.lo.hi,dense,exception,contradicted; every cut loses a supporter,1.767,1.767,2,5,1,0.1667,6
distractor_para,boundary:query,863,L53.hi.lo.lo.lo.hi.lo.hi,dense,exception,contradicted; every cut loses a supporter,1.7814,1.7814,4,5,1,0.1667,6
distractor_para,boundary:query,863,L53.lo.hi.lo.lo.hi.lo.hi,dense,exception,contradicted; every cut loses a supporter,1.7814,1.7814,4,5,1,0.1667,6
distractor_para,boundary:query,863,L56.lo.lo.hi.lo.lo.hi.lo.hi,dense,exception,contradicted; every cut loses a supporter,1.7779,1.7779,4,5,1,0.1667,6
distractor_para,boundary:query,863,L37.lo.lo.lo.hi.lo.hi.lo.hi,dense,exception,contradicted; every cut loses a supporter,1.767,1.767,4,5,1,0.1667,6
distractor_para,boundary:query,863,L53.lo.hi.hi.lo.hi.lo.hi,dense,exception,contradicted; every cut loses a supporter,1.7814,1.7814,5,5,1,0.1667,6
distractor_para,boundary:query,863,L56.lo.lo.hi.hi.lo.hi.lo.hi,dense,exception,contradicted; every cut loses a supporter,1.7779,1.7779,5,5,1,0.1667,6
distractor_para,boundary:query,865,L37.lo.lo.hi.lo.lo.lo.hi,dense,expand,arm beat the default just outside the box,1.7675,1.8064,9,5,1,0.1667,6
distractor_para,boundary:query,865,L53.hi.lo.lo.lo.lo.hi,dense,expand,arm beat the default just outside the box,1.7819,1.8208,3,5,1,0.1667,6
distractor_para,boundary:query,865,L53.lo.hi.lo.lo.lo.hi,dense,expand,arm beat the default just outside the box,1.7819,1.8208,3,5,1,0.1667,6
distractor_para,boundary:query,865,L56.lo.lo.hi.lo.lo.lo.hi,dense,expand,arm beat the default just outside the box,1.7785,1.8174,3,5,1,0.1667,6
distractor_para,boundary:query,865,L37.lo.lo.lo.hi.lo.lo.hi,dense,expand,arm beat the default just outside the box,1.7675,1.8064,3,5,1,0.1667,6
distractor_para,boundary:query,865,L53.lo.hi.hi.lo.lo.hi,dense,expand,arm beat the default just outside the box,1.7819,1.8208,3,5,1,0.1667,6
distractor_para,boundary:query,865,L56.lo.lo.hi.hi.lo.lo.hi,dense,expand,arm beat the default just outside the box,1.7785,1.8174,3,5,1,0.1667,6
distractor_para,boundary:query,865,L243.hi,dense,expand,arm beat the default just outside the box,1.8123,1.8317,4,5,1,0.1667,6
distractor_para,boundary:query,865,L37.lo.lo.hi.lo.lo.hi.lo.hi,dense,expand,arm beat the default just outside the box,1.7675,1.8064,3,5,1,0.1667,6
distractor_para,boundary:query,865,L53.hi.lo.lo.lo.hi.lo.hi,dense,expand,arm beat the default just outside the box,1.7819,1.8208,5,5,1,0.1667,6
distractor_para,boundary:query,865,L53.lo.hi.lo.lo.hi.lo.hi,dense,expand,arm beat the default just outside the box,1.7819,1.8208,5,5,1,0.1667,6
distractor_para,boundary:query,865,L56.lo.lo.hi.lo.lo.hi.lo.hi,dense,expand,arm beat the default just outside the box,1.7785,1.8174,5,5,1,0.1667,6
distractor_para,boundary:query,865,L37.lo.lo.lo.hi.lo.hi.lo.hi,dense,expand,arm beat the default just outside the box,1.7675,1.8064,5,5,1,0.1667,6
distractor_para,boundary:query,865,L53.lo.hi.hi.lo.hi.lo.hi,dense,expand,arm beat the default just outside the box,1.7819,1.8208,6,5,1,0.1667,6
distractor_para,boundary:query,865,L56.lo.lo.hi.hi.lo.hi.lo.hi,dense,expand,arm beat the default just outside the box,1.7785,1.8174,6,5,1,0.1667,6
distractor_para,boundary:query,865,L37.lo.lo.lo.hi.hi.hi.lo,dense,expand,arm beat the default just outside the box,1.8453,1.8843,13,2,0,0.3333,3
distractor_para,boundary:query,865,L37.lo.lo.hi.lo.lo.hi.hi.lo,dense,expand,arm beat the default just outside the box,1.8453,1.8843,12,2,0,0.3333,3
distractor_para,boundary:query,865,L53.hi.lo.lo.lo.hi.hi.lo,dense,expand,arm beat the default just outside the box,1.8598,1.8987,12,2,0,0.3333,3
distractor_para,boundary:query,865,L53.lo.hi.lo.lo.hi.hi.lo,dense,expand,arm beat the default just outside the box,1.8598,1.8987,12,2,0,0.3333,3
distractor_para,boundary:query,865,L56.lo.lo.hi.lo.lo.hi.hi.lo,dense,expand,arm beat the default just outside the box,1.8563,1.8953,12,2,0,0.3333,3
distractor_para,boundary:query,865,L37.lo.lo.lo.hi.lo.hi.hi.lo,dense,expand,arm beat the default just outside the box,1.8453,1.8843,12,2,0,0.3333,3
distractor_para,boundary:query,865,L53.lo.hi.hi.lo.hi.hi.lo,dense,expand,arm beat the default just outside the box,1.8598,1.8987,12,2,0,0.3333,3
distractor_para,boundary:query,865,L56.lo.lo.hi.hi.lo.hi.hi.lo,dense,expand,arm beat the default just outside the box,1.8563,1.8953,12,2,0,0.3333,3
distractor_para,boundary:query,867,L39,hybrid,exception,contradicted; every cut loses a supporter,1.9852,1.9852,5,8,4,0.2727,11
distractor_para,boundary:query,867,L39,hybrid,split,4 exceptions; cut f:query_len_tokens at 19,,1.9852,5,8,4,0.2727,11
distractor_para,boundary:query,867,L39.lo,hybrid,create,split of L39,,1.7708,3,0,0,0.0,0
distractor_para,boundary:query,867,L39.hi,hybrid,create,split of L39,,1.9464,2,0,0,0.0,0
distractor_para,boundary:query,868,L128.hi,hybrid,exception,contradicted; every cut loses a supporter,1.8625,1.8625,3,5,1,0.1667,6
distractor_para,boundary:query,868,L148.hi,hybrid,exception,contradicted; every cut loses a supporter,1.867,1.867,3,5,1,0.1667,6
distractor_para,boundary:query,872,L214,dense,exception,contradicted; every cut loses a supporter,2.0288,2.0288,5,4,1,0.4286,7
distractor_para,boundary:query,874,L37.lo.lo.hi.lo.lo.lo.hi,dense,exception,contradicted; every cut loses a supporter,1.8057,1.8057,9,6,2,0.1429,7
distractor_para,boundary:query,874,L53.hi.lo.lo.lo.lo.hi,dense,exception,contradicted; every cut loses a supporter,1.8202,1.8202,3,6,2,0.1429,7
distractor_para,boundary:query,874,L53.lo.hi.lo.lo.lo.hi,dense,exception,contradicted; every cut loses a supporter,1.8202,1.8202,3,6,2,0.1429,7
distractor_para,boundary:query,874,L56.lo.lo.hi.lo.lo.lo.hi,dense,exception,contradicted; every cut loses a supporter,1.8168,1.8168,3,6,2,0.1429,7
distractor_para,boundary:query,874,L37.lo.lo.lo.hi.lo.lo.hi,dense,exception,contradicted; every cut loses a supporter,1.8057,1.8057,3,6,2,0.1429,7
distractor_para,boundary:query,874,L53.lo.hi.hi.lo.lo.hi,dense,exception,contradicted; every cut loses a supporter,1.8202,1.8202,3,6,2,0.1429,7
distractor_para,boundary:query,874,L56.lo.lo.hi.hi.lo.lo.hi,dense,exception,contradicted; every cut loses a supporter,1.8168,1.8168,3,6,2,0.1429,7
distractor_para,boundary:query,874,L243.hi,dense,exception,contradicted; every cut loses a supporter,1.831,1.831,4,6,2,0.1429,7
distractor_para,boundary:query,874,L37.lo.lo.hi.lo.lo.hi.lo.hi,dense,exception,contradicted; every cut loses a supporter,1.8057,1.8057,3,6,2,0.1429,7
distractor_para,boundary:query,874,L53.hi.lo.lo.lo.hi.lo.hi,dense,exception,contradicted; every cut loses a supporter,1.8202,1.8202,5,6,2,0.1429,7
distractor_para,boundary:query,874,L53.lo.hi.lo.lo.hi.lo.hi,dense,exception,contradicted; every cut loses a supporter,1.8202,1.8202,5,6,2,0.1429,7
distractor_para,boundary:query,874,L56.lo.lo.hi.lo.lo.hi.lo.hi,dense,exception,contradicted; every cut loses a supporter,1.8168,1.8168,5,6,2,0.1429,7
distractor_para,boundary:query,874,L37.lo.lo.lo.hi.lo.hi.lo.hi,dense,exception,contradicted; every cut loses a supporter,1.8057,1.8057,5,6,2,0.1429,7
distractor_para,boundary:query,874,L53.lo.hi.hi.lo.hi.lo.hi,dense,exception,contradicted; every cut loses a supporter,1.8202,1.8202,6,6,2,0.1429,7
distractor_para,boundary:query,874,L56.lo.lo.hi.hi.lo.hi.lo.hi,dense,exception,contradicted; every cut loses a supporter,1.8168,1.8168,6,6,2,0.1429,7
distractor_para,boundary:query,874,L241.lo.lo,dense,exception,contradicted; every cut loses a supporter,1.9436,1.9436,14,6,2,0.25,8
distractor_para,boundary:query,875,L53.lo.hi.hi.hi.lo.hi,dense,exception,contradicted; every cut loses a supporter,1.8595,1.8595,7,5,2,0.2857,7
distractor_para,boundary:query,875,L56.lo.lo.hi.hi.hi.lo.hi,dense,exception,contradicted; every cut loses a supporter,1.8561,1.8561,7,5,2,0.2857,7
distractor_para,boundary:query,875,L241.lo.lo,dense,exception,contradicted; every cut loses a supporter,1.9441,1.9441,14,7,3,0.2222,9
distractor_para,boundary:query,876,L204,hybrid,retire,utility <= 0,,1.9972,1,5,0,0.0,5
distractor_para,boundary:query,878,L350,dense,create,"default missed, dense hit",,2.0,1,0,0,0.0,0
distractor_para,boundary:query,878,L351,hybrid,create,"default missed, hybrid hit",,2.0,1,0,0,0.0,0
distractor_para,boundary:query,880,L277,dense,expand,arm beat the default just outside the box,2.0278,2.0667,3,4,0,0.0,4
distractor_para,boundary:query,880,L352,hybrid,create,"default missed, hybrid hit",,2.0,1,0,0,0.0,0
