id_a,id_b,similarity,question_a,question_b,best_a,best_b,best_same,bm25_a,bm25_b,bm25_same,dense_a,dense_b,dense_same,hybrid_a,hybrid_b,hybrid_same
33b51db508af11ebbd83ac1f6bf848b6,3516966008af11ebbd83ac1f6bf848b6,0.9915,"Which film has the director died earlier, The Story Of Anastasia or A Mother Of Men?","Which film has the director born earlier, The Story Of Anastasia or A Mother Of Men?",none,none,1,0,0,1,0,0,1,0,0,1
eded9bbf08de11ebbd9fac1f6bf848b6,ed1b71de08de11ebbd9fac1f6bf848b6,0.9816,"Which film has the director died earlier, Dialogues Of Exiles or Rhythm And Weep?","Which film has the director who is older, Dialogues Of Exiles or Rhythm And Weep?",dense,dense+hybrid,0,0,0,1,1,1,1,0,1,0
5d46fb540baf11ebab90acde48001122,736afe9e0baf11ebab90acde48001122,0.9763,"Who is Infante Philip, Duke Of Calabria's paternal grandmother?","Who is Infante Philip, Duke Of Calabria's paternal grandfather?",dense+hybrid,dense,0,0,0,1,1,1,1,1,0,0
3705552a0bb011ebab90acde48001122,6b6eb7bc0baf11ebab90acde48001122,0.9744,"Who is the paternal grandfather of Alexandre Berthier, 3Rd Prince Of Wagram?","Who is Alexandre Berthier, 3Rd Prince Of Wagram's paternal grandmother?",all,all,1,1,1,1,1,1,1,1,1,1
6a3f3a92085d11ebbd5cac1f6bf848b6,68e99387085d11ebbd5cac1f6bf848b6,0.9701,"Which film has the director died later, God'S Will Be Done or Riding On Air?","Which film has the director who was born first, God'S Will Be Done or Riding On Air?",none,dense+hybrid,0,0,0,1,0,1,0,0,1,0
27e835ee0bb011ebab90acde48001122,61964be60bb011ebab90acde48001122,0.9461,"Who is Arthur Gore, 2Nd Earl Of Arran's paternal grandfather?","Who is the paternal grandmother of Arthur Gore, 1St Earl Of Arran?",all,hybrid,0,1,0,0,1,0,0,1,1,1
931a85420bdd11eba7f7acde48001122,abc68a180bd911eba7f7acde48001122,0.9406,Where was the father of Lord Patrick Crichton-Stuart born?,When did Lord Patrick Crichton-Stuart's father die?,none,bm25+hybrid,0,0,1,0,0,0,1,0,1,0
3717c0600bde11eba7f7acde48001122,956a70660bdb11eba7f7acde48001122,0.9266,Where did Prince Gustav Of Thurn And Taxis (1848–1914)'s mother die?,When did Prince Gustav Of Thurn And Taxis (1848–1914)'s father die?,none,dense+hybrid,0,0,0,1,0,1,0,0,1,0
ea1fc06c0bda11eba7f7acde48001122,cd665d0c0bdd11eba7f7acde48001122,0.9232,Where does Karin Stoltenberg's husband work at?,What is the place of birth of Karin Stoltenberg's husband?,none,bm25+dense,0,0,1,0,0,1,0,0,0,1
b583abd20baf11ebab90acde48001122,6a7e42180bb011ebab90acde48001122,0.922,Who is the paternal grandfather of Sultan Al-Dawla?,Who is the paternal grandfather of Diya Al-Dawla?,dense+hybrid,none,0,0,0,1,1,0,0,1,0,0
57eba38e0bb011ebab90acde48001122,21e70b7e0bde11eba7f7acde48001122,0.9162,Who is the paternal grandfather of Princess Catherine Of Schleswig-Holstein-Sonderburg-Beck?,Which country Princess Catherine Of Schleswig-Holstein-Sonderburg-Beck's father is from?,bm25,none,0,1,0,0,0,0,1,0,0,1
1869092c0bb011ebab90acde48001122,6a7e42180bb011ebab90acde48001122,0.8964,Who is the paternal grandfather of Taj Al-Dawla?,Who is the paternal grandfather of Diya Al-Dawla?,none,none,1,0,0,1,0,0,1,0,0,1
6a76a6b60bb011ebab90acde48001122,6c14c5ca0bb011ebab90acde48001122,0.8961,Who is Princess Marie Of Waldeck And Pyrmont's maternal grandfather?,Who is the paternal grandmother of Princess Elisabeth Of Waldeck And Pyrmont?,bm25+hybrid,bm25+hybrid,1,1,1,1,0,0,1,1,1,1
87a715180bb011ebab90acde48001122,b7a543b60bdd11eba7f7acde48001122,0.8921,"Who is Johann Wilhelm, Duke Of Saxe-Jena's mother?","Where was the father of Johann Wilhelm, Duke Of Saxe-Jena born?",none,none,1,0,0,1,0,0,1,0,0,1
39ca32a80bdd11eba7f7acde48001122,95fc33400bd911eba7f7acde48001122,0.889,When is Prince Napoléon Bonaparte's father's birthday?,What nationality is Prince Napoléon Bonaparte's father?,all,dense,0,1,0,0,1,1,1,1,0,0
215df1140bb011ebab90acde48001122,6a848a240bb011ebab90acde48001122,0.8861,"Who is the paternal grandfather of George Lyon, 5Th Lord Glamis?","Who is Alexander Lyon, 2Nd Lord Glamis's paternal grandfather?",all,none,0,1,0,0,1,0,0,1,0,0
ddacf7580baf11ebab90acde48001122,4aa187080baf11ebab90acde48001122,0.8759,Who is the mother of Edward I Of England?,Who is the paternal grandmother of Edward I Of England?,none,none,1,0,0,1,0,0,1,0,0,1
00c727580bde11eba7f7acde48001122,68eb5dae0bde11eba7f7acde48001122,0.8684,"What is the date of death of Henry St John, 18Th Baron St John Of Bletso's father?","When did John St John, 20Th Baron St John Of Bletso's father die?",none,dense+hybrid,0,0,0,1,0,1,0,0,1,0
32ebe13e0bb011ebab90acde48001122,8d91732e0bb011ebab90acde48001122,0.8613,"Who is Albert Iv, Prince Of Anhalt-Köthen's paternal grandfather?","Who is Albert Iii, Prince Of Anhalt-Zerbst's paternal grandfather?",none,all,0,0,1,0,0,1,0,0,1,0
34ffaab408cc11ebbd93ac1f6bf848b6,5a2fe7100bdb11eba7f7acde48001122,0.8602,"Which film has the director died first, Mandela And De Klerk or The Bride Came C.O.D.?",Where did the director of film The Bride Came C.O.D. die?,none,all,0,0,1,0,0,1,0,0,1,0
e30de52a0bd911eba7f7acde48001122,4b443b0e0bde11eba7f7acde48001122,0.8571,Where was the director of film The Naked Angel born?,What is the place of birth of the director of film The Naked Island?,all,none,0,1,0,0,1,0,0,1,0,0
61d1f6900bde11eba7f7acde48001122,914033c60baf11ebab90acde48001122,0.8567,"What is the date of death of Conan Ii, Duke Of Brittany's mother?","Who is the maternal grandfather of Conan Ii, Duke Of Brittany?",none,none,1,0,0,1,0,0,1,0,0,1
8813f87c0bdd11eba7f7acde48001122,af7c73c80bdb11eba7f7acde48001122,0.8566,Who is the mother of the director of film Polish-Russian War (Film)?,Where did the director of film Polish-Russian War (Film) study?,all,all,1,1,1,1,1,1,1,1,1,1
86ae8b920baf11ebab90acde48001122,8879d5b60bb011ebab90acde48001122,0.8536,Who is the maternal grandfather of Prince Dmitri Alexandrovich Of Russia?,Who is the father-in-law of Prince Feodor Alexandrovich Of Russia?,dense+hybrid,none,0,0,0,1,1,0,0,1,0,0
29427eea0bdd11eba7f7acde48001122,123d4cf40bdb11eba7f7acde48001122,0.853,Where was the performer of song God (John Lennon Song) born?,Where was the performer of song Remember (John Lennon Song) born?,all,all,1,1,1,1,1,1,1,1,1,1
1a2188840bb011ebab90acde48001122,6a76a6b60bb011ebab90acde48001122,0.8467,Who is the paternal grandmother of Princess Augusta Of Waldeck-Pyrmont?,Who is Princess Marie Of Waldeck And Pyrmont's maternal grandfather?,all,bm25+hybrid,0,1,1,1,1,0,0,1,1,1
4096c23c0bdc11eba7f7acde48001122,4b443b0e0bde11eba7f7acde48001122,0.8387,Where was the director of film Naked Violence (Film) born?,What is the place of birth of the director of film The Naked Island?,all,none,0,1,0,0,1,0,0,1,0,0
c818d9480baf11ebab90acde48001122,dd1995e40baf11ebab90acde48001122,0.8299,Who is Frederick Of Luxembourg's paternal grandfather?,Who is the paternal grandmother of Lewis Of Luxembourg?,none,dense+hybrid,0,0,0,1,0,1,0,0,1,0
ea9832140bd911eba7f7acde48001122,9997225c0bda11eba7f7acde48001122,0.8222,What is the place of birth of the director of film The Last Horror Movie?,Where was the place of burial of the director of film The Last Company?,all,none,0,1,0,0,1,0,0,1,0,0
64d2a3ae0bdd11eba7f7acde48001122,895740ae0bb011ebab90acde48001122,0.8199,"What is the date of birth of Augustus Paulet, 15Th Marquess Of Winchester's father?","Who is William Paulet, 4Th Marquess Of Winchester's paternal grandmother?",none,all,0,0,1,0,0,1,0,0,1,0
c51148bc0bdb11eba7f7acde48001122,e9dc3da00bae11ebab90acde48001122,0.8186,What nationality is Gevherhan Sultan (Daughter Of Selim Ii)'s father?,Who is Şah Sultan (Daughter Of Selim Ii)'s paternal grandmother?,none,dense+hybrid,0,0,0,1,0,1,0,0,1,0
a9ef43f80baf11ebab90acde48001122,fbc3b82c0bae11ebab90acde48001122,0.8178,"Who is Joan Of Valois, Duchess Of Alençon's maternal grandfather?","Who is Joan Of Valois, Countess Of Hainaut's paternal grandfather?",dense,hybrid,0,0,0,1,1,0,0,0,1,0
253e36700bda11eba7f7acde48001122,7f20efa00baf11ebab90acde48001122,0.8145,"Where was the father of Prince Charles Louis, Duke Of Chartres born?","Who is the paternal grandmother of Prince Robert, Duke Of Chartres?",dense+hybrid,all,0,0,1,0,1,1,1,1,1,1
b8ef144a0bdd11eba7f7acde48001122,6a848a240bb011ebab90acde48001122,0.8144,"Which country Thomas Lyon-Bowes, Lord Glamis's father is from?","Who is Alexander Lyon, 2Nd Lord Glamis's paternal grandfather?",none,none,1,0,0,1,0,0,1,0,0,1
5eff3f9a0bd911eba7f7acde48001122,62ce8c8e0bde11eba7f7acde48001122,0.81,What is the place of birth of Empress Xu (Ming Dynasty)'s husband?,What is the place of birth of Consort Liang's husband?,none,none,1,0,0,1,0,0,1,0,0,1
e701105e0bdd11eba7f7acde48001122,410ea9b20bde11eba7f7acde48001122,0.8078,"Where was the place of burial of Albert Frederick, Duke Of Prussia's mother?",Where was the place of burial of Princess Barbara Of Prussia's father?,dense+hybrid,all,0,0,1,0,1,1,1,1,1,1
cfb486e208b311ebbd86ac1f6bf848b6,8b884d040bd911eba7f7acde48001122,0.8066,"Which film has the director born earlier, Mister Scarface or Waking Sleeping Beauty?",Where was the director of film Mister Scarface born?,none,all,0,0,1,0,0,1,0,0,1,0
047992200bdc11eba7f7acde48001122,8c2d83600bdd11eba7f7acde48001122,0.7995,Where was the place of death of the composer of song How Long Has This Been Going On??,Where was the place of death of the composer of song The Old Master Painter?,none,none,1,0,0,1,0,0,1,0,0,1
5839dbac0bde11eba7f7acde48001122,5db7e2d80bdc11eba7f7acde48001122,0.7979,What nationality is the director of film They Call It Love?,"What is the place of birth of the director of film I Love, You Love?",none,bm25+hybrid,0,0,1,0,0,0,1,0,1,0
4a9c5bde0baf11ebab90acde48001122,421512620bdc11eba7f7acde48001122,0.7973,"Who is Louis Viii, Landgrave Of Hesse-Darmstadt's paternal grandmother?","What nationality is George I, Landgrave Of Hesse-Darmstadt's mother?",dense,none,0,0,0,1,1,0,0,0,0,1
edb5bc2e0bdd11eba7f7acde48001122,ac55dcb60bdb11eba7f7acde48001122,0.7947,Where did the director of film Playing It Wild die?,Where did the director of film The King Of The Wild Horses die?,none,dense+hybrid,0,0,0,1,0,1,0,0,1,0
3cbd107e0bde11eba7f7acde48001122,7b076cc40bdb11eba7f7acde48001122,0.7946,What is the place of birth of the performer of song Who...?,Where was the performer of song When You Were My Girl born?,dense,none,0,0,0,1,1,0,0,0,0,1
421b26d80bb011ebab90acde48001122,37f3bd380baf11ebab90acde48001122,0.7937,Who is the paternal grandmother of Archduchess Dolores Of Austria?,Who is Karl Von Habsburg's paternal grandmother?,hybrid,dense,0,0,0,1,0,1,0,1,0,0
a9ef43f80baf11ebab90acde48001122,8956ddd00bb011ebab90acde48001122,0.7932,"Who is Joan Of Valois, Duchess Of Alençon's maternal grandfather?","Who is Joan Of France, Duchess Of Brittany's maternal grandmother?",dense,none,0,0,0,1,1,0,0,0,0,1
3cbd107e0bde11eba7f7acde48001122,42359f760bde11eba7f7acde48001122,0.7921,What is the place of birth of the performer of song Who...?,What is the place of birth of the performer of song Thru Your Phone?,dense,dense+hybrid,0,0,0,1,1,1,1,0,1,0
aa0370860bdb11eba7f7acde48001122,7b52cb9e0bd911eba7f7acde48001122,0.7919,What is the place of birth of the performer of song Heaven (Namie Amuro Song)?,Where was the performer of song Fast Car (Namie Amuro Song) born?,dense+hybrid,all,0,0,1,0,1,1,1,1,1,1
3cbd107e0bde11eba7f7acde48001122,e61479860bda11eba7f7acde48001122,0.7908,What is the place of birth of the performer of song Who...?,What is the place of birth of the performer of song Pluto (Song)?,dense,dense+hybrid,0,0,0,1,1,1,1,0,1,0
e701105e0bdd11eba7f7acde48001122,cc2792300bdd11eba7f7acde48001122,0.7902,"Where was the place of burial of Albert Frederick, Duke Of Prussia's mother?",Where did Prince Wilhelm Of Prussia (1906–1940)'s mother die?,dense+hybrid,none,0,0,0,1,1,0,0,1,0,0
8e07f1f00bda11eba7f7acde48001122,f014a1e80bdc11eba7f7acde48001122,0.7893,Who is the spouse of the director of film My Three Merry Widows?,What is the place of birth of the director of film The Merry Wives?,none,none,1,0,0,1,0,0,1,0,0,1
7250010e0bdb11eba7f7acde48001122,410ea9b20bde11eba7f7acde48001122,0.789,Where was the place of burial of Kunigunde Of Poland's father?,Where was the place of burial of Princess Barbara Of Prussia's father?,none,all,0,0,1,0,0,1,0,0,1,0
3cbd107e0bde11eba7f7acde48001122,1bacbdfe0bdd11eba7f7acde48001122,0.7884,What is the place of birth of the performer of song Who...?,What is the place of birth of the performer of song Git (Song)?,dense,none,0,0,0,1,1,0,0,0,0,1
f66993ce0bae11ebab90acde48001122,60b012800baf11ebab90acde48001122,0.7882,Who is Anna Of Nassau-Dillenburg (1541–1616)'s maternal grandmother?,Who is Adriana Of Nassau-Dillenburg's maternal grandfather?,bm25+hybrid,none,0,1,0,0,0,0,1,1,0,0
1f3ea3b00bb011ebab90acde48001122,fbc3b82c0bae11ebab90acde48001122,0.788,"Who is Joan, Countess Of Chiny's paternal grandfather?","Who is Joan Of Valois, Countess Of Hainaut's paternal grandfather?",dense,hybrid,0,0,0,1,1,0,0,0,1,0
769106c40bda11eba7f7acde48001122,9977d29c0bdc11eba7f7acde48001122,0.7866,"What is the cause of death of performer of song Oh Boy, Oh Boy, Oh Boy!?",What is the cause of death of performer of song Voi Voi?,none,none,1,0,0,1,0,0,1,0,0,1
63d16c1c0bdb11eba7f7acde48001122,a4d8ea760bdd11eba7f7acde48001122,0.7857,Where was the place of burial of Neith (Wife Of Pepi Ii)'s husband?,Where was the place of burial of Parysatis Ii's husband?,none,none,1,0,0,1,0,0,1,0,0,1
e701105e0bdd11eba7f7acde48001122,e81fc36c0bd911eba7f7acde48001122,0.7851,"Where was the place of burial of Albert Frederick, Duke Of Prussia's mother?",Where was the place of burial of Pareherwenemef's mother?,dense+hybrid,none,0,0,0,1,1,0,0,1,0,0
13476e200bdd11eba7f7acde48001122,686679880bdc11eba7f7acde48001122,0.7848,What is the place of birth of the director of film The Blue And White Lion?,What is the place of birth of the director of film The White Terror (Film)?,dense,all,0,0,1,0,1,1,1,0,1,0
421b26d80bb011ebab90acde48001122,f6582e180bae11ebab90acde48001122,0.7842,Who is the paternal grandmother of Archduchess Dolores Of Austria?,Who is Archduchess Maria Antonia Of Austria (1899–1977)'s maternal grandfather?,hybrid,none,0,0,0,1,0,0,1,1,0,0
02912df60baf11ebab90acde48001122,ebd650640bae11ebab90acde48001122,0.7836,"Who is Eleanor Of England, Countess Of Leicester's paternal grandmother?","Who is Eleanor Of England, Countess Of Bar's father-in-law?",all,none,0,1,0,0,1,0,0,1,0,0
be0a16240baf11ebab90acde48001122,4a9c5bde0baf11ebab90acde48001122,0.7832,Who is the paternal grandmother of Prince William Of Hesse-Kassel?,"Who is Louis Viii, Landgrave Of Hesse-Darmstadt's paternal grandmother?",all,dense,0,1,0,0,1,1,1,1,0,0
421b26d80bb011ebab90acde48001122,d6b470160baf11ebab90acde48001122,0.7823,Who is the paternal grandmother of Archduchess Dolores Of Austria?,Who is the maternal grandmother of Archduchess Elisabeth Of Austria (1922–1993)?,hybrid,none,0,0,0,1,0,0,1,1,0,0
1bfdd2d20bda11eba7f7acde48001122,5b6fc7880bdd11eba7f7acde48001122,0.7823,Who is the spouse of the director of film På Solsiden?,Who is the spouse of the director of film Min Kone Er Uskyldig?,none,dense+hybrid,0,0,0,1,0,1,0,0,1,0
047992200bdc11eba7f7acde48001122,cd4ceac40bd911eba7f7acde48001122,0.7815,Where was the place of death of the composer of song How Long Has This Been Going On??,Where was the place of death of the composer of song Love Is Here To Stay?,none,none,1,0,0,1,0,0,1,0,0,1
c818d9480baf11ebab90acde48001122,4a0422f00bb011ebab90acde48001122,0.7799,Who is Frederick Of Luxembourg's paternal grandfather?,Who is Prince Hubertus Of Prussia's maternal grandfather?,none,none,1,0,0,1,0,0,1,0,0,1
a08505d20bdc11eba7f7acde48001122,4051aa760bdc11eba7f7acde48001122,0.7795,Who is the father of the director of film Red 2 (Film)?,When is the director of film The Red And The Blue (Film) 's birthday?,none,all,0,0,1,0,0,1,0,0,1,0
f99150ee0bdd11eba7f7acde48001122,ba4e87c60bdd11eba7f7acde48001122,0.7787,Where was the mother of Elizabeth Stafford born?,Where was the husband of Katherine De Stafford born?,dense+hybrid,none,0,0,0,1,1,0,0,1,0,0
c26c16b5086611ebbd5eac1f6bf848b6,62fc67720bdd11eba7f7acde48001122,0.7786,"Which film has the director who died later, Valentin The Good or A Daughter Of Two Worlds?",Where did the director of film A Daughter Of Two Worlds die?,none,none,1,0,0,1,0,0,1,0,0,1
e2a3bf2a0bdd11eba7f7acde48001122,e9bc48940bd911eba7f7acde48001122,0.7782,"When did John V, Prince Of Anhalt-Zerbst's father die?","When did Magnus, Prince Of Anhalt-Köthen's father die?",none,none,1,0,0,1,0,0,1,0,0,1
33c3fd3e0bde11eba7f7acde48001122,8dc985120bdc11eba7f7acde48001122,0.7781,Where was the place of death of Elisabeth Of Moravia's mother?,Where was the place of death of Maria Of Jülich-Berg's mother?,none,none,1,0,0,1,0,0,1,0,0,1
81ca57e60bdc11eba7f7acde48001122,43eb7b380bde11eba7f7acde48001122,0.7777,Where was the director of film Age-Old Friends born?,What is the place of birth of the director of film Peter'S Friends?,all,none,0,1,0,0,1,0,0,1,0,0
bac99ab40bd911eba7f7acde48001122,71dbcd8e0bdb11eba7f7acde48001122,0.7775,Where was the place of burial of Meritites I's husband?,Where was the place of burial of Karomama I's husband?,none,none,1,0,0,1,0,0,1,0,0,1
3ccbcad20bda11eba7f7acde48001122,146f91740bdd11eba7f7acde48001122,0.7774,Where did the director of film The Boy Who Cried Werewolf (1973 Film) die?,Where did the director of film Cry Wolf (1947 Film) die?,all,bm25+hybrid,0,1,1,1,1,0,0,1,1,1
421c46760bb011ebab90acde48001122,48b07de00bb011ebab90acde48001122,0.7766,Who is the maternal grandfather of Princess Louise Of Belgium?,Who is Duchess Marie Louise Of Mecklenburg-Schwerin's paternal grandfather?,none,all,0,0,1,0,0,1,0,0,1,0
2d907ba60bdc11eba7f7acde48001122,aa14a0ac0bdd11eba7f7acde48001122,0.7759,What is the place of birth of the director of film Operation Secret?,What nationality is the director of film Operation Stadium?,none,none,1,0,0,1,0,0,1,0,0,1
86ae8b920baf11ebab90acde48001122,0a65b7300bb011ebab90acde48001122,0.7758,Who is the maternal grandfather of Prince Dmitri Alexandrovich Of Russia?,Who is Olga Constantinovna Of Russia's maternal grandfather?,dense+hybrid,none,0,0,0,1,1,0,0,1,0,0
ddacf7580baf11ebab90acde48001122,fb1d2b4a0bdd11eba7f7acde48001122,0.7742,Who is the mother of Edward I Of England?,What nationality is Isabella Of England's mother?,none,bm25+hybrid,0,0,1,0,0,0,1,0,1,0
047992200bdc11eba7f7acde48001122,bd8cb9320bdb11eba7f7acde48001122,0.774,Where was the place of death of the composer of song How Long Has This Been Going On??,Where was the place of death of the composer of song Bidin' My Time?,none,none,1,0,0,1,0,0,1,0,0,1
8da9737a0bb011ebab90acde48001122,83a016220bb011ebab90acde48001122,0.7737,Who is the paternal grandfather of Yi Hong?,Who is the paternal grandfather of Qiubo Of Han?,dense,dense,1,0,0,1,1,1,1,0,0,1
c8ecc2800bdc11eba7f7acde48001122,a16158840bdc11eba7f7acde48001122,0.7725,"Where was the place of death of the director of film A Man, A Woman, And A Bank?",Where was the place of death of the director of film A Mother'S Heart?,none,none,1,0,0,1,0,0,1,0,0,1
d6be0cee0bdb11eba7f7acde48001122,bac99ab40bd911eba7f7acde48001122,0.7724,Where did Meritaten's father die?,Where was the place of burial of Meritites I's husband?,none,none,1,0,0,1,0,0,1,0,0,1
2ec440560bb011ebab90acde48001122,9ec332a00baf11ebab90acde48001122,0.7718,Who is the maternal grandfather of Antiochus X Eusebes?,Who is Louis X Of France's maternal grandfather?,none,none,1,0,0,1,0,0,1,0,0,1
21f924140baf11ebab90acde48001122,1add88540bb011ebab90acde48001122,0.7717,Who is the sibling-in-law of Marie Thérèse De Choiseul?,Who is the child-in-law of Marie De Namur?,dense,none,0,0,0,1,1,0,0,0,0,1
421c46760bb011ebab90acde48001122,5f5897fe0baf11ebab90acde48001122,0.7702,Who is the maternal grandfather of Princess Louise Of Belgium?,"Who is Philippe, Duke Of Anjou's maternal grandfather?",none,none,1,0,0,1,0,0,1,0,0,1
63dc55840bde11eba7f7acde48001122,3b88a62a0bdc11eba7f7acde48001122,0.7701,What is the place of birth of the director of film Crystal Nights?,Where was the director of film A Very Moral Night born?,none,bm25+hybrid,0,0,1,0,0,0,1,0,1,0
c8c9313a0baf11ebab90acde48001122,215df1140bb011ebab90acde48001122,0.7691,Who is the paternal grandfather of George De Salis?,"Who is the paternal grandfather of George Lyon, 5Th Lord Glamis?",none,all,0,0,1,0,0,1,0,0,1,0
d52aa2a20bdb11eba7f7acde48001122,f325411c0bdc11eba7f7acde48001122,0.7688,Where was the mother of Louise Sophie Of Hanau-Lichtenberg born?,Where was the place of death of Johanna Sibylla Of Hanau-Lichtenberg's mother?,none,dense,0,0,0,1,0,1,0,0,0,1
c818d9480baf11ebab90acde48001122,1f38945c0bb011ebab90acde48001122,0.7682,Who is Frederick Of Luxembourg's paternal grandfather?,"Who is George Frederick, Count Of Erbach-Breuberg's paternal grandfather?",none,none,1,0,0,1,0,0,1,0,0,1
bac99ab40bd911eba7f7acde48001122,70dd6dec0bdc11eba7f7acde48001122,0.7682,Where was the place of burial of Meritites I's husband?,Where was the place of burial of Mariamne I's husband?,none,none,1,0,0,1,0,0,1,0,0,1
2ec440560bb011ebab90acde48001122,77f3d9300bb011ebab90acde48001122,0.7682,Who is the maternal grandfather of Antiochus X Eusebes?,Who is Germaine Of Foix's paternal grandfather?,none,dense+hybrid,0,0,0,1,0,1,0,0,1,0
4aa187080baf11ebab90acde48001122,77cecc800bb011ebab90acde48001122,0.768,Who is the paternal grandmother of Edward I Of England?,"Who is the paternal grandmother of Charles Stuart, 1St Earl Of Lennox?",none,dense,0,0,0,1,0,1,0,0,0,1
f6e6ddfc0bae11ebab90acde48001122,57eba38e0bb011ebab90acde48001122,0.7652,Who is the maternal grandfather of Princess Helena Adelaide Of Schleswig-Holstein-Sonderburg-Glücksburg?,Who is the paternal grandfather of Princess Catherine Of Schleswig-Holstein-Sonderburg-Beck?,dense+hybrid,bm25,0,0,1,0,1,0,0,1,0,0
07388c7c0bb011ebab90acde48001122,bc633e2c0baf11ebab90acde48001122,0.7652,"Who is the maternal grandfather of Amadeus Vii, Count Of Savoy?",Who is Maria Luisa Of Savoy's father-in-law?,none,none,1,0,0,1,0,0,1,0,0,1
e81fc36c0bd911eba7f7acde48001122,0cc593140bde11eba7f7acde48001122,0.7644,Where was the place of burial of Pareherwenemef's mother?,Where was the place of burial of Nebetah's mother?,none,dense,0,0,0,1,0,1,0,0,0,1
48b07de00bb011ebab90acde48001122,ac354ea00baf11ebab90acde48001122,0.7631,Who is Duchess Marie Louise Of Mecklenburg-Schwerin's paternal grandfather?,Who is the paternal grandmother of Princess Louise Of Denmark (1726–1756)?,all,none,0,1,0,0,1,0,0,1,0,0
6faf10f40bde11eba7f7acde48001122,d7245d400baf11ebab90acde48001122,0.7611,What nationality is Ameena Begum's husband?,Who is the father-in-law of Rahmat Banu Begum?,none,all,0,0,1,0,0,1,0,0,1,0
5d8037920bb011ebab90acde48001122,8da9737a0bb011ebab90acde48001122,0.76,Who is the paternal grandmother of King Kang Of Zhou?,Who is the paternal grandfather of Yi Hong?,dense+hybrid,dense,0,0,0,1,1,1,1,1,0,0
24ba4db60bde11eba7f7acde48001122,d627e23a0bdd11eba7f7acde48001122,0.76,What is the place of birth of Princess Magdalena Augusta Of Anhalt-Zerbst's mother?,What is the place of birth of Claudia Augusta's mother?,all,none,0,1,0,0,1,0,0,1,0,0
6c7b27ac0bb011ebab90acde48001122,9b5af6700baf11ebab90acde48001122,0.7599,"Who is Adolf, Duke Of Bavaria's maternal grandfather?","Who is the father of William Ii, Duke Of Bavaria?",none,none,1,0,0,1,0,0,1,0,0,1
2207e9060bda11eba7f7acde48001122,890017540bdb11eba7f7acde48001122,0.7597,What nationality is the director of film World And Time Enough?,Who is the spouse of the director of film Days And Hours?,none,dense,0,0,0,1,0,1,0,0,0,1
f29525d60bdd11eba7f7acde48001122,86afde360bda11eba7f7acde48001122,0.7597,What is the place of birth of the director of film A Gun & A Ring?,What is the place of birth of the director of film Gunsmoke (Film)?,none,all,0,0,1,0,0,1,0,0,1,0
e6688a7e0baf11ebab90acde48001122,736afe9e0baf11ebab90acde48001122,0.7588,Who is Philip Of Sicily's father?,"Who is Infante Philip, Duke Of Calabria's paternal grandfather?",all,dense,0,1,0,0,1,1,1,1,0,0
5ff9cc8c0baf11ebab90acde48001122,129b312e0baf11ebab90acde48001122,0.7583,"Who is the paternal grandfather of Sir Thomas Lawley, 3Rd Baronet?","Who is Sir William Gore, 3Rd Baronet's paternal grandfather?",all,all,1,1,1,1,1,1,1,1,1,1
3972d2b60baf11ebab90acde48001122,534cb9fe0baf11ebab90acde48001122,0.758,"Who is Gaston, Duke Of Orléans's paternal grandmother?","Who is Charles D'Orléans, Duke Of Penthièvre's paternal grandfather?",none,hybrid,0,0,0,1,0,0,1,0,1,0
e701105e0bdd11eba7f7acde48001122,35d462f40bdd11eba7f7acde48001122,0.7578,"Where was the place of burial of Albert Frederick, Duke Of Prussia's mother?","What is the place of birth of Frederick, Prince Of Hohenzollern's mother?",dense+hybrid,none,0,0,0,1,1,0,0,1,0,0
30885e540bb011ebab90acde48001122,32edaabe0bb011ebab90acde48001122,0.7577,Who is Prince Franz De Paula Of Liechtenstein's paternal grandfather?,Who is the paternal grandfather of Prince Joseph Wenzel Of Liechtenstein?,none,none,1,0,0,1,0,0,1,0,0,1
64ed06f40bdd11eba7f7acde48001122,24ba4db60bde11eba7f7acde48001122,0.7576,Where was the husband of Princess Alexandra Of Anhalt born?,What is the place of birth of Princess Magdalena Augusta Of Anhalt-Zerbst's mother?,none,all,0,0,1,0,0,1,0,0,1,0
f9dcb4a60bda11eba7f7acde48001122,602729aa0bde11eba7f7acde48001122,0.7576,Where was the director of film Ronnie Rocket born?,Where was the director of film Rocket Attack U.S.A. born?,bm25+hybrid,all,0,1,1,1,0,1,0,1,1,1
c5315db80baf11ebab90acde48001122,fa3a75300baf11ebab90acde48001122,0.7554,Who is the paternal grandfather of John Ii Of Baden?,Who is the paternal grandfather of Casimir Ii Of Zator?,dense+hybrid,none,0,0,0,1,1,0,0,1,0,0
c1b9c0ac0bdd11eba7f7acde48001122,400bf8800bde11eba7f7acde48001122,0.7554,What is the date of death of Catherine Of Guelders's father?,What is the date of death of Francisco De Benavides's father?,none,dense,0,0,0,1,0,1,0,0,0,1
410ea9b20bde11eba7f7acde48001122,166406280bdc11eba7f7acde48001122,0.7549,Where was the place of burial of Princess Barbara Of Prussia's father?,What is the place of birth of Adelaide Of Poland's father?,all,none,0,1,0,0,1,0,0,1,0,0
9ec332a00baf11ebab90acde48001122,3bbc5b180bb011ebab90acde48001122,0.7548,Who is Louis X Of France's maternal grandfather?,"Who is the paternal grandmother of Alix, Countess Of Eu?",none,none,1,0,0,1,0,0,1,0,0,1
77f41ab20bb011ebab90acde48001122,4aa187080baf11ebab90acde48001122,0.7541,"Who is Edward De Vere, 17Th Earl Of Oxford's paternal grandfather?",Who is the paternal grandmother of Edward I Of England?,dense+hybrid,none,0,0,0,1,1,0,0,1,0,0
90bad89e0bdb11eba7f7acde48001122,5b2359b00bd911eba7f7acde48001122,0.754,What is the place of birth of the director of film Dawn Of Life?,Who is the father of the director of film Sources Of Life?,none,none,1,0,0,1,0,0,1,0,0,1
c5315db80baf11ebab90acde48001122,ee36f88c0bda11eba7f7acde48001122,0.7536,Who is the paternal grandfather of John Ii Of Baden?,"What nationality is Catherine Of Lorraine, Margravine Of Baden-Baden's father?",dense+hybrid,none,0,0,0,1,1,0,0,1,0,0
3cbd107e0bde11eba7f7acde48001122,361b56400bde11eba7f7acde48001122,0.7535,What is the place of birth of the performer of song Who...?,What is the place of birth of the performer of song If You Want To Be My Woman?,dense,none,0,0,0,1,1,0,0,0,0,1
f66993ce0bae11ebab90acde48001122,65649f480bb011ebab90acde48001122,0.7527,Who is Anna Of Nassau-Dillenburg (1541–1616)'s maternal grandmother?,Who is Helvig Of Schauenburg's maternal grandmother?,bm25+hybrid,none,0,1,0,0,0,0,1,1,0,0
ab69635e089811ebbd77ac1f6bf848b6,686679880bdc11eba7f7acde48001122,0.7526,Do director of film Born American and director of film The White Raven (1998 Film) share the same nationality?,What is the place of birth of the director of film The White Terror (Film)?,none,all,0,0,1,0,0,1,0,0,1,0
73c0065c0bda11eba7f7acde48001122,a4f54a640baf11ebab90acde48001122,0.752,"What nationality is Ferdinand Of Portugal, Duke Of Guarda's mother?","Who is Ferdinand, Duke Of Viseu's maternal grandfather?",dense,bm25,0,0,1,0,1,0,0,0,0,1
97ce0ec00baf11ebab90acde48001122,9ec332a00baf11ebab90acde48001122,0.7517,Who is Henriette Of France (1727–1752)'s maternal grandfather?,Who is Louis X Of France's maternal grandfather?,bm25,none,0,1,0,0,0,0,1,0,0,1
410ea9b20bde11eba7f7acde48001122,a06475340bdb11eba7f7acde48001122,0.7507,Where was the place of burial of Princess Barbara Of Prussia's father?,Where was the place of burial of Adèle Hugo's father?,all,dense,0,1,0,0,1,1,1,1,0,0
374844b20baf11ebab90acde48001122,623bee3e0bb011ebab90acde48001122,0.7501,Who is Ermengarde Of Tuscany's paternal grandfather?,Who is the paternal grandfather of Conrad Ii Of Italy?,none,none,1,0,0,1,0,0,1,0,0,1
33c3fd3e0bde11eba7f7acde48001122,c92dac4e0bd911eba7f7acde48001122,0.7497,Where was the place of death of Elisabeth Of Moravia's mother?,"Where did Elisabeth Of Hesse, Electress Palatine's mother die?",none,none,1,0,0,1,0,0,1,0,0,1
8109b3800bda11eba7f7acde48001122,421c46760bb011ebab90acde48001122,0.7494,When is Princess Joséphine Marie Of Belgium's mother's birthday?,Who is the maternal grandfather of Princess Louise Of Belgium?,all,none,0,1,0,0,1,0,0,1,0,0
4e4d44440bd911eba7f7acde48001122,40d326d80bdb11eba7f7acde48001122,0.7489,What is the cause of death of director of film She Asked For It?,What is the cause of death of director of film Vrijdag?,none,all,0,0,1,0,0,1,0,0,1,0
3cbd107e0bde11eba7f7acde48001122,44e72de60bdb11eba7f7acde48001122,0.7485,What is the place of birth of the performer of song Who...?,What is the place of birth of the performer of song Hunter (Björk Song)?,dense,dense+hybrid,0,0,0,1,1,1,1,0,1,0
3d2336700bb011ebab90acde48001122,f4a616ac0bae11ebab90acde48001122,0.748,"Who is the paternal grandmother of Jeanne Of Bar, Countess Of Marle And Soissons?","Who is the paternal grandmother of Renaud Iii, Count Of Soissons?",bm25+hybrid,none,0,1,0,0,0,0,1,1,0,0
ae741c140bdc11eba7f7acde48001122,a4d8ea760bdd11eba7f7acde48001122,0.7479,Where was the place of burial of Gjon Kastrioti Ii's father?,Where was the place of burial of Parysatis Ii's husband?,none,none,1,0,0,1,0,0,1,0,0,1
3cbd107e0bde11eba7f7acde48001122,3b9299900bdd11eba7f7acde48001122,0.7476,What is the place of birth of the performer of song Who...?,Where was the performer of song Égérie (Song) born?,dense,all,0,0,1,0,1,1,1,0,1,0
3cbd107e0bde11eba7f7acde48001122,84b900aa0bdd11eba7f7acde48001122,0.747,What is the place of birth of the performer of song Who...?,What is the place of birth of the performer of song Are You Really Mine??,dense,none,0,0,0,1,1,0,0,0,0,1
bead88300bdd11eba7f7acde48001122,ac354ea00baf11ebab90acde48001122,0.747,Where was the place of death of Princess Louise Auguste Of Denmark's mother?,Who is the paternal grandmother of Princess Louise Of Denmark (1726–1756)?,none,none,1,0,0,1,0,0,1,0,0,1
f491b33e0bda11eba7f7acde48001122,a352b1e60bdd11eba7f7acde48001122,0.747,What is the award that the director of film The Last Night Of The Barbary Coast got?,What is the award that the director of film Coast To Coast (1987 Film) received?,none,none,1,0,0,1,0,0,1,0,0,1
16e632b80bde11eba7f7acde48001122,8dc985120bdc11eba7f7acde48001122,0.7468,Where did Judith Of Swabia's mother die?,Where was the place of death of Maria Of Jülich-Berg's mother?,none,none,1,0,0,1,0,0,1,0,0,1
6de887fc0bdc11eba7f7acde48001122,0e0b880c0bdc11eba7f7acde48001122,0.7467,Where was the composer of film Post Master born?,What is the place of birth of the composer of film The Charming Young Lady (Film)?,none,none,1,0,0,1,0,0,1,0,0,1
02912df60baf11ebab90acde48001122,21ec1e0e0baf11ebab90acde48001122,0.746,"Who is Eleanor Of England, Countess Of Leicester's paternal grandmother?","Who is Charlotte Lee, Countess Of Lichfield's paternal grandmother?",all,dense,0,1,0,0,1,1,1,1,0,0
2589790108b011ebbd84ac1f6bf848b6,e4a48f9408c111ebbd8bac1f6bf848b6,0.7458,"Which film was released earlier, Farewell To The King or Brother Liu And Brother Wang On The Roads In Taiwan?","Which film has the director born first, Král Ulice or Brother Liu And Brother Wang On The Roads In Taiwan?",all,all,1,1,1,1,1,1,1,1,1,1
2c0ce6960bde11eba7f7acde48001122,11e2cf680bdb11eba7f7acde48001122,0.7458,Where did Princess Margarita Of Greece And Denmark's mother die?,What is the date of death of Princess Eugénie Of Greece And Denmark's mother?,all,bm25+dense,0,1,1,1,1,1,1,1,0,0
1900f7600baf11ebab90acde48001122,812d167e0bb011ebab90acde48001122,0.7455,"Who is Thomas Stafford, 3Rd Earl Of Stafford's father?","Who is the maternal grandfather of Edmund Stafford, 5Th Earl Of Stafford?",all,none,0,1,0,0,1,0,0,1,0,0
8c3c6d9e0bb011ebab90acde48001122,65649f480bb011ebab90acde48001122,0.7453,Who is the maternal grandmother of Princess Catherine Of Württemberg?,Who is Helvig Of Schauenburg's maternal grandmother?,all,none,0,1,0,0,1,0,0,1,0,0
33c3fd3e0bde11eba7f7acde48001122,5a79e5060bde11eba7f7acde48001122,0.7448,Where was the place of death of Elisabeth Of Moravia's mother?,Where did Elizabeth Tudor (1492–1495)'s mother die?,none,none,1,0,0,1,0,0,1,0,0,1
3cbd107e0bde11eba7f7acde48001122,960b5ec00bdd11eba7f7acde48001122,0.7443,What is the place of birth of the performer of song Who...?,"Where was the performer of song Lucky Me, Lucky You born?",dense,none,0,0,0,1,1,0,0,0,0,1
b3f0c5ce0bdd11eba7f7acde48001122,fbc3b82c0bae11ebab90acde48001122,0.7442,What nationality is Florent Of Hainaut's mother?,"Who is Joan Of Valois, Countess Of Hainaut's paternal grandfather?",none,hybrid,0,0,0,1,0,0,1,0,1,0
bc69662a0bdd11eba7f7acde48001122,5db7e2d80bdc11eba7f7acde48001122,0.744,Where was the director of film The Love Captive born?,"What is the place of birth of the director of film I Love, You Love?",none,bm25+hybrid,0,0,1,0,0,0,1,0,1,0
33c3fd3e0bde11eba7f7acde48001122,96b7c1a60bdd11eba7f7acde48001122,0.744,Where was the place of death of Elisabeth Of Moravia's mother?,"Where was the place of death of Sancha Of Castile, Queen Of Navarre's mother?",none,dense,0,0,0,1,0,1,0,0,0,1
4a053eb00bb011ebab90acde48001122,77cecc800bb011ebab90acde48001122,0.743,"Who is Charles Gordon, 2Nd Earl Of Aboyne's paternal grandmother?","Who is the paternal grandmother of Charles Stuart, 1St Earl Of Lennox?",all,dense,0,1,0,0,1,1,1,1,0,0
f414cc960bdc11eba7f7acde48001122,3a47b9960bdb11eba7f7acde48001122,0.7422,Where was the place of burial of the director of film The Secret Of Dr. Kildare?,Where was the place of burial of the director of film Fear And Trembling (Film)?,none,none,1,0,0,1,0,0,1,0,0,1
4096c23c0bdc11eba7f7acde48001122,6eadfddc0bde11eba7f7acde48001122,0.7422,Where was the director of film Naked Violence (Film) born?,What is the place of birth of the director of film Bodily Harm (Film)?,all,all,1,1,1,1,1,1,1,1,1,1
247f29b00bda11eba7f7acde48001122,026b56060bde11eba7f7acde48001122,0.7416,Where did the director of film Saadia (Film) graduate from?,Where did the director of film Border (2018 Film) graduate from?,none,dense,0,0,0,1,0,1,0,0,0,1
61e86d5a0bdc11eba7f7acde48001122,a638412a0bdb11eba7f7acde48001122,0.7409,Where did the director of film 29+1 study?,Where did the director of film Carbon (Film) study?,none,dense,0,0,0,1,0,1,0,0,0,1
c1b9c0ac0bdd11eba7f7acde48001122,b94fd2500bdb11eba7f7acde48001122,0.7408,What is the date of death of Catherine Of Guelders's father?,What is the date of death of Æthelmær The Stout's father?,none,dense+hybrid,0,0,0,1,0,1,0,0,1,0
db787f5c0bdc11eba7f7acde48001122,026b56060bde11eba7f7acde48001122,0.7405,What nationality is the director of film Detachment (Film)?,Where did the director of film Border (2018 Film) graduate from?,dense+hybrid,dense,0,0,0,1,1,1,1,1,0,0
94198d580bb011ebab90acde48001122,9b5af6700baf11ebab90acde48001122,0.7399,"Who is William Ii, Count Of Flanders's paternal grandmother?","Who is the father of William Ii, Duke Of Bavaria?",none,none,1,0,0,1,0,0,1,0,0,1
ad43c9300bdb11eba7f7acde48001122,5c04f9c00bb011ebab90acde48001122,0.7399,"What is the place of birth of James Douglas, 3Rd Earl Of Angus's father?","Who is the paternal grandfather of Gilbert De Umfraville, Earl Of Angus?",none,all,0,0,1,0,0,1,0,0,1,0
2d907ba60bdc11eba7f7acde48001122,1bb538ec0bda11eba7f7acde48001122,0.7395,What is the place of birth of the director of film Operation Secret?,What is the place of birth of the director of film Chronicles Of A Dive Bomber?,none,bm25+hybrid,0,0,1,0,0,0,1,0,1,0
2002bf0c0bb011ebab90acde48001122,8c3c6d9e0bb011ebab90acde48001122,0.7394,"Who is Catherine Of Pomerania, Countess Palatine Of Neumarkt's father-in-law?",Who is the maternal grandmother of Princess Catherine Of Württemberg?,all,all,1,1,1,1,1,1,1,1,1,1
285016800bda11eba7f7acde48001122,990341840bdc11eba7f7acde48001122,0.7392,Who is the spouse of the director of film The Unholy Wife?,What nationality is the director of film Gambling Wives?,all,none,0,1,0,0,1,0,0,1,0,0
fde3a7880bdc11eba7f7acde48001122,37f3bd380baf11ebab90acde48001122,0.7391,"What is the date of birth of Archduke Karl Pius Of Austria, Prince Of Tuscany's mother?",Who is Karl Von Habsburg's paternal grandmother?,none,dense,0,0,0,1,0,1,0,0,0,1
ef7aac32088511ebbd6dac1f6bf848b6,f9e63d80085d11ebbd5cac1f6bf848b6,0.739,"Which film has the director born earlier, Spring Storms or Fun In The Barracks?","Which film has the director who died first, Poonthenaruvi or Fun In The Barracks?",all,dense,0,1,0,0,1,1,1,1,0,0
6b3de52e0bdc11eba7f7acde48001122,0a3dccd00bdc11eba7f7acde48001122,0.739,Where was the place of death of Duchess Maria Dorothea Of Württemberg's father?,Where was the place of death of Anna Of Saxe-Wittenberg's father?,none,none,1,0,0,1,0,0,1,0,0,1
8ede14580bdd11eba7f7acde48001122,b7a543b60bdd11eba7f7acde48001122,0.7387,Where was the father of Maurice De Saxe born?,"Where was the father of Johann Wilhelm, Duke Of Saxe-Jena born?",none,none,1,0,0,1,0,0,1,0,0,1
9792990e087511ebbd67ac1f6bf848b6,740e162f08cb11ebbd92ac1f6bf848b6,0.7386,"Which film has the director who died later, September Affair or A Gathering Of Eagles?","Which film has the director died later, Rhythm In The Clouds or September Affair?",none,none,1,0,0,1,0,0,1,0,0,1
0f9457e80bdd11eba7f7acde48001122,677e1ea00bdb11eba7f7acde48001122,0.7385,Where was the director of film The Snob Buster born?,Where was the director of film Code Name: The Cleaner born?,dense,all,0,0,1,0,1,1,1,0,1,0
c1b9c0ac0bdd11eba7f7acde48001122,252694580bde11eba7f7acde48001122,0.738,What is the date of death of Catherine Of Guelders's father?,"What is the place of birth of Gerard I, Count Of Guelders's wife?",none,none,1,0,0,1,0,0,1,0,0,1
6dd9acf20bda11eba7f7acde48001122,e1cfab340bda11eba7f7acde48001122,0.7378,Where was the place of death of the director of film A Piece Of Sky (1980 Film)?,Where was the place of death of the director of film Red Sky At Morning (1971 Film)?,none,none,1,0,0,1,0,0,1,0,0,1
579389860bda11eba7f7acde48001122,fc7f4fde08bf11ebbd8aac1f6bf848b6,0.7377,Where was the director of film House In The Sun born?,Are both directors of films Escape From East Berlin and A Place In The Sun (Film) from the same country?,all,dense,0,1,0,0,1,1,1,1,0,0
231d667c0bda11eba7f7acde48001122,218609020bdc11eba7f7acde48001122,0.7376,What nationality is the director of film Name The Man?,What nationality is the director of film The Beach (Film)?,all,none,0,1,0,0,1,0,0,1,0,0
1837ca440bdb11eba7f7acde48001122,3ae059580bdb11eba7f7acde48001122,0.7369,Where was the director of film Gently My Songs Entreat born?,What is the place of birth of the director of film Encino Man?,dense+hybrid,all,0,0,1,0,1,1,1,1,1,1
4e4d44440bd911eba7f7acde48001122,7fcdac2e0bda11eba7f7acde48001122,0.7369,What is the cause of death of director of film She Asked For It?,What is the cause of death of director of film The Street Of Illusion?,none,dense+hybrid,0,0,0,1,0,1,0,0,1,0
4c070b620bb011ebab90acde48001122,788976e40baf11ebab90acde48001122,0.7369,Who is the maternal grandmother of Felipe De Marichalar Y Borbón?,"Who is the maternal grandmother of Isabel De Verdun, Baroness Ferrers Of Groby?",all,none,0,1,0,0,1,0,0,1,0,0
61d1f6900bde11eba7f7acde48001122,d9b00ab80bdd11eba7f7acde48001122,0.7369,"What is the date of death of Conan Ii, Duke Of Brittany's mother?","What is the date of death of Joan, Countess Of Blois's mother?",none,dense,0,0,0,1,0,1,0,0,0,1
86ae8b920baf11ebab90acde48001122,6be347940baf11ebab90acde48001122,0.7367,Who is the maternal grandfather of Prince Dmitri Alexandrovich Of Russia?,Who is the paternal grandfather of Alexandru Coconul?,dense+hybrid,none,0,0,0,1,1,0,0,1,0,0
327a14420baf11ebab90acde48001122,9ec332a00baf11ebab90acde48001122,0.7364,Who is the maternal grandfather of Agnès Of Navarre?,Who is Louis X Of France's maternal grandfather?,dense+hybrid,none,0,0,0,1,1,0,0,1,0,0
e1f0c38c0bda11eba7f7acde48001122,3a3c2efe0bdc11eba7f7acde48001122,0.7363,What nationality is Anne Of Burgundy's father?,"What nationality is Beatrice I, Countess Of Burgundy's husband?",none,none,1,0,0,1,0,0,1,0,0,1
9ab966100bdd11eba7f7acde48001122,33c3fd3e0bde11eba7f7acde48001122,0.736,Where was the place of death of Princess Anne Charlotte Of Lorraine's mother?,Where was the place of death of Elisabeth Of Moravia's mother?,none,none,1,0,0,1,0,0,1,0,0,1
5db7e2d80bdc11eba7f7acde48001122,4165dd540bde11eba7f7acde48001122,0.7357,"What is the place of birth of the director of film I Love, You Love?",Where does the director of film All For Love (2012 Film) work at?,bm25+hybrid,none,0,1,0,0,0,0,1,1,0,0
bc633e2c0baf11ebab90acde48001122,bc096c180bdb11eba7f7acde48001122,0.7355,Who is Maria Luisa Of Savoy's father-in-law?,What is the date of birth of Marie Jeanne Baptiste Of Savoy-Nemours's husband?,none,none,1,0,0,1,0,0,1,0,0,1
6800d81a08a511ebbd7dac1f6bf848b6,287d2e98087111ebbd63ac1f6bf848b6,0.7353,"Which film has the director born later, Time Out For Romance or The Warrior Queen Of Jhansi?","Which film has the director born later, Time Out For Romance or For The Love Of An Enemy?",none,all,0,0,1,0,0,1,0,0,1,0
04b5e0320bdb11eba7f7acde48001122,fb06f9ec0bdd11eba7f7acde48001122,0.7352,Where was the place of death of Christiane Vulpius's husband?,Where did Beatrice Of Bohemia's husband die?,dense,none,0,0,0,1,1,0,0,0,0,1
4096c23c0bdc11eba7f7acde48001122,709cfbb60bde11eba7f7acde48001122,0.7348,Where was the director of film Naked Violence (Film) born?,Where was the director of film Pistol Whipped born?,all,all,1,1,1,1,1,1,1,1,1,1
122b64480baf11ebab90acde48001122,788976e40baf11ebab90acde48001122,0.7347,"Who is the paternal grandmother of Louis, Count Of Verdun?","Who is the maternal grandmother of Isabel De Verdun, Baroness Ferrers Of Groby?",none,none,1,0,0,1,0,0,1,0,0,1
9042c21c0bdd11eba7f7acde48001122,40a0ab780bda11eba7f7acde48001122,0.7344,"When did Philip Iii, Marquis Of Namur's father die?",When did Harald Iii Of Denmark's father die?,dense,dense,1,0,0,1,1,1,1,0,0,1
fa3d4e360bdc11eba7f7acde48001122,686679880bdc11eba7f7acde48001122,0.7337,Where did the director of film Hospitals: The White Mafia die?,What is the place of birth of the director of film The White Terror (Film)?,all,all,1,1,1,1,1,1,1,1,1,1
38ad21b40bdd11eba7f7acde48001122,57eb21ba0bde11eba7f7acde48001122,0.7337,Where was the place of death of the director of film The Stone Rider?,Where was the place of death of the director of film The Iron Man (Serial)?,all,none,0,1,0,0,1,0,0,1,0,0
652d7dac0bdc11eba7f7acde48001122,8792c6b40bdb11eba7f7acde48001122,0.7336,What is the place of birth of the director of film Guilty Of Treason?,Where was the director of film Medal Of Honor (Film) born?,all,none,0,1,0,0,1,0,0,1,0,0
8dc985120bdc11eba7f7acde48001122,98f383880bdd11eba7f7acde48001122,0.7336,Where was the place of death of Maria Of Jülich-Berg's mother?,Where did Louis Of Nassau's mother die?,none,none,1,0,0,1,0,0,1,0,0,1
d9b00ab80bdd11eba7f7acde48001122,5deff9420bdd11eba7f7acde48001122,0.7331,"What is the date of death of Joan, Countess Of Blois's mother?","What is the date of death of Matilda Of Boulogne, Duchess Of Brabant's mother?",dense,all,0,0,1,0,1,1,1,0,1,0
f6e6ddfc0bae11ebab90acde48001122,65645b8c0bb011ebab90acde48001122,0.733,Who is the maternal grandfather of Princess Helena Adelaide Of Schleswig-Holstein-Sonderburg-Glücksburg?,Who is Princess Adelaide Of Saxe-Meiningen's maternal grandmother?,dense+hybrid,all,0,0,1,0,1,1,1,1,1,1
2ec36c440bb011ebab90acde48001122,cd59a6660bdd11eba7f7acde48001122,0.7326,"Who is the paternal grandfather of Richard Beauchamp, 1St Earl Of Worcester?","Which country Waleran De Beaumont, 1St Earl Of Worcester's father is from?",none,dense+hybrid,0,0,0,1,0,1,0,0,1,0
ccf4967c0bdd11eba7f7acde48001122,026b56060bde11eba7f7acde48001122,0.7325,Which country the director of film Downloaded (Film) is from?,Where did the director of film Border (2018 Film) graduate from?,dense+hybrid,dense,0,0,0,1,1,1,1,1,0,0
d64d24180bd911eba7f7acde48001122,08bc79d60bde11eba7f7acde48001122,0.7324,Where was the director of film Aylwin (Film) born?,Where was the director of film The Hobbit: An Unexpected Journey born?,dense,none,0,0,0,1,1,0,0,0,0,1
33c3fd3e0bde11eba7f7acde48001122,8da198100bda11eba7f7acde48001122,0.7318,Where was the place of death of Elisabeth Of Moravia's mother?,Where was the place of burial of Cecilia Maria De Candia's mother?,none,dense,0,0,0,1,0,1,0,0,0,1
a9cc5f240bdb11eba7f7acde48001122,d5b6ea5c0bd911eba7f7acde48001122,0.7315,Who is the spouse of the director of film Eden And After?,Who is the spouse of the director of film Paribar?,dense,dense+hybrid,0,0,0,1,1,1,1,0,1,0
464cfa460bd911eba7f7acde48001122,5c0c69f80bdd11eba7f7acde48001122,0.7314,Where was the director of film Thomas Jefferson (Film) born?,What is the place of birth of the director of film Letter To The King?,dense,dense,1,0,0,1,1,1,1,0,0,1
2cf578340bde11eba7f7acde48001122,a4f54a640baf11ebab90acde48001122,0.7313,When was Ferdinand Iii Of Limburg Stirum's father born?,"Who is Ferdinand, Duke Of Viseu's maternal grandfather?",all,bm25,0,1,1,1,1,0,0,1,0,0
f86dd5180bdb11eba7f7acde48001122,026b56060bde11eba7f7acde48001122,0.7313,What is the place of birth of the director of film Aurora (2018 Film)?,Where did the director of film Border (2018 Film) graduate from?,none,dense,0,0,0,1,0,1,0,0,0,1
96b7c1a60bdd11eba7f7acde48001122,eb18f7ac0baf11ebab90acde48001122,0.7305,"Where was the place of death of Sancha Of Castile, Queen Of Navarre's mother?","Who is Sancha Of Castile, Queen Of Aragon's father-in-law?",dense,none,0,0,0,1,1,0,0,0,0,1
c5315db80baf11ebab90acde48001122,525193fc0bb011ebab90acde48001122,0.7302,Who is the paternal grandfather of John Ii Of Baden?,"Who is Henri Ii, Duke Of Nemours's paternal grandfather?",dense+hybrid,dense,0,0,0,1,1,1,1,1,0,0
c818d9480baf11ebab90acde48001122,6842323e0bb011ebab90acde48001122,0.7302,Who is Frederick Of Luxembourg's paternal grandfather?,Who is Charles Xiii Of Sweden's paternal grandfather?,none,none,1,0,0,1,0,0,1,0,0,1
0e0b880c0bdc11eba7f7acde48001122,924b5e4e0bdc11eba7f7acde48001122,0.7301,What is the place of birth of the composer of film The Charming Young Lady (Film)?,What is the place of birth of the composer of film Tana (Film)?,none,none,1,0,0,1,0,0,1,0,0,1
ee3233920bda11eba7f7acde48001122,9b5af6700baf11ebab90acde48001122,0.7301,When did William Ii Crispo's father die?,"Who is the father of William Ii, Duke Of Bavaria?",none,none,1,0,0,1,0,0,1,0,0,1
bc633e2c0baf11ebab90acde48001122,bb3829b80baf11ebab90acde48001122,0.73,Who is Maria Luisa Of Savoy's father-in-law?,"Who is the father-in-law of Maria Manuela, Princess Of Portugal?",none,none,1,0,0,1,0,0,1,0,0,1
a08505d20bdc11eba7f7acde48001122,87289e460bdc11eba7f7acde48001122,0.7296,Who is the father of the director of film Red 2 (Film)?,Who is the father of the director of film American Woman (2018 Film)?,none,all,0,0,1,0,0,1,0,0,1,0
e81fc36c0bd911eba7f7acde48001122,a8f3ff980bdc11eba7f7acde48001122,0.7294,Where was the place of burial of Pareherwenemef's mother?,Where was the place of burial of Yakov Dzhugashvili's mother?,none,none,1,0,0,1,0,0,1,0,0,1
df6ec5f60bd911eba7f7acde48001122,ac55dcb60bdb11eba7f7acde48001122,0.7291,Where was the place of death of the director of film Valley Of The Giants (Film)?,Where did the director of film The King Of The Wild Horses die?,all,dense+hybrid,0,1,0,0,1,1,1,1,1,1
64ed06f40bdd11eba7f7acde48001122,184d5d440bb011ebab90acde48001122,0.7289,Where was the husband of Princess Alexandra Of Anhalt born?,Who is Alexandra Of Lithuania's father-in-law?,none,none,1,0,0,1,0,0,1,0,0,1
5b6fc7880bdd11eba7f7acde48001122,b1203e9a0bda11eba7f7acde48001122,0.7287,Who is the spouse of the director of film Min Kone Er Uskyldig?,Who is the spouse of the director of film Vaishnavee?,dense+hybrid,all,0,0,1,0,1,1,1,1,1,1
e1f0c38c0bda11eba7f7acde48001122,429615320bb011ebab90acde48001122,0.7285,What nationality is Anne Of Burgundy's father?,"Who is Anne De Laval, Viscountess Of Thouars's paternal grandfather?",none,none,1,0,0,1,0,0,1,0,0,1
06d9b7aa0bde11eba7f7acde48001122,e93c07e8084f11ebbd56ac1f6bf848b6,0.7283,Where did the director of film Battle Taxi die?,"Which film has the director who died later, Taxi! or What Price Hollywood??",dense,none,0,0,0,1,1,0,0,0,0,1
5d8037920bb011ebab90acde48001122,f6e119300bae11ebab90acde48001122,0.7283,Who is the paternal grandmother of King Kang Of Zhou?,Who is Princess Jeguk's paternal grandmother?,dense+hybrid,none,0,0,0,1,1,0,0,1,0,0
047992200bdc11eba7f7acde48001122,de6a45640bdd11eba7f7acde48001122,0.7282,Where was the place of death of the composer of song How Long Has This Been Going On??,Where did the composer of song Let'S Call The Whole Thing Off die?,none,none,1,0,0,1,0,0,1,0,0,1
8e07f1f00bda11eba7f7acde48001122,48ba7ee20bda11eba7f7acde48001122,0.7282,Who is the spouse of the director of film My Three Merry Widows?,Who is the spouse of the director of film Marie-Jo And Her Two Lovers?,none,none,1,0,0,1,0,0,1,0,0,1
1efc66b60bde11eba7f7acde48001122,61b9647a0bdb11eba7f7acde48001122,0.7281,Where did Bianca Riario's father die?,Where did Léonard Rist's father die?,none,dense+hybrid,0,0,0,1,0,1,0,0,1,0
1d4139960bde11eba7f7acde48001122,13476e200bdd11eba7f7acde48001122,0.7281,What is the place of birth of the director of film Double Or Nothing (1940 Film)?,What is the place of birth of the director of film The Blue And White Lion?,all,dense,0,1,0,0,1,1,1,1,0,0
8dc985120bdc11eba7f7acde48001122,70e0b5360bde11eba7f7acde48001122,0.728,Where was the place of death of Maria Of Jülich-Berg's mother?,Where was the place of death of Duchess Mathilde Ludovika In Bavaria's mother?,none,dense+hybrid,0,0,0,1,0,1,0,0,1,0
22457b2c0bda11eba7f7acde48001122,bbaa84b60bd911eba7f7acde48001122,0.7274,"Where was the father of George Howard, 4Th Earl Of Suffolk born?",Where was the father of Princess Amelia Of Great Britain born?,dense,dense+hybrid,0,0,0,1,1,1,1,0,1,0
a703e1160bdd11eba7f7acde48001122,bef95be60bda11eba7f7acde48001122,0.7273,Where was the place of death of Ginevra D'Este's husband?,Where was the place of death of Salin Mibaya's husband?,none,none,1,0,0,1,0,0,1,0,0,1
37f3bd380baf11ebab90acde48001122,4800bb8a0bb011ebab90acde48001122,0.727,Who is Karl Von Habsburg's paternal grandmother?,Who is Konrad Iii Rudy's paternal grandmother?,dense,none,0,0,0,1,1,0,0,0,0,1
218609020bdc11eba7f7acde48001122,b40073360bdb11eba7f7acde48001122,0.7268,What nationality is the director of film The Beach (Film)?,What nationality is the director of film The Mexican Dream?,none,all,0,0,1,0,0,1,0,0,1,0
2d907ba60bdc11eba7f7acde48001122,6b62ba5a0bde11eba7f7acde48001122,0.7267,What is the place of birth of the director of film Operation Secret?,Which country the director of film Secrets Of A Door-To-Door Salesman is from?,none,all,0,0,1,0,0,1,0,0,1,0
3cbd107e0bde11eba7f7acde48001122,437f3b9a0bdd11eba7f7acde48001122,0.7262,What is the place of birth of the performer of song Who...?,What is the place of birth of the performer of song I Wish (Gabrielle Song)?,dense,none,0,0,0,1,1,0,0,0,0,1
db787f5c0bdc11eba7f7acde48001122,3e19f3220bdb11eba7f7acde48001122,0.7262,What nationality is the director of film Detachment (Film)?,Where was the director of film Invasion (2014 Film) born?,dense+hybrid,dense+hybrid,1,0,0,1,1,1,1,1,1,1
3cbd107e0bde11eba7f7acde48001122,1732aeb80bde11eba7f7acde48001122,0.7261,What is the place of birth of the performer of song Who...?,Where was the performer of song Serial Killer (Song) born?,dense,dense,1,0,0,1,1,1,1,0,0,1
36f7185c0bdd11eba7f7acde48001122,0e0b880c0bdc11eba7f7acde48001122,0.7261,What nationality is the composer of film Count Your Blessings (1959 Film)?,What is the place of birth of the composer of film The Charming Young Lady (Film)?,none,none,1,0,0,1,0,0,1,0,0,1
c9b515020bda11eba7f7acde48001122,2c0ce6960bde11eba7f7acde48001122,0.726,Where was the place of death of Prince Christopher Of Greece And Denmark's father?,Where did Princess Margarita Of Greece And Denmark's mother die?,none,all,0,0,1,0,0,1,0,0,1,0
5e8240ea0bdd11eba7f7acde48001122,57eb21ba0bde11eba7f7acde48001122,0.7259,Where was the place of death of the director of film Mole Men Against The Son Of Hercules?,Where was the place of death of the director of film The Iron Man (Serial)?,all,none,0,1,0,0,1,0,0,1,0,0
61a46987092f11ebbdaeac1f6bf848b6,6e5f2a2e085d11ebbd5cac1f6bf848b6,0.7257,"Which film came out first, Blind Shaft or The Mask Of Fu Manchu?","Which film has the director who died first, The Face Of Fu Manchu or The Hidden One?",all,none,0,1,0,0,1,0,0,1,0,0
57eba38e0bb011ebab90acde48001122,e7cd2f5a0bdc11eba7f7acde48001122,0.7252,Who is the paternal grandfather of Princess Catherine Of Schleswig-Holstein-Sonderburg-Beck?,"What is the date of death of Frederick Christian I, Duke Of Schleswig-Holstein-Sonderburg-Augustenburg's father?",bm25,all,0,1,1,1,0,1,0,0,1,0
c531e7560baf11ebab90acde48001122,9ec332a00baf11ebab90acde48001122,0.7248,Who is Marie Zéphyrine Of France's paternal grandmother?,Who is Louis X Of France's maternal grandfather?,all,none,0,1,0,0,1,0,0,1,0,0
3641d5c60bda11eba7f7acde48001122,e81fc36c0bd911eba7f7acde48001122,0.7248,"Where was the place of burial of Ælfgar, Earl Of Mercia's mother?",Where was the place of burial of Pareherwenemef's mother?,all,none,0,1,0,0,1,0,0,1,0,0
db787f5c0bdc11eba7f7acde48001122,e50c35fa0bdb11eba7f7acde48001122,0.7246,What nationality is the director of film Detachment (Film)?,Where was the director of film Suicide Commandos (Film) born?,dense+hybrid,none,0,0,0,1,1,0,0,1,0,0
4a0422f00bb011ebab90acde48001122,2eaa7d9c0bb011ebab90acde48001122,0.7245,Who is Prince Hubertus Of Prussia's maternal grandfather?,Who is the paternal grandfather of Daughter Of Julius Constantius?,none,all,0,0,1,0,0,1,0,0,1,0
6e02089c0bde11eba7f7acde48001122,21e70b7e0bde11eba7f7acde48001122,0.7243,Which country Princess Katherine Of Greece And Denmark's mother is from?,Which country Princess Catherine Of Schleswig-Holstein-Sonderburg-Beck's father is from?,bm25,none,0,1,0,0,0,0,1,0,0,1
9997225c0bda11eba7f7acde48001122,1bae0cd6088111ebbd6dac1f6bf848b6,0.7239,Where was the place of burial of the director of film The Last Company?,"Which film has the director born later, The Last Company or Anand Ashram?",none,none,1,0,0,1,0,0,1,0,0,1
38ad21b40bdd11eba7f7acde48001122,84d024380bdd11eba7f7acde48001122,0.7238,Where was the place of death of the director of film The Stone Rider?,Where was the place of death of the director of film Never The Twain (Film)?,all,none,0,1,0,0,1,0,0,1,0,0
a08505d20bdc11eba7f7acde48001122,d61d801e0bd911eba7f7acde48001122,0.7238,Who is the father of the director of film Red 2 (Film)?,Who is the father of the director of film Little Joe (Film)?,none,none,1,0,0,1,0,0,1,0,0,1
0bbded440bda11eba7f7acde48001122,4df7e6d00bdd11eba7f7acde48001122,0.7237,Which country the director of film Daadagiri is from?,Which country the director of film Gopura Vasalile is from?,dense,dense+hybrid,0,0,0,1,1,1,1,0,1,0
3cbd107e0bde11eba7f7acde48001122,d133120e0bdd11eba7f7acde48001122,0.7236,What is the place of birth of the performer of song Who...?,What is the place of birth of the performer of song Down Ass Bitch?,dense,dense+hybrid,0,0,0,1,1,1,1,0,1,0
3f5194f00bb011ebab90acde48001122,65649f480bb011ebab90acde48001122,0.723,Who is Prince Harald Of Schaumburg-Lippe's maternal grandfather?,Who is Helvig Of Schauenburg's maternal grandmother?,all,none,0,1,0,0,1,0,0,1,0,0
69b5d9640bdc11eba7f7acde48001122,dae163780bdd11eba7f7acde48001122,0.7225,Where was the place of death of the director of film Fight Of The Tertia (1952 Film)?,Where was the place of death of Junia Tertia's husband?,dense,dense,1,0,0,1,1,1,1,0,0,1
169e179a0bb011ebab90acde48001122,f6e119300bae11ebab90acde48001122,0.7223,Who is Hye Of Baekje's paternal grandfather?,Who is Princess Jeguk's paternal grandmother?,dense,none,0,0,0,1,1,0,0,0,0,1
184d5d440bb011ebab90acde48001122,c09c7c060baf11ebab90acde48001122,0.722,Who is Alexandra Of Lithuania's father-in-law?,Who is Countess Alexandra Von Zarnekau's paternal grandmother?,none,all,0,0,1,0,0,1,0,0,1,0
5b44ffb00bda11eba7f7acde48001122,8792c6b40bdb11eba7f7acde48001122,0.7219,Where was the director of film Blood Father born?,Where was the director of film Medal Of Honor (Film) born?,none,none,1,0,0,1,0,0,1,0,0,1
9affe3e40bdb11eba7f7acde48001122,c8ecc2800bdc11eba7f7acde48001122,0.7218,Where was the place of death of the director of film We (1982 Film)?,"Where was the place of death of the director of film A Man, A Woman, And A Bank?",none,none,1,0,0,1,0,0,1,0,0,1
c19b72520bdb11eba7f7acde48001122,5a2fe7100bdb11eba7f7acde48001122,0.7217,What is the place of birth of the director of film And The Spring Comes?,Where did the director of film The Bride Came C.O.D. die?,none,all,0,0,1,0,0,1,0,0,1,0
90bad89e0bdb11eba7f7acde48001122,3154e71c0bdd11eba7f7acde48001122,0.7215,What is the place of birth of the director of film Dawn Of Life?,Where was the director of film The Bloom Of Yesterday born?,none,all,0,0,1,0,0,1,0,0,1,0
c1b9c0ac0bdd11eba7f7acde48001122,c9e655000bd911eba7f7acde48001122,0.7214,What is the date of death of Catherine Of Guelders's father?,What is the date of death of Gustav Von Leonhard's father?,none,dense+hybrid,0,0,0,1,0,1,0,0,1,0
24835b720bb011ebab90acde48001122,ba7bbf3a0baf11ebab90acde48001122,0.7212,Who is Iynefer Ii's mother-in-law?,Who is the father-in-law of Izz-Un-Nissa?,none,none,1,0,0,1,0,0,1,0,0,1
5750bfd20bdc11eba7f7acde48001122,285016800bda11eba7f7acde48001122,0.7212,Who is the spouse of the director of film Worldly Goods?,Who is the spouse of the director of film The Unholy Wife?,none,all,0,0,1,0,0,1,0,0,1,0
ac1b9ee108b911ebbd88ac1f6bf848b6,bb5b1ade0bd911eba7f7acde48001122,0.721,"Who was born later, Lisbeth Cathrine Amalie Rose or Princess Raiyah Bint Hussein?",What is the place of birth of Princess Raiyah Bint Hussein's father?,all,dense+hybrid,0,1,0,0,1,1,1,1,1,1
9977d29c0bdc11eba7f7acde48001122,8171f7920bda11eba7f7acde48001122,0.7207,What is the cause of death of performer of song Voi Voi?,What is the cause of death of performer of song Blues Run The Game?,none,none,1,0,0,1,0,0,1,0,0,1
0429e4da0bde11eba7f7acde48001122,a638412a0bdb11eba7f7acde48001122,0.7206,Where did the director of film Terminal Entry study?,Where did the director of film Carbon (Film) study?,bm25,dense,0,1,0,0,0,1,0,0,0,1
b26e04e80bdb11eba7f7acde48001122,f6f9fbdc0bd911eba7f7acde48001122,0.7205,Who is the father of the director of film Mirage (1972 Film)?,What nationality is the director of film Vortex (1976 Film)?,dense,dense+hybrid,0,0,0,1,1,1,1,0,1,0
dea2ea800bd911eba7f7acde48001122,35d462f40bdd11eba7f7acde48001122,0.7204,What is the place of birth of Princess Margaretha Of Saxony's mother?,"What is the place of birth of Frederick, Prince Of Hohenzollern's mother?",none,none,1,0,0,1,0,0,1,0,0,1
169e179a0bb011ebab90acde48001122,77dcc8ee0bb011ebab90acde48001122,0.7204,Who is Hye Of Baekje's paternal grandfather?,Who is the paternal grandfather of Przemysław Of Toszek?,dense,none,0,0,0,1,1,0,0,0,0,1
45e0828e097f11ebbdb0ac1f6bf848b6,ebf11d8e089c11ebbd78ac1f6bf848b6,0.7203,"Which film came out earlier, Rajapart Rangadurai or At Sword'S Edge?","Which film came out first, At Sword'S Edge or Crimson Gold?",all,all,1,1,1,1,1,1,1,1,1,1
beda709d090e11ebbdadac1f6bf848b6,f872fe92096c11ebbdafac1f6bf848b6,0.7203,"Which film was released earlier, Tiger Of The Seven Seas or My Wife'S Lodger?","Which film came out first, My Wife'S Lodger or Ko 2?",all,all,1,1,1,1,1,1,1,1,1,1
6ebe05740bde11eba7f7acde48001122,04b5e0320bdb11eba7f7acde48001122,0.7202,Where was the place of death of Anastasia Of Serbia's husband?,Where was the place of death of Christiane Vulpius's husband?,none,dense,0,0,0,1,0,1,0,0,0,1
c8104dcc0bdd11eba7f7acde48001122,e7cd2f5a0bdc11eba7f7acde48001122,0.7201,"What is the date of death of Frederick Michael, Count Palatine Of Zweibrücken's father?","What is the date of death of Frederick Christian I, Duke Of Schleswig-Holstein-Sonderburg-Augustenburg's father?",none,all,0,0,1,0,0,1,0,0,1,0
94f0940608ae11ebbd83ac1f6bf848b6,79519442088711ebbd6dac1f6bf848b6,0.7199,"Which film has the director who died later, The Mystic Masseur or Butter Fingers?","Which film has the director born later, The Mystic Masseur or The Rewrite?",none,none,1,0,0,1,0,0,1,0,0,1
96fb4aee0baf11ebab90acde48001122,421b26d80bb011ebab90acde48001122,0.7196,Who is Blanche Of Portugal (1259–1321)'s paternal grandmother?,Who is the paternal grandmother of Archduchess Dolores Of Austria?,all,hybrid,0,1,0,0,1,0,0,1,1,1
c1b9c0ac0bdd11eba7f7acde48001122,d3754f8e0bdb11eba7f7acde48001122,0.7194,What is the date of death of Catherine Of Guelders's father?,What is the date of death of Bolko V The Hussite's father?,none,dense+hybrid,0,0,0,1,0,1,0,0,1,0
3cbd107e0bde11eba7f7acde48001122,677658e80bde11eba7f7acde48001122,0.7191,What is the place of birth of the performer of song Who...?,Which country the composer of song Seconds (Song) is from?,dense,none,0,0,0,1,1,0,0,0,0,1
0c585dbc0bde11eba7f7acde48001122,8b884d040bd911eba7f7acde48001122,0.7188,Where was the director of film Slingshot (Film) born?,Where was the director of film Mister Scarface born?,all,all,1,1,1,1,1,1,1,1,1,1
a06475340bdb11eba7f7acde48001122,aa8cbbf20bdb11eba7f7acde48001122,0.7187,Where was the place of burial of Adèle Hugo's father?,What is the date of death of Augusta Leigh's father?,dense,dense+hybrid,0,0,0,1,1,1,1,0,1,0
047992200bdc11eba7f7acde48001122,e4eb548a0bda11eba7f7acde48001122,0.7185,Where was the place of death of the composer of song How Long Has This Been Going On??,Where did the composer of song The Shepherd On The Rock die?,none,none,1,0,0,1,0,0,1,0,0,1
f86dd5180bdb11eba7f7acde48001122,c811e4200bdd11eba7f7acde48001122,0.7184,What is the place of birth of the director of film Aurora (2018 Film)?,What is the place of birth of the director of film Centaur (2016 Film)?,none,dense+hybrid,0,0,0,1,0,1,0,0,1,0
171e51c60bdd11eba7f7acde48001122,0a9030700bdb11eba7f7acde48001122,0.7183,Where did the director of film Music In Darkness die?,Where did the director of film Request Concert die?,none,dense+hybrid,0,0,0,1,0,1,0,0,1,0
f99150ee0bdd11eba7f7acde48001122,3f8aca640bdc11eba7f7acde48001122,0.7183,Where was the mother of Elizabeth Stafford born?,Where did Elizabeth Bruce's father die?,dense+hybrid,none,0,0,0,1,1,0,0,1,0,0
1ccc20e00bdc11eba7f7acde48001122,df99f4120bdc11eba7f7acde48001122,0.7183,Where does the director of film Die Abfahrer work at?,Where was the place of burial of the director of film Tag Der Freiheit: Unsere Wehrmacht?,all,none,0,1,0,0,1,0,0,1,0,0
968068d20bdd11eba7f7acde48001122,cd59a6660bdd11eba7f7acde48001122,0.7174,"What nationality is Henry De Beaumont, 5Th Earl Of Warwick's father?","Which country Waleran De Beaumont, 1St Earl Of Worcester's father is from?",none,dense+hybrid,0,0,0,1,0,1,0,0,1,0
e5c738900bdc11eba7f7acde48001122,a16158840bdc11eba7f7acde48001122,0.7167,Where did the director of film Mary Jane'S Pa die?,Where was the place of death of the director of film A Mother'S Heart?,all,none,0,1,0,0,1,0,0,1,0,0
82af24340bdc11eba7f7acde48001122,3a0b1fa80bdc11eba7f7acde48001122,0.7167,Where was the place of death of the performer of song The Village Of St. Bernadette (Song)?,Where was the place of death of the performer of song Northwest Passage (Song)?,hybrid,dense,0,0,0,1,0,1,0,1,0,0
61e86d5a0bdc11eba7f7acde48001122,b2a8d7b60bdc11eba7f7acde48001122,0.7166,Where did the director of film 29+1 study?,Where was the director of film The Making Of Plus One born?,none,none,1,0,0,1,0,0,1,0,0,1
c01a2fa8087111ebbd63ac1f6bf848b6,b051c536089e11ebbd78ac1f6bf848b6,0.7165,"Which film has the director who was born earlier, Adam'S Rib or Thendral Veesum?","Which film has the director who was born first, Slim Carter or Thendral Veesum?",dense+hybrid,all,0,0,1,0,1,1,1,1,1,1
b5e9ef2c0bdd11eba7f7acde48001122,a703e1160bdd11eba7f7acde48001122,0.7164,Where was the place of death of Juan Carlos Gumucio's wife?,Where was the place of death of Ginevra D'Este's husband?,none,none,1,0,0,1,0,0,1,0,0,1
81ca57e60bdc11eba7f7acde48001122,74207b920bdd11eba7f7acde48001122,0.7163,Where was the director of film Age-Old Friends born?,Where did the director of film Old Man Drinking A Glass Of Beer die?,all,dense+hybrid,0,1,0,0,1,1,1,1,1,1
c3c94d0a0bdc11eba7f7acde48001122,6fbdeee60bdc11eba7f7acde48001122,0.7163,Who is the child of the director of film La Leona (Film)?,Who is the child of the director of film Lo Que Le Pasó A Reynoso?,none,dense+hybrid,0,0,0,1,0,1,0,0,1,0
652d7dac0bdc11eba7f7acde48001122,082dd41a0bde11eba7f7acde48001122,0.7163,What is the place of birth of the director of film Guilty Of Treason?,Where did the director of film 1919 (Film) graduate from?,all,dense,0,1,0,0,1,1,1,1,0,0
6ebe05740bde11eba7f7acde48001122,bb8e4d040bda11eba7f7acde48001122,0.7162,Where was the place of death of Anastasia Of Serbia's husband?,Where did Muza Niyazova's husband die?,none,none,1,0,0,1,0,0,1,0,0,1
026b56060bde11eba7f7acde48001122,8d0d8a680bd911eba7f7acde48001122,0.7161,Where did the director of film Border (2018 Film) graduate from?,Where did the director of film Jhoom Barabar Jhoom graduate from?,dense,none,0,0,0,1,1,0,0,0,0,1
593381a80bdd11eba7f7acde48001122,0cc593140bde11eba7f7acde48001122,0.716,Where was the place of burial of Lorenzo Cybo's mother?,Where was the place of burial of Nebetah's mother?,dense+hybrid,dense,0,0,0,1,1,1,1,1,0,0
a6d861000bdb11eba7f7acde48001122,96d29e2c0bdd11eba7f7acde48001122,0.716,Which country Tivala's father is from?,Which country Anthemiolus's father is from?,all,dense,0,1,0,0,1,1,1,1,0,0
c19b72520bdb11eba7f7acde48001122,7e6cb4f80bdd11eba7f7acde48001122,0.7158,What is the place of birth of the director of film And The Spring Comes?,What is the place of birth of the director of film Head Against The Wall?,none,bm25,0,0,1,0,0,0,1,0,0,1
7a1d9d7c0bb011ebab90acde48001122,1734c9b60baf11ebab90acde48001122,0.7156,Who is Cornelia (Wife Of Caesar)'s child-in-law?,Who is the mother-in-law of Lollia Paulina?,all,dense,0,1,0,0,1,1,1,1,0,0
b81fbe620bdc11eba7f7acde48001122,0c585dbc0bde11eba7f7acde48001122,0.7156,Where was the director of film Highway Dragnet born?,Where was the director of film Slingshot (Film) born?,all,all,1,1,1,1,1,1,1,1,1,1
b035afca0bd911eba7f7acde48001122,8e07f1f00bda11eba7f7acde48001122,0.7156,Who is the spouse of the director of film Carol'S Journey?,Who is the spouse of the director of film My Three Merry Widows?,dense,none,0,0,0,1,1,0,0,0,0,1
08bc79d60bde11eba7f7acde48001122,3581ccec0bdd11eba7f7acde48001122,0.7153,Where was the director of film The Hobbit: An Unexpected Journey born?,Which country the director of film Thundering Mountains is from?,none,dense+hybrid,0,0,0,1,0,1,0,0,1,0
60acf35c0bdc11eba7f7acde48001122,d5b6ea5c0bd911eba7f7acde48001122,0.7151,Who is the spouse of the director of film Zabak?,Who is the spouse of the director of film Paribar?,all,dense+hybrid,0,1,0,0,1,1,1,1,1,1
e5d895ee0bdd11eba7f7acde48001122,924b5e4e0bdc11eba7f7acde48001122,0.7151,Where was the composer of film Love Story 1999 born?,What is the place of birth of the composer of film Tana (Film)?,none,none,1,0,0,1,0,0,1,0,0,1
f86dd5180bdb11eba7f7acde48001122,a457e11c0bdb11eba7f7acde48001122,0.7151,What is the place of birth of the director of film Aurora (2018 Film)?,Who is the mother of the director of film Atomised (Film)?,none,none,1,0,0,1,0,0,1,0,0,1
cef85d800bda11eba7f7acde48001122,40d326d80bdb11eba7f7acde48001122,0.7149,Why did the director of film Normande (Film) die?,What is the cause of death of director of film Vrijdag?,dense,all,0,0,1,0,1,1,1,0,1,0
3cbd107e0bde11eba7f7acde48001122,3d3bc0720bde11eba7f7acde48001122,0.7148,What is the place of birth of the performer of song Who...?,What is the place of birth of the performer of song Damage (Pharoahe Monch Song)?,dense,all,0,0,1,0,1,1,1,0,1,0
49637d220bd911eba7f7acde48001122,87289e460bdc11eba7f7acde48001122,0.7145,Who is the father of the director of film Lila & Eve?,Who is the father of the director of film American Woman (2018 Film)?,none,all,0,0,1,0,0,1,0,0,1,0
b1b78c480bdd11eba7f7acde48001122,ca3fdcde0bdd11eba7f7acde48001122,0.7144,Where was the place of death of Alexander Carl Otto Westphal's father?,Where was the place of death of Carl Gustaf Creutz's father?,dense+hybrid,none,0,0,0,1,1,0,0,1,0,0
08de5d000baf11ebab90acde48001122,4aa187080baf11ebab90acde48001122,0.7142,"Who is the paternal grandmother of John Iii, Duke Of Cleves?",Who is the paternal grandmother of Edward I Of England?,dense+hybrid,none,0,0,0,1,1,0,0,1,0,0
218609020bdc11eba7f7acde48001122,da2a12da0bd911eba7f7acde48001122,0.7141,What nationality is the director of film The Beach (Film)?,Where was the director of film The Boxer And Death born?,none,bm25,0,0,1,0,0,0,1,0,0,1
c40d35580bda11eba7f7acde48001122,7e6cb4f80bdd11eba7f7acde48001122,0.7139,Where was the director of film At The End Of The Tunnel born?,What is the place of birth of the director of film Head Against The Wall?,bm25+hybrid,bm25,0,1,1,1,0,0,1,1,0,0
20a118cc0bde11eba7f7acde48001122,314f72c20bde11eba7f7acde48001122,0.7137,Where was the director of film High (Film) born?,What nationality is the director of film Rise Above: The Tribe 8 Documentary?,dense+hybrid,none,0,0,0,1,1,0,0,1,0,0
5db7e2d80bdc11eba7f7acde48001122,6a37394e0bde11eba7f7acde48001122,0.7136,"What is the place of birth of the director of film I Love, You Love?",Where was the director of film I'Ll Follow You Down born?,bm25+hybrid,none,0,1,0,0,0,0,1,1,0,0
3cbd107e0bde11eba7f7acde48001122,9494fa760bdb11eba7f7acde48001122,0.7136,What is the place of birth of the performer of song Who...?,Where was the composer of song Unravel born?,dense,bm25,0,0,1,0,1,0,0,0,0,1
133b785c0bda11eba7f7acde48001122,38ad21b40bdd11eba7f7acde48001122,0.7136,Where was the place of death of the director of film Scugnizzi?,Where was the place of death of the director of film The Stone Rider?,dense,all,0,0,1,0,1,1,1,0,1,0
8b68595a0bdd11eba7f7acde48001122,389e053c0bdb11eba7f7acde48001122,0.7136,What is the place of birth of Jehu Grubb's father?,What is the place of birth of Aleksey Greig's father?,none,dense+hybrid,0,0,0,1,0,1,0,0,1,0
d4a23f020bdb11eba7f7acde48001122,62ce8c8e0bde11eba7f7acde48001122,0.7135,What nationality is Imperial Noble Consort Chunhui's husband?,What is the place of birth of Consort Liang's husband?,dense+hybrid,none,0,0,0,1,1,0,0,1,0,0
ace961ec0baf11ebab90acde48001122,f6e119300bae11ebab90acde48001122,0.7134,Who is Shepseskare's paternal grandmother?,Who is Princess Jeguk's paternal grandmother?,none,none,1,0,0,1,0,0,1,0,0,1
d5b6ea5c0bd911eba7f7acde48001122,90d48f160bd911eba7f7acde48001122,0.7134,Who is the spouse of the director of film Paribar?,Who is the spouse of the director of film Shaadi Ka Laddoo?,dense+hybrid,dense+hybrid,1,0,0,1,1,1,1,1,1,1
695689d20baf11ebab90acde48001122,c96e87340baf11ebab90acde48001122,0.7131,Who is Rani Mukerji's father-in-law?,Who is Priyadarshini Raje Scindia's father-in-law?,dense+hybrid,all,0,0,1,0,1,1,1,1,1,1
08bc79d60bde11eba7f7acde48001122,40da89160bde11eba7f7acde48001122,0.7128,Where was the director of film The Hobbit: An Unexpected Journey born?,Where was the director of film Talk About A Stranger born?,none,all,0,0,1,0,0,1,0,0,1,0
2207e9060bda11eba7f7acde48001122,b036ead80bda11eba7f7acde48001122,0.7124,What nationality is the director of film World And Time Enough?,What is the place of birth of the director of film Time Raiders?,none,bm25+hybrid,0,0,1,0,0,0,1,0,1,0
f34d188608cb11ebbd93ac1f6bf848b6,edb5bc2e0bdd11eba7f7acde48001122,0.7124,"Which film has the director who was born later, Playing It Wild or I'Ll Be Going Now?",Where did the director of film Playing It Wild die?,dense+hybrid,none,0,0,0,1,1,0,0,1,0,0
424d56700bde11eba7f7acde48001122,3d682f700bdb11eba7f7acde48001122,0.7124,Which country Audofleda's husband is from?,Which country Marie Antoinette Murat's husband is from?,none,none,1,0,0,1,0,0,1,0,0,1
32e50df00bb011ebab90acde48001122,184d5d440bb011ebab90acde48001122,0.712,Who is the father-in-law of Sophia Of Wittelsbach?,Who is Alexandra Of Lithuania's father-in-law?,dense,none,0,0,0,1,1,0,0,0,0,1
895740ae0bb011ebab90acde48001122,29bd8c0c0bb011ebab90acde48001122,0.7119,"Who is William Paulet, 4Th Marquess Of Winchester's paternal grandmother?","Who is the paternal grandfather of William De Ferrers, 4Th Earl Of Derby?",all,bm25,0,1,1,1,1,0,0,1,0,0
a59539480bdc11eba7f7acde48001122,6de887fc0bdc11eba7f7acde48001122,0.7118,Where does the composer of film Rivers And Tides work at?,Where was the composer of film Post Master born?,none,none,1,0,0,1,0,0,1,0,0,1
327a14420baf11ebab90acde48001122,3209ff5e0baf11ebab90acde48001122,0.7116,Who is the maternal grandfather of Agnès Of Navarre?,"Who is the maternal grandfather of Agnes Duff, Countess Fife?",dense+hybrid,dense,0,0,0,1,1,1,1,1,0,0
1900f7600baf11ebab90acde48001122,642aef8a0bdb11eba7f7acde48001122,0.7116,"Who is Thomas Stafford, 3Rd Earl Of Stafford's father?","Where was the place of burial of John Stafford, 1St Earl Of Wiltshire's father?",all,none,0,1,0,0,1,0,0,1,0,0
68bb42e00bd911eba7f7acde48001122,a638412a0bdb11eba7f7acde48001122,0.7116,Where did the director of film The Price Of Everything study?,Where did the director of film Carbon (Film) study?,none,dense,0,0,0,1,0,1,0,0,0,1
3cbd107e0bde11eba7f7acde48001122,2e30cd860bdc11eba7f7acde48001122,0.7112,What is the place of birth of the performer of song Who...?,Where was the performer of song Giati Fovase born?,dense,hybrid,0,0,0,1,1,0,0,0,1,0
2b7db0200bde11eba7f7acde48001122,565f05fc0bdc11eba7f7acde48001122,0.711,"Where did Charles Stewart, 3Rd Duke Of Richmond's father graduate from?","Where did Edmund Tudor, 1St Earl Of Richmond's wife graduate from?",none,none,1,0,0,1,0,0,1,0,0,1
cd1dfa560bda11eba7f7acde48001122,c7c0fbdc0bdd11eba7f7acde48001122,0.7107,Who is the spouse of the director of film The Untouched Woman?,Who is the spouse of the director of film Soldier (1998 American Film)?,none,dense+hybrid,0,0,0,1,0,1,0,0,1,0
850c2ecc0bda11eba7f7acde48001122,c38c6f3e0bdc11eba7f7acde48001122,0.7105,Where was the director of film En Aasai Rasave born?,"Where does the director of film L'Arbre, Le Maire Et La Médiathèque work at?",dense+hybrid,dense,0,0,0,1,1,1,1,1,0,0
62fc67720bdd11eba7f7acde48001122,5035f7640bda11eba7f7acde48001122,0.7102,Where did the director of film A Daughter Of Two Worlds die?,What is the date of death of the director of film A Girl From The Reeperbahn?,none,dense+hybrid,0,0,0,1,0,1,0,0,1,0
982f8e440bdb11eba7f7acde48001122,1187c9080bde11eba7f7acde48001122,0.7101,When was the company that published American Scientist founded?,When was the company that published Woman'S Century founded?,all,none,0,1,0,0,1,0,0,1,0,0
2de3495a0bda11eba7f7acde48001122,86a396ba0bdc11eba7f7acde48001122,0.7099,What is the place of birth of the director of film Samarpane?,Where was the director of film Konga Yo born?,all,dense,0,1,0,0,1,1,1,1,0,0
b56bf714088311ebbd6dac1f6bf848b6,026b56060bde11eba7f7acde48001122,0.7099,"Do both films, They Didn'T Know and North Of The Border (Film), have the directors who are from the same country?",Where did the director of film Border (2018 Film) graduate from?,none,dense,0,0,0,1,0,1,0,0,0,1
d9b00ab80bdd11eba7f7acde48001122,ded710180bdd11eba7f7acde48001122,0.7096,"What is the date of death of Joan, Countess Of Blois's mother?","Where did Joanna, Duchess Of Durazzo's mother die?",dense,dense,1,0,0,1,1,1,1,0,0,1
c5d56fe60bd911eba7f7acde48001122,0140e1380bde11eba7f7acde48001122,0.7094,"What is the date of death of Lancelot Lowther, 6Th Earl Of Lonsdale's father?","When did Henry Pelham-Clinton, 6Th Duke Of Newcastle's father die?",all,dense+hybrid,0,1,0,0,1,1,1,1,1,1
cef85d800bda11eba7f7acde48001122,7c798d620bdb11eba7f7acde48001122,0.7092,Why did the director of film Normande (Film) die?,"Why did the director of film Up, Down, Fragile die?",dense,dense,1,0,0,1,1,1,1,0,0,1
3cbd107e0bde11eba7f7acde48001122,1b99cbbc0bde11eba7f7acde48001122,0.7091,What is the place of birth of the performer of song Who...?,What is the place of birth of the performer of song Outta My Head (Leona Lewis Song)?,dense,none,0,0,0,1,1,0,0,0,0,1
c289098a0bdc11eba7f7acde48001122,686679880bdc11eba7f7acde48001122,0.709,What is the place of birth of the director of film My Country'S Wings?,What is the place of birth of the director of film The White Terror (Film)?,bm25,all,0,1,1,1,0,1,0,0,1,0
2935f1640bda11eba7f7acde48001122,5035f7640bda11eba7f7acde48001122,0.7089,Where was the place of death of the director of film Beat Girl?,What is the date of death of the director of film A Girl From The Reeperbahn?,none,dense+hybrid,0,0,0,1,0,1,0,0,1,0
c19b72520bdb11eba7f7acde48001122,33cf79380bda11eba7f7acde48001122,0.7087,What is the place of birth of the director of film And The Spring Comes?,What is the place of birth of the director of film The First Monday In May?,none,dense,0,0,0,1,0,1,0,0,0,1
374844b20baf11ebab90acde48001122,21a3b9fa0bde11eba7f7acde48001122,0.7084,Who is Ermengarde Of Tuscany's paternal grandfather?,When was Britannicus's father born?,none,dense+hybrid,0,0,0,1,0,1,0,0,1,0
747175620bdb11eba7f7acde48001122,7e6cb4f80bdd11eba7f7acde48001122,0.7084,What is the place of birth of the director of film A Woman'S Face (1938 Film)?,What is the place of birth of the director of film Head Against The Wall?,none,bm25,0,0,1,0,0,0,1,0,0,1
5b6b8c02089711ebbd77ac1f6bf848b6,9aa8008408de11ebbd9eac1f6bf848b6,0.7084,"Which film whose director was born first, 45 Fathers or The Intended?","Which film has the director born later, Christ Walking On The Water or 45 Fathers?",all,dense+hybrid,0,1,0,0,1,1,1,1,1,1
ce103d440bd911eba7f7acde48001122,2de3495a0bda11eba7f7acde48001122,0.7083,Where was the director of film Veera Thalattu born?,What is the place of birth of the director of film Samarpane?,dense+hybrid,all,0,0,1,0,1,1,1,1,1,1
812e7fdc0bb011ebab90acde48001122,ce13bd740bda11eba7f7acde48001122,0.7079,Who is Prince Archil Of Imereti's child?,When did Prince Vakhtang Of Imereti's father die?,none,dense,0,0,0,1,0,1,0,0,0,1
5f5002360bd911eba7f7acde48001122,20a118cc0bde11eba7f7acde48001122,0.7074,Where was the director of film Bollywood Calling born?,Where was the director of film High (Film) born?,dense,dense+hybrid,0,0,0,1,1,1,1,0,1,0
3c68e44c0bdc11eba7f7acde48001122,845645da0bda11eba7f7acde48001122,0.7072,Where was the place of death of Alessandro Vitelli's father?,Where did Roberto Civita's father die?,none,all,0,0,1,0,0,1,0,0,1,0
2935f1640bda11eba7f7acde48001122,4920ec1e0bde11eba7f7acde48001122,0.7072,Where was the place of death of the director of film Beat Girl?,Where did the director of film Schoolboy Crush (Film) die?,none,none,1,0,0,1,0,0,1,0,0,1
3f5c3d7e0bb011ebab90acde48001122,32edaabe0bb011ebab90acde48001122,0.7071,Who is Wenceslaus Of Żagań's paternal grandfather?,Who is the paternal grandfather of Prince Joseph Wenzel Of Liechtenstein?,none,none,1,0,0,1,0,0,1,0,0,1
7e6280500bdd11eba7f7acde48001122,b036ead80bda11eba7f7acde48001122,0.707,What is the place of birth of the director of film Tammy And The T-Rex?,What is the place of birth of the director of film Time Raiders?,all,bm25+hybrid,0,1,1,1,1,0,0,1,1,1
90bad89e0bdb11eba7f7acde48001122,809a04ee0bdb11eba7f7acde48001122,0.7067,What is the place of birth of the director of film Dawn Of Life?,Where does the director of film Wine Of Morning work at?,none,all,0,0,1,0,0,1,0,0,1,0
ad43c9300bdb11eba7f7acde48001122,e07720840bdd11eba7f7acde48001122,0.7067,"What is the place of birth of James Douglas, 3Rd Earl Of Angus's father?",What is the date of birth of Lord William Montagu-Douglas-Scott's father?,none,none,1,0,0,1,0,0,1,0,0,1
13476e200bdd11eba7f7acde48001122,061db5dc0bde11eba7f7acde48001122,0.7066,What is the place of birth of the director of film The Blue And White Lion?,What is the place of birth of the director of film Blues Metropolitano?,dense,all,0,0,1,0,1,1,1,0,1,0
a5bed06e0bdc11eba7f7acde48001122,fb1d2b4a0bdd11eba7f7acde48001122,0.7064,What nationality is Philip Of Ibelin (1180–1227)'s mother?,What nationality is Isabella Of England's mother?,none,bm25+hybrid,0,0,1,0,0,0,1,0,1,0
ded710180bdd11eba7f7acde48001122,f51799420bdd11eba7f7acde48001122,0.7064,"Where did Joanna, Duchess Of Durazzo's mother die?",Where did Patti Davis's mother die?,dense,none,0,0,0,1,1,0,0,0,0,1
ad6e5c1c0baf11ebab90acde48001122,3f5194f00bb011ebab90acde48001122,0.7062,Who is the mother of Olaf (Ii) Haraldsen?,Who is Prince Harald Of Schaumburg-Lippe's maternal grandfather?,dense+hybrid,all,0,0,1,0,1,1,1,1,1,1
9caa68c80bda11eba7f7acde48001122,33c3fd3e0bde11eba7f7acde48001122,0.7062,What is the date of death of Siemowit V Of Masovia's mother?,Where was the place of death of Elisabeth Of Moravia's mother?,none,none,1,0,0,1,0,0,1,0,0,1
d9e3f4aa0bdc11eba7f7acde48001122,11ce77860bde11eba7f7acde48001122,0.7062,"What is the date of birth of Prince Bernhard Of Orange-Nassau, Van Vollenhoven's father?",Where does Bernhard Bielenstein's father work at?,dense+hybrid,none,0,0,0,1,1,0,0,1,0,0
9766cddc0bdc11eba7f7acde48001122,6de887fc0bdc11eba7f7acde48001122,0.7061,Where did the composer of film The Merry Monahans die?,Where was the composer of film Post Master born?,all,none,0,1,0,0,1,0,0,1,0,0
0c585dbc0bde11eba7f7acde48001122,45a190120bdd11eba7f7acde48001122,0.706,Where was the director of film Slingshot (Film) born?,Where was the director of film Outlaw: The Saga Of Gisli born?,all,none,0,1,0,0,1,0,0,1,0,0
9997225c0bda11eba7f7acde48001122,ec1c9a2a0bda11eba7f7acde48001122,0.706,Where was the place of burial of the director of film The Last Company?,Where was the place of death of the director of film Hitch Hike Lady?,none,none,1,0,0,1,0,0,1,0,0,1
f64be57a0bdd11eba7f7acde48001122,3ae059580bdb11eba7f7acde48001122,0.706,What is the date of death of the director of film Escándalo De Estrellas?,What is the place of birth of the director of film Encino Man?,dense+hybrid,all,0,0,1,0,1,1,1,1,1,1
7e815a440bdc11eba7f7acde48001122,f139c8a20bda11eba7f7acde48001122,0.7055,Who is the spouse of the performer of song Missing My Baby?,What nationality is Consort Song's husband?,dense,none,0,0,0,1,1,0,0,0,0,1
3cfe44540bde11eba7f7acde48001122,9481ffc00bdb11eba7f7acde48001122,0.7053,What is the place of birth of Bea Ballard's father?,What is the place of birth of John E. Irving's father?,dense,bm25+dense,0,0,1,0,1,1,1,0,0,1
0ac40d780bdb11eba7f7acde48001122,939c636c0bda11eba7f7acde48001122,0.7053,Where does the director of film Ghost In The Machine (Film) work at?,Where does the director of film The Maggie work at?,none,none,1,0,0,1,0,0,1,0,0,1
d1fd9cbe0bdc11eba7f7acde48001122,0464f5040bdc11eba7f7acde48001122,0.705,Where does the director of film The Marquise Of O (Film) work at?,Where does the director of film The Witnesses work at?,none,none,1,0,0,1,0,0,1,0,0,1
14552e680bda11eba7f7acde48001122,2de3495a0bda11eba7f7acde48001122,0.705,Where was the place of death of the director of film Basta Guardarla?,What is the place of birth of the director of film Samarpane?,all,all,1,1,1,1,1,1,1,1,1,1
c3c76b780bd911eba7f7acde48001122,f86dd5180bdb11eba7f7acde48001122,0.7048,When was the director of film Reykjavík-Rotterdam born?,What is the place of birth of the director of film Aurora (2018 Film)?,all,none,0,1,0,0,1,0,0,1,0,0
5db7e2d80bdc11eba7f7acde48001122,e2ec9eea0bdb11eba7f7acde48001122,0.7048,"What is the place of birth of the director of film I Love, You Love?",What is the place of birth of the director of film The Admirer?,bm25+hybrid,none,0,1,0,0,0,0,1,1,0,0
68cb7bc00bdd11eba7f7acde48001122,1efc66b60bde11eba7f7acde48001122,0.7048,Where was the place of death of Tamatoa Vi's father?,Where did Bianca Riario's father die?,dense,none,0,0,0,1,1,0,0,0,0,1
1187c9080bde11eba7f7acde48001122,ac492ab80bd911eba7f7acde48001122,0.7046,When was the company that published Woman'S Century founded?,What nationality of the company that published The Sun (United Kingdom)?,none,none,1,0,0,1,0,0,1,0,0,1
ce4f63cc0bdc11eba7f7acde48001122,7620acb80bde11eba7f7acde48001122,0.7044,Where did the director of film Ręce Do Góry study?,Where did the director of film Até Que A Sorte Nos Separe 2 study?,none,none,1,0,0,1,0,0,1,0,0,1
218609020bdc11eba7f7acde48001122,4afe64800bde11eba7f7acde48001122,0.7041,What nationality is the director of film The Beach (Film)?,What nationality is the director of film Tiki Tiki?,none,dense+hybrid,0,0,0,1,0,1,0,0,1,0
3cbd107e0bde11eba7f7acde48001122,4b6e9f5c0bde11eba7f7acde48001122,0.704,What is the place of birth of the performer of song Who...?,What is the place of birth of the performer of song Afterglow (Tina Turner Song)?,dense,none,0,0,0,1,1,0,0,0,0,1
b3110a5e0bda11eba7f7acde48001122,98f383880bdd11eba7f7acde48001122,0.704,Which country Prince Nikolaus Wilhelm Of Nassau's mother is from?,Where did Louis Of Nassau's mother die?,dense,none,0,0,0,1,1,0,0,0,0,1
b7de2a860bd911eba7f7acde48001122,1bfdd2d20bda11eba7f7acde48001122,0.7033,Who is the spouse of the director of film West Of Shanghai?,Who is the spouse of the director of film På Solsiden?,dense,none,0,0,0,1,1,0,0,0,0,1
24835b720bb011ebab90acde48001122,7da6577c0bb011ebab90acde48001122,0.7031,Who is Iynefer Ii's mother-in-law?,Who is Queen Inseong's mother-in-law?,none,all,0,0,1,0,0,1,0,0,1,0
a5b095c00bdd11eba7f7acde48001122,686679880bdc11eba7f7acde48001122,0.703,Where was the composer of film Terror In The Aisles born?,What is the place of birth of the director of film The White Terror (Film)?,dense,all,0,0,1,0,1,1,1,0,1,0
04a544a40bde11eba7f7acde48001122,b94fd2500bdb11eba7f7acde48001122,0.7028,"What is the date of death of Gero Ii, Margrave Of The Saxon Ostmark's father?",What is the date of death of Æthelmær The Stout's father?,all,dense+hybrid,0,1,0,0,1,1,1,1,1,1
2fcf02980bdc11eba7f7acde48001122,db787f5c0bdc11eba7f7acde48001122,0.7025,Which country the director of film West 32Nd is from?,What nationality is the director of film Detachment (Film)?,all,dense+hybrid,0,1,0,0,1,1,1,1,1,1
e1f0c38c0bda11eba7f7acde48001122,170b21e60bb011ebab90acde48001122,0.7024,What nationality is Anne Of Burgundy's father?,Who is Sobe (Sister Of Saint Anne)'s grandchild?,none,none,1,0,0,1,0,0,1,0,0,1
2fd031c00bde11eba7f7acde48001122,e30de52a0bd911eba7f7acde48001122,0.7023,Where did the director of film Desolation Angels (1995 Film) graduate from?,Where was the director of film The Naked Angel born?,dense+hybrid,all,0,0,1,0,1,1,1,1,1,1
b035afca0bd911eba7f7acde48001122,057f68740bdd11eba7f7acde48001122,0.7023,Who is the spouse of the director of film Carol'S Journey?,Who is the spouse of the director of film The Second Awakening Of Christa Klages?,dense,all,0,0,1,0,1,1,1,0,1,0
9997225c0bda11eba7f7acde48001122,cdb8b7540bd911eba7f7acde48001122,0.7018,Where was the place of burial of the director of film The Last Company?,Where was the place of burial of the director of film Broadway Bad?,none,none,1,0,0,1,0,0,1,0,0,1
be0a16240baf11ebab90acde48001122,619580300bb011ebab90acde48001122,0.7017,Who is the paternal grandmother of Prince William Of Hesse-Kassel?,Who is John Of Hesse-Braubach's co-husband?,all,none,0,1,0,0,1,0,0,1,0,0
24e2e9900bdb11eba7f7acde48001122,7b3bcff60bda11eba7f7acde48001122,0.7016,Which country the director of film The Notebooks Of Memory is from?,What is the place of birth of the director of film Winds Of The Pampas?,none,all,0,0,1,0,0,1,0,0,1,0
c1d45a9e0baf11ebab90acde48001122,b583abd20baf11ebab90acde48001122,0.7016,Who is the paternal grandfather of Eochaid Ailtlethan?,Who is the paternal grandfather of Sultan Al-Dawla?,none,dense+hybrid,0,0,0,1,0,1,0,0,1,0
d61d801e0bd911eba7f7acde48001122,4b145f0a0bda11eba7f7acde48001122,0.7015,Who is the father of the director of film Little Joe (Film)?,What is the place of birth of the director of film The New Kids?,none,bm25,0,0,1,0,0,0,1,0,0,1
5db7e2d80bdc11eba7f7acde48001122,ca74cee20bda11eba7f7acde48001122,0.7014,"What is the place of birth of the director of film I Love, You Love?","What is the place of birth of the director of film Smile, Brother, Smile?",bm25+hybrid,all,0,1,1,1,0,1,0,1,1,1
37c6703a0bdc11eba7f7acde48001122,2de3495a0bda11eba7f7acde48001122,0.7011,When was the director of film Jinpa born?,What is the place of birth of the director of film Samarpane?,all,all,1,1,1,1,1,1,1,1,1,1
ca3fdcde0bdd11eba7f7acde48001122,04a065a60bde11eba7f7acde48001122,0.701,Where was the place of death of Carl Gustaf Creutz's father?,Where was the place of death of Nancy Kassebaum's father?,none,none,1,0,0,1,0,0,1,0,0,1
00c75ffc0bde11eba7f7acde48001122,d1fd9cbe0bdc11eba7f7acde48001122,0.7009,Where was the director of film Lettre Ouverte born?,Where does the director of film The Marquise Of O (Film) work at?,none,none,1,0,0,1,0,0,1,0,0,1
e81fc36c0bd911eba7f7acde48001122,1d5d77580bdb11eba7f7acde48001122,0.7007,Where was the place of burial of Pareherwenemef's mother?,Where was the place of death of John Manners Tollemache's mother?,none,none,1,0,0,1,0,0,1,0,0,1
14bdff820bdb11eba7f7acde48001122,709cfbb60bde11eba7f7acde48001122,0.7004,When was the director of film Slap Her... She'S French born?,Where was the director of film Pistol Whipped born?,all,all,1,1,1,1,1,1,1,1,1,1
247f29b00bda11eba7f7acde48001122,2d5411f20bdc11eba7f7acde48001122,0.7003,Where did the director of film Saadia (Film) graduate from?,Where was the director of film Nagarahole (Film) born?,none,all,0,0,1,0,0,1,0,0,1,0
68cb7bc00bdd11eba7f7acde48001122,96bf78ee0bdb11eba7f7acde48001122,0.7,Where was the place of death of Tamatoa Vi's father?,Where was the place of death of Lin Liguo's father?,dense,dense+hybrid,0,0,0,1,1,1,1,0,1,0
1b911ab00bdb11eba7f7acde48001122,c92dac4e0bd911eba7f7acde48001122,0.7,"Where was the mother of Elizabeth Of Denmark, Electress Of Brandenburg born?","Where did Elisabeth Of Hesse, Electress Palatine's mother die?",dense+hybrid,none,0,0,0,1,1,0,0,1,0,0
3cbd107e0bde11eba7f7acde48001122,4554d82a0bd911eba7f7acde48001122,0.7,What is the place of birth of the performer of song Who...?,Where was the performer of song Det Brinner Ett Ljus born?,dense,none,0,0,0,1,1,0,0,0,0,1
9b08d2780bdc11eba7f7acde48001122,a86662fc0bda11eba7f7acde48001122,0.7,What nationality is the singer of Pre (Band)?,What nationality is the performer of song Dear Sing Sing?,dense+hybrid,none,0,0,0,1,1,0,0,1,0,0
8b68595a0bdd11eba7f7acde48001122,23ae34720bda11eba7f7acde48001122,0.6999,What is the place of birth of Jehu Grubb's father?,Where was the father of Prabhu (Actor) born?,none,dense+hybrid,0,0,0,1,0,1,0,0,1,0
9997225c0bda11eba7f7acde48001122,002e925e0bde11eba7f7acde48001122,0.6999,Where was the place of burial of the director of film The Last Company?,What is the date of death of the director of film The Organization (Film)?,none,dense,0,0,0,1,0,1,0,0,0,1
2b4bd5020baf11ebab90acde48001122,8da9737a0bb011ebab90acde48001122,0.6995,Who is the paternal grandfather of Kujō Yoritsugu?,Who is the paternal grandfather of Yi Hong?,all,dense,0,1,0,0,1,1,1,1,0,0
0c0b964c0bdb11eba7f7acde48001122,7e815a440bdc11eba7f7acde48001122,0.699,Who is the spouse of the performer of song Pump-Pump?,Who is the spouse of the performer of song Missing My Baby?,dense,dense,1,0,0,1,1,1,1,0,0,1
29bff6c20bb011ebab90acde48001122,1add88540bb011ebab90acde48001122,0.699,Who is the father-in-law of Caroline Amalie Of Augustenburg?,Who is the child-in-law of Marie De Namur?,dense,none,0,0,0,1,1,0,0,0,0,1
70ec660c0bdd11eba7f7acde48001122,b40073360bdb11eba7f7acde48001122,0.6988,Where was the director of film Los Motivos De Luz born?,What nationality is the director of film The Mexican Dream?,none,all,0,0,1,0,0,1,0,0,1,0
4b443b0e0bde11eba7f7acde48001122,78b84f3608db11ebbd9cac1f6bf848b6,0.6988,What is the place of birth of the director of film The Naked Island?,"Which film has the director who is older than the other, Adieu Bonaparte or Naked Harbour? ",none,dense+hybrid,0,0,0,1,0,1,0,0,1,0
9946e9180bda11eba7f7acde48001122,db9c68800bdd11eba7f7acde48001122,0.6987,Where was the place of death of the director of film Quatre-Vingt-Treize (Film)?,Where was the place of death of the director of film Judith Therpauve?,none,bm25+hybrid,0,0,1,0,0,0,1,0,1,0
ca3fdcde0bdd11eba7f7acde48001122,19ab7c2a0bdd11eba7f7acde48001122,0.6985,Where was the place of death of Carl Gustaf Creutz's father?,Where did Carlos Bee's father die?,none,none,1,0,0,1,0,0,1,0,0,1
f97bacb20bdd11eba7f7acde48001122,df6ec5f60bd911eba7f7acde48001122,0.6985,Where did the director of film The Gallant Lords Of Bois-Doré die?,Where was the place of death of the director of film Valley Of The Giants (Film)?,all,all,1,1,1,1,1,1,1,1,1,1
f86dd5180bdb11eba7f7acde48001122,fc2f7e460bda11eba7f7acde48001122,0.6984,What is the place of birth of the director of film Aurora (2018 Film)?,Where was the director of film Katka'S Reinette Apples born?,none,all,0,0,1,0,0,1,0,0,1,0
047992200bdc11eba7f7acde48001122,2c43f3d40bde11eba7f7acde48001122,0.6984,Where was the place of death of the composer of song How Long Has This Been Going On??,Where did the composer of film Henry V (1944 Film) die?,none,none,1,0,0,1,0,0,1,0,0,1
20a118cc0bde11eba7f7acde48001122,4d366f120bda11eba7f7acde48001122,0.6983,Where was the director of film High (Film) born?,Where was the director of film The Dangerous Talent born?,dense+hybrid,bm25+hybrid,0,0,1,0,1,0,0,1,1,1
2eaa7d9c0bb011ebab90acde48001122,12115e4a0bdc11eba7f7acde48001122,0.6977,Who is the paternal grandfather of Daughter Of Julius Constantius?,Where was the place of death of Gaius Julius Verus Maximus's father?,all,bm25+hybrid,0,1,1,1,1,0,0,1,1,1
2935f1640bda11eba7f7acde48001122,249f509c08e611ebbda4ac1f6bf848b6,0.6977,Where was the place of death of the director of film Beat Girl?,"Which film whose director is younger, Beat Girl or The White Squaw?",none,none,1,0,0,1,0,0,1,0,0,1
1f3ea3b00bb011ebab90acde48001122,48ad0aca0bb011ebab90acde48001122,0.6976,"Who is Joan, Countess Of Chiny's paternal grandfather?","Who is Maurice De Berkeley, 4Th Baron Berkeley's maternal grandfather?",dense,none,0,0,0,1,1,0,0,0,0,1
272e7aa00bb011ebab90acde48001122,f6e119300bae11ebab90acde48001122,0.6976,Who is Zwelonke Sigcawu's paternal grandfather?,Who is Princess Jeguk's paternal grandmother?,all,none,0,1,0,0,1,0,0,1,0,0
e1f0c38c0bda11eba7f7acde48001122,f1a794f20bdc11eba7f7acde48001122,0.6974,What nationality is Anne Of Burgundy's father?,What nationality is Lamprocles's father?,none,dense,0,0,0,1,0,1,0,0,0,1
b65877e20bda11eba7f7acde48001122,285016800bda11eba7f7acde48001122,0.6974,Who is the spouse of the director of film Noc Nevěsty?,Who is the spouse of the director of film The Unholy Wife?,dense+hybrid,all,0,0,1,0,1,1,1,1,1,1
0d77cf5a0bdb11eba7f7acde48001122,c811e4200bdd11eba7f7acde48001122,0.6973,What is the place of birth of the director of film Crazy Alien?,What is the place of birth of the director of film Centaur (2016 Film)?,bm25,dense+hybrid,0,1,0,0,0,1,0,0,1,0
ab94845c0baf11ebab90acde48001122,184d5d440bb011ebab90acde48001122,0.6972,Who is Wisigard's father-in-law?,Who is Alexandra Of Lithuania's father-in-law?,none,none,1,0,0,1,0,0,1,0,0,1
3e9da5a00bdb11eba7f7acde48001122,4afe64800bde11eba7f7acde48001122,0.697,Which award the director of film Tiramisu (2002 Film) earned?,What nationality is the director of film Tiki Tiki?,all,dense+hybrid,0,1,0,0,1,1,1,1,1,1
96d29e2c0bdd11eba7f7acde48001122,91c13a780bd911eba7f7acde48001122,0.6969,Which country Anthemiolus's father is from?,Which country Stratonice Of Macedon's father is from?,dense,none,0,0,0,1,1,0,0,0,0,1
ab18549a0bdc11eba7f7acde48001122,7e815a440bdc11eba7f7acde48001122,0.6967,Who is the father of the composer of song I Miss You (Miley Cyrus Song)?,Who is the spouse of the performer of song Missing My Baby?,dense,dense,1,0,0,1,1,1,1,0,0,1
e4e02a240bda11eba7f7acde48001122,5b2359b00bd911eba7f7acde48001122,0.6964,Who is the father of the director of film Wonders Of The Sea 3D?,Who is the father of the director of film Sources Of Life?,dense+hybrid,none,0,0,0,1,1,0,0,1,0,0
3641d5c60bda11eba7f7acde48001122,8fd7bd3c0bb011ebab90acde48001122,0.6964,"Where was the place of burial of Ælfgar, Earl Of Mercia's mother?",Who is the stepchild of Æthelred Of Mercia?,all,none,0,1,0,0,1,0,0,1,0,0
42a2068a0bdd11eba7f7acde48001122,7e6cb4f80bdd11eba7f7acde48001122,0.6963,What is the place of birth of the director of film Temptation Of A Monk?,What is the place of birth of the director of film Head Against The Wall?,bm25+hybrid,bm25,0,1,1,1,0,0,1,1,0,0
6900298c0bde11eba7f7acde48001122,86afde360bda11eba7f7acde48001122,0.6962,What is the place of birth of the director of film The Fj Holden?,What is the place of birth of the director of film Gunsmoke (Film)?,all,all,1,1,1,1,1,1,1,1,1,1
23f9d9580bdb11eba7f7acde48001122,438a3de40bdb11eba7f7acde48001122,0.6958,Where was the place of death of the director of film Muchachos De La Ciudad?,Where was the place of death of the director of film Mera Lahoo?,dense+hybrid,bm25,0,0,1,0,1,0,0,1,0,0
c40d35580bda11eba7f7acde48001122,799ec8c80bdb11eba7f7acde48001122,0.6958,Where was the director of film At The End Of The Tunnel born?,Where was the director of film Bewitching Kisses born?,bm25+hybrid,bm25,0,1,1,1,0,0,1,1,0,0
c5315db80baf11ebab90acde48001122,2b9528860bde11eba7f7acde48001122,0.6958,Who is the paternal grandfather of John Ii Of Baden?,Where was the father of Marianus V Of Arborea born?,dense+hybrid,none,0,0,0,1,1,0,0,1,0,0
859991680bda11eba7f7acde48001122,db787f5c0bdc11eba7f7acde48001122,0.6957,What is the place of birth of the director of film Stopp! Tänk På Något Annat?,What nationality is the director of film Detachment (Film)?,none,dense+hybrid,0,0,0,1,0,1,0,0,1,0
bb5b1ade0bd911eba7f7acde48001122,4b07f85a0bda11eba7f7acde48001122,0.6957,What is the place of birth of Princess Raiyah Bint Hussein's father?,What is the place of birth of Safiyyah Bint Abi Al-As's husband?,dense+hybrid,none,0,0,0,1,1,0,0,1,0,0
ad66091e0bdb11eba7f7acde48001122,9cf73a920bdd11eba7f7acde48001122,0.6957,What is the place of birth of John F. Kennedy Jr.'s mother?,What is the place of birth of Patricia Kennedy Lawford's father?,none,dense+hybrid,0,0,0,1,0,1,0,0,1,0
a59539480bdc11eba7f7acde48001122,330614b80bde11eba7f7acde48001122,0.6957,Where does the composer of film Rivers And Tides work at?,Where did the composer of film Port Djema study?,none,none,1,0,0,1,0,0,1,0,0,1
79675c6e0bd911eba7f7acde48001122,3581ccec0bdd11eba7f7acde48001122,0.6955,Which country the director of film Ulzhan is from?,Which country the director of film Thundering Mountains is from?,dense,dense+hybrid,0,0,0,1,1,1,1,0,1,0
deb907f80bdd11eba7f7acde48001122,642aef8a0bdb11eba7f7acde48001122,0.6955,"Where was the place of death of Lambert I, Count Of Louvain's father?","Where was the place of burial of John Stafford, 1St Earl Of Wiltshire's father?",none,none,1,0,0,1,0,0,1,0,0,1
5affe63d08f311ebbdaaac1f6bf848b6,b6e4474808a311ebbd7bac1f6bf848b6,0.6954,"Which film was released earlier, Man'S Search For Happiness or Tell It To The Bees?","Which film has the director born later, Tell It To The Bees or House Of The Black Death?",none,dense,0,0,0,1,0,1,0,0,0,1
cef85d800bda11eba7f7acde48001122,d977eef20bd911eba7f7acde48001122,0.6953,Why did the director of film Normande (Film) die?,Why did the director of film The Devil'S Playground (1937 Film) die?,dense,dense,1,0,0,1,1,1,1,0,0,1
c32ac4ca0bda11eba7f7acde48001122,c3c76b780bd911eba7f7acde48001122,0.6953,What is the place of birth of the director of film Swedenhielms?,When was the director of film Reykjavík-Rotterdam born?,dense,all,0,0,1,0,1,1,1,0,1,0
769106c40bda11eba7f7acde48001122,c9c3137e0bd911eba7f7acde48001122,0.6952,"What is the cause of death of performer of song Oh Boy, Oh Boy, Oh Boy!?",Why did the performer of song Ludlow Massacre (Song) die?,none,none,1,0,0,1,0,0,1,0,0,1
019bed300bde11eba7f7acde48001122,22d296de0bde11eba7f7acde48001122,0.695,Where was the father of Ștefan I. Nenițescu born?,What is the place of birth of Zhanna Nemtsova's father?,all,none,0,1,0,0,1,0,0,1,0,0
de7c73480bdc11eba7f7acde48001122,63dc55840bde11eba7f7acde48001122,0.695,What is the place of birth of the director of film Venus Makes Trouble?,What is the place of birth of the director of film Crystal Nights?,none,none,1,0,0,1,0,0,1,0,0,1
3cbd107e0bde11eba7f7acde48001122,5c2a37a20bd911eba7f7acde48001122,0.6947,What is the place of birth of the performer of song Who...?,Where was the place of burial of the performer of song This Time (Waylon Jennings Song)?,dense,bm25+hybrid,0,0,1,0,1,0,0,0,1,0
20a118cc0bde11eba7f7acde48001122,17ba791a0bde11eba7f7acde48001122,0.6943,Where was the director of film High (Film) born?,What nationality is the director of film Top Floor Girl?,dense+hybrid,all,0,0,1,0,1,1,1,1,1,1
982f8e440bdb11eba7f7acde48001122,67aaa1940bdd11eba7f7acde48001122,0.694,When was the company that published American Scientist founded?,What nationality of the company that published Personalized Medicine (Journal)?,all,all,1,1,1,1,1,1,1,1,1,1
0c585dbc0bde11eba7f7acde48001122,e8ab96900bdd11eba7f7acde48001122,0.6937,Where was the director of film Slingshot (Film) born?,Where was the director of film Fox Trap born?,all,bm25,0,1,1,1,1,0,0,1,0,0
a16158840bdc11eba7f7acde48001122,b890f2420bd911eba7f7acde48001122,0.6936,Where was the place of death of the director of film A Mother'S Heart?,"Where was the place of death of the director of film Goodbye, Franziska (1941 Film)?",none,dense+hybrid,0,0,0,1,0,1,0,0,1,0
bb8e4d040bda11eba7f7acde48001122,57abb4900bdd11eba7f7acde48001122,0.6936,Where did Muza Niyazova's husband die?,When did Yaza Dewi Of Pagan's husband die?,none,dense,0,0,0,1,0,1,0,0,0,1
a06475340bdb11eba7f7acde48001122,be9369c80bdd11eba7f7acde48001122,0.6936,Where was the place of burial of Adèle Hugo's father?,Where was the place of burial of Lucy Beall Candler Owens Heinz Leide's father?,dense,dense+hybrid,0,0,0,1,1,1,1,0,1,0
0f3c04300bdd11eba7f7acde48001122,579389860bda11eba7f7acde48001122,0.6935,Where was the director of film The 3 Rooms Of Melancholia born?,Where was the director of film House In The Sun born?,none,all,0,0,1,0,0,1,0,0,1,0
133b785c0bda11eba7f7acde48001122,d61d3fd20bd911eba7f7acde48001122,0.6933,Where was the place of death of the director of film Scugnizzi?,Where did the director of film Torrid Zone die?,dense,all,0,0,1,0,1,1,1,0,1,0
1ccc20e00bdc11eba7f7acde48001122,9a1b06b60bdb11eba7f7acde48001122,0.6933,Where does the director of film Die Abfahrer work at?,Where does the director of film Podokkhep work at?,all,all,1,1,1,1,1,1,1,1,1,1
9c24e2900bdd11eba7f7acde48001122,63dc55840bde11eba7f7acde48001122,0.6931,Which country the director of film One Night At Mccool'S is from?,What is the place of birth of the director of film Crystal Nights?,all,none,0,1,0,0,1,0,0,1,0,0
374844b20baf11ebab90acde48001122,200805ca0bb011ebab90acde48001122,0.693,Who is Ermengarde Of Tuscany's paternal grandfather?,"Who is Reginar Iv, Count Of Mons's paternal grandfather?",none,dense+hybrid,0,0,0,1,0,1,0,0,1,0
746a799c0bdb11eba7f7acde48001122,da2a12da0bd911eba7f7acde48001122,0.693,What nationality is the director of film Fúlmine?,Where was the director of film The Boxer And Death born?,all,bm25,0,1,1,1,1,0,0,1,0,0
c531e7560baf11ebab90acde48001122,32eca0e20bb011ebab90acde48001122,0.6928,Who is Marie Zéphyrine Of France's paternal grandmother?,Who is Princess Florestine Of Monaco's paternal grandmother?,all,dense,0,1,0,0,1,1,1,1,0,0
218609020bdc11eba7f7acde48001122,2460b2e20bde11eba7f7acde48001122,0.6928,What nationality is the director of film The Beach (Film)?,What nationality is the director of film The Whole Wide World?,none,all,0,0,1,0,0,1,0,0,1,0
60c67bce0bdc11eba7f7acde48001122,3d682f700bdb11eba7f7acde48001122,0.6928,"Which country François Louis, Prince Of Conti's father is from?",Which country Marie Antoinette Murat's husband is from?,none,none,1,0,0,1,0,0,1,0,0,1
a8cbc4c40bdc11eba7f7acde48001122,17ba791a0bde11eba7f7acde48001122,0.6928,Where was the director of film The Half-Way Girl born?,What nationality is the director of film Top Floor Girl?,none,all,0,0,1,0,0,1,0,0,1,0
3cbd107e0bde11eba7f7acde48001122,027970120bdc11eba7f7acde48001122,0.6926,What is the place of birth of the performer of song Who...?,Where was the performer of song Bag Skyerne born?,dense,all,0,0,1,0,1,1,1,0,1,0
bffe56600bdd11eba7f7acde48001122,7b076cc40bdb11eba7f7acde48001122,0.6921,Which country the performer of song I Might Have Been Queen is from?,Where was the performer of song When You Were My Girl born?,dense+hybrid,none,0,0,0,1,1,0,0,1,0,0
96bf78ee0bdb11eba7f7acde48001122,4f07bc820bdb11eba7f7acde48001122,0.692,Where was the place of death of Lin Liguo's father?,What is the date of death of Wang Yuankui's father?,dense+hybrid,dense+hybrid,1,0,0,1,1,1,1,1,1,1
61d1f6900bde11eba7f7acde48001122,774fa4e20bdc11eba7f7acde48001122,0.6917,"What is the date of death of Conan Ii, Duke Of Brittany's mother?","When did Engelbert, Count Of Nevers's mother die?",none,dense,0,0,0,1,0,1,0,0,0,1
3068a40c0baf11ebab90acde48001122,6842323e0bb011ebab90acde48001122,0.6917,Who is the paternal grandmother of Ingegerd Olofsdotter Of Sweden?,Who is Charles Xiii Of Sweden's paternal grandfather?,dense,none,0,0,0,1,1,0,0,0,0,1
5b637e060bb011ebab90acde48001122,87a715180bb011ebab90acde48001122,0.6914,"Who is Prince Nicolas, Duke Of Ångermanland's mother?","Who is Johann Wilhelm, Duke Of Saxe-Jena's mother?",dense+hybrid,none,0,0,0,1,1,0,0,1,0,0
3647118c0bdd11eba7f7acde48001122,082dd41a0bde11eba7f7acde48001122,0.691,What is the place of birth of the director of film Marianela (1940 Film)?,Where did the director of film 1919 (Film) graduate from?,all,dense,0,1,0,0,1,1,1,1,0,0
411de60c0bde11eba7f7acde48001122,35d462f40bdd11eba7f7acde48001122,0.6909,Where was the mother of Emilie Hegh Arntzen born?,"What is the place of birth of Frederick, Prince Of Hohenzollern's mother?",all,none,0,1,0,0,1,0,0,1,0,0
94873b220bd911eba7f7acde48001122,61d1f6900bde11eba7f7acde48001122,0.6909,Where was the mother of Francis Ii Of France born?,"What is the date of death of Conan Ii, Duke Of Brittany's mother?",none,none,1,0,0,1,0,0,1,0,0,1
4aee95dc0bd911eba7f7acde48001122,40da89160bde11eba7f7acde48001122,0.6909,Where was the director of film Meet Me On Broadway born?,Where was the director of film Talk About A Stranger born?,dense+hybrid,all,0,0,1,0,1,1,1,1,1,1
d1fd9cbe0bdc11eba7f7acde48001122,493552080bde11eba7f7acde48001122,0.6905,Where does the director of film The Marquise Of O (Film) work at?,What is the place of birth of the director of film Dominick And Eugene?,none,none,1,0,0,1,0,0,1,0,0,1
08de5d000baf11ebab90acde48001122,6a701bca0bb011ebab90acde48001122,0.6904,"Who is the paternal grandmother of John Iii, Duke Of Cleves?","Who is the paternal grandmother of Reinald Iv, Duke Of Guelders And Jülich?",dense+hybrid,none,0,0,0,1,1,0,0,1,0,0
3cbd107e0bde11eba7f7acde48001122,76cacca20bde11eba7f7acde48001122,0.6903,What is the place of birth of the performer of song Who...?,Which award the performer of song In 20-0-3 earned?,dense,all,0,0,1,0,1,1,1,0,1,0
ba773ad00bd911eba7f7acde48001122,2d5411f20bdc11eba7f7acde48001122,0.6901,Who is the father of the director of film Ae Dil Hai Mushkil?,Where was the director of film Nagarahole (Film) born?,dense,all,0,0,1,0,1,1,1,0,1,0
2c0d754e0bb011ebab90acde48001122,6842323e0bb011ebab90acde48001122,0.6901,"Who is the paternal grandfather of Beatrice I, Abbess Of Quedlinburg?",Who is Charles Xiii Of Sweden's paternal grandfather?,none,none,1,0,0,1,0,0,1,0,0,1
1ccc20e00bdc11eba7f7acde48001122,1fe826960bde11eba7f7acde48001122,0.6901,Where does the director of film Die Abfahrer work at?,Which country the director of film Dika: Murder City is from?,all,dense+hybrid,0,1,0,0,1,1,1,1,1,1
1848f4920bde11eba7f7acde48001122,b583abd20baf11ebab90acde48001122,0.6896,Where did Sultan Walad's father die?,Who is the paternal grandfather of Sultan Al-Dawla?,none,dense+hybrid,0,0,0,1,0,1,0,0,1,0
6b55ac320bdb11eba7f7acde48001122,86ae8b920baf11ebab90acde48001122,0.6896,When did Prince John Konstantinovich Of Russia's mother die?,Who is the maternal grandfather of Prince Dmitri Alexandrovich Of Russia?,dense,dense+hybrid,0,0,0,1,1,1,1,0,1,0
e30de52a0bd911eba7f7acde48001122,af356f7a0bd911eba7f7acde48001122,0.6896,Where was the director of film The Naked Angel born?,Which award the director of film Angel Square won?,all,none,0,1,0,0,1,0,0,1,0,0
61e5f936086d11ebbd62ac1f6bf848b6,3581ccec0bdd11eba7f7acde48001122,0.6895,"Which film has the director who was born first, Wild Harvest or Thunder In The Night?",Which country the director of film Thundering Mountains is from?,all,dense+hybrid,0,1,0,0,1,1,1,1,1,1
6b5393240bdc11eba7f7acde48001122,924b5e4e0bdc11eba7f7acde48001122,0.689,Which award the composer of film Pataakha won?,What is the place of birth of the composer of film Tana (Film)?,bm25+hybrid,none,0,1,0,0,0,0,1,1,0,0
801915340bd911eba7f7acde48001122,08bc79d60bde11eba7f7acde48001122,0.6887,Where was the director of film Driftwood (2006 Film) born?,Where was the director of film The Hobbit: An Unexpected Journey born?,all,none,0,1,0,0,1,0,0,1,0,0
43208df60bde11eba7f7acde48001122,3d682f700bdb11eba7f7acde48001122,0.6883,Which country Natalie Portman's husband is from?,Which country Marie Antoinette Murat's husband is from?,none,none,1,0,0,1,0,0,1,0,0,1
3d03e0260bde11eba7f7acde48001122,215df1140bb011ebab90acde48001122,0.6882,Where did George Lane-Fox (Mp)'s father study?,"Who is the paternal grandfather of George Lyon, 5Th Lord Glamis?",none,all,0,0,1,0,0,1,0,0,1,0
2ec36c440bb011ebab90acde48001122,f78d85300bae11ebab90acde48001122,0.6881,"Who is the paternal grandfather of Richard Beauchamp, 1St Earl Of Worcester?","Who is Joan De Beauchamp, Countess Of Ormond's father-in-law?",none,dense+hybrid,0,0,0,1,0,1,0,0,1,0
6faf10f40bde11eba7f7acde48001122,f9a5adb40bdd11eba7f7acde48001122,0.6879,What nationality is Ameena Begum's husband?,What is the place of birth of Umade Bhattiyani's husband?,none,none,1,0,0,1,0,0,1,0,0,1
987e4ee80baf11ebab90acde48001122,ba7bbf3a0baf11ebab90acde48001122,0.6878,Who is the father-in-law of Tsandzile Ndwandwe?,Who is the father-in-law of Izz-Un-Nissa?,none,none,1,0,0,1,0,0,1,0,0,1
041581680bdc11eba7f7acde48001122,2e13ff240bde11eba7f7acde48001122,0.6877,What is the place of birth of Gwilym Lloyd George's father?,What is the place of birth of Eiludd Powys's father?,dense,none,0,0,0,1,1,0,0,0,0,1
6e4854a00bde11eba7f7acde48001122,91e7e3780baf11ebab90acde48001122,0.6877,What is the place of birth of Samir Rifai's father?,Who is the father-in-law of Ri Sol-Ju?,dense,dense,1,0,0,1,1,1,1,0,0,1
07f908b20bdd11eba7f7acde48001122,df99f4120bdc11eba7f7acde48001122,0.6877,Where was the place of death of the director of film Foma Gordeyev (Film)?,Where was the place of burial of the director of film Tag Der Freiheit: Unsere Wehrmacht?,none,none,1,0,0,1,0,0,1,0,0,1
70ec660c0bdd11eba7f7acde48001122,b732a5e20bdb11eba7f7acde48001122,0.6873,Where was the director of film Los Motivos De Luz born?,What nationality is the director of film Cuidado Con Las Imitaciones?,none,all,0,0,1,0,0,1,0,0,1,0
041581680bdc11eba7f7acde48001122,c624d5280bdd11eba7f7acde48001122,0.6873,What is the place of birth of Gwilym Lloyd George's father?,What is the place of birth of Gwladys's husband?,dense,dense,1,0,0,1,1,1,1,0,0,1
096e14a20bde11eba7f7acde48001122,eeb017fa0bdd11eba7f7acde48001122,0.6872,Where was the place of death of George Thomas Orlando Bridgeman's father?,Where was the place of death of James Adam (Architect)'s father?,bm25,none,0,1,0,0,0,0,1,0,0,1
1c0dd3b00bdc11eba7f7acde48001122,05dac2220bde11eba7f7acde48001122,0.687,Which country Aleksander Koniecpolski (1620–1659)'s father is from?,Which country Roman Smoluchowski's father is from?,dense+hybrid,all,0,0,1,0,1,1,1,1,1,1
a022d8580bdc11eba7f7acde48001122,5b2359b00bd911eba7f7acde48001122,0.687,Who is the father of the director of film Plunkett & Macleane?,Who is the father of the director of film Sources Of Life?,all,none,0,1,0,0,1,0,0,1,0,0
b6a50cf60bda11eba7f7acde48001122,926f4e660bdd11eba7f7acde48001122,0.6868,What nationality is Nawrahta Minsaw's father?,Which country John Albert Vasa's father is from?,none,all,0,0,1,0,0,1,0,0,1,0
6f0a15860bde11eba7f7acde48001122,1b99cbbc0bde11eba7f7acde48001122,0.6864,What is the award that the performer of song In My Mind (Heather Headley Song) got?,What is the place of birth of the performer of song Outta My Head (Leona Lewis Song)?,none,none,1,0,0,1,0,0,1,0,0,1
c05e16a40bdd11eba7f7acde48001122,0bedb7e80bdc11eba7f7acde48001122,0.6864,Why did Grand Duke Kirill Vladimirovich Of Russia's wife die?,Why did John Middleton Murry's wife die?,none,none,1,0,0,1,0,0,1,0,0,1
4d982dc308c111ebbd8bac1f6bf848b6,747175620bdb11eba7f7acde48001122,0.6863,"Which film has the director died earlier, Condemned Women or Faces In The Dark?",What is the place of birth of the director of film A Woman'S Face (1938 Film)?,dense+hybrid,none,0,0,0,1,1,0,0,1,0,0
bb5b1ade0bd911eba7f7acde48001122,003285a80bde11eba7f7acde48001122,0.6862,What is the place of birth of Princess Raiyah Bint Hussein's father?,What nationality is Arinjaya Chola's father?,dense+hybrid,none,0,0,0,1,1,0,0,1,0,0
d6be0cee0bdb11eba7f7acde48001122,b529c58a0bdd11eba7f7acde48001122,0.6861,Where did Meritaten's father die?,Where did Ragnall Guthfrithson's father die?,none,none,1,0,0,1,0,0,1,0,0,1
b411910a0bdd11eba7f7acde48001122,f9db61ba0bd911eba7f7acde48001122,0.6859,Where did Henry C. Lord's father graduate from?,Where did Ulysses S. Grant Jr.'s father graduate from?,dense+hybrid,none,0,0,0,1,1,0,0,1,0,0
7de481100baf11ebab90acde48001122,77cecc800bb011ebab90acde48001122,0.6858,"Who is Charles Willoughby, 10Th Baron Willoughby Of Parham's paternal grandmother?","Who is the paternal grandmother of Charles Stuart, 1St Earl Of Lennox?",none,dense,0,0,0,1,0,1,0,0,0,1
dffa1f8a0bdd11eba7f7acde48001122,28bbe1600bdc11eba7f7acde48001122,0.6857,Where was the keyboardist of Xyz (English Band) born?,What is the place of birth of the keyboardist of Veslefrekk?,dense,dense+hybrid,0,0,0,1,1,1,1,0,1,0
df6ec5f60bd911eba7f7acde48001122,113cba620bde11eba7f7acde48001122,0.6856,Where was the place of death of the director of film Valley Of The Giants (Film)?,Where did the director of film No Sin On The Alpine Pastures (1950 Film) die?,all,none,0,1,0,0,1,0,0,1,0,0
0140e1380bde11eba7f7acde48001122,bd3dc5f60baf11ebab90acde48001122,0.6856,"When did Henry Pelham-Clinton, 6Th Duke Of Newcastle's father die?","Who is Henry Noel, 6Th Earl Of Gainsborough's paternal grandfather?",dense+hybrid,all,0,0,1,0,1,1,1,1,1,1
b3d918160bdd11eba7f7acde48001122,b60fd6a20bdc11eba7f7acde48001122,0.6855,Where does Chris Warren (Rugby League)'s father work at?,Where does David Flair's father work at?,all,none,0,1,0,0,1,0,0,1,0,0
7e73e6560bdd11eba7f7acde48001122,ce103d440bd911eba7f7acde48001122,0.6852,What is the place of birth of the director of film Tři Chlapi V Chalupě?,Where was the director of film Veera Thalattu born?,bm25,dense+hybrid,0,1,0,0,0,1,0,0,1,0
c51148bc0bdb11eba7f7acde48001122,31299a5c0bde11eba7f7acde48001122,0.6852,What nationality is Gevherhan Sultan (Daughter Of Selim Ii)'s father?,Where was the father of Dinanath Puthenchery born?,none,none,1,0,0,1,0,0,1,0,0,1
6c07292808cd11ebbd93ac1f6bf848b6,5a2fe7100bdb11eba7f7acde48001122,0.6852,"Which film has the director died later, Dissolved And Effused or Here Comes The Groom?",Where did the director of film The Bride Came C.O.D. die?,none,all,0,0,1,0,0,1,0,0,1,0
9caa68c80bda11eba7f7acde48001122,6ce7c6c00bdb11eba7f7acde48001122,0.685,What is the date of death of Siemowit V Of Masovia's mother?,When did Guglielma Pallavicini's mother die?,none,dense+hybrid,0,0,0,1,0,1,0,0,1,0
3cbd107e0bde11eba7f7acde48001122,5e418da00bda11eba7f7acde48001122,0.6848,What is the place of birth of the performer of song Who...?,Where was the performer of song I See You (Theme From Avatar) born?,dense,bm25,0,0,1,0,1,0,0,0,0,1
677658e80bde11eba7f7acde48001122,2c7d1dd00bde11eba7f7acde48001122,0.6848,Which country the composer of song Seconds (Song) is from?,What nationality is the composer of song Inescapable (Song)?,none,none,1,0,0,1,0,0,1,0,0,1
09b7d46a0bda11eba7f7acde48001122,ee3233920bda11eba7f7acde48001122,0.6848,"When did Richard Annesley, 2Nd Earl Annesley's father die?",When did William Ii Crispo's father die?,none,none,1,0,0,1,0,0,1,0,0,1
e86cef4e0bdd11eba7f7acde48001122,ac55dcb60bdb11eba7f7acde48001122,0.6846,Where did the director of film The Cloister Of Martins die?,Where did the director of film The King Of The Wild Horses die?,dense,dense+hybrid,0,0,0,1,1,1,1,0,1,0
2fcf02980bdc11eba7f7acde48001122,6398d2d00bdb11eba7f7acde48001122,0.6845,Which country the director of film West 32Nd is from?,Which country the director of film Brecha (2009 Film) is from?,all,dense,0,1,0,0,1,1,1,1,0,0
6b5393240bdc11eba7f7acde48001122,ea29ce5a0bd911eba7f7acde48001122,0.6844,Which award the composer of film Pataakha won?,Which award the composer of film Bhookh (1947 Film) won?,bm25+hybrid,none,0,1,0,0,0,0,1,1,0,0
146c16520bdd11eba7f7acde48001122,a638412a0bdb11eba7f7acde48001122,0.6844,Where did the director of film Barracuda (1978 Film) study?,Where did the director of film Carbon (Film) study?,none,dense,0,0,0,1,0,1,0,0,0,1
c19b72520bdb11eba7f7acde48001122,6a215c4808df11ebbda0ac1f6bf848b6,0.6843,What is the place of birth of the director of film And The Spring Comes?,"Which film has the director who was born first, I Come With The Rain or A Question Of Attribution?",none,dense,0,0,0,1,0,1,0,0,0,1
f43518160bdc11eba7f7acde48001122,026b56060bde11eba7f7acde48001122,0.6843,What is the place of birth of the director of film Breed Of The Border (1924 Film)?,Where did the director of film Border (2018 Film) graduate from?,none,dense,0,0,0,1,0,1,0,0,0,1
671322a00bde11eba7f7acde48001122,ded710180bdd11eba7f7acde48001122,0.6843,Where was the place of death of Suzanne Farrington's mother?,"Where did Joanna, Duchess Of Durazzo's mother die?",none,dense,0,0,0,1,0,1,0,0,0,1
5a5718140bde11eba7f7acde48001122,133b785c0bda11eba7f7acde48001122,0.6842,Where was the place of death of the director of film Kathputli (1971 Film)?,Where was the place of death of the director of film Scugnizzi?,none,dense,0,0,0,1,0,1,0,0,0,1
0f1ac1a00bdb11eba7f7acde48001122,76cacca20bde11eba7f7acde48001122,0.6841,What is the award that the performer of song Sunday Papers earned?,Which award the performer of song In 20-0-3 earned?,all,all,1,1,1,1,1,1,1,1,1,1
ce103d440bd911eba7f7acde48001122,e8b086280bdd11eba7f7acde48001122,0.684,Where was the director of film Veera Thalattu born?,Which country the director of film Ata Pata Laapata is from?,dense+hybrid,dense,0,0,0,1,1,1,1,1,0,0
48ba7ee20bda11eba7f7acde48001122,0a9f880a0bda11eba7f7acde48001122,0.684,Who is the spouse of the director of film Marie-Jo And Her Two Lovers?,Who is the spouse of the director of film The Dressmaker From Paris?,none,none,1,0,0,1,0,0,1,0,0,1
c77037480baf11ebab90acde48001122,22457b2c0bda11eba7f7acde48001122,0.684,"Who is Archibald Acheson, 4Th Earl Of Gosford's paternal grandfather?","Where was the father of George Howard, 4Th Earl Of Suffolk born?",all,dense,0,1,0,0,1,1,1,1,0,0
1d0cd6e80bdd11eba7f7acde48001122,133b785c0bda11eba7f7acde48001122,0.6839,Where did the director of film Vestire Gli Ignudi die?,Where was the place of death of the director of film Scugnizzi?,dense+hybrid,dense,0,0,0,1,1,1,1,1,0,0
ef4907cc0baf11ebab90acde48001122,003285a80bde11eba7f7acde48001122,0.6838,Who is Busba Kitiyakara's paternal grandfather?,What nationality is Arinjaya Chola's father?,all,none,0,1,0,0,1,0,0,1,0,0
b60fd6a20bdc11eba7f7acde48001122,593e6e380bdd11eba7f7acde48001122,0.6834,Where does David Flair's father work at?,What is the place of birth of Sean Sogliano's father?,none,all,0,0,1,0,0,1,0,0,1,0
0a9f880a0bda11eba7f7acde48001122,1de1d43a08c211ebbd8bac1f6bf848b6,0.6833,Who is the spouse of the director of film The Dressmaker From Paris?,"Which film whose director was born first, Wedding In Paris or Twists Of Fate?",none,dense+hybrid,0,0,0,1,0,1,0,0,1,0
a08505d20bdc11eba7f7acde48001122,57e24dd60bdb11eba7f7acde48001122,0.683,Who is the father of the director of film Red 2 (Film)?,Which country the director of film Shocking Asia Ii: The Last Taboos is from?,none,none,1,0,0,1,0,0,1,0,0,1
d15be72e0bdd11eba7f7acde48001122,a06475340bdb11eba7f7acde48001122,0.6825,"Where was the place of death of William De Warenne, 2Nd Earl Of Surrey's father?",Where was the place of burial of Adèle Hugo's father?,all,dense,0,1,0,0,1,1,1,1,0,0
d6be0cee0bdb11eba7f7acde48001122,21906d320bde11eba7f7acde48001122,0.6825,Where did Meritaten's father die?,Where did M. K. Muthu's father die?,none,dense+hybrid,0,0,0,1,0,1,0,0,1,0
e6a74e020bdd11eba7f7acde48001122,42a2068a0bdd11eba7f7acde48001122,0.6825,What is the place of birth of the director of film Martial Law (1991 Film)?,What is the place of birth of the director of film Temptation Of A Monk?,none,bm25+hybrid,0,0,1,0,0,0,1,0,1,0
b65877e20bda11eba7f7acde48001122,8bc889060bdd11eba7f7acde48001122,0.6824,Who is the spouse of the director of film Noc Nevěsty?,What is the place of birth of the director of film Nick Nolte: No Exit?,dense+hybrid,none,0,0,0,1,1,0,0,1,0,0
bcc4e26c08c111ebbd8bac1f6bf848b6,40da89160bde11eba7f7acde48001122,0.6823,Do both films A Trial In Prague and Three Strangers have the directors that share the same nationality?,Where was the director of film Talk About A Stranger born?,dense,all,0,0,1,0,1,1,1,0,1,0
122b64480baf11ebab90acde48001122,e15b1fe20baf11ebab90acde48001122,0.6822,"Who is the paternal grandmother of Louis, Count Of Verdun?",Who is Grimoald The Younger's paternal grandfather?,none,none,1,0,0,1,0,0,1,0,0,1
befbd60c0bdd11eba7f7acde48001122,f9db61ba0bd911eba7f7acde48001122,0.6822,Where did William S. Burroughs Jr.'s father study?,Where did Ulysses S. Grant Jr.'s father graduate from?,none,none,1,0,0,1,0,0,1,0,0,1
e41c14820bd911eba7f7acde48001122,4165dd540bde11eba7f7acde48001122,0.682,Where does the director of film Man At Bath work at?,Where does the director of film All For Love (2012 Film) work at?,none,none,1,0,0,1,0,0,1,0,0,1
2ec36c440bb011ebab90acde48001122,53e18b8c0bb011ebab90acde48001122,0.682,"Who is the paternal grandfather of Richard Beauchamp, 1St Earl Of Worcester?","Who is Ailwyn Fellowes, 1St Baron Ailwyn's paternal grandfather?",none,none,1,0,0,1,0,0,1,0,0,1
ace961ec0baf11ebab90acde48001122,fcd3ff500baf11ebab90acde48001122,0.6817,Who is Shepseskare's paternal grandmother?,Who is Teriimaevarua Iii's paternal grandmother?,none,dense,0,0,0,1,0,1,0,0,0,1
1f3ea3b00bb011ebab90acde48001122,579db8dc0baf11ebab90acde48001122,0.6815,"Who is Joan, Countess Of Chiny's paternal grandfather?",Who is Tekle Haymanot Ii's paternal grandfather?,dense,none,0,0,0,1,1,0,0,0,0,1
962889100baf11ebab90acde48001122,4f07bc820bdb11eba7f7acde48001122,0.6812,Who is Wang Xijie's father-in-law?,What is the date of death of Wang Yuankui's father?,dense+hybrid,dense+hybrid,1,0,0,1,1,1,1,1,1,1
d64d24180bd911eba7f7acde48001122,2bde31980bde11eba7f7acde48001122,0.6808,Where was the director of film Aylwin (Film) born?,Where was the director of film The Wedding Video (2003 Film) born?,dense,none,0,0,0,1,1,0,0,0,0,1
5569eb4e0baf11ebab90acde48001122,65645b8c0bb011ebab90acde48001122,0.6806,Who is Eva Chamberlain's maternal grandmother?,Who is Princess Adelaide Of Saxe-Meiningen's maternal grandmother?,none,all,0,0,1,0,0,1,0,0,1,0
1bd49ae00bdd11eba7f7acde48001122,70ec660c0bdd11eba7f7acde48001122,0.6805,Where was the director of film The Pride Of Jennico (Film) born?,Where was the director of film Los Motivos De Luz born?,bm25,none,0,1,0,0,0,0,1,0,0,1
7a1d9d7c0bb011ebab90acde48001122,f3c9cb920baf11ebab90acde48001122,0.6805,Who is Cornelia (Wife Of Caesar)'s child-in-law?,Who is Gaius Rubellius Blandus's father-in-law?,all,dense,0,1,0,0,1,1,1,1,0,0
09762e08087311ebbd66ac1f6bf848b6,6a6bc12208a611ebbd7fac1f6bf848b6,0.6804,"Which film has the director born earlier, Jayam Manade or Bulldog Drummond'S Revenge?","Which film has the director died later, Pacific Rendezvous or Calling Bulldog Drummond?",none,bm25,0,0,1,0,0,0,1,0,0,1
36a3fe2a0baf11ebab90acde48001122,29bd8c0c0bb011ebab90acde48001122,0.6801,"Who is Richard Burke, 4Th Earl Of Clanricarde's paternal grandfather?","Who is the paternal grandfather of William De Ferrers, 4Th Earl Of Derby?",all,bm25,0,1,1,1,1,0,0,1,0,0
6b62ba5a0bde11eba7f7acde48001122,e5354de60bdb11eba7f7acde48001122,0.6801,Which country the director of film Secrets Of A Door-To-Door Salesman is from?,What nationality is the director of film War Of The Buttons (1994 Film)?,all,none,0,1,0,0,1,0,0,1,0,0
0234f1ec0bde11eba7f7acde48001122,325466280bde11eba7f7acde48001122,0.6798,What nationality is Kham Keut's father?,What nationality is Sargon I's father?,none,none,1,0,0,1,0,0,1,0,0,1
9c3ff1040bdb11eba7f7acde48001122,677658e80bde11eba7f7acde48001122,0.6796,"Which country the composer of film Continental, A Film Without Guns is from?",Which country the composer of song Seconds (Song) is from?,dense+hybrid,none,0,0,0,1,1,0,0,1,0,0
af7c73c80bdb11eba7f7acde48001122,1d8fc19c0bde11eba7f7acde48001122,0.6794,Where did the director of film Polish-Russian War (Film) study?,Where does the director of film War Dogs (1943 Film) work at?,all,none,0,1,0,0,1,0,0,1,0,0
49ea60960bdc11eba7f7acde48001122,a16158840bdc11eba7f7acde48001122,0.6794,Where did the director of film Free Lips die?,Where was the place of death of the director of film A Mother'S Heart?,all,none,0,1,0,0,1,0,0,1,0,0
fb1d2b4a0bdd11eba7f7acde48001122,54014a680baf11ebab90acde48001122,0.6793,What nationality is Isabella Of England's mother?,Who is Felicia Of Roucy's mother-in-law?,bm25+hybrid,none,0,1,0,0,0,0,1,1,0,0
9ab966100bdd11eba7f7acde48001122,a94f39220bdb11eba7f7acde48001122,0.679,Where was the place of death of Princess Anne Charlotte Of Lorraine's mother?,Where did Louisa Garrett Anderson's mother die?,none,none,1,0,0,1,0,0,1,0,0,1
a9a4b633089c11ebbd78ac1f6bf848b6,e93c07e8084f11ebbd56ac1f6bf848b6,0.6787,"Which film has the director born later, Monsieur Taxi or A Yiddish World Remembered?","Which film has the director who died later, Taxi! or What Price Hollywood??",none,none,1,0,0,1,0,0,1,0,0,1
0bedb7e80bdc11eba7f7acde48001122,2dba81d80bde11eba7f7acde48001122,0.6787,Why did John Middleton Murry's wife die?,What is the cause of death of Eleanor De Clare's husband?,none,none,1,0,0,1,0,0,1,0,0,1
171e51c60bdd11eba7f7acde48001122,0f15e3e40bde11eba7f7acde48001122,0.6787,Where did the director of film Music In Darkness die?,Where did the composer of film Nighthawks (1981 Film) die?,none,none,1,0,0,1,0,0,1,0,0,1
ae741c140bdc11eba7f7acde48001122,e1b201da0bdd11eba7f7acde48001122,0.6786,Where was the place of burial of Gjon Kastrioti Ii's father?,"Where was the place of death of George Of Lencastre, 2Nd Duke Of Aveiro's father?",none,dense+hybrid,0,0,0,1,0,1,0,0,1,0
a70f3a840bdd11eba7f7acde48001122,d3754f8e0bdb11eba7f7acde48001122,0.6786,When did Jacob Van Huysum's father die?,What is the date of death of Bolko V The Hussite's father?,all,dense+hybrid,0,1,0,0,1,1,1,1,1,1
ea1fc06c0bda11eba7f7acde48001122,d082dda80bdd11eba7f7acde48001122,0.6785,Where does Karin Stoltenberg's husband work at?,Where does Kitty Dukakis's husband work at?,none,dense+hybrid,0,0,0,1,0,1,0,0,1,0
cff878c20bdb11eba7f7acde48001122,8d15f16c0bd911eba7f7acde48001122,0.6783,Where was the husband of Esperanza Osmeña born?,What is the place of birth of María De Los Remedios De Escalada's husband?,dense+hybrid,dense+hybrid,1,0,0,1,1,1,1,1,1,1
6e0f4e5d08e211ebbda4ac1f6bf848b6,4b145f0a0bda11eba7f7acde48001122,0.6783,"Which film has the director born later, The Man Who Murdered or Newness?",What is the place of birth of the director of film The New Kids?,all,bm25,0,1,1,1,1,0,0,1,0,0
9b03b5fc0bd911eba7f7acde48001122,e50c35fa0bdb11eba7f7acde48001122,0.6782,Which country the director of film Funny Games (2007 Film) is from?,Where was the director of film Suicide Commandos (Film) born?,all,none,0,1,0,0,1,0,0,1,0,0
3068a40c0baf11ebab90acde48001122,475b89f80bb011ebab90acde48001122,0.678,Who is the paternal grandmother of Ingegerd Olofsdotter Of Sweden?,Who is the mother-in-law of Gyrid Of Sweden?,dense,dense,1,0,0,1,1,1,1,0,0,1
94dd39d80bdd11eba7f7acde48001122,2b9528860bde11eba7f7acde48001122,0.6779,What is the place of birth of Remigius Of Rouen's father?,Where was the father of Marianus V Of Arborea born?,none,none,1,0,0,1,0,0,1,0,0,1
0365ca8e0baf11ebab90acde48001122,327a14420baf11ebab90acde48001122,0.6774,Who is Isma'Il Ibn Ja'Far's paternal grandmother?,Who is the maternal grandfather of Agnès Of Navarre?,dense+hybrid,dense+hybrid,1,0,0,1,1,1,1,1,1,1
c32ac4ca0bda11eba7f7acde48001122,61b3b8820bda11eba7f7acde48001122,0.6773,What is the place of birth of the director of film Swedenhielms?,What is the award that the director of film Baltic Skies got?,dense,dense,1,0,0,1,1,1,1,0,0,1
7da6577c0bb011ebab90acde48001122,519cf6dc0baf11ebab90acde48001122,0.6773,Who is Queen Inseong's mother-in-law?,Who is Gisela Of Hungary's mother-in-law?,all,dense+hybrid,0,1,0,0,1,1,1,1,1,1
21f924140baf11ebab90acde48001122,4c1772720bb011ebab90acde48001122,0.6772,Who is the sibling-in-law of Marie Thérèse De Choiseul?,Who is Princess Franziska Of Hohenlohe-Waldenburg-Schillingsfürst's sibling-in-law?,dense,dense,1,0,0,1,1,1,1,0,0,1
4aa187080baf11ebab90acde48001122,3f2eb0120baf11ebab90acde48001122,0.677,Who is the paternal grandmother of Edward I Of England?,"Who is the father-in-law of Elizabeth Somerset, Baroness Herbert?",none,dense,0,0,0,1,0,1,0,0,0,1
082dd41a0bde11eba7f7acde48001122,267ff0c00bdd11eba7f7acde48001122,0.6768,Where did the director of film 1919 (Film) graduate from?,What is the place of birth of the director of film Charley'S Aunt (1925 Film)?,dense,none,0,0,0,1,1,0,0,0,0,1
60c67bce0bdc11eba7f7acde48001122,4439b40a0bda11eba7f7acde48001122,0.6768,"Which country François Louis, Prince Of Conti's father is from?",Which country Francis Dundas's father is from?,none,all,0,0,1,0,0,1,0,0,1,0
3cbd107e0bde11eba7f7acde48001122,cecadcce0bdb11eba7f7acde48001122,0.6766,What is the place of birth of the performer of song Who...?,Where was the performer of song Suicide Social born?,dense,all,0,0,1,0,1,1,1,0,1,0
c21fb3ab08a711ebbd7fac1f6bf848b6,f29525d60bdd11eba7f7acde48001122,0.6765,"Which film has the director who died earlier, Guns And Guitars or To The Victor?",What is the place of birth of the director of film A Gun & A Ring?,dense+hybrid,none,0,0,0,1,1,0,0,1,0,0
082dd41a0bde11eba7f7acde48001122,2da644540bdc11eba7f7acde48001122,0.6763,Where did the director of film 1919 (Film) graduate from?,Where did the director of film Ambition (1916 Film) die?,dense,dense+hybrid,0,0,0,1,1,1,1,0,1,0
5e418da00bda11eba7f7acde48001122,702515e80bdd11eba7f7acde48001122,0.6763,Where was the performer of song I See You (Theme From Avatar) born?,Which country the director of film I See You (2006 Film) is from?,bm25,none,0,1,0,0,0,0,1,0,0,1
c8ecc2800bdc11eba7f7acde48001122,b1a6fb1c089511ebbd75ac1f6bf848b6,0.6763,"Where was the place of death of the director of film A Man, A Woman, And A Bank?",Are both director of film Any Man'S Death and director of film The House Opposite (1931 Film) from the same country?,none,dense+hybrid,0,0,0,1,0,1,0,0,1,0
3617c14e0bdc11eba7f7acde48001122,b6a50cf60bda11eba7f7acde48001122,0.6761,What is the date of birth of Mohammed Bin Nawwaf Bin Abdulaziz's father?,What nationality is Nawrahta Minsaw's father?,all,none,0,1,0,0,1,0,0,1,0,0
6970df82088811ebbd6eac1f6bf848b6,f3798752088c11ebbd70ac1f6bf848b6,0.6758,"Which film has the director died later, Saturday Night Out or An Italian Romance?","Which film has the director died earlier, The Romantic Age or Anything Once?",dense,none,0,0,0,1,1,0,0,0,0,1
051f62de0bde11eba7f7acde48001122,d14fc06e0bda11eba7f7acde48001122,0.6758,"Where was the father of Augustus William, Duke Of Brunswick-Bevern born?",Where was the father of Alexei Antonovich Of Brunswick born?,all,none,0,1,0,0,1,0,0,1,0,0
6b55ac320bdb11eba7f7acde48001122,29bddf900bb011ebab90acde48001122,0.6757,When did Prince John Konstantinovich Of Russia's mother die?,Who is Grand Duchess Natalya Alexeyevna Of Russia (1714–1728)'s mother?,dense,none,0,0,0,1,1,0,0,0,0,1
c81d185a0baf11ebab90acde48001122,5ff9cc8c0baf11ebab90acde48001122,0.6756,"Who is the paternal grandmother of Sudeley Hanbury-Tracy, 3Rd Baron Sudeley?","Who is the paternal grandfather of Sir Thomas Lawley, 3Rd Baronet?",all,all,1,1,1,1,1,1,1,1,1,1
2e13ff240bde11eba7f7acde48001122,18a5ef800bde11eba7f7acde48001122,0.6755,What is the place of birth of Eiludd Powys's father?,"Where was the father of David Ogilvy, 12Th Earl Of Airlie born?",none,none,1,0,0,1,0,0,1,0,0,1
c5ae29fc0bdb11eba7f7acde48001122,4439b40a0bda11eba7f7acde48001122,0.6748,Where was the father of Nigel De Brus born?,Which country Francis Dundas's father is from?,dense,all,0,0,1,0,1,1,1,0,1,0
129b312e0baf11ebab90acde48001122,286b03160bb011ebab90acde48001122,0.6746,"Who is Sir William Gore, 3Rd Baronet's paternal grandfather?","Who is the paternal grandfather of Richard White, 2Nd Earl Of Bantry?",all,all,1,1,1,1,1,1,1,1,1,1
5142f59e0bda11eba7f7acde48001122,8b68595a0bdd11eba7f7acde48001122,0.6746,What is the place of birth of Jo Planckaert's father?,What is the place of birth of Jehu Grubb's father?,dense+hybrid,none,0,0,0,1,1,0,0,1,0,0
d71f453b085811ebbd5bac1f6bf848b6,b81fbe620bdc11eba7f7acde48001122,0.674,Are director of film Nights On The Road and director of film Swann In Love (Film) from the same country?,Where was the director of film Highway Dragnet born?,none,all,0,0,1,0,0,1,0,0,1,0
30885e540bb011ebab90acde48001122,58e236320baf11ebab90acde48001122,0.6729,Who is Prince Franz De Paula Of Liechtenstein's paternal grandfather?,Who is Fernando Rodríguez De Castro's paternal grandfather?,none,none,1,0,0,1,0,0,1,0,0,1
2db288200bde11eba7f7acde48001122,60e5ad120bde11eba7f7acde48001122,0.6729,Where did Oleg Kerensky's father die?,Where did Irina Paley's father die?,none,dense+hybrid,0,0,0,1,0,1,0,0,1,0
471af9880bdd11eba7f7acde48001122,a70f3a840bdd11eba7f7acde48001122,0.6728,Where was the father of Benjamin Lewis Vulliamy born?,When did Jacob Van Huysum's father die?,all,all,1,1,1,1,1,1,1,1,1,1
e0aef41508ae11ebbd83ac1f6bf848b6,e5354de60bdb11eba7f7acde48001122,0.6726,Are both directors of films The Black Corsair (1937 Film) and Paths Of War from the same country?,What nationality is the director of film War Of The Buttons (1994 Film)?,none,none,1,0,0,1,0,0,1,0,0,1
2b4bd5020baf11ebab90acde48001122,948c33ea0baf11ebab90acde48001122,0.6724,Who is the paternal grandfather of Kujō Yoritsugu?,Who is the paternal grandfather of Naja Rosa?,all,dense,0,1,0,0,1,1,1,1,0,0
00c727580bde11eba7f7acde48001122,e88629000bdd11eba7f7acde48001122,0.6724,"What is the date of death of Henry St John, 18Th Baron St John Of Bletso's father?","What is the date of death of Alexander Baring, 4Th Baron Ashburton's father?",none,dense+hybrid,0,0,0,1,0,1,0,0,1,0
21a3b9fa0bde11eba7f7acde48001122,1c8a39d20bdc11eba7f7acde48001122,0.6724,When was Britannicus's father born?,What is the place of birth of Damo (Philosopher)'s father?,dense+hybrid,all,0,0,1,0,1,1,1,1,1,1
8354e31c0bda11eba7f7acde48001122,507bc3300bde11eba7f7acde48001122,0.672,Which country Catherine Zaccaria's husband is from?,Which country Tajlu Khanum's husband is from?,none,none,1,0,0,1,0,0,1,0,0,1
982f8e440bdb11eba7f7acde48001122,39bd87c80bde11eba7f7acde48001122,0.6719,When was the company that published American Scientist founded?,When was the company that published The Rip Off Review Of Western Culture founded?,all,none,0,1,0,0,1,0,0,1,0,0
a6d861000bdb11eba7f7acde48001122,3685f31a0bde11eba7f7acde48001122,0.6716,Which country Tivala's father is from?,Where did Mate Meštrović's father graduate from?,all,none,0,1,0,0,1,0,0,1,0,0
652d7dac0bdc11eba7f7acde48001122,ece1bdae0bdb11eba7f7acde48001122,0.6715,What is the place of birth of the director of film Guilty Of Treason?,What nationality is the director of film Madeleine (1950 Film)?,all,bm25,0,1,1,1,1,0,0,1,0,0
93dec34e0bdd11eba7f7acde48001122,60c67bce0bdc11eba7f7acde48001122,0.6714,Which country Gilduin Of Le Puiset's father is from?,"Which country François Louis, Prince Of Conti's father is from?",none,none,1,0,0,1,0,0,1,0,0,1
0c0830a00baf11ebab90acde48001122,0a65b7300bb011ebab90acde48001122,0.6713,Who is Constantine Palaiologos (Son Of Andronikos Ii)'s maternal grandmother?,Who is Olga Constantinovna Of Russia's maternal grandfather?,none,none,1,0,0,1,0,0,1,0,0,1
33b0c274087211ebbd64ac1f6bf848b6,9997225c0bda11eba7f7acde48001122,0.6713,"Which film has the director who died later, His Last Haul or The Falcon In San Francisco?",Where was the place of burial of the director of film The Last Company?,bm25+hybrid,none,0,1,0,0,0,0,1,1,0,0
48c8f7f80bdd11eba7f7acde48001122,db787f5c0bdc11eba7f7acde48001122,0.6712,Who is the father of the director of film Gramps Is In The Resistance?,What nationality is the director of film Detachment (Film)?,dense,dense+hybrid,0,0,0,1,1,1,1,0,1,0
844fe30c0bda11eba7f7acde48001122,fb06f9ec0bdd11eba7f7acde48001122,0.6711,Where did Giacomo Feo's wife die?,Where did Beatrice Of Bohemia's husband die?,dense,none,0,0,0,1,1,0,0,0,0,1
047992200bdc11eba7f7acde48001122,dbcd3f5e0bd911eba7f7acde48001122,0.6705,Where was the place of death of the composer of song How Long Has This Been Going On??,What is the cause of death of composer of song Look At Me (Xxxtentacion Song)?,none,dense+hybrid,0,0,0,1,0,1,0,0,1,0
d7309806085511ebbd59ac1f6bf848b6,890017540bdb11eba7f7acde48001122,0.6705,Do director of film The Case Of The Stuttering Bishop and director of film 3096 Days share the same nationality?,Who is the spouse of the director of film Days And Hours?,dense+hybrid,dense,0,0,0,1,1,1,1,1,0,0
2c95284e0bde11eba7f7acde48001122,4c0e9cbe0bde11eba7f7acde48001122,0.6702,Where was the husband of Mok Kwai-Lan born?,Where was the father of Baw Ngan-Mohn born?,dense,dense,1,0,0,1,1,1,1,0,0,1
ea9832140bd911eba7f7acde48001122,6723781008b611ebbd88ac1f6bf848b6,0.6698,What is the place of birth of the director of film The Last Horror Movie?,"Which film has the director born earlier, Helluva Good Luck or The Last House On The Beach?",all,none,0,1,0,0,1,0,0,1,0,0
702515e80bdd11eba7f7acde48001122,48ace10a085c11ebbd5cac1f6bf848b6,0.6693,Which country the director of film I See You (2006 Film) is from?,"Which film has the director who died later, Murphy'S War or See You In The Next War?",none,none,1,0,0,1,0,0,1,0,0,1
1655fd7a0bdd11eba7f7acde48001122,2db288200bde11eba7f7acde48001122,0.6692,Where did Tamara Imeretinsky's father graduate from?,Where did Oleg Kerensky's father die?,dense+hybrid,none,0,0,0,1,1,0,0,1,0,0
18d4a1f8085611ebbd59ac1f6bf848b6,130f271e088511ebbd6dac1f6bf848b6,0.6692,Are the directors of both films The Fall Of A Saint and Fighting Through from the same country?,"Do both films, The Russians Are Coming, The Russians Are Coming and Our Loved Ones, have the directors who are from the same country?",none,none,1,0,0,1,0,0,1,0,0,1
11963eee0bb011ebab90acde48001122,e15b1fe20baf11ebab90acde48001122,0.6692,Who is the paternal grandfather of Guy Le Strange?,Who is Grimoald The Younger's paternal grandfather?,dense,none,0,0,0,1,1,0,0,0,0,1
859991680bda11eba7f7acde48001122,782f0c160bd911eba7f7acde48001122,0.6687,What is the place of birth of the director of film Stopp! Tänk På Något Annat?,Where was the director of film Annakutty Kodambakkam Vilikkunnu born?,none,bm25,0,0,1,0,0,0,1,0,0,1
66f6f0e60baf11ebab90acde48001122,65649f480bb011ebab90acde48001122,0.6685,Who is Alberic Ii Of Spoleto's maternal grandmother?,Who is Helvig Of Schauenburg's maternal grandmother?,none,none,1,0,0,1,0,0,1,0,0,1
0a630db408c211ebbd8bac1f6bf848b6,a16158840bdc11eba7f7acde48001122,0.6685,"Which film has the director died first, Edge Of Doom or A Mother'S Secret?",Where was the place of death of the director of film A Mother'S Heart?,none,none,1,0,0,1,0,0,1,0,0,1
3f5194f00bb011ebab90acde48001122,f6a2a90c0bdb11eba7f7acde48001122,0.6682,Who is Prince Harald Of Schaumburg-Lippe's maternal grandfather?,Where does Maria Haraldsdotter's father work at?,all,none,0,1,0,0,1,0,0,1,0,0
c370b4540bd911eba7f7acde48001122,f139c8a20bda11eba7f7acde48001122,0.6681,Who is the spouse of the performer of song Lolita (Leah Labelle Song)?,What nationality is Consort Song's husband?,dense+hybrid,none,0,0,0,1,1,0,0,1,0,0
6ae076e40bde11eba7f7acde48001122,4439b40a0bda11eba7f7acde48001122,0.668,Where was the father of Andrew Balding born?,Which country Francis Dundas's father is from?,all,all,1,1,1,1,1,1,1,1,1,1
07e964920bde11eba7f7acde48001122,60c67bce0bdc11eba7f7acde48001122,0.6679,Where was the husband of Caterina Visconti born?,"Which country François Louis, Prince Of Conti's father is from?",dense,none,0,0,0,1,1,0,0,0,0,1
5b44ffb00bda11eba7f7acde48001122,2357718a088f11ebbd72ac1f6bf848b6,0.6678,Where was the director of film Blood Father born?,"Which film has the director who died earlier, Father Makes Good or The Power Of A Lie?",none,all,0,0,1,0,0,1,0,0,1,0
08d00bcc0bde11eba7f7acde48001122,e88629000bdd11eba7f7acde48001122,0.6677,"What is the date of death of Fitzroy Somerset, 5Th Baron Raglan's father?","What is the date of death of Alexander Baring, 4Th Baron Ashburton's father?",all,dense+hybrid,0,1,0,0,1,1,1,1,1,1
0a65b7300bb011ebab90acde48001122,c5222c5c0bdd11eba7f7acde48001122,0.6677,Who is Olga Constantinovna Of Russia's maternal grandfather?,Which country Irina Pozdnyakova's husband is from?,none,dense,0,0,0,1,0,1,0,0,0,1
6b5393240bdc11eba7f7acde48001122,88d450740bdb11eba7f7acde48001122,0.6675,Which award the composer of film Pataakha won?,Which award the director of film Swapnabhumi earned?,bm25+hybrid,dense,0,1,0,0,0,1,0,1,0,0
5fa12b860bdc11eba7f7acde48001122,8d15f16c0bd911eba7f7acde48001122,0.6675,What is the place of birth of Claudia Rodríguez De Castellanos's husband?,What is the place of birth of María De Los Remedios De Escalada's husband?,dense+hybrid,dense+hybrid,1,0,0,1,1,1,1,1,1,1
21f924140baf11ebab90acde48001122,530b83f20bb011ebab90acde48001122,0.6674,Who is the sibling-in-law of Marie Thérèse De Choiseul?,Who is Peter Sarsgaard's sibling-in-law?,dense,none,0,0,0,1,1,0,0,0,0,1
f1ff478c089011ebbd72ac1f6bf848b6,c42bcfc0084911ebbd55ac1f6bf848b6,0.667,Are both directors of films The Princess Bride (Film) and I Never Sang For My Father from the same country?,Are the directors of both films I Can'T Marry Them All and Come To The Stable from the same country?,none,none,1,0,0,1,0,0,1,0,0,1
bffe56600bdd11eba7f7acde48001122,9028ba520bdd11eba7f7acde48001122,0.6669,Which country the performer of song I Might Have Been Queen is from?,Which country the performer of song 3Am (Pull Up) is from?,dense+hybrid,none,0,0,0,1,1,0,0,1,0,0
7e815a440bdc11eba7f7acde48001122,972eef2a0bdc11eba7f7acde48001122,0.6669,Who is the spouse of the performer of song Missing My Baby?,Who is the father of the performer of song Come Dig Me Out?,dense,none,0,0,0,1,1,0,0,0,0,1
519cf6dc0baf11ebab90acde48001122,2a6d02fe0bb011ebab90acde48001122,0.6667,Who is Gisela Of Hungary's mother-in-law?,Who is the sibling-in-law of Giuditta Grisi?,dense+hybrid,dense,0,0,0,1,1,1,1,1,0,0
880e5d0c088d11ebbd70ac1f6bf848b6,ac55dcb60bdb11eba7f7acde48001122,0.6667,Do director of film Winter Meeting and director of film Year Of The Horse have the same nationality?,Where did the director of film The King Of The Wild Horses die?,dense+hybrid,dense+hybrid,1,0,0,1,1,1,1,1,1,1
a06475340bdb11eba7f7acde48001122,582a31d40bde11eba7f7acde48001122,0.6662,Where was the place of burial of Adèle Hugo's father?,Where was the place of death of Ethel Page's husband?,dense,none,0,0,0,1,1,0,0,0,0,1
df6ec5f60bd911eba7f7acde48001122,652d8d6608c511ebbd8eac1f6bf848b6,0.6661,Where was the place of death of the director of film Valley Of The Giants (Film)?,"Which film has the director who was born first, Legend Of The Mountain or Three Men To Kill?",all,dense+hybrid,0,1,0,0,1,1,1,1,1,1
082dd41a0bde11eba7f7acde48001122,d8dd8102084e11ebbd56ac1f6bf848b6,0.6655,Where did the director of film 1919 (Film) graduate from?,"Which film has the director who was born later, Common Clay (1919 Film) or I'M From The City?",dense,all,0,0,1,0,1,1,1,0,1,0
184d5d440bb011ebab90acde48001122,4ed186f00bde11eba7f7acde48001122,0.6655,Who is Alexandra Of Lithuania's father-in-law?,Where was the husband of Dobrodeia Of Kiev born?,none,all,0,0,1,0,0,1,0,0,1,0
5bdf178208e011ebbda1ac1f6bf848b6,1fe826960bde11eba7f7acde48001122,0.6652,"Which film has the director who was born earlier, Khud-Daar or Murderer In The Fog?",Which country the director of film Dika: Murder City is from?,none,dense+hybrid,0,0,0,1,0,1,0,0,1,0
6638110e0bdb11eba7f7acde48001122,d14fc06e0bda11eba7f7acde48001122,0.6652,Where was the father of Alexandre Gaydamak born?,Where was the father of Alexei Antonovich Of Brunswick born?,all,none,0,1,0,0,1,0,0,1,0,0
20a118cc0bde11eba7f7acde48001122,e33d85f00bd911eba7f7acde48001122,0.665,Where was the director of film High (Film) born?,Where does the director of film Shock Treatment (1964 Film) work at?,dense+hybrid,all,0,0,1,0,1,1,1,1,1,1
8145e4de0baf11ebab90acde48001122,f3c9cb920baf11ebab90acde48001122,0.6649,Who is Marcus Aemilius Lepidus (Executed 39)'s father-in-law?,Who is Gaius Rubellius Blandus's father-in-law?,none,dense,0,0,0,1,0,1,0,0,0,1
bc633e2c0baf11ebab90acde48001122,4faf4b760bb011ebab90acde48001122,0.6649,Who is Maria Luisa Of Savoy's father-in-law?,Who is the mother-in-law of Maria Caroline Gibert De Lametz?,none,none,1,0,0,1,0,0,1,0,0,1
5a34b04e0bd911eba7f7acde48001122,5deff9420bdd11eba7f7acde48001122,0.6644,What nationality is Matilda Of Frisia's husband?,"What is the date of death of Matilda Of Boulogne, Duchess Of Brabant's mother?",none,all,0,0,1,0,0,1,0,0,1,0
fe1ac99c0bdd11eba7f7acde48001122,da2a12da0bd911eba7f7acde48001122,0.6636,Where did the director of film What Rats Won'T Do die?,Where was the director of film The Boxer And Death born?,dense+hybrid,bm25,0,0,1,0,1,0,0,1,0,0
02428f7e0bb011ebab90acde48001122,1add88540bb011ebab90acde48001122,0.6632,"Who is Bertrand, Count Of Toulouse's child-in-law?",Who is the child-in-law of Marie De Namur?,none,none,1,0,0,1,0,0,1,0,0,1
ab94845c0baf11ebab90acde48001122,4062254e0bb011ebab90acde48001122,0.6631,Who is Wisigard's father-in-law?,Who is the father-in-law of Plautia Urgulanilla?,none,none,1,0,0,1,0,0,1,0,0,1
f7ddb2ce0bdd11eba7f7acde48001122,9ba526540bdd11eba7f7acde48001122,0.6629,Where was the wife of Pierre-Marie Gault De Saint-Germain born?,Where was the wife of Jesús Aguirre born?,none,dense,0,0,0,1,0,1,0,0,0,1
df6ec5f60bd911eba7f7acde48001122,3c36eba2084b11ebbd56ac1f6bf848b6,0.6629,Where was the place of death of the director of film Valley Of The Giants (Film)?,"Which film has the director who died later, Men Of Boys Town or Wild Fruit?",all,none,0,1,0,0,1,0,0,1,0,0
0cd3bdea0bde11eba7f7acde48001122,61b3b8820bda11eba7f7acde48001122,0.6626,What is the award that the director of film Wearing Velvet Slippers Under A Golden Umbrella won?,What is the award that the director of film Baltic Skies got?,dense+hybrid,dense,0,0,0,1,1,1,1,1,0,0
71d8e20e0bdb11eba7f7acde48001122,5142f59e0bda11eba7f7acde48001122,0.6623,What is the place of birth of Clara Novello's father?,What is the place of birth of Jo Planckaert's father?,all,dense+hybrid,0,1,0,0,1,1,1,1,1,1
0d97858808c111ebbd8aac1f6bf848b6,63dc55840bde11eba7f7acde48001122,0.6621,"Which film has the director born earlier, Pieces Of A Woman or Oriental Nights?",What is the place of birth of the director of film Crystal Nights?,dense,none,0,0,0,1,1,0,0,0,0,1
8b68595a0bdd11eba7f7acde48001122,08a0a8ee0bdb11eba7f7acde48001122,0.6621,What is the place of birth of Jehu Grubb's father?,What is the place of birth of Jorge Sapag's father?,none,dense+hybrid,0,0,0,1,0,1,0,0,1,0
2d907ba60bdc11eba7f7acde48001122,692515880bdb11eba7f7acde48001122,0.6617,What is the place of birth of the director of film Operation Secret?,Where was the director of film Inconceivable (2008 Film) born?,none,all,0,0,1,0,0,1,0,0,1,0
12668d0c085311ebbd58ac1f6bf848b6,ab69635e089811ebbd77ac1f6bf848b6,0.6615,Are the directors of films Back To Back (1996 Film) and The White Hen both from the same country?,Do director of film Born American and director of film The White Raven (1998 Film) share the same nationality?,none,none,1,0,0,1,0,0,1,0,0,1
c5ae29fc0bdb11eba7f7acde48001122,ac7e29440bdd11eba7f7acde48001122,0.6614,Where was the father of Nigel De Brus born?,What is the place of birth of Osbeorn Bulax's father?,dense,none,0,0,0,1,1,0,0,0,0,1
3cbd107e0bde11eba7f7acde48001122,2ed1a68c0bde11eba7f7acde48001122,0.661,What is the place of birth of the performer of song Who...?,Where was the performer of song Rewind (Find A Way) born?,dense,none,0,0,0,1,1,0,0,0,0,1
c21fb3ab08a711ebbd7fac1f6bf848b6,71ce6e19086711ebbd5eac1f6bf848b6,0.6606,"Which film has the director who died earlier, Guns And Guitars or To The Victor?","Which film whose director was born first, Sword Of The Empire or Seven Guns For Timothy?",dense+hybrid,all,0,0,1,0,1,1,1,1,1,1
b1b78c480bdd11eba7f7acde48001122,e3477e760bdd11eba7f7acde48001122,0.6604,Where was the place of death of Alexander Carl Otto Westphal's father?,Where was the place of death of the founder of Western Auto?,dense+hybrid,dense,0,0,0,1,1,1,1,1,0,0
16ef62f20bde11eba7f7acde48001122,f1a794f20bdc11eba7f7acde48001122,0.6601,What nationality is Horace Seymour's father?,What nationality is Lamprocles's father?,none,dense,0,0,0,1,0,1,0,0,0,1
bbaa84b60bd911eba7f7acde48001122,0b1244de0bdb11eba7f7acde48001122,0.66,Where was the father of Princess Amelia Of Great Britain born?,Where was the father of Gwen Graham born?,dense+hybrid,dense,0,0,0,1,1,1,1,1,0,0
abc68a180bd911eba7f7acde48001122,5b04767e0bdb11eba7f7acde48001122,0.66,When did Lord Patrick Crichton-Stuart's father die?,"When did John Brabazon, 10Th Earl Of Meath's father die?",bm25+hybrid,none,0,1,0,0,0,0,1,1,0,0
6970df82088811ebbd6eac1f6bf848b6,2b42746a08cf11ebbd94ac1f6bf848b6,0.6599,"Which film has the director died later, Saturday Night Out or An Italian Romance?","Which film has the director who is older, A Certain Mister or A Woman In The Night?",dense,none,0,0,0,1,1,0,0,0,0,1
65e000ee0bdc11eba7f7acde48001122,aa8cbbf20bdb11eba7f7acde48001122,0.6597,What is the date of birth of Teddy Hart's father?,What is the date of death of Augusta Leigh's father?,dense,dense+hybrid,0,0,0,1,1,1,1,0,1,0
3450ecb008c511ebbd8eac1f6bf848b6,8932b106088d11ebbd70ac1f6bf848b6,0.6595,"Which film has the director who died later, The Lady Owner or Behind Prison Gates?","Which film has the director who died earlier, My Lady'S Latchkey or The Company (Film)?",none,dense,0,0,0,1,0,1,0,0,0,1
6e4854a00bde11eba7f7acde48001122,df13ddf40bdd11eba7f7acde48001122,0.6588,What is the place of birth of Samir Rifai's father?,Where was the father of Islam Shah Suri born?,dense,dense+hybrid,0,0,0,1,1,1,1,0,1,0
6638110e0bdb11eba7f7acde48001122,885ba7220bdc11eba7f7acde48001122,0.6588,Where was the father of Alexandre Gaydamak born?,Where was the father of Eugene Fubini born?,all,bm25+hybrid,0,1,1,1,1,0,0,1,1,1
42a2068a0bdd11eba7f7acde48001122,2614d9b5088311ebbd6dac1f6bf848b6,0.6587,What is the place of birth of the director of film Temptation Of A Monk?,Do both films: A French Gigolo and Temptation (1929 Film) have the directors from the same country?,bm25+hybrid,all,0,1,1,1,0,1,0,1,1,1
f7c4fdf2087611ebbd67ac1f6bf848b6,40da89160bde11eba7f7acde48001122,0.6586,"Which film has the director who was born later, A Quiet Place In The Country or When Were You Born?",Where was the director of film Talk About A Stranger born?,dense,all,0,0,1,0,1,1,1,0,1,0
df13ddf40bdd11eba7f7acde48001122,73165fb60bdb11eba7f7acde48001122,0.6585,Where was the father of Islam Shah Suri born?,Which country Şehzade Ömer Hilmi's father is from?,dense+hybrid,bm25+hybrid,0,0,1,0,1,0,0,1,1,1
c818d9480baf11ebab90acde48001122,725b8d040bda11eba7f7acde48001122,0.6584,Who is Frederick Of Luxembourg's paternal grandfather?,"What is the date of birth of Francis Otto, Duke Of Brunswick-Lüneburg's father?",none,dense+hybrid,0,0,0,1,0,1,0,0,1,0
98da1bb608d411ebbd96ac1f6bf848b6,2460b2e20bde11eba7f7acde48001122,0.6576,"Which film has the director born first, The Bong Connection or The Whole Shootin' Match?",What nationality is the director of film The Whole Wide World?,none,all,0,0,1,0,0,1,0,0,1,0
dfe93efe0bdd11eba7f7acde48001122,047992200bdc11eba7f7acde48001122,0.6574,When did Jean Martin (Singer)'s husband die?,Where was the place of death of the composer of song How Long Has This Been Going On??,none,none,1,0,0,1,0,0,1,0,0,1
5c0c69f80bdd11eba7f7acde48001122,e95acdbc085f11ebbd5dac1f6bf848b6,0.6572,What is the place of birth of the director of film Letter To The King?,"Which film has the director who died earlier, Deuce High or The King Is The Best Mayor?",dense,none,0,0,0,1,1,0,0,0,0,1
5aebb9af08c511ebbd8eac1f6bf848b6,b2a8d7b60bdc11eba7f7acde48001122,0.6565,"Which film has the director who is older than the other, One Woman To Another or Come On, Rangers? ",Where was the director of film The Making Of Plus One born?,all,none,0,1,0,0,1,0,0,1,0,0
4165dd540bde11eba7f7acde48001122,2205f1a2085911ebbd5bac1f6bf848b6,0.6563,Where does the director of film All For Love (2012 Film) work at?,"Which film has the director born later, Per Amore... Per Magia... or All Wrong (Film)?",none,dense,0,0,0,1,0,1,0,0,0,1
129b312e0baf11ebab90acde48001122,0105fd120bb011ebab90acde48001122,0.6563,"Who is Sir William Gore, 3Rd Baronet's paternal grandfather?","Who is Sir William Lowther, 1St Baronet, Of Marske's paternal grandfather?",all,none,0,1,0,0,1,0,0,1,0,0
d15be72e0bdd11eba7f7acde48001122,b7af3ede0bdd11eba7f7acde48001122,0.6562,"Where was the place of death of William De Warenne, 2Nd Earl Of Surrey's father?",Where does William Henry Fitzhugh Lee's father work at?,all,dense,0,1,0,0,1,1,1,1,0,0
26b866e6085c11ebbd5cac1f6bf848b6,8be3dafe08d511ebbd98ac1f6bf848b6,0.6561,"Which film has the director born later, Jesse James' Women or Ride Lonesome?","Which film whose director was born first, Swamp Women or Tracy Rides?",bm25,dense+hybrid,0,1,0,0,0,1,0,0,1,0
3a0b1fa80bdc11eba7f7acde48001122,6e88d85e0bde11eba7f7acde48001122,0.6558,Where was the place of death of the performer of song Northwest Passage (Song)?,Where was the place of death of the performer of song I Didn'T Know My Own Strength (Whitney Houston Song)?,dense,dense+hybrid,0,0,0,1,1,1,1,0,1,0
bc69662a0bdd11eba7f7acde48001122,e1f5df1208a011ebbd78ac1f6bf848b6,0.6558,Where was the director of film The Love Captive born?,"Which film has the director who is older than the other, Lemming (Film) or Hunger For Love? ",none,none,1,0,0,1,0,0,1,0,0,1
b42a916c0bda11eba7f7acde48001122,fde3a7880bdc11eba7f7acde48001122,0.6556,What nationality is Cecilia Renata Of Austria's husband?,"What is the date of birth of Archduke Karl Pius Of Austria, Prince Of Tuscany's mother?",none,none,1,0,0,1,0,0,1,0,0,1
61cc91aa088c11ebbd6fac1f6bf848b6,63dc55840bde11eba7f7acde48001122,0.6554,"Which film whose director is younger, Torments Of The Night or Dirty Dancing?",What is the place of birth of the director of film Crystal Nights?,none,none,1,0,0,1,0,0,1,0,0,1
4faf4b760bb011ebab90acde48001122,d09a3e680baf11ebab90acde48001122,0.655,Who is the mother-in-law of Maria Caroline Gibert De Lametz?,Who is Mara Branković's mother-in-law?,none,none,1,0,0,1,0,0,1,0,0,1
8981e1ce0bb011ebab90acde48001122,534cb9fe0baf11ebab90acde48001122,0.6549,Who is Charles Bretagne Marie De La Trémoille's paternal grandfather?,"Who is Charles D'Orléans, Duke Of Penthièvre's paternal grandfather?",all,hybrid,0,1,0,0,1,0,0,1,1,1
0458640a0bdd11eba7f7acde48001122,19ab7c2a0bdd11eba7f7acde48001122,0.6544,What is the cause of death of Alex Matthiessen's father?,Where did Carlos Bee's father die?,all,none,0,1,0,0,1,0,0,1,0,0
d5cb95f108b511ebbd88ac1f6bf848b6,e2ec9eea0bdb11eba7f7acde48001122,0.6544,"Which film has the director who was born later, Til Sæters or Ruben Guthrie?",What is the place of birth of the director of film The Admirer?,none,none,1,0,0,1,0,0,1,0,0,1
579389860bda11eba7f7acde48001122,f5e5f52d08cb11ebbd93ac1f6bf848b6,0.6542,Where was the director of film House In The Sun born?,"Which film has the director who was born earlier, The Secret Invasion or The House Of The Seven Hawks?",all,all,1,1,1,1,1,1,1,1,1,1
f8819f3308a011ebbd78ac1f6bf848b6,799ec8c80bdb11eba7f7acde48001122,0.6542,"Which film has the director who died later, The Death Kiss or Her Luck In London?",Where was the director of film Bewitching Kisses born?,none,bm25,0,0,1,0,0,0,1,0,0,1
90bad89e0bdb11eba7f7acde48001122,d9a5f6ae08ae11ebbd83ac1f6bf848b6,0.6542,What is the place of birth of the director of film Dawn Of Life?,"Which film whose director is younger, The Land Before Time Ix: Journey To Big Water or The Life Story Of David Lloyd George?",none,none,1,0,0,1,0,0,1,0,0,1
c40d35580bda11eba7f7acde48001122,89db525e0bdd11eba7f7acde48001122,0.654,Where was the director of film At The End Of The Tunnel born?,Where did the director of film Bridge Over The Elbe die?,bm25+hybrid,none,0,1,0,0,0,0,1,1,0,0
3cbd107e0bde11eba7f7acde48001122,215f53a00bde11eba7f7acde48001122,0.6538,What is the place of birth of the performer of song Who...?,Where was the performer of song Step Into The Light (Myra Song) born?,dense,all,0,0,1,0,1,1,1,0,1,0
87154f1e0bda11eba7f7acde48001122,a6d861000bdb11eba7f7acde48001122,0.6538,Which country Aleksandra Marianna Wiesiołowska's father is from?,Which country Tivala's father is from?,dense+hybrid,all,0,0,1,0,1,1,1,1,1,1
64ed06f40bdd11eba7f7acde48001122,a29726b40bd911eba7f7acde48001122,0.6533,Where was the husband of Princess Alexandra Of Anhalt born?,Which country Eugen D'Albert's wife is from?,none,none,1,0,0,1,0,0,1,0,0,1
ea862fd00baf11ebab90acde48001122,0b1244de0bdb11eba7f7acde48001122,0.6528,Who is the father-in-law of Graham Smith (Māori Academic)?,Where was the father of Gwen Graham born?,none,dense,0,0,0,1,0,1,0,0,0,1
0a3dccd00bdc11eba7f7acde48001122,0f3be7e20bde11eba7f7acde48001122,0.6527,Where was the place of death of Anna Of Saxe-Wittenberg's father?,"Where did Ulrich Ii, Count Of East Frisia's father die?",none,none,1,0,0,1,0,0,1,0,0,1
db048ac408cc11ebbd93ac1f6bf848b6,e1cfab340bda11eba7f7acde48001122,0.6527,"Which film has the director who was born later, Light In The High Plains or On A Half Clear Morning?",Where was the place of death of the director of film Red Sky At Morning (1971 Film)?,dense+hybrid,none,0,0,0,1,1,0,0,1,0,0
49ec1ade0bdd11eba7f7acde48001122,84d024380bdd11eba7f7acde48001122,0.6521,"Where did the director of film My Heidelberg, I Can Not Forget You die?",Where was the place of death of the director of film Never The Twain (Film)?,all,none,0,1,0,0,1,0,0,1,0,0
61d1f6900bde11eba7f7acde48001122,b0b7f3700bdb11eba7f7acde48001122,0.6509,"What is the date of death of Conan Ii, Duke Of Brittany's mother?",Where was the place of death of the creator of Conan The Adventurer (1992 Tv Series)?,none,none,1,0,0,1,0,0,1,0,0,1
01dc5ca0086c11ebbd60ac1f6bf848b6,f014a1e80bdc11eba7f7acde48001122,0.6509,Do both Those Merry Souls and The Last Starfighter films have the directors from the same country?,What is the place of birth of the director of film The Merry Wives?,none,none,1,0,0,1,0,0,1,0,0,1
df25946e08b211ebbd85ac1f6bf848b6,b40073360bdb11eba7f7acde48001122,0.6503,"Which film has the director who died first, A Dream Or Two Ago or Why Leave Home??",What nationality is the director of film The Mexican Dream?,dense,all,0,0,1,0,1,1,1,0,1,0
700dfeea0baf11ebab90acde48001122,58e236320baf11ebab90acde48001122,0.6501,Who is Sancho Ramírez's maternal grandfather?,Who is Fernando Rodríguez De Castro's paternal grandfather?,none,none,1,0,0,1,0,0,1,0,0,1
ad43c9300bdb11eba7f7acde48001122,089b1e3a0bde11eba7f7acde48001122,0.65,"What is the place of birth of James Douglas, 3Rd Earl Of Angus's father?","Where did Sholto Douglas, 15Th Earl Of Morton's father study?",none,none,1,0,0,1,0,0,1,0,0,1
58e236320baf11ebab90acde48001122,48b242c40bb011ebab90acde48001122,0.6497,Who is Fernando Rodríguez De Castro's paternal grandfather?,Who is the paternal grandfather of Ray Knight (Rodeo Organizer)?,none,none,1,0,0,1,0,0,1,0,0,1
3cbd107e0bde11eba7f7acde48001122,8c82acb20bda11eba7f7acde48001122,0.6494,What is the place of birth of the performer of song Who...?,What nationality is the performer of song Adore You (Jessie Ware Song)?,dense,none,0,0,0,1,1,0,0,0,0,1
b60fd6a20bdc11eba7f7acde48001122,a6ecf1040bdd11eba7f7acde48001122,0.6488,Where does David Flair's father work at?,Which country David Barclay Of Cheapside's father is from?,none,none,1,0,0,1,0,0,1,0,0,1
ab94845c0baf11ebab90acde48001122,85dd56440baf11ebab90acde48001122,0.6488,Who is Wisigard's father-in-law?,Who is Albert G. Simms's father-in-law?,none,none,1,0,0,1,0,0,1,0,0,1
ab9e91140bdb11eba7f7acde48001122,bd3dc5f60baf11ebab90acde48001122,0.6486,"What is the date of birth of Henry Prittie, 2Nd Baron Dunalley's father?","Who is Henry Noel, 6Th Earl Of Gainsborough's paternal grandfather?",all,all,1,1,1,1,1,1,1,1,1,1
b5b63b160bdb11eba7f7acde48001122,3685f31a0bde11eba7f7acde48001122,0.6481,Where did Gigi Causey's husband graduate from?,Where did Mate Meštrović's father graduate from?,all,none,0,1,0,0,1,0,0,1,0,0
2a667a5808c511ebbd8eac1f6bf848b6,3e19f3220bdb11eba7f7acde48001122,0.6481,"Which film has the director who was born earlier, Invasion 1897 or Nene Raju Nene Mantri?",Where was the director of film Invasion (2014 Film) born?,none,dense+hybrid,0,0,0,1,0,1,0,0,1,0
374844b20baf11ebab90acde48001122,6a953aae0bb011ebab90acde48001122,0.6478,Who is Ermengarde Of Tuscany's paternal grandfather?,Who is the child of Graziano Rossi?,none,dense+hybrid,0,0,0,1,0,1,0,0,1,0
b8e9d716088411ebbd6dac1f6bf848b6,2fcf02980bdc11eba7f7acde48001122,0.6472,"Which film has the director born first, Şaban, Son Of Şaban or East/West?",Which country the director of film West 32Nd is from?,all,all,1,1,1,1,1,1,1,1,1,1
7683f0f20bde11eba7f7acde48001122,f9a5adb40bdd11eba7f7acde48001122,0.6469,What nationality is Krisztina Nyáry's husband?,What is the place of birth of Umade Bhattiyani's husband?,dense,none,0,0,0,1,1,0,0,0,0,1
8bccf6360bdc11eba7f7acde48001122,9cf73a920bdd11eba7f7acde48001122,0.6469,What is the place of birth of Danielle Lineker's husband?,What is the place of birth of Patricia Kennedy Lawford's father?,dense,dense+hybrid,0,0,0,1,1,1,1,0,1,0
791396a60bd911eba7f7acde48001122,6f0a15860bde11eba7f7acde48001122,0.6469,Which award the performer of song Beating Heart (Ellie Goulding Song) got?,What is the award that the performer of song In My Mind (Heather Headley Song) got?,dense+hybrid,none,0,0,0,1,1,0,0,1,0,0
2e419977088111ebbd6dac1f6bf848b6,d61d801e0bd911eba7f7acde48001122,0.6468,"Which film has the director died first, To Mary – With Love or Five Little Peppers And How They Grew?",Who is the father of the director of film Little Joe (Film)?,none,none,1,0,0,1,0,0,1,0,0,1
579389860bda11eba7f7acde48001122,49970fdc08bb11ebbd88ac1f6bf848b6,0.6466,Where was the director of film House In The Sun born?,"Which film has the director born later, Home Alone 2: Lost In New York or Our Mother'S House?",all,none,0,1,0,0,1,0,0,1,0,0
dea2ea800bd911eba7f7acde48001122,2895660a0bde11eba7f7acde48001122,0.6461,What is the place of birth of Princess Margaretha Of Saxony's mother?,What is the place of birth of Princess Lalla Meryem Of Morocco's mother?,none,none,1,0,0,1,0,0,1,0,0,1
5db7e2d80bdc11eba7f7acde48001122,7a93fc8a088e11ebbd70ac1f6bf848b6,0.646,"What is the place of birth of the director of film I Love, You Love?","Which film has the director born later, Where Are You? I'M Here or 11 Flowers?",bm25+hybrid,bm25,0,1,1,1,0,0,1,1,0,0
c8ecc2800bdc11eba7f7acde48001122,a23f5a1b087d11ebbd6bac1f6bf848b6,0.6459,"Where was the place of death of the director of film A Man, A Woman, And A Bank?","Which film has the director died first, Crime Against Joe or Partners Three?",none,dense+hybrid,0,0,0,1,0,1,0,0,1,0
258867240bdd11eba7f7acde48001122,6c7f03240bdb11eba7f7acde48001122,0.6459,Where was the wife of Douglas Leiterman born?,Where was the husband of Jeanne Raunay born?,none,dense,0,0,0,1,0,1,0,0,0,1
bb5b1ade0bd911eba7f7acde48001122,4f6bc4a20bdb11eba7f7acde48001122,0.6459,What is the place of birth of Princess Raiyah Bint Hussein's father?,Where does Princess Rym Al-Ali's father work at?,dense+hybrid,dense+hybrid,1,0,0,1,1,1,1,1,1,1
53ab316c08b911ebbd88ac1f6bf848b6,d977eef20bd911eba7f7acde48001122,0.6455,"Which film has the director who died later, The Fatal Mistake or The Devil'S Hairpin?",Why did the director of film The Devil'S Playground (1937 Film) die?,dense,dense,1,0,0,1,1,1,1,0,0,1
37f8b9d20bdc11eba7f7acde48001122,bd8cb9320bdb11eba7f7acde48001122,0.6455,When was the composer of song Hot Time In The Town Of Berlin born?,Where was the place of death of the composer of song Bidin' My Time?,none,none,1,0,0,1,0,0,1,0,0,1
59054cad08b311ebbd86ac1f6bf848b6,f014a1e80bdc11eba7f7acde48001122,0.6454,Do both films Happiness Of Three Women and Percy (1925 Film) have the directors from the same country?,What is the place of birth of the director of film The Merry Wives?,dense,none,0,0,0,1,1,0,0,0,0,1
575babe4087711ebbd67ac1f6bf848b6,db787f5c0bdc11eba7f7acde48001122,0.6451,"Are both director of film Germany, Year Zero and director of film Cross Shot from the same country?",What nationality is the director of film Detachment (Film)?,none,dense+hybrid,0,0,0,1,0,1,0,0,1,0
49637d220bd911eba7f7acde48001122,122f7ba408a411ebbd7cac1f6bf848b6,0.645,Who is the father of the director of film Lila & Eve?,"Which film has the director born later, Ada Apa Dengan Cinta? or Adam & Paul?",none,none,1,0,0,1,0,0,1,0,0,1
a08505d20bdc11eba7f7acde48001122,d966c61208ab11ebbd82ac1f6bf848b6,0.6442,Who is the father of the director of film Red 2 (Film)?,Do both directors of films Assassin'S Creed (Film) and Two Brothers Running have the same nationality?,none,none,1,0,0,1,0,0,1,0,0,1
f6e2b9280bdd11eba7f7acde48001122,507bc3300bde11eba7f7acde48001122,0.6438,Which country Mohammed Al-Modiahki's wife is from?,Which country Tajlu Khanum's husband is from?,none,none,1,0,0,1,0,0,1,0,0,1
0f3c04300bdd11eba7f7acde48001122,1f715224089a11ebbd77ac1f6bf848b6,0.6427,Where was the director of film The 3 Rooms Of Melancholia born?,"Which film has the director born later, The Secret Of The Blue Room or The Star Chamber?",none,none,1,0,0,1,0,0,1,0,0,1
076f8ece08d211ebbd95ac1f6bf848b6,db787f5c0bdc11eba7f7acde48001122,0.6422,Do both films Fig Leaves and Boogeyman (Film) have the directors that share the same nationality?,What nationality is the director of film Detachment (Film)?,dense,dense+hybrid,0,0,0,1,1,1,1,0,1,0
5db7e2d80bdc11eba7f7acde48001122,22d0830d087911ebbd67ac1f6bf848b6,0.6422,"What is the place of birth of the director of film I Love, You Love?","Which film has the director who died earlier, Love That Brute or Laughing Heirs?",bm25+hybrid,dense,0,1,0,0,0,1,0,1,0,0
84b83b0508c511ebbd8eac1f6bf848b6,d56b4352086111ebbd5dac1f6bf848b6,0.6411,"Which film has the director died later, El Túnel 6 or A Life At Stake?","Which film has the director died earlier, The Marriage Of Maria Braun or An Ache In Every Stake?",none,none,1,0,0,1,0,0,1,0,0,1
f97bacb20bdd11eba7f7acde48001122,f4e4e862089011ebbd72ac1f6bf848b6,0.6408,Where did the director of film The Gallant Lords Of Bois-Doré die?,Are director of film Dortoir Des Grandes and director of film Is Paris Burning? (Film) both from the same country?,all,none,0,1,0,0,1,0,0,1,0,0
1ccc20e00bdc11eba7f7acde48001122,3141b8ae086d11ebbd61ac1f6bf848b6,0.6408,Where does the director of film Die Abfahrer work at?,"Which film has the director born earlier, Decoding Deepak or Hitler – Dead Or Alive?",all,none,0,1,0,0,1,0,0,1,0,0
39ca32a80bdd11eba7f7acde48001122,147c6e160bde11eba7f7acde48001122,0.6401,When is Prince Napoléon Bonaparte's father's birthday?,"When is Luke Dillon, 4Th Baron Clonbrock's father's birthday?",all,all,1,1,1,1,1,1,1,1,1,1
f8aa0d06086311ebbd5eac1f6bf848b6,218609020bdc11eba7f7acde48001122,0.6395,"Which film has the director died earlier, Remember The Day or Cast Up By The Sea?",What nationality is the director of film The Beach (Film)?,dense+hybrid,none,0,0,0,1,1,0,0,1,0,0
6c1b12ac08d811ebbd9bac1f6bf848b6,123d4cf40bdb11eba7f7acde48001122,0.6394,"Which film has the director who was born later, Enjoy Yourselves or A Song To Remember?",Where was the performer of song Remember (John Lennon Song) born?,none,all,0,0,1,0,0,1,0,0,1,0
f99150ee0bdd11eba7f7acde48001122,1011a79c0bde11eba7f7acde48001122,0.6392,Where was the mother of Elizabeth Stafford born?,"What is the place of birth of William Parr, 1St Marquess Of Northampton's mother?",dense+hybrid,none,0,0,0,1,1,0,0,1,0,0
e3333830088111ebbd6dac1f6bf848b6,5b2359b00bd911eba7f7acde48001122,0.639,"Which film has the producer who was born earlier, Term Life or Housefull 2?",Who is the father of the director of film Sources Of Life?,dense,none,0,0,0,1,1,0,0,0,0,1
eb3d62d608ad11ebbd83ac1f6bf848b6,b56bf714088311ebbd6dac1f6bf848b6,0.639,"Do both films, The Wild Frontier (Film) and The Sundowners (1960 Film), have the directors who are from the same country?","Do both films, They Didn'T Know and North Of The Border (Film), have the directors who are from the same country?",none,none,1,0,0,1,0,0,1,0,0,1
1dd18a37086a11ebbd5fac1f6bf848b6,2460b2e20bde11eba7f7acde48001122,0.6388,"Which film has the director who was born later, All The Gold In The World or The Crowning Touch?",What nationality is the director of film The Whole Wide World?,dense,all,0,0,1,0,1,1,1,0,1,0
9e506db00bdc11eba7f7acde48001122,a457e11c0bdb11eba7f7acde48001122,0.6385,Who is the mother of the director of film Brenda Brave?,Who is the mother of the director of film Atomised (Film)?,none,none,1,0,0,1,0,0,1,0,0,1
140fbeda08c611ebbd90ac1f6bf848b6,30abcf4e08de11ebbd9eac1f6bf848b6,0.6384,"Which film has the director died first, Two For Tonight or Light Over Russia?","Which film has the director died earlier, Railroaded! or By The Light Of A Star?",bm25+dense,none,0,1,0,0,1,0,0,0,0,1
bb10240a088e11ebbd70ac1f6bf848b6,3c36eba2084b11ebbd56ac1f6bf848b6,0.6383,"Which film has the director who was born later, Wild Boys Of The Road or That Royle Girl?","Which film has the director who died later, Men Of Boys Town or Wild Fruit?",dense,none,0,0,0,1,1,0,0,0,0,1
12c631c1088b11ebbd6fac1f6bf848b6,b40073360bdb11eba7f7acde48001122,0.6382,"Which film has the director who was born earlier, Retalhos Da Vida De Um Médico or The Shooting?",What nationality is the director of film The Mexican Dream?,dense+hybrid,all,0,0,1,0,1,1,1,1,1,1
f1ff478c089011ebbd72ac1f6bf848b6,35e09904086b11ebbd5fac1f6bf848b6,0.6377,Are both directors of films The Princess Bride (Film) and I Never Sang For My Father from the same country?,"Which film has the director born earlier, I Learned It From Father or Sengottai Singam?",none,none,1,0,0,1,0,0,1,0,0,1
ea9832140bd911eba7f7acde48001122,a902a9b8089311ebbd75ac1f6bf848b6,0.6376,What is the place of birth of the director of film The Last Horror Movie?,"Which film has the director who died later, Emanuelle And The Last Cannibals or Hostile Country?",all,none,0,1,0,0,1,0,0,1,0,0
6021e2d80bde11eba7f7acde48001122,f4a616ac0bae11ebab90acde48001122,0.6374,Which country Jan Baptist Van Rensselaer's father is from?,"Who is the paternal grandmother of Renaud Iii, Count Of Soissons?",all,none,0,1,0,0,1,0,0,1,0,0
a0ae26f60baf11ebab90acde48001122,b583abd20baf11ebab90acde48001122,0.6373,Who is the maternal grandfather of Adam Coleman Howard?,Who is the paternal grandfather of Sultan Al-Dawla?,none,dense+hybrid,0,0,0,1,0,1,0,0,1,0
c9eb430908c311ebbd8dac1f6bf848b6,2866ecac08ce11ebbd94ac1f6bf848b6,0.6372,"Which film has the director born later, Befikre or American Sniper?","Which film has the director who was born first, En Kvinde Er Overflødig or Aakrosh (2010 Film)?",none,all,0,0,1,0,0,1,0,0,1,0
49eb87280bdc11eba7f7acde48001122,23f9d9580bdb11eba7f7acde48001122,0.6371,Where did the director of film Don Juan (1922 Film) die?,Where was the place of death of the director of film Muchachos De La Ciudad?,all,dense+hybrid,0,1,0,0,1,1,1,1,1,1
913ceb43088211ebbd6dac1f6bf848b6,746a799c0bdb11eba7f7acde48001122,0.6371,"Which film has the director who was born first, Piccoli Fuochi or The Nice Guys?",What nationality is the director of film Fúlmine?,all,all,1,1,1,1,1,1,1,1,1,1
c32ac4ca0bda11eba7f7acde48001122,aab9387408d111ebbd95ac1f6bf848b6,0.6368,What is the place of birth of the director of film Swedenhielms?,"Which film has the director who died earlier, Bandits Of El Dorado or Secret Svensson?",dense,all,0,0,1,0,1,1,1,0,1,0
f64be57a0bdd11eba7f7acde48001122,1822cbb4089111ebbd72ac1f6bf848b6,0.6367,What is the date of death of the director of film Escándalo De Estrellas?,"Which film has the director born earlier, The Newest Pledge or Más Allá De La Aventura?",dense+hybrid,dense,0,0,0,1,1,1,1,1,0,0
dfe93efe0bdd11eba7f7acde48001122,b61f7c280bdd11eba7f7acde48001122,0.6365,When did Jean Martin (Singer)'s husband die?,Why did Charis Wilson's husband die?,none,dense,0,0,0,1,0,1,0,0,0,1
5db7e2d80bdc11eba7f7acde48001122,3f0eaa5e089611ebbd76ac1f6bf848b6,0.6363,"What is the place of birth of the director of film I Love, You Love?","Which film has the director who is older, This Love Of Ours or The Red Siren?",bm25+hybrid,none,0,1,0,0,0,0,1,1,0,0
f97bacb20bdd11eba7f7acde48001122,7eb8d29a08c511ebbd8eac1f6bf848b6,0.6362,Where did the director of film The Gallant Lords Of Bois-Doré die?,"Do director of film Coteau Rouge and director of film Hochelaga, Land Of Souls share the same nationality?",all,all,1,1,1,1,1,1,1,1,1,1
d61d801e0bd911eba7f7acde48001122,41454e30088d11ebbd70ac1f6bf848b6,0.6361,Who is the father of the director of film Little Joe (Film)?,"Which film has the director who was born later, Carmen, Baby or The Little Gypsy?",none,dense+hybrid,0,0,0,1,0,1,0,0,1,0
3cbd107e0bde11eba7f7acde48001122,709430f20bda11eba7f7acde48001122,0.6359,What is the place of birth of the performer of song Who...?,"Which country the performer of song That'S Good, That'S Bad (Frankie Laine Song) is from?",dense,all,0,0,1,0,1,1,1,0,1,0
c19b72520bdb11eba7f7acde48001122,8055aca40bdb11eba7f7acde48001122,0.6358,What is the place of birth of the director of film And The Spring Comes?,Which country the director of film Romanoff And Juliet (1961 Film) is from?,none,none,1,0,0,1,0,0,1,0,0,1
1eb681500bde11eba7f7acde48001122,cecadcce0bdb11eba7f7acde48001122,0.6358,Who is the spouse of the performer of song Neurotic Society (Compulsory Mix)?,Where was the performer of song Suicide Social born?,none,all,0,0,1,0,0,1,0,0,1,0
81ca57e60bdc11eba7f7acde48001122,811a336508a511ebbd7dac1f6bf848b6,0.6358,Where was the director of film Age-Old Friends born?,"Which film has the director who is older, A Single Man or 39 East?",all,dense,0,1,0,0,1,1,1,1,0,0
183f6cc40bde11eba7f7acde48001122,3209ff5e0baf11ebab90acde48001122,0.6355,What nationality is Claire Annabel Caroline Grant Duff's father?,"Who is the maternal grandfather of Agnes Duff, Countess Fife?",bm25+dense,dense,0,1,0,0,1,1,1,0,0,1
1a344858086711ebbd5eac1f6bf848b6,890017540bdb11eba7f7acde48001122,0.635,"Which film has the director who was born earlier, All About Anna or Spy Today, Die Tomorrow?",Who is the spouse of the director of film Days And Hours?,none,dense,0,0,0,1,0,1,0,0,0,1
29edeea4084c11ebbd56ac1f6bf848b6,8f4ad680089d11ebbd78ac1f6bf848b6,0.635,Who was born first out of Overill Dwyer-Brown and Dragan Načevski?,Who was born first out of Johan Jureskog and Kieren Jack?,all,all,1,1,1,1,1,1,1,1,1,1
3b88a62a0bdc11eba7f7acde48001122,95f1b1b6087511ebbd67ac1f6bf848b6,0.635,Where was the director of film A Very Moral Night born?,"Which film whose director is younger, A Night'S Adventure or Insaciable?",bm25+hybrid,dense+hybrid,0,1,0,0,0,1,0,1,1,1
8981e1ce0bb011ebab90acde48001122,d4f53b200baf11ebab90acde48001122,0.6348,Who is Charles Bretagne Marie De La Trémoille's paternal grandfather?,Who is the father of Auguste-Théodore-Paul De Broglie?,all,none,0,1,0,0,1,0,0,1,0,0
b8e03e4c0bd911eba7f7acde48001122,f9db61ba0bd911eba7f7acde48001122,0.6348,Which country Jessie Harlan Lincoln's father is from?,Where did Ulysses S. Grant Jr.'s father graduate from?,dense,none,0,0,0,1,1,0,0,0,0,1
16ef62f20bde11eba7f7acde48001122,4acc2a100bde11eba7f7acde48001122,0.6345,What nationality is Horace Seymour's father?,What nationality is Pixie Geldof's father?,none,dense+hybrid,0,0,0,1,0,1,0,0,1,0
34a4446e091411ebbdadac1f6bf848b6,ce42f72908b611ebbd88ac1f6bf848b6,0.6345,"Which film was released more recently, A Scream From Silence or Das Spielzeug Von Paris?","Which film has the director who is older, Det Æ'Kke Te Å Tru or Symphony Of Silence?",all,all,1,1,1,1,1,1,1,1,1,1
6c2aa97108d711ebbd9aac1f6bf848b6,4b145f0a0bda11eba7f7acde48001122,0.6343,"Which film has the director born first, Trouble With Jolanthe or Children Of Fortune?",What is the place of birth of the director of film The New Kids?,all,bm25,0,1,1,1,1,0,0,1,0,0
f1a794f20bdc11eba7f7acde48001122,161093c40bde11eba7f7acde48001122,0.6342,What nationality is Lamprocles's father?,What is the place of birth of Kévin Ledanois's father?,dense,all,0,0,1,0,1,1,1,0,1,0
648a5df20baf11ebab90acde48001122,7da6577c0bb011ebab90acde48001122,0.6341,Who is the mother-in-law of Ada Of Scotland?,Who is Queen Inseong's mother-in-law?,dense,all,0,0,1,0,1,1,1,0,1,0
3f2eb0120baf11ebab90acde48001122,899ecc9e0bb011ebab90acde48001122,0.6335,"Who is the father-in-law of Elizabeth Somerset, Baroness Herbert?",Who is the father-in-law of Lady Rose Mclaren?,dense,dense,1,0,0,1,1,1,1,0,0,1
967b39ca0bdd11eba7f7acde48001122,0c0b964c0bdb11eba7f7acde48001122,0.6333,Who is the spouse of the performer of song Ängeln I Rummet?,Who is the spouse of the performer of song Pump-Pump?,none,dense,0,0,0,1,0,1,0,0,0,1
6e3e70200bde11eba7f7acde48001122,ad66091e0bdb11eba7f7acde48001122,0.6329,Which country Dexter Young's mother is from?,What is the place of birth of John F. Kennedy Jr.'s mother?,dense,none,0,0,0,1,1,0,0,0,0,1
28888b78088311ebbd6dac1f6bf848b6,5035f7640bda11eba7f7acde48001122,0.6328,"Which film has the director born later, Abenteuer In Bamsdorf or Never Again As Before?",What is the date of death of the director of film A Girl From The Reeperbahn?,all,dense+hybrid,0,1,0,0,1,1,1,1,1,1
4165dd540bde11eba7f7acde48001122,ab42b5c0085111ebbd58ac1f6bf848b6,0.6325,Where does the director of film All For Love (2012 Film) work at?,"Which film has the director who is older, Shootin' For Love or The Other Life Of Captain Contreras?",none,all,0,0,1,0,0,1,0,0,1,0
b0ac0fc8087b11ebbd68ac1f6bf848b6,90c0142e08a911ebbd80ac1f6bf848b6,0.6323,"Which film has the director who was born later, Henry Goes Arizona or The Blue Collar Worker And The Hairdresser In A Whirl Of Sex And Politics?","Which film has the director who died first, Tex And The Lord Of The Deep or Henry Goes Arizona?",none,dense+hybrid,0,0,0,1,0,1,0,0,1,0
652d8d6608c511ebbd8eac1f6bf848b6,0e967bac08a711ebbd7fac1f6bf848b6,0.6322,"Which film has the director who was born first, Legend Of The Mountain or Three Men To Kill?","Which film has the director died earlier, Island Of Lost Men or Call Of The Jungle?",dense+hybrid,bm25,0,0,1,0,1,0,0,1,0,0
2d907ba60bdc11eba7f7acde48001122,ffc9a84108da11ebbd9cac1f6bf848b6,0.632,What is the place of birth of the director of film Operation Secret?,"Which film has the director who died later, Panam Paduthum Padu or Secret Enemies?",none,dense,0,0,0,1,0,1,0,0,0,1
ea6738c60bd911eba7f7acde48001122,35d462f40bdd11eba7f7acde48001122,0.6317,When was Ellen Roosval Von Hallwyl's mother born?,"What is the place of birth of Frederick, Prince Of Hohenzollern's mother?",all,none,0,1,0,0,1,0,0,1,0,0
b56bf714088311ebbd6dac1f6bf848b6,3132d878087411ebbd67ac1f6bf848b6,0.6316,"Do both films, They Didn'T Know and North Of The Border (Film), have the directors who are from the same country?","Which film has the director who was born earlier, The Rack Pack or Without A Clue?",none,none,1,0,0,1,0,0,1,0,0,1
5b6b8c02089711ebbd77ac1f6bf848b6,d3949a8e08c111ebbd8bac1f6bf848b6,0.6312,"Which film whose director was born first, 45 Fathers or The Intended?","Which film was released earlier, Premium (Film) or Week-End With Father?",all,all,1,1,1,1,1,1,1,1,1,1
b5b63b160bdb11eba7f7acde48001122,eb7ece320bdd11eba7f7acde48001122,0.6312,Where did Gigi Causey's husband graduate from?,Where did Claudio Silva (Computer Scientist)'s wife graduate from?,all,dense+hybrid,0,1,0,0,1,1,1,1,1,1
b7de2a860bd911eba7f7acde48001122,d956416e086711ebbd5eac1f6bf848b6,0.6307,Who is the spouse of the director of film West Of Shanghai?,"Which film has the director who is older than the other, Chinese In Paris or March Of The Penguins? ",dense,none,0,0,0,1,1,0,0,0,0,1
8f2b2975088a11ebbd6fac1f6bf848b6,2de3495a0bda11eba7f7acde48001122,0.6306,Are the directors of films Scuola Di Ladri and Pensione Paura both from the same country?,What is the place of birth of the director of film Samarpane?,dense,all,0,0,1,0,1,1,1,0,1,0
645c9a5a08c311ebbd8dac1f6bf848b6,f3798752088c11ebbd70ac1f6bf848b6,0.6303,"Which film has the director born first, Once A Gentleman or The Girl In White?","Which film has the director died earlier, The Romantic Age or Anything Once?",all,none,0,1,0,0,1,0,0,1,0,0
29bd8c0c0bb011ebab90acde48001122,fc0370920baf11ebab90acde48001122,0.6301,"Who is the paternal grandfather of William De Ferrers, 4Th Earl Of Derby?","Who is the paternal grandmother of Mervyn Tuchet, 4Th Earl Of Castlehaven?",bm25,all,0,1,1,1,0,1,0,0,1,0
437f3b9a0bdd11eba7f7acde48001122,9e68cdc20bd911eba7f7acde48001122,0.6295,What is the place of birth of the performer of song I Wish (Gabrielle Song)?,Who is the mother of the performer of song Feel Good (Robin Thicke Song)?,none,dense+hybrid,0,0,0,1,0,1,0,0,1,0
286321f00bb011ebab90acde48001122,eb18f7ac0baf11ebab90acde48001122,0.6294,"Who is the father of Beltrán Vélez De Guevara, Marquis Of Campo Real?","Who is Sancha Of Castile, Queen Of Aragon's father-in-law?",bm25+hybrid,none,0,1,0,0,0,0,1,1,0,0
95d37580085b11ebbd5cac1f6bf848b6,5aebb9af08c511ebbd8eac1f6bf848b6,0.6293,"Which film has the director who is older than the other, One Down, Two To Go or Andrei Svislotskiy? ","Which film has the director who is older than the other, One Woman To Another or Come On, Rangers? ",none,all,0,0,1,0,0,1,0,0,1,0
1b4bb64608c511ebbd8eac1f6bf848b6,14bdff820bdb11eba7f7acde48001122,0.6292,"Which film has the director who died first, Another Language or Les Tontons Flingueurs?",When was the director of film Slap Her... She'S French born?,none,all,0,0,1,0,0,1,0,0,1,0
9792990e087511ebbd67ac1f6bf848b6,36fc43f808dc11ebbd9cac1f6bf848b6,0.6291,"Which film has the director who died later, September Affair or A Gathering Of Eagles?","Which film has the director who died later, Quiz Whizz or This Is My Affair?",none,dense+hybrid,0,0,0,1,0,1,0,0,1,0
cbf79faa088911ebbd6eac1f6bf848b6,aa14a0ac0bdd11eba7f7acde48001122,0.6291,"Which film has the director born later, Song Of The Open Road or Campaign Of Hate: Russia And Gay Propaganda?",What nationality is the director of film Operation Stadium?,dense+hybrid,none,0,0,0,1,1,0,0,1,0,0
42228c2008cc11ebbd93ac1f6bf848b6,b40073360bdb11eba7f7acde48001122,0.6291,Are the directors of both films Der Blindgänger and Hotel Desire from the same country?,What nationality is the director of film The Mexican Dream?,dense,all,0,0,1,0,1,1,1,0,1,0
23ae34720bda11eba7f7acde48001122,81de6ee80bdc11eba7f7acde48001122,0.6286,Where was the father of Prabhu (Actor) born?,Which country the founder of magazine Prabasi is from?,dense+hybrid,dense+hybrid,1,0,0,1,1,1,1,1,1,1
43eb7b380bde11eba7f7acde48001122,4075e978088911ebbd6eac1f6bf848b6,0.6282,What is the place of birth of the director of film Peter'S Friends?,Do both My Friend From The Park and Punks (Film) films have the directors from the same country?,none,none,1,0,0,1,0,0,1,0,0,1
2b81511c0bde11eba7f7acde48001122,3a0b1fa80bdc11eba7f7acde48001122,0.628,Where did the presenter of Tim Russert (Talk Show) die?,Where was the place of death of the performer of song Northwest Passage (Song)?,none,dense,0,0,0,1,0,1,0,0,0,1
363279db08d011ebbd95ac1f6bf848b6,2fcf02980bdc11eba7f7acde48001122,0.6277,"Which film has the director who was born earlier, It'S A Joke, Son! or The Thirty Nine Steps (1978 Film)?",Which country the director of film West 32Nd is from?,dense+hybrid,all,0,0,1,0,1,1,1,1,1,1
7abc1e3008d511ebbd98ac1f6bf848b6,990341840bdc11eba7f7acde48001122,0.6276,"Which film has the director died earlier, Poker In Bed or The Machine To Kill Bad People?",What nationality is the director of film Gambling Wives?,bm25+hybrid,none,0,1,0,0,0,0,1,1,0,0
231d667c0bda11eba7f7acde48001122,87c2be8808ab11ebbd82ac1f6bf848b6,0.6275,What nationality is the director of film Name The Man?,"Which film has the director who died later, Stolen Identity or Them!?",all,none,0,1,0,0,1,0,0,1,0,0
618527ff089911ebbd77ac1f6bf848b6,f3798752088c11ebbd70ac1f6bf848b6,0.6273,"Which film has the director who died earlier, The Love Charm or The Constant Woman?","Which film has the director died earlier, The Romantic Age or Anything Once?",dense,none,0,0,0,1,1,0,0,0,0,1
0234f1ec0bde11eba7f7acde48001122,5ba83f9a08af11ebbd83ac1f6bf848b6,0.6271,What nationality is Kham Keut's father?,Who was born first out of A. K. M. Nurul Islam and Lajos Kelemen?,none,dense,0,0,0,1,0,1,0,0,0,1
652d7dac0bdc11eba7f7acde48001122,40f3e0ca087111ebbd63ac1f6bf848b6,0.6271,What is the place of birth of the director of film Guilty Of Treason?,"Which film has the producer died earlier, The Criminal (1960 Film) or A Soldier'S Oath?",all,none,0,1,0,0,1,0,0,1,0,0
4039b1be08d511ebbd98ac1f6bf848b6,7eb8d29a08c511ebbd8eac1f6bf848b6,0.627,Do both directors of films Dangerous To Know and Les Côtelettes have the same nationality?,"Do director of film Coteau Rouge and director of film Hochelaga, Land Of Souls share the same nationality?",none,all,0,0,1,0,0,1,0,0,1,0
93bf8b0e088c11ebbd6fac1f6bf848b6,2d5411f20bdc11eba7f7acde48001122,0.627,Do director of film Njaan and director of film Oorummadi Brathukulu share the same nationality?,Where was the director of film Nagarahole (Film) born?,all,all,1,1,1,1,1,1,1,1,1,1
218609020bdc11eba7f7acde48001122,fafcb35d089e11ebbd78ac1f6bf848b6,0.6269,What nationality is the director of film The Beach (Film)?,Are the directors of films A South Sea Bubble and The Young Animals both from the same country?,none,dense,0,0,0,1,0,1,0,0,0,1
a8cbc4c40bdc11eba7f7acde48001122,f41fd752086811ebbd5eac1f6bf848b6,0.6265,Where was the director of film The Half-Way Girl born?,"Which film has the director born earlier, Amityville 3-D or The Soul'S Cycle?",none,dense,0,0,0,1,0,1,0,0,0,1
442f1bf208d411ebbd96ac1f6bf848b6,ac55dcb60bdb11eba7f7acde48001122,0.6259,"Which film has the director who died earlier, Maravil Thirivu Sookshikkuka or The Wild Geese?",Where did the director of film The King Of The Wild Horses die?,none,dense+hybrid,0,0,0,1,0,1,0,0,1,0
4b1b91720bde11eba7f7acde48001122,f6e119300bae11ebab90acde48001122,0.6258,What nationality is Geodeung Of Geumgwan Gaya's mother?,Who is Princess Jeguk's paternal grandmother?,none,none,1,0,0,1,0,0,1,0,0,1
3712624a08dd11ebbd9dac1f6bf848b6,1732aeb80bde11eba7f7acde48001122,0.6254,"Which film has the director who was born first, Ghost-Town Gold or The Musician Killer?",Where was the performer of song Serial Killer (Song) born?,all,dense,0,1,0,0,1,1,1,1,0,0
026b56060bde11eba7f7acde48001122,0c49b61808c811ebbd91ac1f6bf848b6,0.6253,Where did the director of film Border (2018 Film) graduate from?,"Which film has the director who was born first, Going The Distance (2010 Film) or Butterfly'S Tongue?",dense,none,0,0,0,1,1,0,0,0,0,1
befbd60c0bdd11eba7f7acde48001122,142afa360bde11eba7f7acde48001122,0.6252,Where did William S. Burroughs Jr.'s father study?,Where did Davey Boy Smith Jr.'s mother study?,none,all,0,0,1,0,0,1,0,0,1,0
e4e02a240bda11eba7f7acde48001122,eb24752c089011ebbd72ac1f6bf848b6,0.6249,Who is the father of the director of film Wonders Of The Sea 3D?,"Which film has the director who died earlier, In The First Degree or The Sea God?",dense+hybrid,dense+hybrid,1,0,0,1,1,1,1,1,1,1
ea9832140bd911eba7f7acde48001122,94e16743087211ebbd66ac1f6bf848b6,0.6245,What is the place of birth of the director of film The Last Horror Movie?,"Which film has more directors, A Night Of Horror or The Whispering Shadow?",all,all,1,1,1,1,1,1,1,1,1,1
200e7a01087611ebbd67ac1f6bf848b6,e8b086280bdd11eba7f7acde48001122,0.6243,"Which film has the director who was born earlier, Buffet Froid or Lost In Africa?",Which country the director of film Ata Pata Laapata is from?,all,dense,0,1,0,0,1,1,1,1,0,0
cf06000e094611ebbdaeac1f6bf848b6,6a215c4808df11ebbda0ac1f6bf848b6,0.6243,"Which film came out earlier, Out Of The Rain or Les Résultats Du Féminisme?","Which film has the director who was born first, I Come With The Rain or A Question Of Attribution?",all,dense,0,1,0,0,1,1,1,1,0,0
6a37394e0bde11eba7f7acde48001122,f3fb7e0708b411ebbd88ac1f6bf848b6,0.6237,Where was the director of film I'Ll Follow You Down born?,"Which film has the director who was born later, I'Ll Take Sweden or His Majesty, The American?",none,dense,0,0,0,1,0,1,0,0,0,1
57eac88c0bde11eba7f7acde48001122,8bccf6360bdc11eba7f7acde48001122,0.6235,Where was the husband of Lou Henry Hoover born?,What is the place of birth of Danielle Lineker's husband?,none,dense,0,0,0,1,0,1,0,0,0,1
6a215c4808df11ebbda0ac1f6bf848b6,680e2568089d11ebbd78ac1f6bf848b6,0.6235,"Which film has the director who was born first, I Come With The Rain or A Question Of Attribution?","Which film has the director died first, Face In The Rain or Above The Rim?",dense,all,0,0,1,0,1,1,1,0,1,0
450019aa08b111ebbd85ac1f6bf848b6,90bad89e0bdb11eba7f7acde48001122,0.6234,"Which film has the director born later, Under The Lantern or Darling Of The Gods?",What is the place of birth of the director of film Dawn Of Life?,none,none,1,0,0,1,0,0,1,0,0,1
5e60d12e0bda11eba7f7acde48001122,700dfeea0baf11ebab90acde48001122,0.6234,Where was the mother of Antonio Flores born?,Who is Sancho Ramírez's maternal grandfather?,bm25,none,0,1,0,0,0,0,1,0,0,1
772c5c660bb011ebab90acde48001122,08d00bcc0bde11eba7f7acde48001122,0.6224,"Who is George Fitzroy, 1St Duke Of Northumberland's stepmother?","What is the date of death of Fitzroy Somerset, 5Th Baron Raglan's father?",none,all,0,0,1,0,0,1,0,0,1,0
4a9acefe0baf11ebab90acde48001122,c1b9c0ac0bdd11eba7f7acde48001122,0.6223,Who is the uncle of Catherine Allégret?,What is the date of death of Catherine Of Guelders's father?,all,none,0,1,0,0,1,0,0,1,0,0
17ba791a0bde11eba7f7acde48001122,5c7bfec8084d11ebbd56ac1f6bf848b6,0.6222,What nationality is the director of film Top Floor Girl?,"Which film whose director is younger, Appointment With Murder or Big Business Girl?",all,all,1,1,1,1,1,1,1,1,1,1
d88af85e085a11ebbd5cac1f6bf848b6,890017540bdb11eba7f7acde48001122,0.622,"Which film has the director who died first, Everybody'S Hobby or One Sunday Afternoon (1948 Film)?",Who is the spouse of the director of film Days And Hours?,none,dense,0,0,0,1,0,1,0,0,0,1
d977eef20bd911eba7f7acde48001122,2603291a08c111ebbd8bac1f6bf848b6,0.6218,Why did the director of film The Devil'S Playground (1937 Film) die?,"Which film has the director born later, The Devil'S Backbone or Mr. Stitch?",dense,dense,1,0,0,1,1,1,1,0,0,1
eb3d62d608ad11ebbd83ac1f6bf848b6,a7b05294088a11ebbd6fac1f6bf848b6,0.6218,"Do both films, The Wild Frontier (Film) and The Sundowners (1960 Film), have the directors who are from the same country?","Which film has the director who is older, The Gentle Sex or The Searchers?",none,none,1,0,0,1,0,0,1,0,0,1
2fa728f20bde11eba7f7acde48001122,f9a5adb40bdd11eba7f7acde48001122,0.6218,"Where was the husband of Florence Bligh, Countess Of Darnley born?",What is the place of birth of Umade Bhattiyani's husband?,dense,none,0,0,0,1,1,0,0,0,0,1
bbccb00a08c211ebbd8cac1f6bf848b6,1ccc20e00bdc11eba7f7acde48001122,0.6216,Are both directors of films The Slayer (Film) and Moscow Heat from the same country?,Where does the director of film Die Abfahrer work at?,dense,all,0,0,1,0,1,1,1,0,1,0
69a7e9ca08e011ebbda1ac1f6bf848b6,2c43f3d40bde11eba7f7acde48001122,0.6212,"Which film has the director born first, Leave It To Henry or The Last Night Of Scheherazade?",Where did the composer of film Henry V (1944 Film) die?,none,none,1,0,0,1,0,0,1,0,0,1
5d18eb8408e311ebbda4ac1f6bf848b6,4d366f120bda11eba7f7acde48001122,0.621,"Which film has the director who was born first, Hanuman Patal Vijay or Young And Dangerous: The Prequel?",Where was the director of film The Dangerous Talent born?,none,bm25+hybrid,0,0,1,0,0,0,1,0,1,0
30ee74680bde11eba7f7acde48001122,2b9528860bde11eba7f7acde48001122,0.6206,Where was the father of Eleonora Di Garzia Di Toledo born?,Where was the father of Marianus V Of Arborea born?,dense,none,0,0,0,1,1,0,0,0,0,1
5b008f3a08d111ebbd95ac1f6bf848b6,4afe64800bde11eba7f7acde48001122,0.6199,Do both Dreams In A Drawer and Tifosi (Film) films have the directors from the same country?,What nationality is the director of film Tiki Tiki?,dense,dense+hybrid,0,0,0,1,1,1,1,0,1,0
5b44ffb00bda11eba7f7acde48001122,60465ce0085411ebbd59ac1f6bf848b6,0.6198,Where was the director of film Blood Father born?,"Which film has the director who was born earlier, Father And The Boys or Valerie Inside Outside?",none,none,1,0,0,1,0,0,1,0,0,1
da2a12da0bd911eba7f7acde48001122,838692a808b611ebbd88ac1f6bf848b6,0.6196,Where was the director of film The Boxer And Death born?,"Which film has the director who died earlier, The Cruel Truth or The Deadly Companions?",bm25,none,0,1,0,0,0,0,1,0,0,1
671322a00bde11eba7f7acde48001122,db060dfa0bdc11eba7f7acde48001122,0.6195,Where was the place of death of Suzanne Farrington's mother?,Where does B. D. Hyman's mother work at?,none,none,1,0,0,1,0,0,1,0,0,1
1bd49ae00bdd11eba7f7acde48001122,f5648762086711ebbd5eac1f6bf848b6,0.6193,Where was the director of film The Pride Of Jennico (Film) born?,"Which film has the director who was born later, Fugitive Rage or Neapolitan Carousel?",bm25,dense+hybrid,0,1,0,0,0,1,0,0,1,0
7a57c5d2089111ebbd73ac1f6bf848b6,8055aca40bdb11eba7f7acde48001122,0.6189,"Do both films, Dial M For Murder and Marius (1931 Film), have the directors who are from the same country?",Which country the director of film Romanoff And Juliet (1961 Film) is from?,none,none,1,0,0,1,0,0,1,0,0,1
45ad25da08db11ebbd9cac1f6bf848b6,13476e200bdd11eba7f7acde48001122,0.6188,"Which film has the director born earlier, To Walk With Lions or The Grizzlies?",What is the place of birth of the director of film The Blue And White Lion?,bm25+hybrid,dense,0,1,0,0,0,1,0,1,0,0
eec16bb008c011ebbd8aac1f6bf848b6,08bc79d60bde11eba7f7acde48001122,0.6188,"Which film whose director was born first, The Great Flamarion or The Hollars?",Where was the director of film The Hobbit: An Unexpected Journey born?,dense,none,0,0,0,1,1,0,0,0,0,1
ce103d440bd911eba7f7acde48001122,117e6944089b11ebbd78ac1f6bf848b6,0.6186,Where was the director of film Veera Thalattu born?,Do both films: Munnettam and Alex Pandian have the directors from the same country?,dense+hybrid,dense,0,0,0,1,1,1,1,1,0,0
8cb79c16085a11ebbd5cac1f6bf848b6,c289098a0bdc11eba7f7acde48001122,0.6181,"Which film has the director who was born earlier, Red Sparrow or The Flying Liftboy?",What is the place of birth of the director of film My Country'S Wings?,none,bm25,0,0,1,0,0,0,1,0,0,1
59ecc1a908c811ebbd91ac1f6bf848b6,3b88a62a0bdc11eba7f7acde48001122,0.6178,Do both directors of films Sometimes Good and Sweet Sixteen (2002 Film) share the same nationality?,Where was the director of film A Very Moral Night born?,none,bm25+hybrid,0,0,1,0,0,0,1,0,1,0
480b4ea408ba11ebbd88ac1f6bf848b6,429cb2db087611ebbd67ac1f6bf848b6,0.6174,"Which film has the director died later, Excursion Train or Bad Day At Black Rock?","Which film has the director died earlier, The Stolen Airship or Day Of The Badman?",none,dense,0,0,0,1,0,1,0,0,0,1
9c24e2900bdd11eba7f7acde48001122,5407c9d808b711ebbd88ac1f6bf848b6,0.6173,Which country the director of film One Night At Mccool'S is from?,"Which film has the director who is older, Clash By Night or Porn In The Hood?",all,none,0,1,0,0,1,0,0,1,0,0
63d6efd308a911ebbd80ac1f6bf848b6,746a799c0bdb11eba7f7acde48001122,0.617,"Which film has the director born later, La Soif De L'Or or Forelsket I København?",What nationality is the director of film Fúlmine?,all,all,1,1,1,1,1,1,1,1,1,1
d4a23f020bdb11eba7f7acde48001122,1db3dc120bde11eba7f7acde48001122,0.6168,What nationality is Imperial Noble Consort Chunhui's husband?,What nationality is Saw Hnaung Of Sagaing's husband?,dense+hybrid,all,0,0,1,0,1,1,1,1,1,1
3cf8c6e0084c11ebbd56ac1f6bf848b6,677e1ea00bdb11eba7f7acde48001122,0.6168,"Which film has the director who died later, Cooee And The Echo or Sweepings?",Where was the director of film Code Name: The Cleaner born?,dense,all,0,0,1,0,1,1,1,0,1,0
ca79e18308f811ebbdaaac1f6bf848b6,02912df60baf11ebab90acde48001122,0.6167,"Who is older, William Henry Rodes Green or Eleanor Of Lancaster?","Who is Eleanor Of England, Countess Of Leicester's paternal grandmother?",all,all,1,1,1,1,1,1,1,1,1,1
94873b220bd911eba7f7acde48001122,81c9a46c0bb011ebab90acde48001122,0.6166,Where was the mother of Francis Ii Of France born?,"Who did Joan Ramon Ii, Count Of Cardona marry?",none,dense,0,0,0,1,0,1,0,0,0,1
e8d8f7200bdd11eba7f7acde48001122,b5b63b160bdb11eba7f7acde48001122,0.616,Where does Huma Abedin's husband work at?,Where did Gigi Causey's husband graduate from?,none,all,0,0,1,0,0,1,0,0,1,0
cf6f5bbe08cf11ebbd95ac1f6bf848b6,f3798752088c11ebbd70ac1f6bf848b6,0.6153,"Which film whose director is younger, Uncharted Seas or Something Of Value?","Which film has the director died earlier, The Romantic Age or Anything Once?",all,none,0,1,0,0,1,0,0,1,0,0
2d907ba60bdc11eba7f7acde48001122,fa135f6208db11ebbd9cac1f6bf848b6,0.6152,What is the place of birth of the director of film Operation Secret?,"Which film whose director was born first, Weird Woman or Secret Strings?",none,none,1,0,0,1,0,0,1,0,0,1
5b44ffb00bda11eba7f7acde48001122,a399ae6608e011ebbda2ac1f6bf848b6,0.6152,Where was the director of film Blood Father born?,"Are the movies Blood: The Last Vampire (2009 Film) and Jamesy Boy, from the same country?",none,none,1,0,0,1,0,0,1,0,0,1
8cdc97de0bdc11eba7f7acde48001122,81de6ee80bdc11eba7f7acde48001122,0.615,Where was the founder of magazine Track & Field News born?,Which country the founder of magazine Prabasi is from?,none,dense+hybrid,0,0,0,1,0,1,0,0,1,0
3a47b9960bdb11eba7f7acde48001122,b7c97390089e11ebbd78ac1f6bf848b6,0.6148,Where was the place of burial of the director of film Fear And Trembling (Film)?,"Which film has the director who died later, The World Gone Mad or The Raft Of The Dead?",none,bm25+hybrid,0,0,1,0,0,0,1,0,1,0
17ba791a0bde11eba7f7acde48001122,90934fd908dc11ebbd9cac1f6bf848b6,0.6142,What nationality is the director of film Top Floor Girl?,"Which film whose director is younger, Kiladigalu or He'S My Girl?",all,dense+hybrid,0,1,0,0,1,1,1,1,1,1
8ac9de5608e011ebbda1ac1f6bf848b6,49eb87280bdc11eba7f7acde48001122,0.6141,"Which film has the director born first, Stella'S Oorlog or Don Juan In A Girls' School?",Where did the director of film Don Juan (1922 Film) die?,all,all,1,1,1,1,1,1,1,1,1,1
218609020bdc11eba7f7acde48001122,2013abd5087a11ebbd67ac1f6bf848b6,0.6139,What nationality is the director of film The Beach (Film)?,"Which film has the director born later, A Little Like Drowning or That Woman?",none,dense+hybrid,0,0,0,1,0,1,0,0,1,0
a08505d20bdc11eba7f7acde48001122,ca4b497d08c511ebbd8fac1f6bf848b6,0.6138,Who is the father of the director of film Red 2 (Film)?,"Which film has the director who was born earlier, Circus Beely or Tom, Dick And Harry 2?",none,none,1,0,0,1,0,0,1,0,0,1
22457b2c0bda11eba7f7acde48001122,9d3c3b060bdd11eba7f7acde48001122,0.6135,"Where was the father of George Howard, 4Th Earl Of Suffolk born?","Which country Æthelwald, Ealdorman Of East Anglia's wife is from?",dense,dense,1,0,0,1,1,1,1,0,0,1
e07a39e80bda11eba7f7acde48001122,d627e23a0bdd11eba7f7acde48001122,0.6133,What is the place of birth of Clodia Pulchra (Wife Of Octavian)'s mother?,What is the place of birth of Claudia Augusta's mother?,dense+hybrid,none,0,0,0,1,1,0,0,1,0,0
5674c972095311ebbdaeac1f6bf848b6,287d2e98087111ebbd63ac1f6bf848b6,0.6133,"Which film was released earlier, Amelie Or The Time To Love or Beginners?","Which film has the director born later, Time Out For Romance or For The Love Of An Enemy?",all,all,1,1,1,1,1,1,1,1,1,1
3cbd107e0bde11eba7f7acde48001122,077b294e0bdb11eba7f7acde48001122,0.6132,What is the place of birth of the performer of song Who...?,What is the place of birth of the creator of Miss Seventeen?,dense,none,0,0,0,1,1,0,0,0,0,1
4572eff008b311ebbd86ac1f6bf848b6,4d366f120bda11eba7f7acde48001122,0.6131,"Which film has the director who died earlier, The Third Visitor or The Dangerous Dude?",Where was the director of film The Dangerous Talent born?,dense+hybrid,bm25+hybrid,0,0,1,0,1,0,0,1,1,1
3e4d9e0a0bb011ebab90acde48001122,f6e119300bae11ebab90acde48001122,0.6129,Who is Keanolani's aunt?,Who is Princess Jeguk's paternal grandmother?,none,none,1,0,0,1,0,0,1,0,0,1
5c0c69f80bdd11eba7f7acde48001122,f5855305089211ebbd74ac1f6bf848b6,0.6127,What is the place of birth of the director of film Letter To The King?,"Which film has the director who is older, King Of The Zombies or Mon Oncle Benjamin?",dense,none,0,0,0,1,1,0,0,0,0,1
a6651e4c089e11ebbd78ac1f6bf848b6,48137038087a11ebbd67ac1f6bf848b6,0.6126,"Did the movies Afraid Of The Dark and Smiley (2012 Film), originate from the same country?","Did the movies The Bond Boy and Mad Dogs And Englishmen (Film), originate from the same country?",all,all,1,1,1,1,1,1,1,1,1,1
828b1390093511ebbdaeac1f6bf848b6,6b62ba5a0bde11eba7f7acde48001122,0.6125,"Which film was released more recently, Behind Locked Doors or Crossing Delancey?",Which country the director of film Secrets Of A Door-To-Door Salesman is from?,all,all,1,1,1,1,1,1,1,1,1,1
7fc10b4c087211ebbd66ac1f6bf848b6,6b62ba5a0bde11eba7f7acde48001122,0.6125,"Which film has the director who was born later, Meraa Dost Meraa Dushman or Miles From Home?",Which country the director of film Secrets Of A Door-To-Door Salesman is from?,none,all,0,0,1,0,0,1,0,0,1,0
95f1b1b6087511ebbd67ac1f6bf848b6,a35ad99a08c011ebbd8aac1f6bf848b6,0.6124,"Which film whose director is younger, A Night'S Adventure or Insaciable?","Which film whose director is younger, The Spirit Of The Usa or Sesión Continua?",dense+hybrid,dense,0,0,0,1,1,1,1,1,0,0
184e352008db11ebbd9cac1f6bf848b6,11963eee0bb011ebab90acde48001122,0.612,"Which film has the director who is older, The Boy Turns Man or A Strange Adventure?",Who is the paternal grandfather of Guy Le Strange?,none,dense,0,0,0,1,0,1,0,0,0,1
bc69662a0bdd11eba7f7acde48001122,ec0867d508e311ebbda4ac1f6bf848b6,0.6117,Where was the director of film The Love Captive born?,"Which film has the director born later, Escape From The 'Liberty' Cinema or The Man From Tia Juana?",none,none,1,0,0,1,0,0,1,0,0,1
f6f9fbdc0bd911eba7f7acde48001122,f9faf2ee08a211ebbd7bac1f6bf848b6,0.6117,What nationality is the director of film Vortex (1976 Film)?,"Which film whose director was born first, The Snake Brothers or Olympus Has Fallen?",dense+hybrid,bm25,0,0,1,0,1,0,0,1,0,0
f64be57a0bdd11eba7f7acde48001122,abaa3fca08e611ebbda5ac1f6bf848b6,0.6116,What is the date of death of the director of film Escándalo De Estrellas?,"Which film has the director died earlier, Cuando En El Cielo Pasen Lista or The Killer Likes Candy?",dense+hybrid,none,0,0,0,1,1,0,0,1,0,0
f37e7ae0088d11ebbd70ac1f6bf848b6,990341840bdc11eba7f7acde48001122,0.6113,"Which film has the director who was born earlier, The Affairs Of Martha or The Football Lottery?",What nationality is the director of film Gambling Wives?,bm25,none,0,1,0,0,0,0,1,0,0,1
b40073360bdb11eba7f7acde48001122,a0027b6e087e11ebbd6bac1f6bf848b6,0.6112,What nationality is the director of film The Mexican Dream?,"Which film has the director born earlier, Comedy! or Ven Mi Corazón Te Llama?",all,hybrid,0,1,0,0,1,0,0,1,1,1
12f91576089111ebbd72ac1f6bf848b6,7b3bcff60bda11eba7f7acde48001122,0.6109,"Which film has the director died later, All The Sins Of The Earth or Women In The Wind?",What is the place of birth of the director of film Winds Of The Pampas?,none,all,0,0,1,0,0,1,0,0,1,0
5bec3cd408a711ebbd7fac1f6bf848b6,69b5d9640bdc11eba7f7acde48001122,0.6106,"Which film has the director who died earlier, Il Seduttore or The Trial Of Joan Of Arc?",Where was the place of death of the director of film Fight Of The Tertia (1952 Film)?,none,dense,0,0,0,1,0,1,0,0,0,1
c3c76b780bd911eba7f7acde48001122,a91c363708e711ebbda6ac1f6bf848b6,0.6098,When was the director of film Reykjavík-Rotterdam born?,"Which film has the director who was born later, Maneater Of Hydra or The Fighting Seabees?",all,dense+hybrid,0,1,0,0,1,1,1,1,1,1
3a2ab74c087f11ebbd6bac1f6bf848b6,c8ecc2800bdc11eba7f7acde48001122,0.6097,"Which film has the director died later, Just Like A Woman (1939 Film) or Madigan'S Millions?","Where was the place of death of the director of film A Man, A Woman, And A Bank?",none,none,1,0,0,1,0,0,1,0,0,1
3f0eaa5e089611ebbd76ac1f6bf848b6,1c0a565008c711ebbd91ac1f6bf848b6,0.6086,"Which film has the director who is older, This Love Of Ours or The Red Siren?","Which film has the director born earlier, Step Into Liquid or Seasons Of Our Love?",none,dense,0,0,0,1,0,1,0,0,0,1
9b2ccd4e088b11ebbd6fac1f6bf848b6,35e09904086b11ebbd5fac1f6bf848b6,0.608,"Which film has the director who died first, The Crime Doctor'S Courage or Vasantha Sena (1967 Film)?","Which film has the director born earlier, I Learned It From Father or Sengottai Singam?",bm25+hybrid,none,0,1,0,0,0,0,1,1,0,0
7f98e4a2086311ebbd5eac1f6bf848b6,e710322e089911ebbd77ac1f6bf848b6,0.6077,"Which film has the director died later, Marriage In Name Only or Mille Chilometri Al Minuto!?",Do director of film Just Married (1934 Film) and director of film The Thirteenth Commandment share the same nationality?,all,none,0,1,0,0,1,0,0,1,0,0
f86dd5180bdb11eba7f7acde48001122,bf880fd808b711ebbd88ac1f6bf848b6,0.607,What is the place of birth of the director of film Aurora (2018 Film)?,"Which film has the director who died later, The Monkey Talks or Varakatnam?",none,dense,0,0,0,1,0,1,0,0,0,1
d61d801e0bd911eba7f7acde48001122,e3d870e2085511ebbd59ac1f6bf848b6,0.6065,Who is the father of the director of film Little Joe (Film)?,"Which film has the director died later, Make Way For Tomorrow or Stay Away, Joe?",none,none,1,0,0,1,0,0,1,0,0,1
f86dd5180bdb11eba7f7acde48001122,f48d0344088c11ebbd70ac1f6bf848b6,0.6059,What is the place of birth of the director of film Aurora (2018 Film)?,"Which film has the director who was born later, He Knows You'Re Alone or The Twilight Saga: Breaking Dawn – Part 2?",none,none,1,0,0,1,0,0,1,0,0,1
a08505d20bdc11eba7f7acde48001122,422bf7bc087011ebbd62ac1f6bf848b6,0.6059,Who is the father of the director of film Red 2 (Film)?,"Which film has the director who was born first, Bhavesh Joshi Superhero or Hellboy Ii: The Golden Army?",none,none,1,0,0,1,0,0,1,0,0,1
086e57720bdb11eba7f7acde48001122,ba4e87c60bdd11eba7f7acde48001122,0.6058,What nationality is Julia Parker (Astrologer)'s husband?,Where was the husband of Katherine De Stafford born?,all,none,0,1,0,0,1,0,0,1,0,0
db787f5c0bdc11eba7f7acde48001122,f5b3194a08da11ebbd9cac1f6bf848b6,0.6054,What nationality is the director of film Detachment (Film)?,"Which film has the director died earlier, Miracle Of Marcelino or The Accompanist?",dense+hybrid,bm25,0,0,1,0,1,0,0,1,0,0
ae85fcce089411ebbd75ac1f6bf848b6,f5648762086711ebbd5eac1f6bf848b6,0.6053,"Which film has the director born earlier, Santa Fe Uprising or Trainer And Temptress?","Which film has the director who was born later, Fugitive Rage or Neapolitan Carousel?",dense,dense+hybrid,0,0,0,1,1,1,1,0,1,0
4d982dc308c111ebbd8bac1f6bf848b6,76526054085b11ebbd5cac1f6bf848b6,0.6052,"Which film has the director died earlier, Condemned Women or Faces In The Dark?","Which film whose director is younger, The Condemned or Mr. Chedworth Steps Out?",dense+hybrid,none,0,0,0,1,1,0,0,1,0,0
da2a12da0bd911eba7f7acde48001122,82cf1051087111ebbd63ac1f6bf848b6,0.6049,Where was the director of film The Boxer And Death born?,"Which film has the director who died earlier, The Moment To Kill or Harrison And Barrison?",bm25,none,0,1,0,0,0,0,1,0,0,1
68de4616088a11ebbd6fac1f6bf848b6,ec1c9a2a0bda11eba7f7acde48001122,0.6045,"Which film has the director who died later, Say It With Flowers or Boot Hill Bandits?",Where was the place of death of the director of film Hitch Hike Lady?,dense,none,0,0,0,1,1,0,0,0,0,1
9a1b06b60bdb11eba7f7acde48001122,c7f9e65408bd11ebbd8aac1f6bf848b6,0.6044,Where does the director of film Podokkhep work at?,"Which film has the director who was born first, La Môme Vert-De-Gris or The Pod People?",all,none,0,1,0,0,1,0,0,1,0,0
583d12bc096b11ebbdafac1f6bf848b6,602729aa0bde11eba7f7acde48001122,0.6041,"Which film was released first, Assault On Dome 4 or The Battle Of The Rails?",Where was the director of film Rocket Attack U.S.A. born?,all,all,1,1,1,1,1,1,1,1,1,1
8c26eb3b087f11ebbd6cac1f6bf848b6,29edeea4084c11ebbd56ac1f6bf848b6,0.6038,Who was born first out of Alexey Volkonsky and Wanderley Oliveira?,Who was born first out of Overill Dwyer-Brown and Dragan Načevski?,all,all,1,1,1,1,1,1,1,1,1,1
ad9a2b6e085111ebbd58ac1f6bf848b6,e2ec9eea0bdb11eba7f7acde48001122,0.6035,"Which film has the director born first, Betrayal From The East or The Magnificent Beast?",What is the place of birth of the director of film The Admirer?,dense+hybrid,none,0,0,0,1,1,0,0,1,0,0
1f77cec108ad11ebbd83ac1f6bf848b6,7e6cb4f80bdd11eba7f7acde48001122,0.6033,"Which film has the director born later, Cyclone Of The Saddle or Blind Corner?",What is the place of birth of the director of film Head Against The Wall?,dense,bm25,0,0,1,0,1,0,0,0,0,1
afc6b59708b611ebbd88ac1f6bf848b6,ad9a2b6e085111ebbd58ac1f6bf848b6,0.6029,"Which film has the director born earlier, Main Tera Hero or Betrayed Women?","Which film has the director born first, Betrayal From The East or The Magnificent Beast?",none,dense+hybrid,0,0,0,1,0,1,0,0,1,0
38338e8f08e111ebbda2ac1f6bf848b6,4b443b0e0bde11eba7f7acde48001122,0.6024,"Which film has the director died earlier, Black Belly Of The Tarantula or Devil On Deck?",What is the place of birth of the director of film The Naked Island?,dense+hybrid,none,0,0,0,1,1,0,0,1,0,0
bc69662a0bdd11eba7f7acde48001122,5b8ff9cc08d111ebbd95ac1f6bf848b6,0.6023,Where was the director of film The Love Captive born?,"Which film was released earlier, The Pride And The Passion or Lamhe?",none,dense+hybrid,0,0,0,1,0,1,0,0,1,0
fbf191f3086611ebbd5eac1f6bf848b6,d61d801e0bd911eba7f7acde48001122,0.6021,"Which film has the director who died later, Good Morning, Little Countess or Vogue La Galère?",Who is the father of the director of film Little Joe (Film)?,dense,none,0,0,0,1,1,0,0,0,0,1
6be622f3089411ebbd75ac1f6bf848b6,4b145f0a0bda11eba7f7acde48001122,0.6018,"Which film whose director is younger, Maine Pyaar Kyun Kiya? or Children Of The Streets?",What is the place of birth of the director of film The New Kids?,none,bm25,0,0,1,0,0,0,1,0,0,1
f88912f008da11ebbd9cac1f6bf848b6,2de3495a0bda11eba7f7acde48001122,0.6011,"Which film has the director died earlier, John Jaffer Janardhanan or Kamakalawa?",What is the place of birth of the director of film Samarpane?,none,all,0,0,1,0,0,1,0,0,1,0
36576698096b11ebbdafac1f6bf848b6,8055aca40bdb11eba7f7acde48001122,0.6008,"Which film was released more recently, In The Country Of Juliets or Requiem For A Dream?",Which country the director of film Romanoff And Juliet (1961 Film) is from?,all,none,0,1,0,0,1,0,0,1,0,0
f64be57a0bdd11eba7f7acde48001122,12230e8b08b511ebbd88ac1f6bf848b6,0.6006,What is the date of death of the director of film Escándalo De Estrellas?,"Which film has the director who died first, Deported Women Of The Ss Special Section or Custodio De Señoras?",dense+hybrid,dense+hybrid,1,0,0,1,1,1,1,1,1,1
5e9a065e088f11ebbd72ac1f6bf848b6,ce103d440bd911eba7f7acde48001122,0.6002,"Which film has the director who was born earlier, Thalapathi or Pour La Peau D'Un Flic?",Where was the director of film Veera Thalattu born?,none,dense+hybrid,0,0,0,1,0,1,0,0,1,0
e0797e3c08f511ebbdaaac1f6bf848b6,122f7ba408a411ebbd7cac1f6bf848b6,0.6001,"Which film came out earlier, Desam or The Legend Of Paul And Paula?","Which film has the director born later, Ada Apa Dengan Cinta? or Adam & Paul?",all,none,0,1,0,0,1,0,0,1,0,0
f014a1e80bdc11eba7f7acde48001122,b6be6890084e11ebbd56ac1f6bf848b6,0.5996,What is the place of birth of the director of film The Merry Wives?,Do both films: Utopia (1983 Film) and The Lawless Nineties have the directors from the same country?,none,dense,0,0,0,1,0,1,0,0,0,1
b40073360bdb11eba7f7acde48001122,72b6fb5a08ae11ebbd83ac1f6bf848b6,0.5992,What nationality is the director of film The Mexican Dream?,"Which film has the director who was born first, The Latin Immigrant or Racing Lady?",all,dense+hybrid,0,1,0,0,1,1,1,1,1,1
4b3014b809b411ebbdb0ac1f6bf848b6,6b8d5a5409b911ebbdb0ac1f6bf848b6,0.5989,"Are both mountains, Kunturwasa and Yerupaja Chico, located in the same country?","Are both mountains, Yana Urqu (Q'Umirqucha) and Puka Rumi, located in the same country?",dense+hybrid,dense+hybrid,1,0,0,1,1,1,1,1,1,1
5db7e2d80bdc11eba7f7acde48001122,0ebf83cc08b511ebbd88ac1f6bf848b6,0.5988,"What is the place of birth of the director of film I Love, You Love?","Which film has the director born later, Feel My Pulse or Panique?",bm25+hybrid,dense+hybrid,0,1,0,0,0,1,0,1,1,1
5b6fc7880bdd11eba7f7acde48001122,25beed3a08e011ebbda1ac1f6bf848b6,0.5986,Who is the spouse of the director of film Min Kone Er Uskyldig?,"Which film has the director who died earlier, Moonlight And Pretzels or Husmandstøsen?",dense+hybrid,dense+hybrid,1,0,0,1,1,1,1,1,1,1
140fbeda08c611ebbd90ac1f6bf848b6,c933c15308c711ebbd91ac1f6bf848b6,0.5986,"Which film has the director died first, Two For Tonight or Light Over Russia?","Which film has the director who is older than the other, Judy Berlin or Tonight At Twelve? ",bm25+dense,none,0,1,0,0,1,0,0,0,0,1
8cd3fe6c0baf11ebab90acde48001122,c5ae29fc0bdb11eba7f7acde48001122,0.5984,Who is Colgú Mac Faílbe Flaind's uncle?,Where was the father of Nigel De Brus born?,dense+hybrid,dense,0,0,0,1,1,1,1,1,0,0
f1145dc6084f11ebbd56ac1f6bf848b6,ce4f63cc0bdc11eba7f7acde48001122,0.5984,"Which film has the director who is older, The Gamecock (Film) or Monster A Go-Go?",Where did the director of film Ręce Do Góry study?,dense,none,0,0,0,1,1,0,0,0,0,1
0f696858088111ebbd6dac1f6bf848b6,3516966008af11ebbd83ac1f6bf848b6,0.5982,"Which film has the director who is older, Villa!! or Sons Of Ingmar?","Which film has the director born earlier, The Story Of Anastasia or A Mother Of Men?",dense+hybrid,none,0,0,0,1,1,0,0,1,0,0
63d6efd308a911ebbd80ac1f6bf848b6,00fe8ebc08e311ebbda4ac1f6bf848b6,0.5981,"Which film has the director born later, La Soif De L'Or or Forelsket I København?","Which film has the director who was born first, Cross Of Love or Ljuvlig Är Sommarnatten?",all,dense,0,1,0,0,1,1,1,1,0,0
184d5d440bb011ebab90acde48001122,16e7a8480bdc11eba7f7acde48001122,0.5977,Who is Alexandra Of Lithuania's father-in-law?,Where was the husband of Evfrosinia Staritskaia born?,none,none,1,0,0,1,0,0,1,0,0,1
9397dcc008dd11ebbd9dac1f6bf848b6,b036ead80bda11eba7f7acde48001122,0.5974,"Which film has the director who is older, Johnny Concho or One Minute To Twelve?",What is the place of birth of the director of film Time Raiders?,dense+hybrid,bm25+hybrid,0,0,1,0,1,0,0,1,1,1
825e009e088111ebbd6dac1f6bf848b6,e0906daa098011ebbdb0ac1f6bf848b6,0.5974,"Which film whose director was born first, Gangster'S Boy or Torno A Vivere Da Solo?","Which film was released earlier, Son Contento or Tadbir?",dense+hybrid,all,0,0,1,0,1,1,1,1,1,1
59054cad08b311ebbd86ac1f6bf848b6,6ea8eab8090111ebbdadac1f6bf848b6,0.5973,Do both films Happiness Of Three Women and Percy (1925 Film) have the directors from the same country?,Are The Pursuit Of Happiness (1934 Film) and East Lynne (1931 Film) from the same country?,dense,all,0,0,1,0,1,1,1,0,1,0
652d8d6608c511ebbd8eac1f6bf848b6,01a24f1408bd11ebbd89ac1f6bf848b6,0.5973,"Which film has the director who was born first, Legend Of The Mountain or Three Men To Kill?","Which film was released first, The Legend Of Frosty The Snowman or Miles Of Fire?",dense+hybrid,none,0,0,0,1,1,0,0,1,0,0
ca4b497d08c511ebbd8fac1f6bf848b6,bf9d9ad008a611ebbd7fac1f6bf848b6,0.5965,"Which film has the director who was born earlier, Circus Beely or Tom, Dick And Harry 2?",Do director of film Jerry And Tom and director of film Kansas City Princess share the same nationality?,none,dense,0,0,0,1,0,1,0,0,0,1
203b441208db11ebbd9cac1f6bf848b6,71ce6e19086711ebbd5eac1f6bf848b6,0.5965,Are the directors of films The Swordsman (Upcoming Film) and Shopworn both from the same country?,"Which film whose director was born first, Sword Of The Empire or Seven Guns For Timothy?",none,all,0,0,1,0,0,1,0,0,1,0
231d667c0bda11eba7f7acde48001122,096205a508f711ebbdaaac1f6bf848b6,0.5965,What nationality is the director of film Name The Man?,"Which film was released more recently, The Master Man or Ashokavanam?",all,all,1,1,1,1,1,1,1,1,1,1
39240f9a08b811ebbd88ac1f6bf848b6,a16158840bdc11eba7f7acde48001122,0.5959,"Which film has the director died first, Let'S Live Again or Kummatty?",Where was the place of death of the director of film A Mother'S Heart?,hybrid,none,0,0,0,1,0,0,1,1,0,0
1d890623088711ebbd6dac1f6bf848b6,ec1c9a2a0bda11eba7f7acde48001122,0.5957,"Which film has the director who died earlier, Tangled Destinies or The Daltons' Women?",Where was the place of death of the director of film Hitch Hike Lady?,dense,none,0,0,0,1,1,0,0,0,0,1
28b6cbf808d511ebbd98ac1f6bf848b6,36fc43f808dc11ebbd9cac1f6bf848b6,0.5956,"Which film has the director who is older, Divorce In Montevideo or The Western Whirlwind?","Which film has the director who died later, Quiz Whizz or This Is My Affair?",dense+hybrid,dense+hybrid,1,0,0,1,1,1,1,1,1,1
9e6d7bdc08a111ebbd79ac1f6bf848b6,218609020bdc11eba7f7acde48001122,0.5954,"Which film has the director born earlier, The House By The Cemetery or Charlie Chan In Honolulu?",What nationality is the director of film The Beach (Film)?,bm25,none,0,1,0,0,0,0,1,0,0,1
1ccc20e00bdc11eba7f7acde48001122,4d2f930608c711ebbd91ac1f6bf848b6,0.5948,Where does the director of film Die Abfahrer work at?,"Which film whose director is younger, Daar Doer In Die Bosveld or Return Of Halleluja?",all,dense+hybrid,0,1,0,0,1,1,1,1,1,1
bf06c94208a711ebbd7fac1f6bf848b6,08bc79d60bde11eba7f7acde48001122,0.5945,Are the directors of films The Edifying And Joyous Story Of Colinot and Cold Moon both from the same country?,Where was the director of film The Hobbit: An Unexpected Journey born?,none,none,1,0,0,1,0,0,1,0,0,1
3f857208086c11ebbd61ac1f6bf848b6,ab69635e089811ebbd77ac1f6bf848b6,0.5943,"Which film has the director born first, The Raven'S Dance or Keïta! L'Héritage Du Griot?",Do director of film Born American and director of film The White Raven (1998 Film) share the same nationality?,none,none,1,0,0,1,0,0,1,0,0,1
4c61cd2c088111ebbd6dac1f6bf848b6,1bd49ae00bdd11eba7f7acde48001122,0.5943,"Which film has the director who was born first, The Ballad Of Gregorio Cortez or Naiyya?",Where was the director of film The Pride Of Jennico (Film) born?,none,bm25,0,0,1,0,0,0,1,0,0,1
ce4f63cc0bdc11eba7f7acde48001122,1322f0ed086b11ebbd5fac1f6bf848b6,0.5941,Where did the director of film Ręce Do Góry study?,"Which film has the director died later, Five Deadly Venoms or Asthram?",none,none,1,0,0,1,0,0,1,0,0,1
de7c73480bdc11eba7f7acde48001122,47cc27fa08bb11ebbd88ac1f6bf848b6,0.594,What is the place of birth of the director of film Venus Makes Trouble?,Who was born first out of Catherine Picard and Art Dorrington?,none,all,0,0,1,0,0,1,0,0,1,0
e3385f6c084b11ebbd56ac1f6bf848b6,12f91576089111ebbd72ac1f6bf848b6,0.5939,"Which film has the director who is older, The Woman In The Fifth or End Of Winter?","Which film has the director died later, All The Sins Of The Earth or Women In The Wind?",none,none,1,0,0,1,0,0,1,0,0,1
ec1c9a2a0bda11eba7f7acde48001122,61276448089411ebbd75ac1f6bf848b6,0.5938,Where was the place of death of the director of film Hitch Hike Lady?,"Which film has the director died later, Taming Sutton'S Gal or Struggle For Eagle Peak?",none,bm25+hybrid,0,0,1,0,0,0,1,0,1,0
ce5bfc90086c11ebbd61ac1f6bf848b6,ccf4967c0bdd11eba7f7acde48001122,0.5938,Do both films: Gammat Jammat and Ready (2011 Film) have the directors from the same country?,Which country the director of film Downloaded (Film) is from?,none,dense+hybrid,0,0,0,1,0,1,0,0,1,0
b6e4474808a311ebbd7bac1f6bf848b6,1813515b089311ebbd74ac1f6bf848b6,0.5938,"Which film has the director born later, Tell It To The Bees or House Of The Black Death?","Which film has the director who died later, Bloody Moon or The House Of Pulcini?",dense,dense,1,0,0,1,1,1,1,0,0,1
7d569b9108ab11ebbd82ac1f6bf848b6,5991f99608a511ebbd7dac1f6bf848b6,0.5934,"Who was born first, Emmanuel Goffi or Mariano Pasini?",Was Lupe Anguiano or Philippe Close born first?,all,all,1,1,1,1,1,1,1,1,1,1
71a137c6084a11ebbd56ac1f6bf848b6,af356f7a0bd911eba7f7acde48001122,0.593,"Are the movies Amy (2015 Film) and Manhattan Angel, from the same country?",Which award the director of film Angel Square won?,all,none,0,1,0,0,1,0,0,1,0,0
5e075efe095811ebbdaeac1f6bf848b6,130f271e088511ebbd6dac1f6bf848b6,0.5928,"Are the movies Seeing Red (1992 Film) and Wind From The Icy Country, from the same country?","Do both films, The Russians Are Coming, The Russians Are Coming and Our Loved Ones, have the directors who are from the same country?",all,none,0,1,0,0,1,0,0,1,0,0
b9329b0b08ce11ebbd94ac1f6bf848b6,890017540bdb11eba7f7acde48001122,0.5927,"Which film has the director born later, Gene Autry And The Mounties or Sunday'S Illness?",Who is the spouse of the director of film Days And Hours?,none,dense,0,0,0,1,0,1,0,0,0,1
5db7e2d80bdc11eba7f7acde48001122,7c9b42c8088311ebbd6dac1f6bf848b6,0.5927,"What is the place of birth of the director of film I Love, You Love?","Which film has the director born earlier, The Belle Of Broadway or Count Varenne'S Lover?",bm25+hybrid,none,0,1,0,0,0,0,1,1,0,0
f12995e108ab11ebbd82ac1f6bf848b6,f6f9fbdc0bd911eba7f7acde48001122,0.5927,"Which film has the director who was born later, The Daughter Of Rosie O'Grady or The Whistle (Film)?",What nationality is the director of film Vortex (1976 Film)?,dense+hybrid,dense+hybrid,1,0,0,1,1,1,1,1,1,1
7de9188c088b11ebbd6fac1f6bf848b6,c3c76b780bd911eba7f7acde48001122,0.5926,"Which film has the director who died earlier, Toen 'T Licht Verdween or Boum Sur Paris?",When was the director of film Reykjavík-Rotterdam born?,dense+hybrid,all,0,0,1,0,1,1,1,1,1,1
0bbded440bda11eba7f7acde48001122,ed27bca208ac11ebbd83ac1f6bf848b6,0.5926,Which country the director of film Daadagiri is from?,"Which film has the director died first, Resan Till Dej or Rocking Moon?",dense,dense,1,0,0,1,1,1,1,0,0,1
5c0c69f80bdd11eba7f7acde48001122,38cc331e087311ebbd66ac1f6bf848b6,0.5926,What is the place of birth of the director of film Letter To The King?,"Which film whose director was born first, Del Cuplé Al Tango or Kings And Queen?",dense,all,0,0,1,0,1,1,1,0,1,0
8055aca40bdb11eba7f7acde48001122,7c7bf2d308c011ebbd8aac1f6bf848b6,0.5924,Which country the director of film Romanoff And Juliet (1961 Film) is from?,"Which film has the director who died earlier, Notes On The Port Of St. Francis or De Luxe Annie?",none,dense,0,0,0,1,0,1,0,0,0,1
b40073360bdb11eba7f7acde48001122,d6003284088e11ebbd70ac1f6bf848b6,0.5907,What nationality is the director of film The Mexican Dream?,"Which film was released first, The Pirate'S Dream or Prem Mhanje Prem Mhanje Prem Asta?",all,all,1,1,1,1,1,1,1,1,1,1
43c8e38e0bde11eba7f7acde48001122,66f6f0e60baf11ebab90acde48001122,0.5905,Who is the mother of the founder of university Libera Università Internazionale Degli Studi Sociali Guido Carli?,Who is Alberic Ii Of Spoleto's maternal grandmother?,none,none,1,0,0,1,0,0,1,0,0,1
0856e5d4085b11ebbd5cac1f6bf848b6,8792c6b40bdb11eba7f7acde48001122,0.5903,"Which film has the director born later, Diary Of A Maniac or Return Of The Hero?",Where was the director of film Medal Of Honor (Film) born?,dense+hybrid,none,0,0,0,1,1,0,0,1,0,0
12c631c1088b11ebbd6fac1f6bf848b6,94f3674008da11ebbd9cac1f6bf848b6,0.5903,"Which film has the director who was born earlier, Retalhos Da Vida De Um Médico or The Shooting?","Which film has the director who died first, The Amsterdam Kill or A Boy From Calabria?",dense+hybrid,dense,0,0,0,1,1,1,1,1,0,0
de7c73480bdc11eba7f7acde48001122,6e963cec088211ebbd6dac1f6bf848b6,0.5902,What is the place of birth of the director of film Venus Makes Trouble?,"Which film has the director who was born earlier, Poslíček Lásky or John Meade'S Woman?",none,bm25,0,0,1,0,0,0,1,0,0,1
f7ed995308d611ebbd99ac1f6bf848b6,c42bcfc0084911ebbd55ac1f6bf848b6,0.5902,"Are the movies On A Clear Day You Can See Forever (Film) and Education Of A Prince, from the same country?",Are the directors of both films I Can'T Marry Them All and Come To The Stable from the same country?,all,none,0,1,0,0,1,0,0,1,0,0
5674c972095311ebbdaeac1f6bf848b6,1543dc18088111ebbd6dac1f6bf848b6,0.5899,"Which film was released earlier, Amelie Or The Time To Love or Beginners?","Which film has the director born later, Miss Sloane or Time Changer?",all,all,1,1,1,1,1,1,1,1,1,1
43eb7b380bde11eba7f7acde48001122,2a234d2d089911ebbd77ac1f6bf848b6,0.5899,What is the place of birth of the director of film Peter'S Friends?,Who was born first out of Johan Bardoul and Peter Seton Hay?,none,dense,0,0,0,1,0,1,0,0,0,1
ec8167b208a011ebbd78ac1f6bf848b6,1822cbb4089111ebbd72ac1f6bf848b6,0.5898,"Which film has the director born first, La Mazurka Del Barone, Della Santa E Del Fico Fiorone or Safe (2012 Film)?","Which film has the director born earlier, The Newest Pledge or Más Allá De La Aventura?",hybrid,dense,0,0,0,1,0,1,0,1,0,0
f2287f32089311ebbd75ac1f6bf848b6,da2a12da0bd911eba7f7acde48001122,0.5896,"Which film has the director who died first, The Boss And The Worker or Claire'S Knee?",Where was the director of film The Boxer And Death born?,all,bm25,0,1,1,1,1,0,0,1,0,0
c077f89508e711ebbda6ac1f6bf848b6,af7c73c80bdb11eba7f7acde48001122,0.5896,"Which film came out first, Poznań '56 or The Last Day Of School Before Christmas?",Where did the director of film Polish-Russian War (Film) study?,dense,all,0,0,1,0,1,1,1,0,1,0
7e6280500bdd11eba7f7acde48001122,550e155008dd11ebbd9dac1f6bf848b6,0.5895,What is the place of birth of the director of film Tammy And The T-Rex?,"Which film has the director died earlier, The Devil'S Gondola or Rooney (Film)?",all,dense,0,1,0,0,1,1,1,1,0,0
7b33f605088411ebbd6dac1f6bf848b6,d9a5f6ae08ae11ebbd83ac1f6bf848b6,0.5894,"Which film has the director died later, Taipei Story or The Ballad Of Cossack Golota?","Which film whose director is younger, The Land Before Time Ix: Journey To Big Water or The Life Story Of David Lloyd George?",dense,none,0,0,0,1,1,0,0,0,0,1
db787f5c0bdc11eba7f7acde48001122,ad8fdd6c08b511ebbd88ac1f6bf848b6,0.5893,What nationality is the director of film Detachment (Film)?,"Which film has the director who died later, Swarg Narak or Antardhan?",dense+hybrid,dense,0,0,0,1,1,1,1,1,0,0
62fc67720bdd11eba7f7acde48001122,2f365c81089611ebbd76ac1f6bf848b6,0.5892,Where did the director of film A Daughter Of Two Worlds die?,"Which film has the director died first, Forty Years or Two Mules For Sister Sara?",none,none,1,0,0,1,0,0,1,0,0,1
b035afca0bd911eba7f7acde48001122,a603e82f092611ebbdaeac1f6bf848b6,0.5891,Who is the spouse of the director of film Carol'S Journey?,"Which film was released earlier, It'S Never Too Late To Mend or The Bride'S Journey?",dense,all,0,0,1,0,1,1,1,0,1,0
714be735088c11ebbd6fac1f6bf848b6,e50c35fa0bdb11eba7f7acde48001122,0.589,"Which film whose director is younger, Slums Of Berlin or Phantom India?",Where was the director of film Suicide Commandos (Film) born?,none,none,1,0,0,1,0,0,1,0,0,1
db19bf4c086e11ebbd62ac1f6bf848b6,218609020bdc11eba7f7acde48001122,0.5888,"Who was born first, John Beach or Gordon Persons?",What nationality is the director of film The Beach (Film)?,all,none,0,1,0,0,1,0,0,1,0,0
298f23b8088a11ebbd6eac1f6bf848b6,5db7e2d80bdc11eba7f7acde48001122,0.5886,"Which film has the director who was born later, El Extraño Viaje or Love In Pawn?","What is the place of birth of the director of film I Love, You Love?",none,bm25+hybrid,0,0,1,0,0,0,1,0,1,0
9b08d2780bdc11eba7f7acde48001122,c5e1541a0bdd11eba7f7acde48001122,0.5885,What nationality is the singer of Pre (Band)?,What nationality is the member of Listen... Tanks! who is also a member of Snow Patrol?,dense+hybrid,all,0,0,1,0,1,1,1,1,1,1
63d16c1c0bdb11eba7f7acde48001122,abaff0940bdb11eba7f7acde48001122,0.5883,Where was the place of burial of Neith (Wife Of Pepi Ii)'s husband?,Where did Rudra Mohammad Shahidullah's wife study at?,none,none,1,0,0,1,0,0,1,0,0,1
652d7dac0bdc11eba7f7acde48001122,d146745a089211ebbd74ac1f6bf848b6,0.5881,What is the place of birth of the director of film Guilty Of Treason?,"Which film has the director died earlier, Dynamite Smith or A Son Of Satan?",all,dense+hybrid,0,1,0,0,1,1,1,1,1,1
73c3ac30089211ebbd73ac1f6bf848b6,63dc55840bde11eba7f7acde48001122,0.5881,"Which film has the director who was born later, The Night The Prowler or When The Gods Fall Asleep?",What is the place of birth of the director of film Crystal Nights?,none,none,1,0,0,1,0,0,1,0,0,1
eebc066c08c411ebbd8eac1f6bf848b6,59ecc1a908c811ebbd91ac1f6bf848b6,0.587,Are both directors of films 16 To Life and Saved By The Belles from the same country?,Do both directors of films Sometimes Good and Sweet Sixteen (2002 Film) share the same nationality?,none,none,1,0,0,1,0,0,1,0,0,1
90934fd908dc11ebbd9cac1f6bf848b6,59f0b4d608b211ebbd85ac1f6bf848b6,0.586,"Which film whose director is younger, Kiladigalu or He'S My Girl?","Which film was released more recently, Thema Syneidiseos or My Magic?",dense+hybrid,all,0,0,1,0,1,1,1,1,1,1
f420d4a008a311ebbd7cac1f6bf848b6,14bdff820bdb11eba7f7acde48001122,0.5859,"Which film has the director born first, Antonieta or Dodging The Dole?",When was the director of film Slap Her... She'S French born?,all,all,1,1,1,1,1,1,1,1,1,1
5674c972095311ebbdaeac1f6bf848b6,00ce250d095f11ebbdafac1f6bf848b6,0.5856,"Which film was released earlier, Amelie Or The Time To Love or Beginners?","Which film was released more recently, Royal Treasure or When Love Begins?",all,all,1,1,1,1,1,1,1,1,1,1
a197a90e086011ebbd5dac1f6bf848b6,2d5411f20bdc11eba7f7acde48001122,0.5856,"Which film has the director who was born later, Eradu Rekhegalu or The Gentleman From Nowhere?",Where was the director of film Nagarahole (Film) born?,none,all,0,0,1,0,0,1,0,0,1,0
5c0c69f80bdd11eba7f7acde48001122,b677b1f8089611ebbd76ac1f6bf848b6,0.5851,What is the place of birth of the director of film Letter To The King?,"Which film has the director who is older, The Girl King or Happy As The Grass Was Green?",dense,none,0,0,0,1,1,0,0,0,0,1
9aee006a09c211ebbdb0ac1f6bf848b6,171c1e8108b111ebbd85ac1f6bf848b6,0.5851,Are Simonds Catholic College and Saginaw High School (Texas) both located in the same country?,"Are both St Joseph'S College, Gregory Terrace and Saint Ignatius' College, Adelaide located in the same country?",dense,all,0,0,1,0,1,1,1,0,1,0
bc096c180bdb11eba7f7acde48001122,3bc5c900088111ebbd6dac1f6bf848b6,0.585,What is the date of birth of Marie Jeanne Baptiste Of Savoy-Nemours's husband?,"Who was born later, Claude-François-Dorothée, Marquis De Jouffroy D'Abbans or Marie De La Tour D'Auvergne?",none,all,0,0,1,0,0,1,0,0,1,0
49a5c36b086111ebbd5dac1f6bf848b6,652d8d6608c511ebbd8eac1f6bf848b6,0.5848,"Which film has the director died first, Le Guignolo or Knights Of The Range?","Which film has the director who was born first, Legend Of The Mountain or Three Men To Kill?",dense,dense+hybrid,0,0,0,1,1,1,1,0,1,0
dc68effd08d811ebbd9cac1f6bf848b6,b42a916c0bda11eba7f7acde48001122,0.5847,Who was born first out of Marco De Luigi and Fabio Maistro?,What nationality is Cecilia Renata Of Austria's husband?,all,none,0,1,0,0,1,0,0,1,0,0
0f104449087311ebbd66ac1f6bf848b6,f6a2a90c0bdb11eba7f7acde48001122,0.5846,Who was born first out of Adnen Helali and Maria Poulsen?,Where does Maria Haraldsdotter's father work at?,all,none,0,1,0,0,1,0,0,1,0,0
7620acb80bde11eba7f7acde48001122,ba5c13ea085f11ebbd5dac1f6bf848b6,0.5845,Where did the director of film Até Que A Sorte Nos Separe 2 study?,"Which film has the director who was born later, La Professoressa Di Scienze Naturali or La Noche Del Hurto?",none,dense+hybrid,0,0,0,1,0,1,0,0,1,0
a6651e4c089e11ebbd78ac1f6bf848b6,e6a47550097611ebbdb0ac1f6bf848b6,0.5842,"Did the movies Afraid Of The Dark and Smiley (2012 Film), originate from the same country?","Are the movies Be Careful, Mr. Smith and Chinatown Nights (1938 Film), from the same country?",all,all,1,1,1,1,1,1,1,1,1,1
b53c4ade08cc11ebbd93ac1f6bf848b6,0a9030700bdb11eba7f7acde48001122,0.5839,"Which film has the director died later, Swing Fever or The Phantom Stage?",Where did the director of film Request Concert die?,bm25+hybrid,dense+hybrid,0,1,0,0,0,1,0,1,1,1
c3a04dcc08a511ebbd7dac1f6bf848b6,f2b10cf2091b11ebbdaeac1f6bf848b6,0.5838,Do both films: America Ammayi and Professor Pyarelal have the directors from the same country?,"Which film came out earlier, Ammayi Kosam or Million Dollar Babies?",dense,all,0,0,1,0,1,1,1,0,1,0
d8c36503097411ebbdb0ac1f6bf848b6,82cf1051087111ebbd63ac1f6bf848b6,0.5838,"Which film was released earlier, Moment Of Danger or The Ballad Of Josie?","Which film has the director who died earlier, The Moment To Kill or Harrison And Barrison?",all,none,0,1,0,0,1,0,0,1,0,0
feea4eb5086411ebbd5eac1f6bf848b6,25beed3a08e011ebbda1ac1f6bf848b6,0.5838,"Which film has the director who died earlier, Gold For The Caesars or Heinz In The Moon?","Which film has the director who died earlier, Moonlight And Pretzels or Husmandstøsen?",none,dense+hybrid,0,0,0,1,0,1,0,0,1,0
e084363c0bda11eba7f7acde48001122,ca74cee20bda11eba7f7acde48001122,0.5837,When is the founder of university Vermont Studio Center 's birthday?,"What is the place of birth of the director of film Smile, Brother, Smile?",dense,all,0,0,1,0,1,1,1,0,1,0
a228b5dc084911ebbd55ac1f6bf848b6,1fe826960bde11eba7f7acde48001122,0.583,"Which film has the director who died later, The Olsen Gang In Jutland or Pathala Bhairavi?",Which country the director of film Dika: Murder City is from?,none,dense+hybrid,0,0,0,1,0,1,0,0,1,0
2294ccfc0bdc11eba7f7acde48001122,9b08d2780bdc11eba7f7acde48001122,0.5828,When is the lead guitarist of List Of The Dillinger Escape Plan Band Members's birthday?,What nationality is the singer of Pre (Band)?,none,dense+hybrid,0,0,0,1,0,1,0,0,1,0
94e16743087211ebbd66ac1f6bf848b6,b963389a092911ebbdaeac1f6bf848b6,0.5827,"Which film has more directors, A Night Of Horror or The Whispering Shadow?","Which film has more directors, Freaked or Tesis Sobre Un Homicidio?",all,all,1,1,1,1,1,1,1,1,1,1
64c134bc08b211ebbd85ac1f6bf848b6,2603291a08c111ebbd8bac1f6bf848b6,0.5826,"Which film was released more recently, The Devil'S Rock or The Flyboys (Film)?","Which film has the director born later, The Devil'S Backbone or Mr. Stitch?",all,dense,0,1,0,0,1,1,1,1,0,0
5747134c095e11ebbdafac1f6bf848b6,a16158840bdc11eba7f7acde48001122,0.5824,"Which film was released more recently, Torrente 2: Misión En Marbella or The Heart Of New York (Film)?",Where was the place of death of the director of film A Mother'S Heart?,all,none,0,1,0,0,1,0,0,1,0,0
e30de52a0bd911eba7f7acde48001122,8c232c6208e211ebbda4ac1f6bf848b6,0.5822,Where was the director of film The Naked Angel born?,"Who was born earlier, Humphrey Edwardes-Jones or Ángel De La Torre?",all,all,1,1,1,1,1,1,1,1,1,1
3654974a08df11ebbda0ac1f6bf848b6,e2ec9eea0bdb11eba7f7acde48001122,0.5819,"Which film has the director who was born earlier, The Rise And Rise Of Michael Rimmer or Bar 51?",What is the place of birth of the director of film The Admirer?,all,none,0,1,0,0,1,0,0,1,0,0
26b866e6085c11ebbd5cac1f6bf848b6,2a13a676090111ebbdadac1f6bf848b6,0.5817,"Which film has the director born later, Jesse James' Women or Ride Lonesome?","Which film came out earlier, It'S Our Life! or Maximum Ride (Film)?",bm25,bm25,1,1,1,1,0,0,1,0,0,1
ea6738c60bd911eba7f7acde48001122,a32713b808d311ebbd96ac1f6bf848b6,0.5817,When was Ellen Roosval Von Hallwyl's mother born?,Who was born first out of Kazimierz Cichowski and Ellen Margrethe Løj?,all,dense,0,1,0,0,1,1,1,1,0,0
2c43f3d40bde11eba7f7acde48001122,9fd3d55f08cc11ebbd93ac1f6bf848b6,0.5816,Where did the composer of film Henry V (1944 Film) die?,"Who died earlier, Daniel Maynadier Henry or Richard Westmacott (The Younger)?",none,all,0,0,1,0,0,1,0,0,1,0
9e63943c085811ebbd5bac1f6bf848b6,4df7e6d00bdd11eba7f7acde48001122,0.5814,"Which film has the director who was born later, Garde À Vue or Ivide Thudangunnu?",Which country the director of film Gopura Vasalile is from?,dense,dense+hybrid,0,0,0,1,1,1,1,0,1,0
1d38646108e611ebbda4ac1f6bf848b6,686679880bdc11eba7f7acde48001122,0.5814,Do both directors of films Kangaroo Jack and Executive Action (Film) have the same nationality?,What is the place of birth of the director of film The White Terror (Film)?,none,all,0,0,1,0,0,1,0,0,1,0
87154f1e0bda11eba7f7acde48001122,8131395c097a11ebbdb0ac1f6bf848b6,0.5813,Which country Aleksandra Marianna Wiesiołowska's father is from?,"Are both Talovka (Selo), Republic Of Buryatia and Troinka located in the same country?",dense+hybrid,all,0,0,1,0,1,1,1,1,1,1
a02009fa085c11ebbd5cac1f6bf848b6,4aee95dc0bd911eba7f7acde48001122,0.5811,"Which film was released more recently, Toolbox Murders or I Met You In Naples?",Where was the director of film Meet Me On Broadway born?,all,dense+hybrid,0,1,0,0,1,1,1,1,1,1
2dba81d80bde11eba7f7acde48001122,52255c88098211ebbdb0ac1f6bf848b6,0.5811,What is the cause of death of Eleanor De Clare's husband?,"Do the movies The Man Who Changed His Name (1928 Film) and The Lady Clare, originate from the same country?",none,all,0,0,1,0,0,1,0,0,1,0
5a83ed2f086611ebbd5eac1f6bf848b6,0d77cf5a0bdb11eba7f7acde48001122,0.581,"Which film has the director who is older, When You'Re Strange or Vzdušné Torpédo 48?",What is the place of birth of the director of film Crazy Alien?,none,bm25,0,0,1,0,0,0,1,0,0,1
45ad25da08db11ebbd9cac1f6bf848b6,8603b4e008a511ebbd7dac1f6bf848b6,0.5808,"Which film has the director born earlier, To Walk With Lions or The Grizzlies?","Which film came out first, The Greatest Thing In Life or Den Of Lions?",bm25+hybrid,all,0,1,1,1,0,1,0,1,1,1
38ad21b40bdd11eba7f7acde48001122,6246a517084c11ebbd56ac1f6bf848b6,0.5808,Where was the place of death of the director of film The Stone Rider?,"Which film has the director died later, The True Story Of Eskimo Nell or Flame Of Stamboul?",all,none,0,1,0,0,1,0,0,1,0,0
87724861086d11ebbd62ac1f6bf848b6,63d6efd308a911ebbd80ac1f6bf848b6,0.5807,"Which film whose director is younger, The Devil'S Pass Key or La Bella Di Lodi?","Which film has the director born later, La Soif De L'Or or Forelsket I København?",dense+hybrid,all,0,0,1,0,1,1,1,1,1,1
c5601df108a411ebbd7dac1f6bf848b6,d61d801e0bd911eba7f7acde48001122,0.5804,"Which film has the director died earlier, Lemonade Joe or Bountiful Summer?",Who is the father of the director of film Little Joe (Film)?,dense,none,0,0,0,1,1,0,0,0,0,1
9219ff74093511ebbdaeac1f6bf848b6,a35ad99a08c011ebbd8aac1f6bf848b6,0.5798,"Which film came out earlier, To Touch The Soul or Contragolpe?","Which film whose director is younger, The Spirit Of The Usa or Sesión Continua?",all,dense,0,1,0,0,1,1,1,1,0,0
3a84baaf088311ebbd6dac1f6bf848b6,49eb87280bdc11eba7f7acde48001122,0.5794,"Who died first, Madame Pasca or James A. Donohoe?",Where did the director of film Don Juan (1922 Film) die?,all,all,1,1,1,1,1,1,1,1,1,1
e1228e9f08ca11ebbd92ac1f6bf848b6,d61d801e0bd911eba7f7acde48001122,0.5793,"Which film has the director who died earlier, 11 Harrowhouse or A Little Sister Of Everybody?",Who is the father of the director of film Little Joe (Film)?,none,none,1,0,0,1,0,0,1,0,0,1
6427df5c086611ebbd5eac1f6bf848b6,fafcb35d089e11ebbd78ac1f6bf848b6,0.5784,"Which film has the director who was born later, Young Buffalo Bill or The Lacquered Box?",Are the directors of films A South Sea Bubble and The Young Animals both from the same country?,bm25,dense,0,1,0,0,0,1,0,0,0,1
a08505d20bdc11eba7f7acde48001122,b7e9eb98085311ebbd59ac1f6bf848b6,0.5782,Who is the father of the director of film Red 2 (Film)?,"Which film whose director is younger, Dallas 362 or Revenge Of The Barbarians?",none,none,1,0,0,1,0,0,1,0,0,1
a816c326089411ebbd75ac1f6bf848b6,d7309806085511ebbd59ac1f6bf848b6,0.5779,Are Six Dance Lessons In Six Weeks (Film) and Article 99 both from the same country?,Do director of film The Case Of The Stuttering Bishop and director of film 3096 Days share the same nationality?,all,dense+hybrid,0,1,0,0,1,1,1,1,1,1
5e8240ea0bdd11eba7f7acde48001122,ae623ebe086111ebbd5dac1f6bf848b6,0.5779,Where was the place of death of the director of film Mole Men Against The Son Of Hercules?,Was Prince Albert Hunt or Daniel Tauvry born first?,all,dense+hybrid,0,1,0,0,1,1,1,1,1,1
c34ebefd08ab11ebbd82ac1f6bf848b6,aa14a0ac0bdd11eba7f7acde48001122,0.5776,"Which film has the director died later, Hombisilu or O Sport, You Are Peace!?",What nationality is the director of film Operation Stadium?,dense+hybrid,none,0,0,0,1,1,0,0,1,0,0
8dcab52d092f11ebbdaeac1f6bf848b6,1b4bb64608c511ebbd8eac1f6bf848b6,0.5772,Are Les Misérables (1917 Film) and The Better 'Ole (1926 Film) both from the same country?,"Which film has the director who died first, Another Language or Les Tontons Flingueurs?",none,none,1,0,0,1,0,0,1,0,0,1
ea897033084e11ebbd56ac1f6bf848b6,9ba526540bdd11eba7f7acde48001122,0.5772,Who was born first out of Marie Agba-Otikpo and Mariam El-Masri?,Where was the wife of Jesús Aguirre born?,all,dense,0,1,0,0,1,1,1,1,0,0
fa08f65f08b911ebbd88ac1f6bf848b6,890017540bdb11eba7f7acde48001122,0.5772,"Which film was released more recently, Marriage License? or Maalgudi Days?",Who is the spouse of the director of film Days And Hours?,all,dense,0,1,0,0,1,1,1,1,0,0
ac3e7fc3093711ebbdaeac1f6bf848b6,ce42f72908b611ebbd88ac1f6bf848b6,0.577,"Which film came out earlier, Testament Of Orpheus or Wandering Fires?","Which film has the director who is older, Det Æ'Kke Te Å Tru or Symphony Of Silence?",all,all,1,1,1,1,1,1,1,1,1,1
8b590cea087011ebbd63ac1f6bf848b6,924b5e4e0bdc11eba7f7acde48001122,0.5767,"Which film has the director who is older, Road To Singapore or Melodies Of Vera Quarter?",What is the place of birth of the composer of film Tana (Film)?,none,none,1,0,0,1,0,0,1,0,0,1
231d667c0bda11eba7f7acde48001122,8471ae5808d111ebbd95ac1f6bf848b6,0.5766,What nationality is the director of film Name The Man?,"Which film whose director is younger, Roland The Mighty or Graves Without A Name?",all,hybrid,0,1,0,0,1,0,0,1,1,1
43eb7b380bde11eba7f7acde48001122,e8d6343e087b11ebbd69ac1f6bf848b6,0.5766,What is the place of birth of the director of film Peter'S Friends?,"Were Jack Robertson (Footballer, Born 1902) and Peter Levy (Cinematographer) of the same nationality?",none,all,0,0,1,0,0,1,0,0,1,0
363d81df08d211ebbd95ac1f6bf848b6,b40073360bdb11eba7f7acde48001122,0.5764,"Which film has the director born earlier, Idols Of The Radio or Solos En La Madrugada?",What nationality is the director of film The Mexican Dream?,bm25+hybrid,all,0,1,1,1,0,1,0,1,1,1
327a14420baf11ebab90acde48001122,5b522cbd089711ebbd77ac1f6bf848b6,0.5764,Who is the maternal grandfather of Agnès Of Navarre?,"Who died first, Marguerite De Navarre or Leo Lankinen?",dense+hybrid,all,0,0,1,0,1,1,1,1,1,1
497c1bdb094911ebbdaeac1f6bf848b6,fc7f4fde08bf11ebbd8aac1f6bf848b6,0.5763,"Which album came out first, Sol Niger Within or The Magic Place?",Are both directors of films Escape From East Berlin and A Place In The Sun (Film) from the same country?,none,dense,0,0,0,1,0,1,0,0,0,1
28b6cbf808d511ebbd98ac1f6bf848b6,080ce67808d311ebbd96ac1f6bf848b6,0.5762,"Which film has the director who is older, Divorce In Montevideo or The Western Whirlwind?","Which film has the director died later, Whirlpool Of Desire or After The Fall Of Man?",dense+hybrid,none,0,0,0,1,1,0,0,1,0,0
b677b1f8089611ebbd76ac1f6bf848b6,83049a70090b11ebbdadac1f6bf848b6,0.5762,"Which film has the director who is older, The Girl King or Happy As The Grass Was Green?","Which film was released more recently, A Fugitive From Matrimony or Grass Is Greener?",none,all,0,0,1,0,0,1,0,0,1,0
1bd49ae00bdd11eba7f7acde48001122,99c78ca608e611ebbda5ac1f6bf848b6,0.5761,Where was the director of film The Pride Of Jennico (Film) born?,"Who is younger, Vedran Purić or Jenő Kuti?",bm25,all,0,1,1,1,0,1,0,0,1,0
5674c972095311ebbdaeac1f6bf848b6,4e8195fa095b11ebbdaeac1f6bf848b6,0.576,"Which film was released earlier, Amelie Or The Time To Love or Beginners?","Which film was released more recently, The First Seven Years or Cinesound Varieties?",all,all,1,1,1,1,1,1,1,1,1,1
cd814a34088811ebbd6eac1f6bf848b6,8cc029e708c311ebbd8dac1f6bf848b6,0.5759,"Who was born later, Charles Burls or George Hypolite?","Who died earlier, Charles Taze Russell or George Washington Bright?",all,all,1,1,1,1,1,1,1,1,1,1
f9c02a8c085d11ebbd5cac1f6bf848b6,22d0830d087911ebbd67ac1f6bf848b6,0.5754,"Which film has the director born first, Spione or Five Million Look For An Heir?","Which film has the director who died earlier, Love That Brute or Laughing Heirs?",dense+hybrid,dense,0,0,0,1,1,1,1,1,0,0
ebea9324087c11ebbd6aac1f6bf848b6,bc69662a0bdd11eba7f7acde48001122,0.5753,Are both directors of films Breslin And Hamill: Deadline Artists and Jean The Tenant from the same country?,Where was the director of film The Love Captive born?,none,none,1,0,0,1,0,0,1,0,0,1
850c2ecc0bda11eba7f7acde48001122,0961bb2808c611ebbd90ac1f6bf848b6,0.5752,Where was the director of film En Aasai Rasave born?,"Which film has the director who was born first, Nagalit Ang Buwan Sa Haba Ng Gabi or Roberto Carlos E O Diamante Cor-De-Rosa?",dense+hybrid,dense,0,0,0,1,1,1,1,1,0,0
a982212e08a311ebbd7bac1f6bf848b6,9cdd635f093911ebbdaeac1f6bf848b6,0.5748,"Which film came out earlier, I Am Breathing or Ulti Ganga?","Which film was released more recently, Occupation: Dreamland or Ganga Bhavani?",none,all,0,0,1,0,0,1,0,0,1,0
20ddd33208ca11ebbd92ac1f6bf848b6,e86cef4e0bdd11eba7f7acde48001122,0.5747,"Who was born later, Marc De Clerck or Wiesław Perszke?",Where did the director of film The Cloister Of Martins die?,all,dense,0,1,0,0,1,1,1,1,0,0
f420d4a008a311ebbd7cac1f6bf848b6,c67ed80c092b11ebbdaeac1f6bf848b6,0.5747,"Which film has the director born first, Antonieta or Dodging The Dole?","Which film was released first, Par La Fenêtre or Semi-Tough?",all,all,1,1,1,1,1,1,1,1,1,1
05f8a691087b11ebbd67ac1f6bf848b6,da2a12da0bd911eba7f7acde48001122,0.5745,"Which film has the director died first, Crimen A Las Tres or The Working Class Goes To Heaven?",Where was the director of film The Boxer And Death born?,dense,bm25,0,0,1,0,1,0,0,0,0,1
f64be57a0bdd11eba7f7acde48001122,4ce1d27b08bc11ebbd88ac1f6bf848b6,0.5744,What is the date of death of the director of film Escándalo De Estrellas?,"Which film has the director born later, Allos Gia To Ekatommyrio or Elvira'S Haunted Hills?",dense+hybrid,dense+hybrid,1,0,0,1,1,1,1,1,1,1
8223ad8e097811ebbdb0ac1f6bf848b6,6970df82088811ebbd6eac1f6bf848b6,0.5744,"Which film was released first, The Beginning Or The End or Hold Back The Night?","Which film has the director died later, Saturday Night Out or An Italian Romance?",all,dense,0,1,0,0,1,1,1,1,0,0
dc68effd08d811ebbd9cac1f6bf848b6,4fa6906408f211ebbdaaac1f6bf848b6,0.5736,Who was born first out of Marco De Luigi and Fabio Maistro?,"Who was born first, François D'Escoubleau De Sourdis or Caroline Hazard?",all,all,1,1,1,1,1,1,1,1,1,1
28ad4ad0092a11ebbdaeac1f6bf848b6,f5648762086711ebbd5eac1f6bf848b6,0.5729,"Which film was released more recently, Circus Of Love or The Kiss Of Evil?","Which film has the director who was born later, Fugitive Rage or Neapolitan Carousel?",all,dense+hybrid,0,1,0,0,1,1,1,1,1,1
575babe4087711ebbd67ac1f6bf848b6,081aefc4086111ebbd5dac1f6bf848b6,0.5726,"Are both director of film Germany, Year Zero and director of film Cross Shot from the same country?","Which film has the director born first, 84 Charing Cross Road (Film) or Emperor'S Ball?",none,none,1,0,0,1,0,0,1,0,0,1
c9eb430908c311ebbd8dac1f6bf848b6,6257a86b08cf11ebbd95ac1f6bf848b6,0.5724,"Which film has the director born later, Befikre or American Sniper?",Are The Love Nest (1933 Film) and D.C. Sniper from the same country?,none,all,0,0,1,0,0,1,0,0,1,0
e66837aa086611ebbd5eac1f6bf848b6,b90556ce08c711ebbd91ac1f6bf848b6,0.5724,"Which film whose director is younger, Vadakakku Oru Hridayam or The $1,000,000 Reward?","Which film has the director who died later, First-Year Student or Oru Sundariyude Katha?",none,dense+hybrid,0,0,0,1,0,1,0,0,1,0
9980b1ed089d11ebbd78ac1f6bf848b6,130f271e088511ebbd6dac1f6bf848b6,0.5723,Do both films Payment On Demand and My Cousin From Warsaw have the directors from the same country?,"Do both films, The Russians Are Coming, The Russians Are Coming and Our Loved Ones, have the directors who are from the same country?",none,none,1,0,0,1,0,0,1,0,0,1
c202011808c811ebbd92ac1f6bf848b6,ab9e91140bdb11eba7f7acde48001122,0.5718,"Who died later, Henry Norrström or Wilford Bacon Hoggatt?","What is the date of birth of Henry Prittie, 2Nd Baron Dunalley's father?",all,all,1,1,1,1,1,1,1,1,1,1
a5f0b646088b11ebbd6fac1f6bf848b6,4b443b0e0bde11eba7f7acde48001122,0.5712,"Which film has the director died earlier, Youngblood Hawke (Film) or Crook'S Tour?",What is the place of birth of the director of film The Naked Island?,dense,none,0,0,0,1,1,0,0,0,0,1
1a114c5e088f11ebbd71ac1f6bf848b6,e6a74e020bdd11eba7f7acde48001122,0.5711,"Which film has the director born later, Bhoomiyude Avakashikal or The Majesty Of The Law?",What is the place of birth of the director of film Martial Law (1991 Film)?,none,none,1,0,0,1,0,0,1,0,0,1
4b145f0a0bda11eba7f7acde48001122,83b32479087811ebbd67ac1f6bf848b6,0.571,What is the place of birth of the director of film The New Kids?,"Who was born first, Marie-Eugène De L'Enfant-Jésus or Kenneth Johnson (Filmmaker)?",bm25,all,0,1,1,1,0,1,0,0,1,0
a26599ea097011ebbdb0ac1f6bf848b6,695689d20baf11ebab90acde48001122,0.5707,"Which film was released first, Heaven Help Us or Ghar Ki Rani?",Who is Rani Mukerji's father-in-law?,all,dense+hybrid,0,1,0,0,1,1,1,1,1,1
31bfa49208e711ebbda5ac1f6bf848b6,8cd3fe6c0baf11ebab90acde48001122,0.5706,Who was born first out of Ramsay Anderson and Fernand Fédronic?,Who is Colgú Mac Faílbe Flaind's uncle?,all,dense+hybrid,0,1,0,0,1,1,1,1,1,1
015d47a908a811ebbd7fac1f6bf848b6,5db7e2d80bdc11eba7f7acde48001122,0.5704,"Which film has the director born later, My Own Private Idaho or Lucignolo?","What is the place of birth of the director of film I Love, You Love?",hybrid,bm25+hybrid,0,0,1,0,0,0,1,1,1,1
f75d22fa095d11ebbdafac1f6bf848b6,5e849c97088b11ebbd6fac1f6bf848b6,0.57,"Which film was released more recently, Last Of The Long-Haired Boys or Age Of The Dragons?","Which film was released more recently, The Doberman Gang or King Of The Newsboys?",all,all,1,1,1,1,1,1,1,1,1,1
6fbdeee60bdc11eba7f7acde48001122,ae2c67dc085f11ebbd5dac1f6bf848b6,0.5699,Who is the child of the director of film Lo Que Le Pasó A Reynoso?,"Which film was released more recently, How To Make Love To A Negro Without Getting Tired or Frisco Kid?",dense+hybrid,all,0,0,1,0,1,1,1,1,1,1
464cfa460bd911eba7f7acde48001122,ed614be108f811ebbdaaac1f6bf848b6,0.5697,Where was the director of film Thomas Jefferson (Film) born?,Did Frederick Mulder and Thomas Lee (South Carolina) have the same nationality?,dense,all,0,0,1,0,1,1,1,0,1,0
5e8240ea0bdd11eba7f7acde48001122,ddc7ba4608cd11ebbd93ac1f6bf848b6,0.5696,Where was the place of death of the director of film Mole Men Against The Son Of Hercules?,"Which film has the director who died earlier, Macario Against Zagomar or The Galloping Fish?",all,dense+hybrid,0,1,0,0,1,1,1,1,1,1
69a7e9ca08e011ebbda1ac1f6bf848b6,e5bdd71f08d011ebbd95ac1f6bf848b6,0.5689,"Which film has the director born first, Leave It To Henry or The Last Night Of Scheherazade?","Who lived longer, Csaba Pálinkás or Henry Scheffé?",none,all,0,0,1,0,0,1,0,0,1,0
cb17907f086411ebbd5eac1f6bf848b6,28bbe1600bdc11eba7f7acde48001122,0.5687,"Who died later, George Grenfell-Baines or Veit Amerbach?",What is the place of birth of the keyboardist of Veslefrekk?,all,dense+hybrid,0,1,0,0,1,1,1,1,1,1
86b7e74808e211ebbda4ac1f6bf848b6,450019aa08b111ebbd85ac1f6bf848b6,0.5686,"Which film came out earlier, Dis-Moi Qui Tuer or Under The Hawthorn Tree (Film)?","Which film has the director born later, Under The Lantern or Darling Of The Gods?",all,none,0,1,0,0,1,0,0,1,0,0
db787f5c0bdc11eba7f7acde48001122,eb71840a08bf11ebbd8aac1f6bf848b6,0.5685,What nationality is the director of film Detachment (Film)?,"Which film has the director who is older, Space Probe Taurus or Tom Mix In Arabia?",dense+hybrid,all,0,0,1,0,1,1,1,1,1,1
e7f8e98808a311ebbd7cac1f6bf848b6,218609020bdc11eba7f7acde48001122,0.5683,"Which film whose director is younger, Kalippava or A Couch In New York?",What nationality is the director of film The Beach (Film)?,dense,none,0,0,0,1,1,0,0,0,0,1
22ea14cd08ef11ebbda8ac1f6bf848b6,f7bec14908d611ebbd99ac1f6bf848b6,0.568,"Who is younger, Nicolas Görtler or Michel De Salzmann?","Who was born first, Marc René, Marquis De Montalembert or Igor Vovchanchyn?",all,all,1,1,1,1,1,1,1,1,1,1
8d0d8a680bd911eba7f7acde48001122,8ebf7602088f11ebbd72ac1f6bf848b6,0.5679,Where did the director of film Jhoom Barabar Jhoom graduate from?,"Which film has the director who is older than the other, Al Qadisiyya or Jahan Pyar Mile? ",none,none,1,0,0,1,0,0,1,0,0,1
a0065fe9085f11ebbd5dac1f6bf848b6,beda709d090e11ebbdadac1f6bf848b6,0.5678,Are Fire In Hell and The Tiger: An Old Hunter'S Tale from the same country?,"Which film was released earlier, Tiger Of The Seven Seas or My Wife'S Lodger?",all,all,1,1,1,1,1,1,1,1,1,1
42228c2008cc11ebbd93ac1f6bf848b6,058f0bd308ac11ebbd82ac1f6bf848b6,0.5676,Are the directors of both films Der Blindgänger and Hotel Desire from the same country?,"Which film was released earlier, Schlußakkord or Bettler Gmbh?",dense,dense,1,0,0,1,1,1,1,0,0,1
a91c363708e711ebbda6ac1f6bf848b6,e63bfc97087d11ebbd6bac1f6bf848b6,0.5675,"Which film has the director who was born later, Maneater Of Hydra or The Fighting Seabees?","Which film has the director died later, The Rebellion Of The Brides or Arizona Gang Busters?",dense+hybrid,all,0,0,1,0,1,1,1,1,1,1
4b145f0a0bda11eba7f7acde48001122,72b0f4e308b511ebbd88ac1f6bf848b6,0.5674,What is the place of birth of the director of film The New Kids?,"Which film has the director died earlier, The Coca-Cola Kid or Ayul Kaithi?",bm25,none,0,1,0,0,0,0,1,0,0,1
69e2bbe0094411ebbdaeac1f6bf848b6,6be622f3089411ebbd75ac1f6bf848b6,0.5674,"Which film was released earlier, Anna-Liisa or Children Underground?","Which film whose director is younger, Maine Pyaar Kyun Kiya? or Children Of The Streets?",all,none,0,1,0,0,1,0,0,1,0,0
b2a8d7b60bdc11eba7f7acde48001122,0ad93d5a086411ebbd5eac1f6bf848b6,0.5673,Where was the director of film The Making Of Plus One born?,"Who is younger, Barry Donald or Halle Cioffi?",none,all,0,0,1,0,0,1,0,0,1,0
ae331827088b11ebbd6fac1f6bf848b6,200e7a01087611ebbd67ac1f6bf848b6,0.567,"Which film whose director is younger, Heads I Win, Tails You Lose or The Incredible Sarah?","Which film has the director who was born earlier, Buffet Froid or Lost In Africa?",dense+hybrid,all,0,0,1,0,1,1,1,1,1,1
f343220e08d211ebbd96ac1f6bf848b6,de7c73480bdc11eba7f7acde48001122,0.5668,Are Car Trouble (Film) and White Heat (1926 Film) both from the same country?,What is the place of birth of the director of film Venus Makes Trouble?,all,none,0,1,0,0,1,0,0,1,0,0
55f41a7f085511ebbd59ac1f6bf848b6,48137038087a11ebbd67ac1f6bf848b6,0.5667,"Do the movies Sweet Mama (Film) and Soy Andina, originate from the same country?","Did the movies The Bond Boy and Mad Dogs And Englishmen (Film), originate from the same country?",all,all,1,1,1,1,1,1,1,1,1,1
593e5cfa08be11ebbd8aac1f6bf848b6,8e624f8b08cc11ebbd93ac1f6bf848b6,0.5666,Are both Lise Kristiansen and Bernt Lund from the same country?,"Who was born first, Thomas Rolfe or Roger Miret?",all,all,1,1,1,1,1,1,1,1,1,1
b25687fa090011ebbdadac1f6bf848b6,06d9b7aa0bde11eba7f7acde48001122,0.5663,"Which film was released first, Taxi Zum Klo or Saajan Bina Suhagan?",Where did the director of film Battle Taxi die?,none,dense,0,0,0,1,0,1,0,0,0,1
e4e02a240bda11eba7f7acde48001122,5d71855608e711ebbda6ac1f6bf848b6,0.5662,Who is the father of the director of film Wonders Of The Sea 3D?,"Which film has the director who is older than the other, The Enchanted Desna or Neal Of The Navy? ",dense+hybrid,dense,0,0,0,1,1,1,1,1,0,0
5d000d7908be11ebbd8aac1f6bf848b6,2d5411f20bdc11eba7f7acde48001122,0.5658,"Which film whose director is younger, Jeedar or The Rebel Set?",Where was the director of film Nagarahole (Film) born?,none,all,0,0,1,0,0,1,0,0,1,0
df25946e08b211ebbd85ac1f6bf848b6,d8dd595708fb11ebbdacac1f6bf848b6,0.5655,"Which film has the director who died first, A Dream Or Two Ago or Why Leave Home??","Which film was released more recently, I Always Loved You or Far Away And Long Ago?",dense,none,0,0,0,1,1,0,0,0,0,1
b4e780a5088f11ebbd72ac1f6bf848b6,6900298c0bde11eba7f7acde48001122,0.5654,Are Little Sachigo Lake and Holden Lake located in the same country?,What is the place of birth of the director of film The Fj Holden?,all,all,1,1,1,1,1,1,1,1,1,1
e765d558090911ebbdadac1f6bf848b6,d8dd595708fb11ebbdacac1f6bf848b6,0.5647,"Which film was released more recently, How Poets Are Enjoying Their Lives or Os Faroleiros?","Which film was released more recently, I Always Loved You or Far Away And Long Ago?",bm25,none,0,1,0,0,0,0,1,0,0,1
e6a74e020bdd11eba7f7acde48001122,dd95e56e089811ebbd77ac1f6bf848b6,0.5645,What is the place of birth of the director of film Martial Law (1991 Film)?,"Which film has the director who died later, Akhono Onek Raat or Bitter Rice?",none,none,1,0,0,1,0,0,1,0,0,1
6a16f4d608e611ebbda5ac1f6bf848b6,3e9da5a00bdb11eba7f7acde48001122,0.564,Who was born first out of Pierre Gauvreau and Tit Liviu Chinezu?,Which award the director of film Tiramisu (2002 Film) earned?,all,all,1,1,1,1,1,1,1,1,1,1
4216f41a08df11ebbda0ac1f6bf848b6,f34d188608cb11ebbd93ac1f6bf848b6,0.5638,"Which film was released earlier, New Jersey Drive or It Happened At The World'S Fair?","Which film has the director who was born later, Playing It Wild or I'Ll Be Going Now?",all,dense+hybrid,0,1,0,0,1,1,1,1,1,1
21906d320bde11eba7f7acde48001122,eb71762908f011ebbda8ac1f6bf848b6,0.5638,Where did M. K. Muthu's father die?,"Who died later, Madilu System or Achille Larose?",dense+hybrid,all,0,0,1,0,1,1,1,1,1,1
ad6e5c1c0baf11ebab90acde48001122,a6f0c6ec089c11ebbd78ac1f6bf848b6,0.5637,Who is the mother of Olaf (Ii) Haraldsen?,"Who died first, Olaf Everson or Abdul Wahab Khan Tarzi?",dense+hybrid,all,0,0,1,0,1,1,1,1,1,1
5bf96996085111ebbd58ac1f6bf848b6,44da8153093011ebbdaeac1f6bf848b6,0.5636,"Which film was released earlier, Xenoa or Divorce Invitation?","Which film was released more recently, Pirates Of The Prairie or Alien Origin?",all,all,1,1,1,1,1,1,1,1,1,1
8f8aaf0b088711ebbd6dac1f6bf848b6,0f104449087311ebbd66ac1f6bf848b6,0.5636,"Who is younger, Aneta Hladíková or René Poupardin?",Who was born first out of Adnen Helali and Maria Poulsen?,all,all,1,1,1,1,1,1,1,1,1,1
0bbded440bda11eba7f7acde48001122,d323fb0208c011ebbd8aac1f6bf848b6,0.5634,Which country the director of film Daadagiri is from?,"Which film whose director is younger, Tall Man Riding or Şalvar Davası?",dense,dense+hybrid,0,0,0,1,1,1,1,0,1,0
45e0828e097f11ebbdb0ac1f6bf848b6,46a99487096a11ebbdafac1f6bf848b6,0.5633,"Which film came out earlier, Rajapart Rangadurai or At Sword'S Edge?","Which film came out earlier, Rajapattai or Tars And Spars?",all,all,1,1,1,1,1,1,1,1,1,1
c1d45a9e0baf11ebab90acde48001122,25ffa50e08f511ebbdaaac1f6bf848b6,0.563,Who is the paternal grandfather of Eochaid Ailtlethan?,Was Ralf Wohlleben or Ilya Tyapkin born first?,none,all,0,0,1,0,0,1,0,0,1,0
c2ccbd23087811ebbd67ac1f6bf848b6,5e075efe095811ebbdaeac1f6bf848b6,0.5627,"Are the movies About A Wife, A Dream And Another... and The Doolins Of Oklahoma, from the same country?","Are the movies Seeing Red (1992 Film) and Wind From The Icy Country, from the same country?",all,all,1,1,1,1,1,1,1,1,1,1
2bb67943092811ebbdaeac1f6bf848b6,3e19f3220bdb11eba7f7acde48001122,0.5626,"Which film came out first, Invasion 1700 or Sunrise At Campobello?",Where was the director of film Invasion (2014 Film) born?,all,dense+hybrid,0,1,0,0,1,1,1,1,1,1
ae741c140bdc11eba7f7acde48001122,5b66327608f011ebbda8ac1f6bf848b6,0.5623,Where was the place of burial of Gjon Kastrioti Ii's father?,"Who was born later, Narayana Kasturi or Sigismund Toduță?",none,all,0,0,1,0,0,1,0,0,1,0
ab18549a0bdc11eba7f7acde48001122,067c580e09ad11ebbdb0ac1f6bf848b6,0.5622,Who is the father of the composer of song I Miss You (Miley Cyrus Song)?,"Which song came out first, Sunny And 75 or Miss Me Blind?",dense,none,0,0,0,1,1,0,0,0,0,1
f8aa0d06086311ebbd5eac1f6bf848b6,38e0bdd2094e11ebbdaeac1f6bf848b6,0.562,"Which film has the director died earlier, Remember The Day or Cast Up By The Sea?","Which film was released first, Ryan'S Daughter or A Day At The Museum?",dense+hybrid,all,0,0,1,0,1,1,1,1,1,1
47c32ef1089511ebbd75ac1f6bf848b6,b56bf714088311ebbd6dac1f6bf848b6,0.562,Are The Man Who Knew Too Much (1956 Film) and Man On Wire both from the same country?,"Do both films, They Didn'T Know and North Of The Border (Film), have the directors who are from the same country?",all,none,0,1,0,0,1,0,0,1,0,0
746a799c0bdb11eba7f7acde48001122,4dbbaf9e089f11ebbd78ac1f6bf848b6,0.5617,What nationality is the director of film Fúlmine?,Does Davide Santon have the same nationality as Giuseppe Fonzi?,all,all,1,1,1,1,1,1,1,1,1,1
7cc68442092811ebbdaeac1f6bf848b6,14bdff820bdb11eba7f7acde48001122,0.5612,"Which film was released more recently, Aami or Bitch Slap?",When was the director of film Slap Her... She'S French born?,all,all,1,1,1,1,1,1,1,1,1,1
3c68e44c0bdc11eba7f7acde48001122,460ca32008a111ebbd78ac1f6bf848b6,0.561,Where was the place of death of Alessandro Vitelli's father?,"Who died first, Dominick Basso or Ilse Lehiste?",none,all,0,0,1,0,0,1,0,0,1,0
d370f0b0085711ebbd5aac1f6bf848b6,ae2c67dc085f11ebbd5dac1f6bf848b6,0.561,"Which film has the director who died earlier, Captain Kidd And The Slave Girl or Relax Freddie?","Which film was released more recently, How To Make Love To A Negro Without Getting Tired or Frisco Kid?",none,all,0,0,1,0,0,1,0,0,1,0
8e07f1f00bda11eba7f7acde48001122,1e1d8778088e11ebbd70ac1f6bf848b6,0.5607,Who is the spouse of the director of film My Three Merry Widows?,"Which film has the director who died earlier, Naa Mechida Huduga or The Countess Died Of Laughter?",none,none,1,0,0,1,0,0,1,0,0,1
27987581093611ebbdaeac1f6bf848b6,ce103d440bd911eba7f7acde48001122,0.5602,"Which film came out earlier, Niyoti or Angali Pangali?",Where was the director of film Veera Thalattu born?,dense+hybrid,dense+hybrid,1,0,0,1,1,1,1,1,1,1
677658e80bde11eba7f7acde48001122,15f03853087011ebbd62ac1f6bf848b6,0.56,Which country the composer of song Seconds (Song) is from?,"Do the bands Bbc Philharmonic and Torch Song (Band), originate from the same country?",none,all,0,0,1,0,0,1,0,0,1,0
c51148bc0bdb11eba7f7acde48001122,0db3321208d311ebbd96ac1f6bf848b6,0.5597,What nationality is Gevherhan Sultan (Daughter Of Selim Ii)'s father?,"Who was born first, Selahattin Seyhun or Nil Tun Maung?",none,all,0,0,1,0,0,1,0,0,1,0
4554d82a0bd911eba7f7acde48001122,3c9ec66a089011ebbd72ac1f6bf848b6,0.5596,Where was the performer of song Det Brinner Ett Ljus born?,Are both Alex Bregman and Francesca Sterlacci from the same country?,none,dense+hybrid,0,0,0,1,0,1,0,0,1,0
f9c02a8c085d11ebbd5cac1f6bf848b6,e39dc22e095f11ebbdafac1f6bf848b6,0.5595,"Which film has the director born first, Spione or Five Million Look For An Heir?","Which film was released first, Insaaniyat or Five Of A Kind?",dense+hybrid,all,0,0,1,0,1,1,1,1,1,1
8ac9de5608e011ebbda1ac1f6bf848b6,0f64620c08dd11ebbd9dac1f6bf848b6,0.5592,"Which film has the director born first, Stella'S Oorlog or Don Juan In A Girls' School?","Which film has the director born earlier, Chaitrada Chandrama or Amelia Lópes O'Neill?",all,dense,0,1,0,0,1,1,1,1,0,0
047992200bdc11eba7f7acde48001122,5574c98c087711ebbd67ac1f6bf848b6,0.5592,Where was the place of death of the composer of song How Long Has This Been Going On??,Are Champagne For Caesar and A Million Ways To Die In The West from the same country?,none,all,0,0,1,0,0,1,0,0,1,0
e710322e089911ebbd77ac1f6bf848b6,7d94852a08cb11ebbd92ac1f6bf848b6,0.559,Do director of film Just Married (1934 Film) and director of film The Thirteenth Commandment share the same nationality?,"Which film has the director died first, Hit Parade Of 1943 or Mr. Reeder In Room 13?",none,none,1,0,0,1,0,0,1,0,0,1
7d569b9108ab11ebbd82ac1f6bf848b6,b665196708a611ebbd7fac1f6bf848b6,0.5589,"Who was born first, Emmanuel Goffi or Mariano Pasini?",Who was born first out of Erick Chipeta and Praveen Agrawal?,all,all,1,1,1,1,1,1,1,1,1,1
33b51db508af11ebbd83ac1f6bf848b6,06af462b08f011ebbda8ac1f6bf848b6,0.5587,"Which film has the director died earlier, The Story Of Anastasia or A Mother Of Men?","Which film was released first, Failure To Launch or Mako: The Jaws Of Death?",none,all,0,0,1,0,0,1,0,0,1,0
84d024380bdd11eba7f7acde48001122,eb6e164d08b211ebbd85ac1f6bf848b6,0.5585,Where was the place of death of the director of film Never The Twain (Film)?,"Which film has the director died later, Blow Your Own Horn or Aaradimanninte Janmi?",none,none,1,0,0,1,0,0,1,0,0,1
aced599e08c811ebbd92ac1f6bf848b6,3c36eba2084b11ebbd56ac1f6bf848b6,0.5585,"Which film was released more recently, An Unreasonable Man or Lay The Favorite?","Which film has the director who died later, Men Of Boys Town or Wild Fruit?",all,none,0,1,0,0,1,0,0,1,0,0
7a36d26d095111ebbdaeac1f6bf848b6,924b5e4e0bdc11eba7f7acde48001122,0.5584,"Which film was released more recently, Cavalcata Di Mezzo Secolo or The Song Of Kaprun?",What is the place of birth of the composer of film Tana (Film)?,all,none,0,1,0,0,1,0,0,1,0,0
49637d220bd911eba7f7acde48001122,65937853086511ebbd5eac1f6bf848b6,0.5583,Who is the father of the director of film Lila & Eve?,"Who was born first, Eveline Hill or Tigran Gharabaghtsyan?",none,all,0,0,1,0,0,1,0,0,1,0
20ddd33208ca11ebbd92ac1f6bf848b6,8b62cbbd08bc11ebbd88ac1f6bf848b6,0.5581,"Who was born later, Marc De Clerck or Wiesław Perszke?","Who lived longer, Claes-Ulrik Winberg or André Piters?",all,all,1,1,1,1,1,1,1,1,1,1
4dbbaf9e089f11ebbd78ac1f6bf848b6,1ed79b0a087411ebbd67ac1f6bf848b6,0.5573,Does Davide Santon have the same nationality as Giuseppe Fonzi?,Was Joe Ollmann or Abdón Cifuentes born first?,all,all,1,1,1,1,1,1,1,1,1,1
ac786909087411ebbd67ac1f6bf848b6,c5e1541a0bdd11eba7f7acde48001122,0.5573,"Are both bands, Snowman (Band) and Jessamine (Band), from the same country?",What nationality is the member of Listen... Tanks! who is also a member of Snow Patrol?,all,all,1,1,1,1,1,1,1,1,1,1
1bfdd2d20bda11eba7f7acde48001122,87e34cd908ac11ebbd83ac1f6bf848b6,0.5569,Who is the spouse of the director of film På Solsiden?,"Who was born later, Anna Margarete Stegmann or Mouloud Feraoun?",none,all,0,0,1,0,0,1,0,0,1,0
d3dc1cbc097211ebbdb0ac1f6bf848b6,73165fb60bdb11eba7f7acde48001122,0.5563,Are both Enmelen and Yelshanka located in the same country?,Which country Şehzade Ömer Hilmi's father is from?,all,bm25+hybrid,0,1,1,1,1,0,0,1,1,1
882b017d089811ebbd77ac1f6bf848b6,3c9ec66a089011ebbd72ac1f6bf848b6,0.5562,Who was born first out of Marco Donadel and Carrie Finlay?,Are both Alex Bregman and Francesca Sterlacci from the same country?,all,dense+hybrid,0,1,0,0,1,1,1,1,1,1
471af9880bdd11eba7f7acde48001122,0926667308d011ebbd95ac1f6bf848b6,0.556,Where was the father of Benjamin Lewis Vulliamy born?,Who was born first out of Eliza Ritchie and Benjamin Nash?,all,all,1,1,1,1,1,1,1,1,1,1
e0906daa098011ebbdb0ac1f6bf848b6,63e8344e085511ebbd59ac1f6bf848b6,0.5559,"Which film was released earlier, Son Contento or Tadbir?","Who was born earlier, Achraf Tadili or Diego De Miguel?",all,all,1,1,1,1,1,1,1,1,1,1
454413e8096b11ebbdafac1f6bf848b6,6800d81a08a511ebbd7dac1f6bf848b6,0.5557,"Which film was released first, Nefertiti, Queen Of The Nile or Two Fists, One Heart?","Which film has the director born later, Time Out For Romance or The Warrior Queen Of Jhansi?",all,none,0,1,0,0,1,0,0,1,0,0
b60a9798089211ebbd74ac1f6bf848b6,57abb4900bdd11eba7f7acde48001122,0.5555,"Who died later, A. V. Aryan or Sadie Heath Cabaniss?",When did Yaza Dewi Of Pagan's husband die?,all,dense,0,1,0,0,1,1,1,1,0,0
9f00dfe2089411ebbd75ac1f6bf848b6,49637d220bd911eba7f7acde48001122,0.5552,"Who was born later, Paolo Marcellini or Dean Evans?",Who is the father of the director of film Lila & Eve?,all,none,0,1,0,0,1,0,0,1,0,0
3f635554096511ebbdafac1f6bf848b6,7e671272097711ebbdb0ac1f6bf848b6,0.5552,Are both Kaufland and Otrag located in the same country?,Are both Al-Kafat and Ali Kasun located in the same country?,dense+hybrid,all,0,0,1,0,1,1,1,1,1,1
1bacbdfe0bdd11eba7f7acde48001122,f5836c51085211ebbd58ac1f6bf848b6,0.5551,What is the place of birth of the performer of song Git (Song)?,"Who was born first, João De Aquino or Yacine Slatni?",none,all,0,0,1,0,0,1,0,0,1,0
dab3639a08a611ebbd7fac1f6bf848b6,ec0867d508e311ebbda4ac1f6bf848b6,0.555,"Who was born later, Bradley Tyler Johnson or Bernardo Freitas?","Which film has the director born later, Escape From The 'Liberty' Cinema or The Man From Tia Juana?",all,none,0,1,0,0,1,0,0,1,0,0
845645da0bda11eba7f7acde48001122,c60ddcc808a511ebbd7dac1f6bf848b6,0.5549,Where did Roberto Civita's father die?,"Who died earlier, Roza Robota or Giovanni Cagliero?",all,all,1,1,1,1,1,1,1,1,1,1
f7c153ce092e11ebbdaeac1f6bf848b6,e6a74e020bdd11eba7f7acde48001122,0.5548,"Which film came out first, Celine: Through The Eyes Of The World or Dilan 1991?",What is the place of birth of the director of film Martial Law (1991 Film)?,none,none,1,0,0,1,0,0,1,0,0,1
04f1ab4808c611ebbd90ac1f6bf848b6,ce42f72908b611ebbd88ac1f6bf848b6,0.5544,"Which film was released more recently, Sacred Silence or Ek Haseena Thi Ek Deewana Tha?","Which film has the director who is older, Det Æ'Kke Te Å Tru or Symphony Of Silence?",all,all,1,1,1,1,1,1,1,1,1,1
f491b33e0bda11eba7f7acde48001122,c39a9f5108c611ebbd91ac1f6bf848b6,0.5541,What is the award that the director of film The Last Night Of The Barbary Coast got?,Did Sam Barsky and Linda Vaughn share the same nationality?,none,all,0,0,1,0,0,1,0,0,1,0
909aa544086411ebbd5eac1f6bf848b6,076f8ece08d211ebbd95ac1f6bf848b6,0.554,"Which film whose director is younger, Joe Palooka In Fighting Mad or Figaro-Ci, Figaro-Là?",Do both films Fig Leaves and Boogeyman (Film) have the directors that share the same nationality?,bm25,dense,0,1,0,0,0,1,0,0,0,1
5c77f7ed08ac11ebbd82ac1f6bf848b6,f13a163908b311ebbd86ac1f6bf848b6,0.554,"Which school was established first, Whitehorse Manor Junior School or Sabawoon Rehabilitation Centre?","Which school was opened first, Chopasni Senior Secondary School, Jodhpur or Tunku Putra School?",bm25,dense,0,1,0,0,0,1,0,0,0,1
789d0273091111ebbdadac1f6bf848b6,aa14a0ac0bdd11eba7f7acde48001122,0.5539,"Which film was released earlier, Extreme Ops or Puberun?",What nationality is the director of film Operation Stadium?,all,none,0,1,0,0,1,0,0,1,0,0
c6413a3e088011ebbd6dac1f6bf848b6,c5e1541a0bdd11eba7f7acde48001122,0.5538,"Did the bands The Vaccines and The Wanted, originate from the same country?",What nationality is the member of Listen... Tanks! who is also a member of Snow Patrol?,none,all,0,0,1,0,0,1,0,0,1,0
88adf4ed089511ebbd75ac1f6bf848b6,6eadfddc0bde11eba7f7acde48001122,0.5535,"Did the movies Passer L'Hiver and In My Skin, originate from the same country?",What is the place of birth of the director of film Bodily Harm (Film)?,dense+hybrid,all,0,0,1,0,1,1,1,1,1,1
f8819f3308a011ebbd78ac1f6bf848b6,e05d2d96086311ebbd5eac1f6bf848b6,0.5534,"Which film has the director who died later, The Death Kiss or Her Luck In London?","Which film has the director died later, Sailor'S Luck or Lutaru Lalna?",none,none,1,0,0,1,0,0,1,0,0,1
8b62cbbd08bc11ebbd88ac1f6bf848b6,fdc32c6608a211ebbd7bac1f6bf848b6,0.5522,"Who lived longer, Claes-Ulrik Winberg or André Piters?","Who was born first, Bogdan Țăruș or Robert Wulnikowski?",all,all,1,1,1,1,1,1,1,1,1,1
d6074911090011ebbdadac1f6bf848b6,28888b78088311ebbd6dac1f6bf848b6,0.552,"Which film came out first, Repeated Absences or She Wore A Yellow Ribbon?","Which film has the director born later, Abenteuer In Bamsdorf or Never Again As Before?",none,all,0,0,1,0,0,1,0,0,1,0
3f635554096511ebbdafac1f6bf848b6,a3f2dc13098911ebbdb0ac1f6bf848b6,0.5514,Are both Kaufland and Otrag located in the same country?,Are Bilthoven and Herveld both located in the same country?,dense+hybrid,dense+hybrid,1,0,0,1,1,1,1,1,1,1
c789bc3b087211ebbd66ac1f6bf848b6,1ccc20e00bdc11eba7f7acde48001122,0.5512,"Which film came out first, Natürlich Die Nelli or Cairo Declaration (Film)?",Where does the director of film Die Abfahrer work at?,none,all,0,0,1,0,0,1,0,0,1,0
df6ec5f60bd911eba7f7acde48001122,5965f45d089b11ebbd78ac1f6bf848b6,0.5511,Where was the place of death of the director of film Valley Of The Giants (Film)?,"Who died earlier, Samson Occom or Imre Wampetich?",all,all,1,1,1,1,1,1,1,1,1,1
7e73e6560bdd11eba7f7acde48001122,2a06ac6808b311ebbd86ac1f6bf848b6,0.5506,What is the place of birth of the director of film Tři Chlapi V Chalupě?,"Which film was released more recently, Horas Marcadas or Tiny Times 3?",bm25,all,0,1,1,1,0,1,0,0,1,0
8efdf71808af11ebbd83ac1f6bf848b6,5b66327608f011ebbda8ac1f6bf848b6,0.5504,"Who was born first, Botir Qoraev or István Ujhelyi?","Who was born later, Narayana Kasturi or Sigismund Toduță?",all,all,1,1,1,1,1,1,1,1,1,1
0f44750808e411ebbda4ac1f6bf848b6,b7af3ede0bdd11eba7f7acde48001122,0.5504,"Who was born earlier, Silas Hardy or Lee Mantle?",Where does William Henry Fitzhugh Lee's father work at?,all,dense,0,1,0,0,1,1,1,1,0,0
47806bc308c411ebbd8eac1f6bf848b6,6b62ba5a0bde11eba7f7acde48001122,0.5503,"Which film was released first, Ekam – Son Of Soil or Farber'S Nerve?",Which country the director of film Secrets Of A Door-To-Door Salesman is from?,none,all,0,0,1,0,0,1,0,0,1,0
3c44771e08b211ebbd85ac1f6bf848b6,95e9339a095011ebbdaeac1f6bf848b6,0.5501,"Which film came out first, Ami Neta Hobo or Hood Of The Living Dead?","Which film was released more recently, Hit Of The Show or The Incredibly Strange Creatures Who Stopped Living And Became Mixed-Up Zombies?",all,bm25+hybrid,0,1,1,1,1,0,0,1,1,1
f3a0ade8087611ebbd67ac1f6bf848b6,ec70a8a308a311ebbd7cac1f6bf848b6,0.5498,"Who lived longer, Gustav Philipp Mörl or Giuseppe Diotti?","Who lived longer, Werner Mensching or Karel Zich?",none,all,0,0,1,0,0,1,0,0,1,0
05ff422508cc11ebbd93ac1f6bf848b6,061db5dc0bde11eba7f7acde48001122,0.5495,Was Dudley Russell or Juan René Serrano born first?,What is the place of birth of the director of film Blues Metropolitano?,all,all,1,1,1,1,1,1,1,1,1,1
0d77cf5a0bdb11eba7f7acde48001122,edfc5c27087011ebbd63ac1f6bf848b6,0.5493,What is the place of birth of the director of film Crazy Alien?,"Who is younger, Jack Mildren or Alf Hellevik?",bm25,all,0,1,1,1,0,1,0,0,1,0
18d4a1f8085611ebbd59ac1f6bf848b6,e4ccf7f1096411ebbdafac1f6bf848b6,0.549,Are the directors of both films The Fall Of A Saint and Fighting Through from the same country?,"Which film came out earlier, The Champion Of Pontresina or The Bulleteers?",none,all,0,0,1,0,0,1,0,0,1,0
1b91365c08a311ebbd7bac1f6bf848b6,5b522cbd089711ebbd77ac1f6bf848b6,0.5488,"Who died first, Louis-René De Caradeuc De La Chalotais or Hermann Friedrich Graebe?","Who died first, Marguerite De Navarre or Leo Lankinen?",all,all,1,1,1,1,1,1,1,1,1,1
2935f1640bda11eba7f7acde48001122,e1be6152086611ebbd5eac1f6bf848b6,0.5485,Where was the place of death of the director of film Beat Girl?,"Which film was released more recently, Toto In Hell or Girl On The Loose?",none,all,0,0,1,0,0,1,0,0,1,0
64c134bc08b211ebbd85ac1f6bf848b6,b0f743e3094f11ebbdaeac1f6bf848b6,0.5484,"Which film was released more recently, The Devil'S Rock or The Flyboys (Film)?","Which film came out first, Ninja In The Dragon'S Den or Ed (Film)?",all,all,1,1,1,1,1,1,1,1,1,1
6d79d267087211ebbd65ac1f6bf848b6,9b08d2780bdc11eba7f7acde48001122,0.5483,"Are the bands The Catheters and Dark At Dawn, from the same country?",What nationality is the singer of Pre (Band)?,none,dense+hybrid,0,0,0,1,0,1,0,0,1,0
f7b1002b099a11ebbdb0ac1f6bf848b6,5e849c97088b11ebbd6fac1f6bf848b6,0.548,"Are Doboy Railway Station and Adamstown Railway Station, New South Wales located in the same country?","Which film was released more recently, The Doberman Gang or King Of The Newsboys?",all,all,1,1,1,1,1,1,1,1,1,1
9f62be2008ac11ebbd83ac1f6bf848b6,48ba7ee20bda11eba7f7acde48001122,0.5476,Do Kreesha Turner and Samantha Jo share the same nationality?,Who is the spouse of the director of film Marie-Jo And Her Two Lovers?,all,none,0,1,0,0,1,0,0,1,0,0
8d2382e0085811ebbd5aac1f6bf848b6,48b07de00bb011ebab90acde48001122,0.5476,Was Şemsettin Baş or Gwenc'Hlan Le Scouëzec born first?,Who is Duchess Marie Louise Of Mecklenburg-Schwerin's paternal grandfather?,all,all,1,1,1,1,1,1,1,1,1,1
7c490349090311ebbdadac1f6bf848b6,7a36d26d095111ebbdaeac1f6bf848b6,0.5465,"Which film was released more recently, Lo Zappatore or Placer Sangriento?","Which film was released more recently, Cavalcata Di Mezzo Secolo or The Song Of Kaprun?",all,all,1,1,1,1,1,1,1,1,1,1
0dc61372094b11ebbdaeac1f6bf848b6,d6003284088e11ebbd70ac1f6bf848b6,0.5463,"Which film was released earlier, Nesmrtelná Teta or Illang: The Wolf Brigade?","Which film was released first, The Pirate'S Dream or Prem Mhanje Prem Mhanje Prem Asta?",all,all,1,1,1,1,1,1,1,1,1,1
1a344858086711ebbd5eac1f6bf848b6,b4edfcb108fb11ebbdacac1f6bf848b6,0.5463,"Which film has the director who was born earlier, All About Anna or Spy Today, Die Tomorrow?",Are Ami Magazine and Spy (Magazine) from the same country?,none,none,1,0,0,1,0,0,1,0,0,1
9b08d2780bdc11eba7f7acde48001122,2da46a3f08f311ebbdaaac1f6bf848b6,0.546,What nationality is the singer of Pre (Band)?,Was Hippolyte-Julien-Joseph Lucas or Gary Wagner (Dj) born first?,dense+hybrid,all,0,0,1,0,1,1,1,1,1,1
6e4854a00bde11eba7f7acde48001122,462bb642099211ebbdb0ac1f6bf848b6,0.5459,What is the place of birth of Samir Rifai's father?,Are Marufabad and Nasamkhrali both located in the same country?,dense,all,0,0,1,0,1,1,1,0,1,0
d29bc89e094811ebbdaeac1f6bf848b6,00fe8ebc08e311ebbda4ac1f6bf848b6,0.5458,"Which album came out first, Kind Of Love or Around The Fur?","Which film has the director who was born first, Cross Of Love or Ljuvlig Är Sommarnatten?",none,dense,0,0,0,1,0,1,0,0,0,1
0a71ec9f08e511ebbda4ac1f6bf848b6,1bb538ec0bda11eba7f7acde48001122,0.5457,"Who was born earlier, Raúl Osorio or James B. Harris?",What is the place of birth of the director of film Chronicles Of A Dive Bomber?,all,bm25+hybrid,0,1,1,1,1,0,0,1,1,1
5fdf9c8008b311ebbd86ac1f6bf848b6,ec70a8a308a311ebbd7cac1f6bf848b6,0.5456,"Who lived longer, Huchtenburg or Benjamin Nottingham Webster?","Who lived longer, Werner Mensching or Karel Zich?",dense+hybrid,all,0,0,1,0,1,1,1,1,1,1
ada1b358085211ebbd58ac1f6bf848b6,be0a16240baf11ebab90acde48001122,0.5452,"Who died first, Fleetwood Sheppard or George William Whitaker?",Who is the paternal grandmother of Prince William Of Hesse-Kassel?,all,all,1,1,1,1,1,1,1,1,1,1
c38c6f3e0bdc11eba7f7acde48001122,946f76c2088c11ebbd6fac1f6bf848b6,0.545,"Where does the director of film L'Arbre, Le Maire Et La Médiathèque work at?",Were Kevin Arnould and Charles Eugène Leprieur from the same country?,dense,all,0,0,1,0,1,1,1,0,1,0
6638a0f0084e11ebbd56ac1f6bf848b6,1c0dd3b00bdc11eba7f7acde48001122,0.5446,Are both Nikolsk Airport and Svobodny Airport located in the same country?,Which country Aleksander Koniecpolski (1620–1659)'s father is from?,all,dense+hybrid,0,1,0,0,1,1,1,1,1,1
69e0e0a008e611ebbda5ac1f6bf848b6,8be3dafe08d511ebbd98ac1f6bf848b6,0.5439,"Which film was released more recently, Bidasari or Tangled Trails?","Which film whose director was born first, Swamp Women or Tracy Rides?",all,dense+hybrid,0,1,0,0,1,1,1,1,1,1
982f8e440bdb11eba7f7acde48001122,bd058dbd08fd11ebbdadac1f6bf848b6,0.5436,When was the company that published American Scientist founded?,"Which magazine was published first, Graphotism or Amiga World?",all,all,1,1,1,1,1,1,1,1,1,1
c531e7560baf11ebab90acde48001122,d13381ae08da11ebbd9cac1f6bf848b6,0.5435,Who is Marie Zéphyrine Of France's paternal grandmother?,"Who was born later, Joseph J. Magliocco or Viktoriya Zeynep Güneş?",all,all,1,1,1,1,1,1,1,1,1,1
7d94382208d011ebbd95ac1f6bf848b6,a16158840bdc11eba7f7acde48001122,0.5433,Do Alice Mary Dowd and Richard N. Palmer have the same nationality?,Where was the place of death of the director of film A Mother'S Heart?,none,none,1,0,0,1,0,0,1,0,0,1
4e84cd2d08bb11ebbd88ac1f6bf848b6,dffa1f8a0bdd11eba7f7acde48001122,0.5429,"Who is younger, Justin Paul or Helly Shah?",Where was the keyboardist of Xyz (English Band) born?,all,dense,0,1,0,0,1,1,1,1,0,0
990a177a08a311ebbd7bac1f6bf848b6,801915340bd911eba7f7acde48001122,0.5427,"Who was born first, Patrik Lácha or Brad Booth?",Where was the director of film Driftwood (2006 Film) born?,dense+hybrid,all,0,0,1,0,1,1,1,1,1,1
bef95be60bda11eba7f7acde48001122,2eec9ea609ba11ebbdb0ac1f6bf848b6,0.5427,Where was the place of death of Salin Mibaya's husband?,Are Salla Huancane and Ichhu Rutuna located in the same country?,none,all,0,0,1,0,0,1,0,0,1,0
ada1b358085211ebbd58ac1f6bf848b6,47747f5408bc11ebbd88ac1f6bf848b6,0.5423,"Who died first, Fleetwood Sheppard or George William Whitaker?","Who was born first, William L. Holland or Dale Vince?",all,dense+hybrid,0,1,0,0,1,1,1,1,1,1
16ee4aa308be11ebbd8aac1f6bf848b6,7b3bcff60bda11eba7f7acde48001122,0.5422,"Who was born later, Ramón Corona or Ernest William Goodpasture?",What is the place of birth of the director of film Winds Of The Pampas?,all,all,1,1,1,1,1,1,1,1,1,1
b26e04e80bdb11eba7f7acde48001122,c6e9cade086211ebbd5dac1f6bf848b6,0.5422,Who is the father of the director of film Mirage (1972 Film)?,"Who died later, Marcel Dassault or Leopoldo Alfredo Bravo?",dense,all,0,0,1,0,1,1,1,0,1,0
686679880bdc11eba7f7acde48001122,66a3188c08f211ebbdaaac1f6bf848b6,0.5421,What is the place of birth of the director of film The White Terror (Film)?,"Who is older, Ivan Rajčić or Jacob Whitesides?",all,all,1,1,1,1,1,1,1,1,1,1
26351014096711ebbdafac1f6bf848b6,e2ec9eea0bdb11eba7f7acde48001122,0.5416,"Which film was released more recently, Moscow Pride '06 or My Favourite Fabric?",What is the place of birth of the director of film The Admirer?,all,none,0,1,0,0,1,0,0,1,0,0
c55aecfe08ae11ebbd83ac1f6bf848b6,2fa728f20bde11eba7f7acde48001122,0.5413,"Who was born later, Richard Longstreth or Jenny Algelid-Bengtsson?","Where was the husband of Florence Bligh, Countess Of Darnley born?",all,dense,0,1,0,0,1,1,1,1,0,0
b7f44ced090d11ebbdadac1f6bf848b6,6a3f3a92085d11ebbd5cac1f6bf848b6,0.5412,"Which film was released earlier, Gangai Karai Paattu or God In Heaven... Arizona On Earth?","Which film has the director died later, God'S Will Be Done or Riding On Air?",all,none,0,1,0,0,1,0,0,1,0,0
00c2089e089911ebbd77ac1f6bf848b6,4b443b0e0bde11eba7f7acde48001122,0.541,"Who was born first, Lamine Fomba or Michael Hagan?",What is the place of birth of the director of film The Naked Island?,all,none,0,1,0,0,1,0,0,1,0,0
0cc593140bde11eba7f7acde48001122,fdce7ee0095111ebbdaeac1f6bf848b6,0.5409,Where was the place of burial of Nebetah's mother?,"Which film was released earlier, Engal Aasan or The Mummy'S Tomb?",dense,all,0,0,1,0,1,1,1,0,1,0
ad437572089811ebbd77ac1f6bf848b6,926f4e660bdd11eba7f7acde48001122,0.5406,Do John Amyas Alexander and Albert Seward share the same nationality?,Which country John Albert Vasa's father is from?,none,all,0,0,1,0,0,1,0,0,1,0
97ce0ec00baf11ebab90acde48001122,dfb8686808d311ebbd96ac1f6bf848b6,0.5402,Who is Henriette Of France (1727–1752)'s maternal grandfather?,"Who lived longer, Les Sille or William Grant Still?",bm25,all,0,1,1,1,0,1,0,0,1,0
99f4bab408f011ebbda8ac1f6bf848b6,9cf73a920bdd11eba7f7acde48001122,0.54,"Who was born later, H. Hawkline or Jimmy Kennedy?",What is the place of birth of Patricia Kennedy Lawford's father?,all,dense+hybrid,0,1,0,0,1,1,1,1,1,1
a9cc5f240bdb11eba7f7acde48001122,3252f09908c511ebbd8eac1f6bf848b6,0.5398,Who is the spouse of the director of film Eden And After?,"Who is older, Kevin Hennessy or Emilia Bayer?",dense,all,0,0,1,0,1,1,1,0,1,0
79675c6e0bd911eba7f7acde48001122,95b5b8da08bd11ebbd8aac1f6bf848b6,0.5398,Which country the director of film Ulzhan is from?,"Which film was released first, The Cemetery Club or Uzhaikkum Karangal?",dense,all,0,0,1,0,1,1,1,0,1,0
6e9a0d6a08eb11ebbda7ac1f6bf848b6,69b5d9640bdc11eba7f7acde48001122,0.5397,Are both Țerova and Slava (River) located in the same country?,Where was the place of death of the director of film Fight Of The Tertia (1952 Film)?,all,dense,0,1,0,0,1,1,1,1,0,0
6c870130089f11ebbd78ac1f6bf848b6,f4e4e862089011ebbd72ac1f6bf848b6,0.5395,Are Paris Sewer Museum and Musée National Des Douanes located in the same country?,Are director of film Dortoir Des Grandes and director of film Is Paris Burning? (Film) both from the same country?,all,none,0,1,0,0,1,0,0,1,0,0
df25946e08b211ebbd85ac1f6bf848b6,b5dfb818089011ebbd72ac1f6bf848b6,0.5391,"Which film has the director who died first, A Dream Or Two Ago or Why Leave Home??","Which film was released earlier, Yohan: The Child Wanderer or A Nightmare On Elm Street 4: The Dream Master?",dense,bm25+hybrid,0,0,1,0,1,0,0,0,1,0
14cab6da08f611ebbdaaac1f6bf848b6,e2ec9eea0bdb11eba7f7acde48001122,0.5391,Are Sydney Park (Actress) and Karl August Folkers of the same nationality?,What is the place of birth of the director of film The Admirer?,all,none,0,1,0,0,1,0,0,1,0,0
6c0fb8b6088b11ebbd6fac1f6bf848b6,5412c02008d211ebbd95ac1f6bf848b6,0.5389,Are both Lac À La Catin and Batiscan Lake (Quebec) located in the same country?,Are both Little Partridge River (Ontario) and Louse Creek (Alaska) located in the same country?,none,all,0,0,1,0,0,1,0,0,1,0
38ad21b40bdd11eba7f7acde48001122,bc6ac3f7095511ebbdaeac1f6bf848b6,0.5388,Where was the place of death of the director of film The Stone Rider?,"Which film was released first, Sunset In Naples or The Storm Rider?",all,dense+hybrid,0,1,0,0,1,1,1,1,1,1
677658e80bde11eba7f7acde48001122,cad698fe086311ebbd5eac1f6bf848b6,0.5383,Which country the composer of song Seconds (Song) is from?,"Are both bands, The Renegades (Band) and Second Hand (Band), from the same country?",none,dense+hybrid,0,0,0,1,0,1,0,0,1,0
859991680bda11eba7f7acde48001122,45cd2d1c08c211ebbd8bac1f6bf848b6,0.5381,What is the place of birth of the director of film Stopp! Tänk På Något Annat?,"Which film was released earlier, Mercadet or Nangna Kappa Pakchade?",none,all,0,0,1,0,0,1,0,0,1,0
f8aa0d06086311ebbd5eac1f6bf848b6,cd56b2d708c111ebbd8bac1f6bf848b6,0.5379,"Which film has the director died earlier, Remember The Day or Cast Up By The Sea?","Which film came out first, Legend Of The Sea Wolf or Irvine Welsh'S Ecstasy?",dense+hybrid,all,0,0,1,0,1,1,1,1,1,1
146b7443086611ebbd5eac1f6bf848b6,4aa187080baf11ebab90acde48001122,0.5378,"Who lived longer, Edward Dearle or Michael Doeberl?",Who is the paternal grandmother of Edward I Of England?,all,none,0,1,0,0,1,0,0,1,0,0
91e7e3780baf11ebab90acde48001122,4aa79a4008ca11ebbd92ac1f6bf848b6,0.5377,Who is the father-in-law of Ri Sol-Ju?,"Who was born earlier, Ren Changxia or Tsui Hark?",dense,all,0,0,1,0,1,1,1,0,1,0
c21fb3ab08a711ebbd7fac1f6bf848b6,79f5d959090411ebbdadac1f6bf848b6,0.5366,"Which film has the director who died earlier, Guns And Guitars or To The Victor?","Which album was released earlier, The Answers or The Experimental Guitar Series Volume 1: The Guitar As Orchestra?",dense+hybrid,none,0,0,0,1,1,0,0,1,0,0
3c44771e08b211ebbd85ac1f6bf848b6,637e1a02095b11ebbdaeac1f6bf848b6,0.5364,"Which film came out first, Ami Neta Hobo or Hood Of The Living Dead?","Which film came out first, The Lunchbox or House Of Mortal Sin?",all,all,1,1,1,1,1,1,1,1,1,1
f6f9fbdc0bd911eba7f7acde48001122,6a53eb53089b11ebbd78ac1f6bf848b6,0.5364,What nationality is the director of film Vortex (1976 Film)?,"Who is older, Boris Mavashev or Geraldo Vandré?",dense+hybrid,all,0,0,1,0,1,1,1,1,1,1
aa9aee6908f011ebbda8ac1f6bf848b6,c97a9d3c08c411ebbd8eac1f6bf848b6,0.5359,Are Graduate University Of Advanced Technology and Fruita Schoolhouse located in the same country?,"Which university was established first, Universidad Autónoma De La Laguna or Penang Free School?",all,none,0,1,0,0,1,0,0,1,0,0
11963eee0bb011ebab90acde48001122,94415cd008e911ebbda7ac1f6bf848b6,0.5359,Who is the paternal grandfather of Guy Le Strange?,Are Brian Part and John Mosca both from the same country?,dense,dense+hybrid,0,0,0,1,1,1,1,0,1,0
fa58491e084b11ebbd56ac1f6bf848b6,c8c9313a0baf11ebab90acde48001122,0.5358,"Who died later, Narcís Ventalló or H. Verlan Andersen?",Who is the paternal grandfather of George De Salis?,all,none,0,1,0,0,1,0,0,1,0,0
37a485c308c311ebbd8dac1f6bf848b6,b2a8d7b60bdc11eba7f7acde48001122,0.5357,Did Lenny Mcallister and Ken Xie have the same nationality?,Where was the director of film The Making Of Plus One born?,dense+hybrid,none,0,0,0,1,1,0,0,1,0,0
c38c6f3e0bdc11eba7f7acde48001122,024952c6099a11ebbdb0ac1f6bf848b6,0.5356,"Where does the director of film L'Arbre, Le Maire Et La Médiathèque work at?",Are both Les Coquetiers Railway Station and Gare De Pont-Noblia-Bidarray located in the same country?,dense,all,0,0,1,0,1,1,1,0,1,0
0323cdea090d11ebbdadac1f6bf848b6,d5cb95f108b511ebbd88ac1f6bf848b6,0.5354,"Which film came out earlier, Emmy Of Stork'S Nest or Indira Vizha?","Which film has the director who was born later, Til Sæters or Ruben Guthrie?",all,none,0,1,0,0,1,0,0,1,0,0
6c7b27ac0bb011ebab90acde48001122,8115d246087b11ebbd68ac1f6bf848b6,0.5352,"Who is Adolf, Duke Of Bavaria's maternal grandfather?","Who lived longer, A.-M. Julien or Ernst Zu Münster?",none,all,0,0,1,0,0,1,0,0,1,0
b6a50cf60bda11eba7f7acde48001122,489c296508d911ebbd9cac1f6bf848b6,0.5349,What nationality is Nawrahta Minsaw's father?,"Who was born earlier, J Yaw Wu or Eduard Hämäläinen?",none,all,0,0,1,0,0,1,0,0,1,0
653dfa8f08f211ebbdaaac1f6bf848b6,fc7f4fde08bf11ebbd8aac1f6bf848b6,0.5346,"Who lived longer, Philippe Solari or Stephen Jurika?",Are both directors of films Escape From East Berlin and A Place In The Sun (Film) from the same country?,all,dense,0,1,0,0,1,1,1,1,0,0
b8d121ba099d11ebbdb0ac1f6bf848b6,bb5b1ade0bd911eba7f7acde48001122,0.5346,"Are both stations, Muzaffargarh Railway Station and Raisan Railway Station, located in the same country?",What is the place of birth of Princess Raiyah Bint Hussein's father?,all,dense+hybrid,0,1,0,0,1,1,1,1,1,1
9bdf26a0085a11ebbd5cac1f6bf848b6,ab9e91140bdb11eba7f7acde48001122,0.5344,"Who lived longer, Neil Lloyd Macky or Domenico Cosselli?","What is the date of birth of Henry Prittie, 2Nd Baron Dunalley's father?",all,all,1,1,1,1,1,1,1,1,1,1
e4ccf7f1096411ebbdafac1f6bf848b6,76e8c33e096e11ebbdb0ac1f6bf848b6,0.5344,"Which film came out earlier, The Champion Of Pontresina or The Bulleteers?","Which film came out earlier, Gran Torino or Rivaaj?",all,all,1,1,1,1,1,1,1,1,1,1
1d4139960bde11eba7f7acde48001122,acfd28ca094b11ebbdaeac1f6bf848b6,0.5342,What is the place of birth of the director of film Double Or Nothing (1940 Film)?,"Which film was released earlier, Narco Cultura or Deuxième Vie?",all,all,1,1,1,1,1,1,1,1,1,1
dab3639a08a611ebbd7fac1f6bf848b6,2ec211d7086911ebbd5eac1f6bf848b6,0.534,"Who was born later, Bradley Tyler Johnson or Bernardo Freitas?","Who is younger, John Duncan Macfarlane or Andrés Manuel Del Río?",all,all,1,1,1,1,1,1,1,1,1,1
28ad4ad0092a11ebbdaeac1f6bf848b6,dbf6cc6d090d11ebbdadac1f6bf848b6,0.5339,"Which film was released more recently, Circus Of Love or The Kiss Of Evil?","Which film was released earlier, Siyaah or Shadow Of Evil?",all,all,1,1,1,1,1,1,1,1,1,1
8b884d040bd911eba7f7acde48001122,f1baf1f7089d11ebbd78ac1f6bf848b6,0.5339,Where was the director of film Mister Scarface born?,Are John F. Mulholland Jr. and Tony Succar of the same nationality?,all,all,1,1,1,1,1,1,1,1,1,1
48ba7ee20bda11eba7f7acde48001122,3bd57460084d11ebbd56ac1f6bf848b6,0.5338,Who is the spouse of the director of film Marie-Jo And Her Two Lovers?,"Which film was released more recently, A Wicked Tale or There Were Two Bachelors?",none,all,0,0,1,0,0,1,0,0,1,0
2ad285a7087811ebbd67ac1f6bf848b6,63e8344e085511ebbd59ac1f6bf848b6,0.5336,"Who is older, Adam Quick or Vicente Costa?","Who was born earlier, Achraf Tadili or Diego De Miguel?",all,all,1,1,1,1,1,1,1,1,1,1
dc6985ea096211ebbdafac1f6bf848b6,024952c6099a11ebbdb0ac1f6bf848b6,0.5336,"Which one was established first, Noerr or Korn Ferry?",Are both Les Coquetiers Railway Station and Gare De Pont-Noblia-Bidarray located in the same country?,none,all,0,0,1,0,0,1,0,0,1,0
633132f008b711ebbd88ac1f6bf848b6,9fd3d55f08cc11ebbd93ac1f6bf848b6,0.5335,"Who was born later, D'Arcy Coulson or Thomas William Adams?","Who died earlier, Daniel Maynadier Henry or Richard Westmacott (The Younger)?",all,all,1,1,1,1,1,1,1,1,1,1
c3c94d0a0bdc11eba7f7acde48001122,f6721c9208fc11ebbdadac1f6bf848b6,0.5335,Who is the child of the director of film La Leona (Film)?,"Are the movies Je Suis Né D'Une Cigogne and La Chair De L'Orchidée, from the same country?",none,none,1,0,0,1,0,0,1,0,0,1
60acf35c0bdc11eba7f7acde48001122,19cc102e088211ebbd6dac1f6bf848b6,0.5334,Who is the spouse of the director of film Zabak?,Who was born first out of Misaele Draunibaka and Ross Clark?,all,all,1,1,1,1,1,1,1,1,1,1
fd01563408e711ebbda6ac1f6bf848b6,33cf79380bda11eba7f7acde48001122,0.533,"Which film was released first, Mawali No.1 or Vous Êtes De La Police??",What is the place of birth of the director of film The First Monday In May?,dense+hybrid,dense,0,0,0,1,1,1,1,1,0,0
b69ad95c08ad11ebbd83ac1f6bf848b6,afc6b59708b611ebbd88ac1f6bf848b6,0.5326,"Which film came out earlier, Aanaval Mothiram or Heroes Of The Street?","Which film has the director born earlier, Main Tera Hero or Betrayed Women?",none,none,1,0,0,1,0,0,1,0,0,1
49ec1ade0bdd11eba7f7acde48001122,922019dc08d011ebbd95ac1f6bf848b6,0.5318,"Where did the director of film My Heidelberg, I Can Not Forget You die?","Who was born later, Zhang Mengying or Wolfgang Herrndorf?",all,all,1,1,1,1,1,1,1,1,1,1
c3c94d0a0bdc11eba7f7acde48001122,e0036a5d086a11ebbd5fac1f6bf848b6,0.5315,Who is the child of the director of film La Leona (Film)?,"Who was born earlier, Ela Gandhi or Sebastián Borensztein?",none,all,0,0,1,0,0,1,0,0,1,0
d0cadba7088f11ebbd72ac1f6bf848b6,cd665d0c0bdd11eba7f7acde48001122,0.531,"Who died later, Stephen De Staebler or Samuel Arthur Saunder?",What is the place of birth of Karin Stoltenberg's husband?,all,bm25+dense,0,1,1,1,1,1,1,1,0,0
fb823a6f08f711ebbdaaac1f6bf848b6,c60ddcc808a511ebbd7dac1f6bf848b6,0.5309,"Who lived longer, Antonio Caggiano or Hardyal Singh?","Who died earlier, Roza Robota or Giovanni Cagliero?",all,all,1,1,1,1,1,1,1,1,1,1
6e0f4e5d08e211ebbda4ac1f6bf848b6,28633370089511ebbd75ac1f6bf848b6,0.5302,"Which film has the director born later, The Man Who Murdered or Newness?",Are both The Trial Of Mary Dugan (1941 Film) and Undisputed (Film) from the same country?,all,all,1,1,1,1,1,1,1,1,1,1
7250010e0bdb11eba7f7acde48001122,483a00fd08a611ebbd7eac1f6bf848b6,0.5297,Where was the place of burial of Kunigunde Of Poland's father?,"Who lived longer, Andrzej Markowski or François Missoffe?",none,all,0,0,1,0,0,1,0,0,1,0
4f0d28fb088b11ebbd6fac1f6bf848b6,5b522cbd089711ebbd77ac1f6bf848b6,0.5293,"Who lived longer, Louis-Armand-Constantin De Rohan or Adalberto Pereira Dos Santos?","Who died first, Marguerite De Navarre or Leo Lankinen?",all,all,1,1,1,1,1,1,1,1,1,1
f86dd5180bdb11eba7f7acde48001122,72905066086f11ebbd62ac1f6bf848b6,0.5293,What is the place of birth of the director of film Aurora (2018 Film)?,"Who was born earlier, Seth Andrews or Seo Bong-Soo?",none,all,0,0,1,0,0,1,0,0,1,0
922019dc08d011ebbd95ac1f6bf848b6,c54c75a208db11ebbd9cac1f6bf848b6,0.5293,"Who was born later, Zhang Mengying or Wolfgang Herrndorf?",Are Ding Yaping and Johann Christian Gustav Lucae of the same nationality?,all,all,1,1,1,1,1,1,1,1,1,1
95e9339a095011ebbdaeac1f6bf848b6,f62ae4f9096911ebbdafac1f6bf848b6,0.5293,"Which film was released more recently, Hit Of The Show or The Incredibly Strange Creatures Who Stopped Living And Became Mixed-Up Zombies?","Which film was released more recently, Brudebuketten or Clownery?",bm25+hybrid,all,0,1,1,1,0,1,0,1,1,1
5c7fbb01091a11ebbdaeac1f6bf848b6,bffe56600bdd11eba7f7acde48001122,0.5292,"Which album came out earlier, Was I The Wave? or Kingdom Of Rock?",Which country the performer of song I Might Have Been Queen is from?,none,dense+hybrid,0,0,0,1,0,1,0,0,1,0
9893834c092711ebbdaeac1f6bf848b6,45a190120bdd11eba7f7acde48001122,0.5288,"Which film was released more recently, Gaza Ghetto or Kull The Conqueror?",Where was the director of film Outlaw: The Saga Of Gisli born?,all,none,0,1,0,0,1,0,0,1,0,0
dc619d4808b911ebbd88ac1f6bf848b6,f414cc960bdc11eba7f7acde48001122,0.5282,"Who died earlier, Chiang Chung-Ling or George Andreadis?",Where was the place of burial of the director of film The Secret Of Dr. Kildare?,all,none,0,1,0,0,1,0,0,1,0,0
b4e780a5088f11ebbd72ac1f6bf848b6,c0409500088f11ebbd72ac1f6bf848b6,0.5282,Are Little Sachigo Lake and Holden Lake located in the same country?,Are Half Mile Lagoon and Lake Waitaki both located in the same country?,all,all,1,1,1,1,1,1,1,1,1,1
e618b2c608c911ebbd92ac1f6bf848b6,c60ddcc808a511ebbd7dac1f6bf848b6,0.528,"Who lived longer, Giuseppe Cesari or Nicos Poulantzas?","Who died earlier, Roza Robota or Giovanni Cagliero?",dense,all,0,0,1,0,1,1,1,0,1,0
445f3df708b511ebbd88ac1f6bf848b6,c97a9d3c08c411ebbd8eac1f6bf848b6,0.5278,Are Bal Vidyalaya (Kota) and Loreto House both located in the same country?,"Which university was established first, Universidad Autónoma De La Laguna or Penang Free School?",dense+hybrid,none,0,0,0,1,1,0,0,1,0,0
7e73e6560bdd11eba7f7acde48001122,8522d9b2092011ebbdaeac1f6bf848b6,0.5277,What is the place of birth of the director of film Tři Chlapi V Chalupě?,"Which film was released first, Koko And The Ghosts or Cheppave Chirugali?",bm25,all,0,1,1,1,0,1,0,0,1,0
948c33ea0baf11ebab90acde48001122,ec02d06708a811ebbd7fac1f6bf848b6,0.5275,Who is the paternal grandfather of Naja Rosa?,"Who lived longer, Gustav Lindau or Nafija Sarajlić?",dense,all,0,0,1,0,1,1,1,0,1,0
cd45d99808f211ebbdaaac1f6bf848b6,45cd2d1c08c211ebbd8bac1f6bf848b6,0.5275,"Which film was released more recently, Il Marchio Di Kriminal or Nandhi?","Which film was released earlier, Mercadet or Nangna Kappa Pakchade?",all,all,1,1,1,1,1,1,1,1,1,1
215df1140bb011ebab90acde48001122,7ebeb03c08e511ebbda4ac1f6bf848b6,0.5273,"Who is the paternal grandfather of George Lyon, 5Th Lord Glamis?","Who was born earlier, Allen George Newman or James Dickson Phillips Jr.?",all,all,1,1,1,1,1,1,1,1,1,1
8da9737a0bb011ebab90acde48001122,18be7d3d08b111ebbd85ac1f6bf848b6,0.5271,Who is the paternal grandfather of Yi Hong?,"Who was born earlier, Marco Bortolami or Yan Yan Chan?",dense,all,0,0,1,0,1,1,1,0,1,0
ce103d440bd911eba7f7acde48001122,6edbf9d608a411ebbd7cac1f6bf848b6,0.527,Where was the director of film Veera Thalattu born?,"Who is younger, Jonetani Ralulu or Andre Blay?",dense+hybrid,all,0,0,1,0,1,1,1,1,1,1
42f6d3b208b911ebbd88ac1f6bf848b6,0f9457e80bdd11eba7f7acde48001122,0.527,"Who is older, Dyson Parody or Gene Watson?",Where was the director of film The Snob Buster born?,all,dense,0,1,0,0,1,1,1,1,0,0
cad698fe086311ebbd5eac1f6bf848b6,99d7edfa086011ebbd5dac1f6bf848b6,0.5266,"Are both bands, The Renegades (Band) and Second Hand (Band), from the same country?",Are The Human League and Agents Of Good Roots from the same country?,dense+hybrid,none,0,0,0,1,1,0,0,1,0,0
c30b9f8108b211ebbd85ac1f6bf848b6,c811e4200bdd11eba7f7acde48001122,0.5265,"Who was born later, Levon Julfalakyan or Charlotte Spurkeland?",What is the place of birth of the director of film Centaur (2016 Film)?,all,dense+hybrid,0,1,0,0,1,1,1,1,1,1
00ea5297094a11ebbdaeac1f6bf848b6,c6413a3e088011ebbd6dac1f6bf848b6,0.5263,"Which album was released more recently, The Arockalypse or Because The Internet?","Did the bands The Vaccines and The Wanted, originate from the same country?",none,none,1,0,0,1,0,0,1,0,0,1
3e3cd62a086211ebbd5dac1f6bf848b6,99f4bab408f011ebbda8ac1f6bf848b6,0.5261,"Who was born later, Gideon Johnson Pillow or Holm Jølsen?","Who was born later, H. Hawkline or Jimmy Kennedy?",all,all,1,1,1,1,1,1,1,1,1,1
3cbd107e0bde11eba7f7acde48001122,6c9b4c03086911ebbd5eac1f6bf848b6,0.526,What is the place of birth of the performer of song Who...?,Did Dwight Harwood and Velvet (Singer) have the same nationality?,dense,all,0,0,1,0,1,1,1,0,1,0
f64be57a0bdd11eba7f7acde48001122,1dfac4a9084e11ebbd56ac1f6bf848b6,0.5257,What is the date of death of the director of film Escándalo De Estrellas?,"Which film was released earlier, Rocky'S Knife or Buscando A Miguel?",dense+hybrid,all,0,0,1,0,1,1,1,1,1,1
f29525d60bdd11eba7f7acde48001122,d3493f98086611ebbd5eac1f6bf848b6,0.5253,What is the place of birth of the director of film A Gun & A Ring?,"Who was born later, Saulo Torón Navarro or Jim Sterling?",none,all,0,0,1,0,0,1,0,0,1,0
8eaa7497095c11ebbdaeac1f6bf848b6,4b145f0a0bda11eba7f7acde48001122,0.5253,"Which film was released earlier, Sathyavan Savithri or Kids Of The Round Table?",What is the place of birth of the director of film The New Kids?,all,bm25,0,1,1,1,1,0,0,1,0,0
c44dd17f085811ebbd5bac1f6bf848b6,ba4e87c60bdd11eba7f7acde48001122,0.5252,Are Hopen Church and Spind Church located in the same country?,Where was the husband of Katherine De Stafford born?,all,none,0,1,0,0,1,0,0,1,0,0
6e5e9de109af11ebbdb0ac1f6bf848b6,9028ba520bdd11eba7f7acde48001122,0.5242,"Which song was released earlier, 1990-Sick (Get 'Em All) or Who'S Laughing Now (Song)?",Which country the performer of song 3Am (Pull Up) is from?,all,none,0,1,0,0,1,0,0,1,0,0
b4e780a5088f11ebbd72ac1f6bf848b6,9cf255e3088911ebbd6eac1f6bf848b6,0.5239,Are Little Sachigo Lake and Holden Lake located in the same country?,Are Flora Lake and Rostoul Lake located in the same country?,all,all,1,1,1,1,1,1,1,1,1,1
d670b0ac08b111ebbd85ac1f6bf848b6,6a16f4d608e611ebbda5ac1f6bf848b6,0.5237,"Who is younger, Bernard Chambaz or Tibor Pézsa?",Who was born first out of Pierre Gauvreau and Tit Liviu Chinezu?,all,all,1,1,1,1,1,1,1,1,1,1
8ba63ce8098f11ebbdb0ac1f6bf848b6,0c0830a00baf11ebab90acde48001122,0.523,"Are both villages, Mavrolithari and Ampelakia, Evros, located in the same country?",Who is Constantine Palaiologos (Son Of Andronikos Ii)'s maternal grandmother?,all,none,0,1,0,0,1,0,0,1,0,0
a8dc19ef08fa11ebbdacac1f6bf848b6,f7bec14908d611ebbd99ac1f6bf848b6,0.5226,"Who was born later, Tsvetko Slavov or Marc Burrows?","Who was born first, Marc René, Marquis De Montalembert or Igor Vovchanchyn?",all,all,1,1,1,1,1,1,1,1,1,1
e5991727086711ebbd5eac1f6bf848b6,4554d82a0bd911eba7f7acde48001122,0.5217,Are Freestylers and The Nouvelles both from the same country?,Where was the performer of song Det Brinner Ett Ljus born?,all,none,0,1,0,0,1,0,0,1,0,0
b96acba808f911ebbdaaac1f6bf848b6,b4edfcb108fb11ebbdacac1f6bf848b6,0.5214,Are Blurt (Magazine) and Maui Nō Ka ʻOi Magazine from the same country?,Are Ami Magazine and Spy (Magazine) from the same country?,none,none,1,0,0,1,0,0,1,0,0,1
3b88a62a0bdc11eba7f7acde48001122,5209810c087c11ebbd6aac1f6bf848b6,0.5212,Where was the director of film A Very Moral Night born?,"Who was born earlier, Donald Leroy Truesdell or Leny Marenbach?",bm25+hybrid,none,0,1,0,0,0,0,1,1,0,0
4f49c369098d11ebbdb0ac1f6bf848b6,1c0dd3b00bdc11eba7f7acde48001122,0.519,"Are Tomskoye, Amur Oblast and Pleshkovo located in the same country?",Which country Aleksander Koniecpolski (1620–1659)'s father is from?,all,dense+hybrid,0,1,0,0,1,1,1,1,1,1
9aee006a09c211ebbdb0ac1f6bf848b6,21eb73c708af11ebbd83ac1f6bf848b6,0.5189,Are Simonds Catholic College and Saginaw High School (Texas) both located in the same country?,"Are Xavier Catholic College, Llandilo and Toowoomba Anglican School located in the same country?",dense,all,0,0,1,0,1,1,1,0,1,0
3a84baaf088311ebbd6dac1f6bf848b6,bac25d8308a311ebbd7cac1f6bf848b6,0.5181,"Who died first, Madame Pasca or James A. Donohoe?",Are both Don Sasa and Boyd R. Overhulse from the same country?,all,all,1,1,1,1,1,1,1,1,1,1
047992200bdc11eba7f7acde48001122,6f8bb027090811ebbdadac1f6bf848b6,0.5175,Where was the place of death of the composer of song How Long Has This Been Going On??,"Which album came out first, Issa Album or 3.2.1.?",none,none,1,0,0,1,0,0,1,0,0,1
169e179a0bb011ebab90acde48001122,7d8ccdc2087011ebbd63ac1f6bf848b6,0.5174,Who is Hye Of Baekje's paternal grandfather?,"Who died later, Ben Enwonwu or Hezekiah Niles?",dense,all,0,0,1,0,1,1,1,0,1,0
f13a163908b311ebbd86ac1f6bf848b6,c79a852708b111ebbd85ac1f6bf848b6,0.5159,"Which school was opened first, Chopasni Senior Secondary School, Jodhpur or Tunku Putra School?","Which school was opened first, Carlisle School or Triam Udom Suksa School?",dense,none,0,0,0,1,1,0,0,0,0,1
2ad0448f088811ebbd6eac1f6bf848b6,130f271e088511ebbd6dac1f6bf848b6,0.5156,Are both Flying Fifty-Five and Approaching Midnight from the same country?,"Do both films, The Russians Are Coming, The Russians Are Coming and Our Loved Ones, have the directors who are from the same country?",all,none,0,1,0,0,1,0,0,1,0,0
a8f4816708ad11ebbd83ac1f6bf848b6,28888b78088311ebbd6dac1f6bf848b6,0.5154,"Who lived longer, Bernhard Afinger or Melvin Kranzberg?","Which film has the director born later, Abenteuer In Bamsdorf or Never Again As Before?",all,all,1,1,1,1,1,1,1,1,1,1
2ed1a68c0bde11eba7f7acde48001122,0d359029086011ebbd5dac1f6bf848b6,0.5153,Where was the performer of song Rewind (Find A Way) born?,"Who was born first, Lương Hoàng Nam or Ross Mcmillan?",none,all,0,0,1,0,0,1,0,0,1,0
ea3c4b2e08ce11ebbd94ac1f6bf848b6,5412c02008d211ebbd95ac1f6bf848b6,0.515,Are Sand River (Limpopo) and Dennis Creek both located in the same country?,Are both Little Partridge River (Ontario) and Louse Creek (Alaska) located in the same country?,all,all,1,1,1,1,1,1,1,1,1,1
21eb73c708af11ebbd83ac1f6bf848b6,4bff11db08ab11ebbd82ac1f6bf848b6,0.5145,"Are Xavier Catholic College, Llandilo and Toowoomba Anglican School located in the same country?","Which school was founded first, Catholic University Of Tachira or Sri Dharmaloka College?",all,none,0,1,0,0,1,0,0,1,0,0
a9f9985a09a211ebbdb0ac1f6bf848b6,9b08d2780bdc11eba7f7acde48001122,0.5132,"Which song was released more recently, Go Ahead And Break My Heart or Knee Deep In My Heart?",What nationality is the singer of Pre (Band)?,all,dense+hybrid,0,1,0,0,1,1,1,1,1,1
7534fd16096e11ebbdb0ac1f6bf848b6,270ef250097211ebbdb0ac1f6bf848b6,0.5125,"Are Coal City, Illinois and Lash Kenar, Nur both located in the same country?","Are Barrington, Illinois and Kushk-E Sofla, Kerman located in the same country?",all,all,1,1,1,1,1,1,1,1,1,1
247f29b00bda11eba7f7acde48001122,86d1025008c611ebbd90ac1f6bf848b6,0.5124,Where did the director of film Saadia (Film) graduate from?,"Are both universities, African Institute For Future Studies and University Of Kisangani, located in the same country?",none,all,0,0,1,0,0,1,0,0,1,0
f7eb7e31088c11ebbd70ac1f6bf848b6,7d8ccdc2087011ebbd63ac1f6bf848b6,0.5117,"Who is older, Aryeh Ben-Eliezer or Jason Pociask?","Who died later, Ben Enwonwu or Hezekiah Niles?",all,all,1,1,1,1,1,1,1,1,1,1
6ce7c6c00bdb11eba7f7acde48001122,bd4901b0085e11ebbd5cac1f6bf848b6,0.5114,When did Guglielma Pallavicini's mother die?,"Who lived longer, Lydia Knott or Maria Dulębianka?",dense+hybrid,all,0,0,1,0,1,1,1,1,1,1
aabd2f90088d11ebbd70ac1f6bf848b6,2d5411f20bdc11eba7f7acde48001122,0.509,"Who is younger, Lo Hsiao-Ting or Basil Hoffman?",Where was the director of film Nagarahole (Film) born?,all,all,1,1,1,1,1,1,1,1,1,1
b8960ed408b011ebbd85ac1f6bf848b6,63dc55840bde11eba7f7acde48001122,0.5085,Are Walter E. Massey and Matt Horwich both from the same country?,What is the place of birth of the director of film Crystal Nights?,all,none,0,1,0,0,1,0,0,1,0,0
602729aa0bde11eba7f7acde48001122,26f25e9d089c11ebbd78ac1f6bf848b6,0.5054,Where was the director of film Rocket Attack U.S.A. born?,"Who was born earlier, Elmer W. Conti or Seth Joshua?",all,all,1,1,1,1,1,1,1,1,1,1
e5d895ee0bdd11eba7f7acde48001122,00f34c7e088311ebbd6dac1f6bf848b6,0.5034,Where was the composer of film Love Story 1999 born?,"Who was born later, Tadeusz Śliwak or Michel Le Denmat?",none,all,0,0,1,0,0,1,0,0,1,0
a7b9672009c311ebbdb0ac1f6bf848b6,9aee006a09c211ebbdb0ac1f6bf848b6,0.5013,Are North Marion High School (Oregon) and Seoul High School both located in the same country?,Are Simonds Catholic College and Saginaw High School (Texas) both located in the same country?,all,dense,0,1,0,0,1,1,1,1,0,0
fa08f65f08b911ebbd88ac1f6bf848b6,f91cf003097e11ebbdb0ac1f6bf848b6,0.5003,"Which film was released more recently, Marriage License? or Maalgudi Days?","Which film was released more recently, Sister Act or Petticoat Politics?",all,dense+hybrid,0,1,0,0,1,1,1,1,1,1
e476b380090c11ebbdadac1f6bf848b6,c6413a3e088011ebbd6dac1f6bf848b6,0.4984,"Which album was released first, The Oak Ridge Boys Have Arrived or Beans And Fatback?","Did the bands The Vaccines and The Wanted, originate from the same country?",dense+hybrid,none,0,0,0,1,1,0,0,1,0,0
39bd87c80bde11eba7f7acde48001122,c598b04f095211ebbdaeac1f6bf848b6,0.4975,When was the company that published The Rip Off Review Of Western Culture founded?,"Which one was established first, Windowswear or Compagnie Française Des Métaux?",none,all,0,0,1,0,0,1,0,0,1,0
6638a0f0084e11ebbd56ac1f6bf848b6,09945977084d11ebbd56ac1f6bf848b6,0.4958,Are both Nikolsk Airport and Svobodny Airport located in the same country?,Are Arnold Palmer Regional Airport and Luis Muñoz Marín International Airport located in the same country?,all,none,0,1,0,0,1,0,0,1,0,0
4d3f931d095a11ebbdaeac1f6bf848b6,ac7e29440bdd11eba7f7acde48001122,0.4947,"Which one was established first, Besix or Circus Herman Renz?",What is the place of birth of Osbeorn Bulax's father?,dense,none,0,0,0,1,1,0,0,0,0,1
a0065fe9085f11ebbd5dac1f6bf848b6,61e66a28086911ebbd5eac1f6bf848b6,0.4947,Are Fire In Hell and The Tiger: An Old Hunter'S Tale from the same country?,Are The Finches and She Drew The Gun both from the same country?,all,all,1,1,1,1,1,1,1,1,1,1
2684ee04099411ebbdb0ac1f6bf848b6,270ef250097211ebbdb0ac1f6bf848b6,0.4944,"Are Elsah, Illinois and Chah-E Puzeh, Tabas both located in the same country?","Are Barrington, Illinois and Kushk-E Sofla, Kerman located in the same country?",none,all,0,0,1,0,0,1,0,0,1,0
9aee006a09c211ebbdb0ac1f6bf848b6,7e77e30409bd11ebbdb0ac1f6bf848b6,0.4921,Are Simonds Catholic College and Saginaw High School (Texas) both located in the same country?,"Are Liverpool Boys High School and St Stephen'S School, Perth located in the same country?",dense,all,0,0,1,0,1,1,1,0,1,0
83ff07cd096711ebbdafac1f6bf848b6,c598b04f095211ebbdaeac1f6bf848b6,0.4798,"Are both businesses, Telus and Ztr Control Systems, located in the same country?","Which one was established first, Windowswear or Compagnie Française Des Métaux?",dense+hybrid,all,0,0,1,0,1,1,1,1,1,1
