policy,t,lesson,arm,op,reason,width_before,width_after,n_support,n_contra,n_exceptions,utility,gain_n
boundary:query,1,L1,dense,create,"default missed, dense hit",,2.0,1,0,0,0.0,0
boundary:query,1,L2,hybrid,create,"default missed, hybrid hit",,2.0,1,0,0,0.0,0
boundary:query,4,L1,dense,expand,arm beat the default just outside the box,2.2217,2.2734,2,0,0,0.0,0
boundary:query,4,L2,hybrid,expand,arm beat the default just outside the box,2.2217,2.2734,2,0,0,0.0,0
boundary:query,4,L3,dense,create,"default missed, dense hit",,2.0,1,0,0,0.0,0
boundary:query,4,L4,hybrid,create,"default missed, hybrid hit",,2.0,1,0,0,0.0,0
boundary:query,11,L5,dense,create,"default missed, dense hit",,2.0,1,0,0,0.0,0
boundary:query,12,L6,dense,create,"default missed, dense hit",,2.0,1,0,0,0.0,0
boundary:query,12,L7,hybrid,create,"default missed, hybrid hit",,2.0,1,0,0,0.0,0
boundary:query,18,L8,dense,create,"default missed, dense hit",,2.0,1,0,0,0.0,0
boundary:query,21,L9,dense,create,"default missed, dense hit",,2.0,1,0,0,0.0,0
boundary:query,21,L10,hybrid,create,"default missed, hybrid hit",,2.0,1,0,0,0.0,0
boundary:query,29,L3,dense,expand,arm beat the default just outside the box,3.6615,3.6965,3,2,0,0.3333,3
boundary:query,29,L4,hybrid,expand,arm beat the default just outside the box,3.6615,3.6965,2,3,0,0.0,3
boundary:query,30,L1,dense,expand,arm beat the default just outside the box,3.9717,3.9791,5,2,0,0.5,4
boundary:query,30,L3,dense,expand,arm beat the default just outside the box,3.721,3.8245,4,2,0,0.3333,3
boundary:query,30,L11,dense,create,"default missed, dense hit",,2.0,1,0,0,0.0,0
boundary:query,31,L12,dense,create,"default missed, dense hit",,2.0,1,0,0,0.0,0
boundary:query,32,L1,dense,expand,arm beat the default just outside the box,3.9927,4.0365,6,2,0,0.5,4
boundary:query,32,L2,hybrid,expand,arm beat the default just outside the box,3.9851,4.0365,4,3,0,0.25,4
boundary:query,32,L3,dense,expand,arm beat the default just outside the box,3.8366,3.8805,5,2,0,0.3333,3
boundary:query,32,L13,dense,create,"default missed, dense hit",,2.0,1,0,0,0.0,0
boundary:query,32,L14,hybrid,create,"default missed, hybrid hit",,2.0,1,0,0,0.0,0
boundary:query,33,L15,hybrid,create,"default missed, hybrid hit",,2.0,1,0,0,0.0,0
boundary:query,35,L16,dense,create,"default missed, dense hit",,2.0,1,0,0,0.0,0
boundary:query,35,L17,hybrid,create,"default missed, hybrid hit",,2.0,1,0,0,0.0,0
boundary:query,38,L13,dense,expand,arm beat the default just outside the box,1.8657,1.9146,2,0,0,0.0,0
boundary:query,39,L1,dense,exception,contradicted; every cut loses a supporter,3.4589,3.4589,7,3,1,0.5,6
boundary:query,39,L2,hybrid,exception,contradicted; every cut loses a supporter,3.4589,3.4589,4,5,1,0.1667,6
boundary:query,40,L2,hybrid,exception,contradicted; every cut loses a supporter,3.4876,3.4876,4,6,2,0.1429,7
boundary:query,42,L18,hybrid,create,"default missed, hybrid hit",,2.0,1,0,0,0.0,0
boundary:query,46,L1,dense,exception,contradicted; every cut loses a supporter,3.367,3.367,8,4,2,0.5,8
boundary:query,46,L3,dense,exception,contradicted; every cut loses a supporter,3.2102,3.2102,7,4,1,0.4286,7
boundary:query,46,L14,hybrid,expand,arm beat the default just outside the box,1.8744,1.8811,2,2,0,0.0,2
boundary:query,47,L19,dense,create,"default missed, dense hit",,2.0,1,0,0,0.0,0
boundary:query,51,L12,dense,expand,arm beat the default just outside the box,1.8376,1.8417,3,0,0,1.0,1
boundary:query,54,L1,dense,exception,contradicted; every cut loses a supporter,3.2286,3.2286,8,5,3,0.4444,9
boundary:query,54,L3,dense,exception,contradicted; every cut loses a supporter,3.0636,3.0636,7,5,2,0.375,8
boundary:query,62,L1,dense,exception,contradicted; every cut loses a supporter,3.2255,3.2255,8,6,4,0.4,10
boundary:query,62,L2,hybrid,exception,contradicted; every cut loses a supporter,3.2255,3.2255,5,7,3,0.2222,9
boundary:query,62,L3,dense,exception,contradicted; every cut loses a supporter,3.0551,3.0551,7,6,3,0.3333,9
boundary:query,62,L4,hybrid,exception,contradicted; every cut loses a supporter,2.9165,2.9165,3,5,1,0.1667,6
boundary:query,62,L13,dense,exception,contradicted; every cut loses a supporter,1.8856,1.8856,3,5,1,0.1667,6
boundary:query,62,L1,dense,split,4 exceptions; cut f:query_cap_spans at 1,,3.2255,8,6,4,0.4,10
boundary:query,62,L1.lo,dense,create,split of L1,,3.2255,8,0,0,0.0,0
boundary:query,64,L3,dense,expand,arm beat the default just outside the box,3.0773,3.1382,8,6,3,0.3333,9
boundary:query,65,L14,hybrid,expand,arm beat the default just outside the box,1.8589,1.8978,4,4,0,0.2,5
boundary:query,65,L21,hybrid,create,"default missed, hybrid hit",,2.0,1,0,0,0.0,0
boundary:query,66,L6,dense,exception,contradicted; every cut loses a supporter,2.4839,2.4839,2,5,1,0.1667,6
boundary:query,66,L7,hybrid,exception,contradicted; every cut loses a supporter,2.4839,2.4839,2,5,1,0.1667,6
boundary:query,67,L2,hybrid,expand,arm beat the default just outside the box,3.2702,3.3092,7,7,3,0.3,10
boundary:query,67,L3,dense,expand,arm beat the default just outside the box,3.1582,3.1973,9,6,3,0.3333,9
boundary:query,67,L1.lo,dense,expand,arm beat the default just outside the box,3.2702,3.3092,11,0,0,1.0,2
boundary:query,68,L15,hybrid,retire,utility <= 0,,1.8685,2,4,0,0.0,5
boundary:query,69,L12,dense,exception,contradicted; every cut loses a supporter,1.8791,1.8791,3,5,1,0.1667,6
boundary:query,70,L2,hybrid,exception,contradicted; every cut loses a supporter,3.3239,3.3239,7,8,4,0.2727,11
boundary:query,70,L3,dense,exception,contradicted; every cut loses a supporter,3.2103,3.2103,9,7,4,0.2,10
boundary:query,70,L13,dense,exception,contradicted; every cut loses a supporter,1.9105,1.9105,5,6,2,0.2222,9
boundary:query,70,L14,hybrid,exception,contradicted; every cut loses a supporter,1.9105,1.9105,5,5,1,0.2857,7
boundary:query,70,L2,hybrid,split,4 exceptions; cut f:query_cap_spans at 1,,3.3239,7,8,4,0.2727,11
boundary:query,70,L2.lo,hybrid,create,split of L2,,3.3239,7,0,0,0.0,0
boundary:query,70,L3,dense,split,4 exceptions; cut f:query_len_tokens at 10,,3.2103,9,7,4,0.2,10
boundary:query,70,L3.lo,dense,create,split of L3,,3.0911,5,0,0,0.0,0
boundary:query,70,L3.hi,dense,create,split of L3,,3.0049,4,0,0,0.0,0
boundary:query,74,L12,dense,exception,contradicted; every cut loses a supporter,1.8863,1.8863,3,6,2,0.1429,7
boundary:query,75,L6,dense,exception,contradicted; every cut loses a supporter,2.4608,2.4608,2,6,2,0.1429,7
boundary:query,75,L7,hybrid,exception,contradicted; every cut loses a supporter,2.4608,2.4608,2,6,2,0.1429,7
boundary:query,77,L25,dense,create,"default missed, dense hit",,2.0,1,0,0,0.0,0
boundary:query,78,L4,hybrid,exception,contradicted; every cut loses a supporter,2.9115,2.9115,4,6,2,0.25,8
boundary:query,78,L13,dense,exception,contradicted; every cut loses a supporter,1.9118,1.9118,5,7,3,0.2,10
boundary:query,78,L14,hybrid,exception,contradicted; every cut loses a supporter,1.9118,1.9118,5,6,2,0.25,8
boundary:query,80,L8,dense,expand,arm beat the default just outside the box,2.4259,2.4266,3,3,0,0.25,4
boundary:query,80,L26,dense,create,"default missed, dense hit",,2.0,1,0,0,0.0,0
boundary:query,81,L7,hybrid,exception,contradicted; every cut loses a supporter,2.4674,2.4674,2,7,3,0.125,8
boundary:query,82,L13,dense,narrow,contradicted; cut f:query_len_tokens,1.9193,1.8862,5,8,3,0.1818,11
boundary:query,82,L14,hybrid,narrow,contradicted; cut f:query_len_tokens,1.9193,1.8862,5,7,2,0.2222,9
boundary:query,84,L13,dense,exception,contradicted; every cut loses a supporter,1.8837,1.8837,5,9,4,0.1667,12
boundary:query,84,L14,hybrid,exception,contradicted; every cut loses a supporter,1.8837,1.8837,5,8,3,0.2,10
boundary:query,84,L13,dense,split,4 exceptions; cut f:query_len_tokens at 12,,1.8837,5,9,4,0.1667,12
boundary:query,84,L13.lo,dense,create,split of L13,,1.8049,4,0,0,0.0,0
boundary:query,84,L13.hi,dense,create,split of L13,,1.7261,1,0,0,0.0,0
boundary:query,85,L1.lo,dense,exception,contradicted; every cut loses a supporter,3.3058,3.3058,11,4,1,0.0,6
boundary:query,85,L1.lo,dense,retire,utility <= 0,,3.3058,11,4,1,0.0,6
boundary:query,86,L29,dense,create,"default missed, dense hit",,2.0,1,0,0,0.0,0
boundary:query,86,L30,hybrid,create,"default missed, hybrid hit",,2.0,1,0,0,0.0,0
boundary:query,87,L4,hybrid,exception,contradicted; every cut loses a supporter,2.9386,2.9386,4,7,3,0.2222,9
boundary:query,90,L6,dense,expand,arm beat the default just outside the box,2.459,2.4877,4,6,2,0.25,8
boundary:query,90,L7,hybrid,expand,arm beat the default just outside the box,2.459,2.4877,3,7,3,0.125,8
boundary:query,90,L31,dense,create,"default missed, dense hit",,2.0,1,0,0,0.0,0
boundary:query,90,L32,hybrid,create,"default missed, hybrid hit",,2.0,1,0,0,0.0,0
boundary:query,96,L12,dense,exception,contradicted; every cut loses a supporter,1.8901,1.8901,3,7,3,0.125,8
boundary:query,97,L5,dense,exception,contradicted; every cut loses a supporter,2.7884,2.7884,4,3,1,0.5,6
boundary:query,98,L21,hybrid,retire,utility <= 0,,2.0013,1,5,0,0.0,5
boundary:query,98,L2.lo,hybrid,retire,utility <= 0,,3.28,7,5,0,0.0,5
boundary:query,101,L3.hi,dense,expand,arm beat the default just outside the box,2.9537,2.9929,5,3,0,0.0,3
boundary:query,101,L3.lo,dense,retire,utility <= 0,,3.0386,6,4,0,0.0,5
boundary:query,105,L4,hybrid,expand,arm beat the default just outside the box,2.9086,2.9694,6,7,3,0.3,10
boundary:query,105,L33,hybrid,create,"default missed, hybrid hit",,2.0,1,0,0,0.0,0
boundary:query,107,L3.hi,dense,exception,contradicted; every cut loses a supporter,2.9881,2.9881,7,4,1,0.3333,6
boundary:query,109,L3.hi,dense,exception,contradicted; every cut loses a supporter,3.0026,3.0026,8,5,2,0.375,8
boundary:query,109,L13.lo,dense,exception,contradicted; every cut loses a supporter,1.7997,1.7997,7,3,1,0.3333,6
boundary:query,112,L6,dense,exception,contradicted; every cut loses a supporter,2.4801,2.4801,4,7,3,0.2222,9
boundary:query,112,L7,hybrid,exception,contradicted; every cut loses a supporter,2.4801,2.4801,3,8,4,0.1111,9
boundary:query,112,L7,hybrid,split,4 exceptions; cut f:query_len_tokens at 16,,2.4801,3,8,4,0.1111,9
boundary:query,112,L7.lo,hybrid,create,split of L7,,2.2316,2,0,0,0.0,0
boundary:query,112,L7.hi,hybrid,create,split of L7,,2.4404,1,0,0,0.0,0
boundary:query,112,L31,dense,retire,utility <= 0,,1.9957,2,4,0,0.0,5
boundary:query,112,L32,hybrid,retire,utility <= 0,,1.9957,1,5,0,0.0,5
boundary:query,115,L36,dense,create,"default missed, dense hit",,2.0,1,0,0,0.0,0
boundary:query,116,L6,dense,exception,contradicted; every cut loses a supporter,2.4693,2.4693,4,8,4,0.2,10
boundary:query,116,L6,dense,split,4 exceptions; cut f:query_len_tokens at 17.5,,2.4693,4,8,4,0.2,10
boundary:query,116,L6.lo,dense,create,split of L6,,2.2821,2,0,0,0.0,0
boundary:query,116,L6.hi,dense,create,split of L6,,2.3712,2,0,0,0.0,0
boundary:query,118,L14,hybrid,exception,contradicted; every cut loses a supporter,1.8712,1.8712,7,9,4,0.3077,13
boundary:query,118,L3.hi,dense,exception,contradicted; every cut loses a supporter,2.9684,2.9684,8,6,3,0.3333,9
boundary:query,118,L13.lo,dense,exception,contradicted; every cut loses a supporter,1.7921,1.7921,7,4,2,0.2857,7
boundary:query,118,L14,hybrid,split,4 exceptions; cut f:query_len_tokens at 10,,1.8712,7,9,4,0.3077,13
boundary:query,118,L14.lo,hybrid,create,split of L14,,1.713,4,0,0,0.0,0
boundary:query,118,L14.hi,hybrid,create,split of L14,,1.7921,3,0,0,0.0,0
boundary:query,120,L7.hi,hybrid,expand,arm beat the default just outside the box,2.4282,2.468,2,1,0,0.0,1
boundary:query,122,L29,dense,retire,utility <= 0,,1.9791,1,5,0,0.0,5
boundary:query,122,L30,hybrid,retire,utility <= 0,,1.9791,1,5,0,0.0,5
boundary:query,124,L8,dense,exception,contradicted; every cut loses a supporter,2.3979,2.3979,3,5,1,0.1667,6
boundary:query,125,L5,dense,narrow,contradicted; cut f:query_len_tokens,2.7601,2.7052,4,4,1,0.4286,7
boundary:query,125,L18,hybrid,retire,utility <= 0,,1.9578,1,5,0,0.0,5
boundary:query,129,L13.lo,dense,expand,arm beat the default just outside the box,1.7873,1.8265,8,4,2,0.2857,7
boundary:query,134,L41,hybrid,create,"default missed, hybrid hit",,2.0,1,0,0,0.0,0
boundary:query,135,L8,dense,exception,contradicted; every cut loses a supporter,2.3915,2.3915,4,6,2,0.25,8
boundary:query,137,L4,hybrid,exception,contradicted; every cut loses a supporter,2.9582,2.9582,6,8,4,0.2727,11
boundary:query,137,L4,hybrid,split,4 exceptions; cut f:query_cap_spans at 1,,2.9582,6,8,4,0.2727,11
boundary:query,137,L4.lo,hybrid,create,split of L4,,2.8095,6,0,0,0.0,0
boundary:query,141,L10,hybrid,exception,contradicted; every cut loses a supporter,2.3949,2.3949,2,5,1,0.1667,6
boundary:query,143,L5,dense,exception,contradicted; every cut loses a supporter,2.7072,2.7072,4,5,2,0.375,8
boundary:query,145,L36,dense,retire,utility <= 0,,1.9897,1,5,0,0.0,5
boundary:query,146,L12,dense,exception,contradicted; every cut loses a supporter,1.8704,1.8704,4,8,4,0.2,10
boundary:query,146,L12,dense,split,4 exceptions; cut f:query_len_tokens at 13.5,,1.8704,4,8,4,0.2,10
boundary:query,146,L12.lo,dense,create,split of L12,,1.7703,2,0,0,0.0,0
boundary:query,146,L12.hi,dense,create,split of L12,,1.7345,2,0,0,0.0,0
boundary:query,148,L13.hi,dense,exception,contradicted; every cut loses a supporter,1.7054,1.7054,4,3,1,0.5,6
boundary:query,151,L7.hi,hybrid,exception,contradicted; every cut loses a supporter,2.4634,2.4634,3,5,1,0.1667,6
boundary:query,155,L8,dense,exception,contradicted; every cut loses a supporter,2.3785,2.3785,4,7,3,0.2222,9
boundary:query,155,L3.hi,dense,exception,contradicted; every cut loses a supporter,2.9581,2.9581,11,7,4,0.4615,13
boundary:query,155,L3.hi,dense,split,4 exceptions; cut f:query_cap_spans at 1,,2.9581,11,7,4,0.4615,13
boundary:query,155,L3.hi.lo,dense,create,split of L3.hi,,2.7443,10,0,0,0.0,0
boundary:query,155,L3.hi.hi,dense,create,split of L3.hi,,2.7443,1,0,0,0.0,0
boundary:query,156,L5,dense,narrow,contradicted; cut f:query_len_tokens,2.6975,2.6819,4,6,2,0.3333,9
boundary:query,159,L26,dense,exception,contradicted; every cut loses a supporter,1.9835,1.9835,2,5,1,0.1667,6
boundary:query,160,L9,dense,exception,contradicted; every cut loses a supporter,2.3714,2.3714,4,4,1,0.4286,7
boundary:query,160,L10,hybrid,exception,contradicted; every cut loses a supporter,2.3714,2.3714,2,6,2,0.1429,7
boundary:query,161,L13.hi,dense,expand,arm beat the default just outside the box,1.7097,1.7502,5,3,1,0.5,6
boundary:query,161,L14.lo,hybrid,expand,arm beat the default just outside the box,1.7097,1.7502,5,2,0,0.0,2
boundary:query,161,L4.lo,hybrid,expand,arm beat the default just outside the box,2.7975,2.838,7,1,0,0.0,1
boundary:query,164,L13.lo,dense,exception,contradicted; every cut loses a supporter,1.8147,1.8147,11,5,3,0.4545,11
boundary:query,166,L7.lo,hybrid,expand,arm beat the default just outside the box,2.1932,2.231,5,2,0,0.5,4
boundary:query,166,L7.hi,hybrid,expand,arm beat the default just outside the box,2.4305,2.4684,4,5,1,0.1667,6
boundary:query,166,L6.lo,dense,expand,arm beat the default just outside the box,2.2499,2.2878,5,2,0,0.5,4
boundary:query,166,L12.lo,dense,expand,arm beat the default just outside the box,1.7668,1.7857,3,0,0,0.0,0
boundary:query,166,L47,hybrid,create,"default missed, hybrid hit",,2.0,1,0,0,0.0,0
boundary:query,167,L7.hi,hybrid,exception,contradicted; every cut loses a supporter,2.4709,2.4709,4,6,2,0.1429,7
boundary:query,168,L13.lo,dense,exception,contradicted; every cut loses a supporter,1.8174,1.8174,11,6,4,0.4167,12
boundary:query,168,L14.hi,hybrid,narrow,contradicted; cut f:query_len_tokens,1.7794,1.7794,5,4,0,0.3333,6
boundary:query,168,L13.lo,dense,split,4 exceptions; cut f:query_len_tokens at 10,,1.8174,11,6,4,0.4167,12
boundary:query,168,L13.lo.lo,dense,create,split of L13.lo,,1.7034,6,0,0,0.0,0
boundary:query,168,L13.lo.hi,dense,create,split of L13.lo,,1.7414,5,0,0,0.0,0
boundary:query,171,L14.lo,hybrid,retire,utility <= 0,,1.7399,5,5,0,0.0,5
boundary:query,172,L13.hi,dense,exception,contradicted; every cut loses a supporter,1.7414,1.7414,5,4,2,0.4286,7
boundary:query,172,L14.hi,hybrid,exception,contradicted; every cut loses a supporter,1.7792,1.7792,5,5,1,0.2857,7
boundary:query,172,L4.lo,hybrid,retire,utility <= 0,,2.818,7,5,0,0.0,5
boundary:query,173,L50,dense,create,"default missed, dense hit",,2.0,1,0,0,0.0,0
boundary:query,173,L51,hybrid,create,"default missed, hybrid hit",,2.0,1,0,0,0.0,0
boundary:query,174,L3.hi.lo,dense,expand,arm beat the default just outside the box,2.7354,2.7732,12,3,0,0.25,4
boundary:query,174,L3.hi.hi,dense,expand,arm beat the default just outside the box,2.7354,2.7732,3,3,0,0.25,4
boundary:query,177,L7.lo,hybrid,exception,contradicted; every cut loses a supporter,2.2258,2.2258,5,4,1,0.3333,6
boundary:query,177,L7.hi,hybrid,exception,contradicted; every cut loses a supporter,2.4611,2.4611,4,7,3,0.125,8
boundary:query,177,L12.lo,dense,expand,arm beat the default just outside the box,1.7857,1.8232,4,1,0,0.0,1
boundary:query,178,L14.hi,hybrid,exception,contradicted; every cut loses a supporter,1.7789,1.7789,5,6,2,0.25,8
boundary:query,178,L3.hi.lo,dense,exception,contradicted; every cut loses a supporter,2.7709,2.7709,12,5,1,0.1667,6
boundary:query,178,L3.hi.hi,dense,exception,contradicted; every cut loses a supporter,2.7709,2.7709,3,5,1,0.1667,6
boundary:query,179,L7.hi,hybrid,exception,contradicted; every cut loses a supporter,2.4652,2.4652,4,8,4,0.1111,9
boundary:query,179,L6.lo,dense,narrow,contradicted; cut f:query_len_tokens,2.2861,2.2674,6,4,0,0.4286,7
boundary:query,179,L7.hi,hybrid,split,4 exceptions; cut f:query_len_tokens at 15,,2.4652,4,8,4,0.1111,9
boundary:query,179,L7.hi.lo,hybrid,create,split of L7.hi,,2.1923,3,0,0,0.0,0
boundary:query,179,L7.hi.hi,hybrid,create,split of L7.hi,,2.4276,1,0,0,0.0,0
boundary:query,181,L13.lo.lo,dense,expand,arm beat the default just outside the box,1.7064,1.7441,8,2,0,0.3333,3
boundary:query,184,L6.hi,dense,expand,arm beat the default just outside the box,2.3462,2.4029,3,2,0,0.0,2
boundary:query,184,L12.lo,dense,expand,arm beat the default just outside the box,1.8311,1.8689,5,1,0,0.0,1
boundary:query,184,L7.hi.lo,hybrid,expand,arm beat the default just outside the box,2.2036,2.2414,4,0,0,0.0,0
boundary:query,190,L54,hybrid,create,"default missed, hybrid hit",,2.0,1,0,0,0.0,0
boundary:query,192,L33,hybrid,expand,arm beat the default just outside the box,1.9834,2.0144,2,0,0,0.0,0
boundary:query,192,L55,dense,create,"default missed, dense hit",,2.0,1,0,0,0.0,0
boundary:query,192,L56,hybrid,create,"default missed, hybrid hit",,2.0,1,0,0,0.0,0
boundary:query,194,L3.hi.lo,dense,exception,contradicted; every cut loses a supporter,2.7787,2.7787,13,6,2,0.25,8
boundary:query,194,L3.hi.hi,dense,exception,contradicted; every cut loses a supporter,2.7787,2.7787,4,6,2,0.25,8
boundary:query,195,L7.lo,hybrid,exception,contradicted; every cut loses a supporter,2.2415,2.2415,6,5,2,0.375,8
boundary:query,197,L3.hi.lo,dense,exception,contradicted; every cut loses a supporter,2.7816,2.7816,14,7,3,0.2,10
boundary:query,197,L3.hi.hi,dense,exception,contradicted; every cut loses a supporter,2.7816,2.7816,4,7,3,0.1111,9
boundary:query,197,L13.lo.lo,dense,retire,utility <= 0,,1.7446,8,4,0,0.0,5
boundary:query,198,L13.lo.hi,dense,expand,arm beat the default just outside the box,1.7458,1.7834,7,3,0,0.0,4
boundary:query,198,L57,dense,create,"default missed, dense hit",,2.0,1,0,0,0.0,0
boundary:query,199,L13.hi,dense,expand,arm beat the default just outside the box,1.7473,1.7473,6,4,2,0.4286,7
boundary:query,199,L3.hi.lo,dense,expand,arm beat the default just outside the box,2.788,2.8257,15,7,3,0.2,10
boundary:query,199,L3.hi.hi,dense,expand,arm beat the default just outside the box,2.788,2.8257,5,7,3,0.1111,9
boundary:query,199,L13.lo.hi,dense,expand,arm beat the default just outside the box,1.785,1.8227,8,3,0,0.0,4
boundary:query,199,L58,dense,create,"default missed, dense hit",,2.0,1,0,0,0.0,0
boundary:query,200,L59,dense,create,"default missed, dense hit",,2.0,1,0,0,0.0,0
boundary:query,201,L47,hybrid,narrow,contradicted; cut f:query_len_tokens,2.0077,1.9205,2,5,0,0.1667,6
boundary:query,204,L9,dense,narrow,contradicted; cut f:query_len_tokens,2.3641,2.3306,4,5,1,0.375,8
boundary:query,204,L10,hybrid,narrow,contradicted; cut f:query_len_tokens,2.3641,2.3306,2,7,2,0.125,8
boundary:query,208,L13.lo.hi,dense,expand,arm beat the default just outside the box,1.8187,1.8568,9,3,0,0.0,4
boundary:query,209,L47,hybrid,exception,contradicted; every cut loses a supporter,1.9127,1.9127,2,6,1,0.1429,7
boundary:query,209,L6.hi,dense,expand,arm beat the default just outside the box,2.3933,2.4314,5,2,0,0.3333,3
boundary:query,210,L47,hybrid,narrow,contradicted; cut f:query_len_tokens,1.9126,1.9011,2,7,1,0.125,8
boundary:query,212,L13.lo.hi,dense,retire,utility <= 0,,1.8588,9,4,0,-0.2,5
boundary:query,213,L3.hi.lo,dense,exception,contradicted; every cut loses a supporter,2.8121,2.8121,16,8,4,0.25,12
boundary:query,213,L3.hi.hi,dense,exception,contradicted; every cut loses a supporter,2.8121,2.8121,6,8,4,0.1818,11
boundary:query,213,L3.hi.lo,dense,split,4 exceptions; cut f:query_cap_spans at 1,,2.8121,16,8,4,0.25,12
boundary:query,213,L3.hi.lo.lo,dense,create,split of L3.hi.lo,,2.8121,16,0,0,0.0,0
boundary:query,213,L3.hi.hi,dense,split,4 exceptions; cut f:query_cap_spans at 1,,2.8121,6,8,4,0.1818,11
boundary:query,213,L3.hi.hi.lo,dense,create,split of L3.hi.hi,,2.6074,5,0,0,0.0,0
boundary:query,213,L3.hi.hi.hi,dense,create,split of L3.hi.hi,,2.8121,1,0,0,0.0,0
boundary:query,215,L57,dense,expand,arm beat the default just outside the box,2.0016,2.0274,3,3,0,0.0,4
boundary:query,218,L8,dense,exception,contradicted; every cut loses a supporter,2.3691,2.3691,4,8,4,0.2,10
boundary:query,218,L26,dense,narrow,contradicted; cut f:query_len_tokens,1.9673,1.9614,3,6,1,0.25,8
boundary:query,218,L41,hybrid,narrow,contradicted; cut f:query_len_tokens,1.9884,1.9059,2,5,0,0.1667,6
boundary:query,218,L8,dense,split,4 exceptions; cut f:query_len_tokens at 12.5,,2.3691,4,8,4,0.2,10
boundary:query,218,L8.lo,dense,create,split of L8,,2.2734,2,0,0,0.0,0
boundary:query,218,L8.hi,dense,create,split of L8,,2.2358,2,0,0,0.0,0
boundary:query,220,L57,dense,exception,contradicted; every cut loses a supporter,2.0298,2.0298,4,4,1,0.1667,6
boundary:query,224,L57,dense,exception,contradicted; every cut loses a supporter,2.0283,2.0283,4,5,2,0.1429,7
boundary:query,224,L3.hi.lo.lo,dense,exception,contradicted; every cut loses a supporter,2.8221,2.8221,19,3,1,0.5,6
boundary:query,224,L3.hi.hi.hi,dense,narrow,contradicted; cut f:query_len_tokens,2.8221,2.7449,3,4,0,0.3333,6
boundary:query,227,L3.hi.lo.lo,dense,exception,contradicted; every cut loses a supporter,2.8167,2.8167,19,4,2,0.4286,7
boundary:query,228,L3.hi.lo.lo,dense,exception,contradicted; every cut loses a supporter,2.8175,2.8175,19,5,3,0.375,8
boundary:query,229,L50,dense,retire,utility <= 0,,2.0003,1,5,0,0.0,5
boundary:query,229,L51,hybrid,retire,utility <= 0,,2.0003,1,5,0,0.0,5
boundary:query,230,L7.lo,hybrid,exception,contradicted; every cut loses a supporter,2.2243,2.2243,6,6,3,0.3333,9
boundary:query,230,L47,hybrid,exception,contradicted; every cut loses a supporter,1.9014,1.9014,2,8,2,0.1111,9
boundary:query,230,L6.hi,dense,expand,arm beat the default just outside the box,2.4281,2.4668,6,3,0,0.0,4
boundary:query,232,L13.hi,dense,exception,contradicted; every cut loses a supporter,1.7422,1.7422,7,5,3,0.4444,9
boundary:query,232,L14.hi,hybrid,exception,contradicted; every cut loses a supporter,1.7809,1.7809,6,7,3,0.3,10
boundary:query,232,L57,dense,exception,contradicted; every cut loses a supporter,2.024,2.024,4,6,3,0.125,8
boundary:query,232,L3.hi.lo.lo,dense,exception,contradicted; every cut loses a supporter,2.8177,2.8177,19,6,4,0.3333,9
boundary:query,232,L3.hi.hi.lo,dense,exception,contradicted; every cut loses a supporter,2.6193,2.6193,7,4,1,0.3333,6
boundary:query,232,L3.hi.hi.hi,dense,exception,contradicted; every cut loses a supporter,2.7404,2.7404,3,5,1,0.2857,7
boundary:query,232,L3.hi.lo.lo,dense,split,4 exceptions; cut f:query_cap_spans at 1,,2.8177,19,6,4,0.3333,9
boundary:query,232,L3.hi.lo.lo.lo,dense,create,split of L3.hi.lo.lo,,2.8177,19,0,0,0.0,0
boundary:query,233,L47,hybrid,exception,contradicted; every cut loses a supporter,1.9012,1.9012,2,9,3,0.1,10
boundary:query,237,L6.hi,dense,exception,contradicted; every cut loses a supporter,2.4646,2.4646,7,4,1,0.1667,6
boundary:query,237,L7.hi.hi,hybrid,exception,contradicted; every cut loses a supporter,2.4262,2.4262,2,5,1,0.1667,6
boundary:query,240,L57,dense,narrow,contradicted; cut f:query_len_tokens,2.0207,1.97,5,7,3,0.2,10
boundary:query,241,L57,dense,exception,contradicted; every cut loses a supporter,1.9708,1.9708,5,8,4,0.1818,11
boundary:query,241,L3.hi.hi.lo,dense,exception,contradicted; every cut loses a supporter,2.6127,2.6127,8,5,2,0.375,8
boundary:query,241,L57,dense,split,4 exceptions; cut f:query_len_tokens at 9,,1.9708,5,8,4,0.1818,11
boundary:query,241,L57.lo,dense,create,split of L57,,1.8178,3,0,0,0.0,0
boundary:query,241,L57.hi,dense,create,split of L57,,1.8943,2,0,0,0.0,0
boundary:query,242,L68,hybrid,create,"default missed, hybrid hit",,2.0,1,0,0,0.0,0
boundary:query,243,L12.hi,dense,expand,arm beat the default just outside the box,1.7377,1.7953,10,1,0,0.875,8
boundary:query,243,L47,hybrid,expand,arm beat the default just outside the box,1.9019,1.9403,3,9,3,0.1,10
boundary:query,243,L69,hybrid,create,"default missed, hybrid hit",,2.0,1,0,0,0.0,0
boundary:query,244,L58,dense,exception,contradicted; every cut loses a supporter,1.9975,1.9975,4,4,1,0.4286,7
boundary:query,244,L3.hi.hi.lo,dense,exception,contradicted; every cut loses a supporter,2.6177,2.6177,9,6,3,0.4,10
boundary:query,244,L3.hi.hi.hi,dense,exception,contradicted; every cut loses a supporter,2.741,2.741,4,6,2,0.3333,9
boundary:query,245,L3.hi.hi.lo,dense,exception,contradicted; every cut loses a supporter,2.62,2.62,9,7,4,0.3636,11
boundary:query,245,L3.hi.hi.lo,dense,split,4 exceptions; cut f:query_len_tokens at 11,,2.62,9,7,4,0.3636,11
boundary:query,245,L3.hi.hi.lo.lo,dense,create,split of L3.hi.hi.lo,,2.5046,7,0,0,0.0,0
boundary:query,245,L3.hi.hi.lo.hi,dense,create,split of L3.hi.hi.lo,,2.5046,2,0,0,0.0,0
boundary:query,247,L72,dense,create,"default missed, dense hit",,2.0,1,0,0,0.0,0
boundary:query,247,L73,hybrid,create,"default missed, hybrid hit",,2.0,1,0,0,0.0,0
boundary:query,249,L3.hi.lo.lo.lo,dense,exception,contradicted; every cut loses a supporter,2.8177,2.8177,21,4,1,0.3333,6
boundary:query,250,L3.hi.hi.hi,dense,exception,contradicted; every cut loses a supporter,2.7436,2.7436,4,7,3,0.3,10
boundary:query,253,L3.hi.lo.lo.lo,dense,exception,contradicted; every cut loses a supporter,2.8236,2.8236,21,5,2,0.2857,7
boundary:query,254,L58,dense,exception,contradicted; every cut loses a supporter,2.0018,2.0018,4,5,2,0.375,8
boundary:query,254,L3.hi.hi.hi,dense,exception,contradicted; every cut loses a supporter,2.7492,2.7492,4,8,4,0.2727,11
boundary:query,254,L3.hi.lo.lo.lo,dense,exception,contradicted; every cut loses a supporter,2.8264,2.8264,21,6,3,0.25,8
boundary:query,254,L57.hi,dense,exception,contradicted; every cut loses a supporter,1.9015,1.9015,3,5,1,0.1667,6
boundary:query,254,L3.hi.hi.hi,dense,split,4 exceptions; cut f:query_len_tokens at 12,,2.7492,4,8,4,0.2727,11
boundary:query,254,L3.hi.hi.hi.lo,dense,create,split of L3.hi.hi.hi,,2.6719,2,0,0,0.0,0
boundary:query,254,L3.hi.hi.hi.hi,dense,create,split of L3.hi.hi.hi,,2.6719,2,0,0,0.0,0
boundary:query,254,L68,hybrid,retire,utility <= 0,,2.0066,1,5,0,0.0,5
boundary:query,255,L13.hi,dense,exception,contradicted; every cut loses a supporter,1.749,1.749,7,6,4,0.4,10
boundary:query,255,L58,dense,exception,contradicted; every cut loses a supporter,2.0034,2.0034,4,6,3,0.3333,9
boundary:query,255,L3.hi.lo.lo.lo,dense,exception,contradicted; every cut loses a supporter,2.8291,2.8291,21,7,4,0.2222,9
boundary:query,255,L13.hi,dense,split,4 exceptions; cut f:query_len_tokens at 13,,1.749,7,6,4,0.4,10
boundary:query,255,L13.hi.lo,dense,create,split of L13.hi,,1.7104,6,0,0,0.0,0
boundary:query,255,L13.hi.hi,dense,create,split of L13.hi,,1.6717,1,0,0,0.0,0
boundary:query,255,L3.hi.lo.lo.lo,dense,split,4 exceptions; cut f:query_cap_spans at 1,,2.8291,21,7,4,0.2222,9
boundary:query,255,L3.hi.lo.lo.lo.lo,dense,create,split of L3.hi.lo.lo.lo,,2.8291,21,0,0,0.0,0
boundary:query,257,L69,hybrid,expand,arm beat the default just outside the box,2.0069,2.0356,2,0,0,0.0,0
boundary:query,259,L58,dense,narrow,contradicted; cut f:query_len_tokens,2.0039,1.9141,4,7,3,0.3,10
boundary:query,260,L7.hi.lo,hybrid,exception,contradicted; every cut loses a supporter,2.2322,2.2322,5,5,1,0.1667,6
boundary:query,260,L7.hi.hi,hybrid,narrow,contradicted; cut f:query_len_tokens,2.4365,2.4365,3,6,1,0.25,8
boundary:query,262,L58,dense,exception,contradicted; every cut loses a supporter,1.9151,1.9151,4,8,4,0.2727,11
boundary:query,262,L57.hi,dense,exception,contradicted; every cut loses a supporter,1.9042,1.9042,3,6,2,0.1429,7
boundary:query,262,L58,dense,split,4 exceptions; cut f:query_len_tokens at 12,,1.9151,4,8,4,0.2727,11
boundary:query,262,L58.lo,dense,create,split of L58,,1.7986,2,0,0,0.0,0
boundary:query,262,L58.hi,dense,create,split of L58,,1.8639,2,0,0,0.0,0
boundary:query,263,L57.hi,dense,narrow,contradicted; cut f:query_len_tokens,1.9053,1.9053,3,7,2,0.0,8
boundary:query,263,L57.hi,dense,retire,utility <= 0,,1.9053,3,7,2,0.0,8
boundary:query,268,L3.hi.hi.lo.hi,dense,retire,utility <= 0,,2.5085,2,5,0,0.0,5
boundary:query,271,L57.lo,dense,retire,utility <= 0,,1.8274,3,5,0,-0.2,5
boundary:query,271,L3.hi.hi.lo.lo,dense,retire,utility <= 0,,2.5066,7,5,0,-0.2,5
boundary:query,271,L3.hi.lo.lo.lo.lo,dense,retire,utility <= 0,,2.8275,21,5,0,-0.2,5
boundary:query,274,L3.hi.hi.hi.lo,dense,expand,arm beat the default just outside the box,2.6787,2.7179,3,2,0,0.0,2
boundary:query,274,L58.lo,dense,expand,arm beat the default just outside the box,1.8029,1.8421,3,2,0,0.0,2
boundary:query,274,L81,hybrid,create,"default missed, hybrid hit",,2.0,1,0,0,0.0,0
boundary:query,275,L5,dense,expand,arm beat the default just outside the box,2.6909,2.6909,5,6,2,0.3333,9
boundary:query,275,L82,dense,create,"default missed, dense hit",,2.0,1,0,0,0.0,0
boundary:query,275,L83,hybrid,create,"default missed, hybrid hit",,2.0,1,0,0,0.0,0
boundary:query,277,L6.lo,dense,exception,contradicted; every cut loses a supporter,2.2728,2.2728,13,5,1,0.6667,15
boundary:query,277,L6.hi,dense,exception,contradicted; every cut loses a supporter,2.4798,2.4798,9,5,2,0.3333,9
boundary:query,277,L12.lo,dense,exception,contradicted; every cut loses a supporter,1.8822,1.8822,12,3,1,0.7,10
boundary:query,277,L12.hi,dense,exception,contradicted; every cut loses a supporter,1.8078,1.8078,12,2,1,0.8182,11
boundary:query,278,L81,hybrid,expand,arm beat the default just outside the box,2.0009,2.0326,3,0,0,1.0,1
boundary:query,278,L84,dense,create,"default missed, dense hit",,2.0,1,0,0,0.0,0
boundary:query,278,L85,hybrid,create,"default missed, hybrid hit",,2.0,1,0,0,0.0,0
boundary:query,280,L26,dense,exception,contradicted; every cut loses a supporter,1.9772,1.9772,3,7,2,0.2222,9
boundary:query,280,L41,hybrid,exception,contradicted; every cut loses a supporter,1.9199,1.9199,2,6,1,0.1429,7
boundary:query,284,L6.lo,dense,expand,arm beat the default just outside the box,2.2832,2.3223,14,5,1,0.6667,15
boundary:query,284,L47,hybrid,expand,arm beat the default just outside the box,1.9602,1.9994,4,9,3,0.1,10
boundary:query,285,L6.lo,dense,exception,contradicted; every cut loses a supporter,2.3226,2.3226,14,6,2,0.625,16
boundary:query,285,L6.hi,dense,exception,contradicted; every cut loses a supporter,2.4892,2.4892,10,6,3,0.3636,11
boundary:query,285,L47,hybrid,exception,contradicted; every cut loses a supporter,1.9982,1.9982,4,10,4,0.0909,11
boundary:query,285,L7.hi.hi,hybrid,exception,contradicted; every cut loses a supporter,2.4502,2.4502,4,7,2,0.3,10
boundary:query,285,L47,hybrid,split,4 exceptions; cut f:query_len_tokens at 15,,1.9982,4,10,4,0.0909,11
boundary:query,285,L47.lo,hybrid,create,split of L47,,1.8812,2,0,0,0.0,0
boundary:query,285,L47.hi,hybrid,create,split of L47,,1.8812,2,0,0,0.0,0
boundary:query,288,L9,dense,expand,arm beat the default just outside the box,2.337,2.337,6,5,1,0.4444,9
boundary:query,288,L10,hybrid,expand,arm beat the default just outside the box,2.337,2.337,3,7,2,0.125,8
boundary:query,288,L88,dense,create,"default missed, dense hit",,2.0,1,0,0,0.0,0
boundary:query,288,L89,hybrid,create,"default missed, hybrid hit",,2.0,1,0,0,0.0,0
boundary:query,289,L13.hi.lo,dense,exception,contradicted; every cut loses a supporter,1.7197,1.7197,8,4,1,0.3333,6
boundary:query,289,L81,hybrid,retire,utility <= 0,,2.0356,3,4,0,0.0,5
boundary:query,292,L55,dense,expand,arm beat the default just outside the box,2.0169,2.0437,4,0,0,1.0,2
boundary:query,292,L33,hybrid,retire,utility <= 0,,2.0319,2,5,0,0.0,5
boundary:query,294,L11,dense,exception,contradicted; every cut loses a supporter,1.8688,1.8688,5,3,1,0.4286,7
boundary:query,295,L90,dense,create,"default missed, dense hit",,2.0,1,0,0,0.0,0
boundary:query,297,L3.hi.hi.hi.hi,dense,exception,contradicted; every cut loses a supporter,2.6946,2.6946,4,5,1,0.2857,7
boundary:query,297,L13.hi.lo,dense,exception,contradicted; every cut loses a supporter,1.7199,1.7199,8,5,2,0.2857,7
boundary:query,298,L91,dense,create,"default missed, dense hit",,2.0,1,0,0,0.0,0
boundary:query,302,L3.hi.hi.hi.lo,dense,exception,contradicted; every cut loses a supporter,2.7331,2.7331,4,5,1,0.1667,6
boundary:query,302,L58.lo,dense,exception,contradicted; every cut loses a supporter,1.8475,1.8475,4,5,1,0.1667,6
boundary:query,304,L3.hi.hi.hi.lo,dense,exception,contradicted; every cut loses a supporter,2.734,2.734,4,6,2,0.1429,7
boundary:query,304,L3.hi.hi.hi.hi,dense,narrow,contradicted; cut f:query_len_tokens,2.6945,2.6945,4,6,1,0.25,8
boundary:query,304,L13.hi.lo,dense,exception,contradicted; every cut loses a supporter,1.7236,1.7236,8,6,3,0.25,8
boundary:query,304,L58.lo,dense,exception,contradicted; every cut loses a supporter,1.8486,1.8486,4,6,2,0.1429,7
boundary:query,304,L58.hi,dense,narrow,contradicted; cut f:query_len_tokens,1.8755,1.8755,4,4,0,0.3333,6
boundary:query,306,L92,dense,create,"default missed, dense hit",,2.0,1,0,0,0.0,0
boundary:query,306,L93,hybrid,create,"default missed, hybrid hit",,2.0,1,0,0,0.0,0
boundary:query,307,L3.hi.hi.hi.lo,dense,exception,contradicted; every cut loses a supporter,2.7367,2.7367,4,7,3,0.0,8
boundary:query,307,L13.hi.hi,dense,exception,contradicted; every cut loses a supporter,1.684,1.684,3,4,1,0.1667,6
boundary:query,307,L58.lo,dense,exception,contradicted; every cut loses a supporter,1.8495,1.8495,4,7,3,0.0,8
boundary:query,307,L58.hi,dense,exception,contradicted; every cut loses a supporter,1.8765,1.8765,4,5,1,0.1429,7
boundary:query,307,L3.hi.hi.hi.lo,dense,retire,utility <= 0,,2.7367,4,7,3,0.0,8
boundary:query,307,L58.lo,dense,retire,utility <= 0,,1.8495,4,7,3,0.0,8
boundary:query,309,L3.hi.hi.hi.hi,dense,expand,arm beat the default just outside the box,2.6979,2.6979,5,6,1,0.25,8
boundary:query,309,L13.hi.hi,dense,expand,arm beat the default just outside the box,1.6845,1.724,4,4,1,0.1667,6
boundary:query,309,L58.hi,dense,expand,arm beat the default just outside the box,1.877,1.877,5,5,1,0.1429,7
boundary:query,309,L92,dense,expand,arm beat the default just outside the box,2.0017,2.0346,2,0,0,0.0,0
boundary:query,309,L93,hybrid,expand,arm beat the default just outside the box,2.0017,2.0346,2,0,0,0.0,0
boundary:query,309,L94,dense,create,"default missed, dense hit",,2.0,1,0,0,0.0,0
boundary:query,309,L95,hybrid,create,"default missed, hybrid hit",,2.0,1,0,0,0.0,0
boundary:query,312,L12.lo,dense,exception,contradicted; every cut loses a supporter,1.8915,1.8915,12,4,2,0.6364,11
boundary:query,312,L12.hi,dense,exception,contradicted; every cut loses a supporter,1.8169,1.8169,12,3,2,0.75,12
boundary:query,319,L26,dense,exception,contradicted; every cut loses a supporter,1.9848,1.9848,3,8,3,0.2,10
boundary:query,319,L41,hybrid,exception,contradicted; every cut loses a supporter,1.9268,1.9268,2,7,2,0.125,8
boundary:query,319,L3.hi.hi.hi.hi,dense,exception,contradicted; every cut loses a supporter,2.7051,2.7051,5,7,2,0.2222,9
boundary:query,324,L7.hi.hi,hybrid,expand,arm beat the default just outside the box,2.4539,2.4539,5,7,2,0.3,10
boundary:query,325,L3.hi.hi.hi.hi,dense,narrow,contradicted; cut f:query_len_tokens,2.7015,2.7015,5,8,2,0.1,10
boundary:query,325,L13.hi.hi,dense,exception,contradicted; every cut loses a supporter,1.7186,1.7186,4,5,2,0.0,7
boundary:query,325,L58.hi,dense,exception,contradicted; every cut loses a supporter,1.8742,1.8742,5,6,2,0.0,8
boundary:query,325,L13.hi.hi,dense,retire,utility <= 0,,1.7186,4,5,2,0.0,7
boundary:query,325,L58.hi,dense,retire,utility <= 0,,1.8742,5,6,2,0.0,8
boundary:query,325,L84,dense,retire,utility <= 0,,2.0048,1,5,0,-0.6,5
boundary:query,325,L85,hybrid,retire,utility <= 0,,2.0048,1,5,0,-0.6,5
boundary:query,326,L94,dense,retire,utility <= 0,,1.9976,1,5,0,-0.6,5
boundary:query,326,L95,hybrid,retire,utility <= 0,,1.9976,1,5,0,-0.6,5
boundary:query,327,L6.lo,dense,exception,contradicted; every cut loses a supporter,2.3296,2.3296,14,7,3,0.5882,17
boundary:query,327,L6.hi,dense,exception,contradicted; every cut loses a supporter,2.497,2.497,10,7,4,0.3333,12
boundary:query,327,L12.lo,dense,exception,contradicted; every cut loses a supporter,1.8843,1.8843,12,5,3,0.5833,12
boundary:query,327,L12.hi,dense,exception,contradicted; every cut loses a supporter,1.8101,1.8101,12,4,3,0.6923,13
boundary:query,327,L7.hi.lo,hybrid,exception,contradicted; every cut loses a supporter,2.2512,2.2512,5,6,2,0.1429,7
boundary:query,327,L7.hi.hi,hybrid,exception,contradicted; every cut loses a supporter,2.4578,2.4578,5,8,3,0.2727,11
boundary:query,327,L69,hybrid,exception,contradicted; every cut loses a supporter,2.0508,2.0508,3,5,1,0.1667,6
boundary:query,327,L6.hi,dense,split,4 exceptions; cut f:query_len_tokens at 16,,2.497,10,7,4,0.3333,12
boundary:query,327,L6.hi.lo,dense,create,split of L6.hi,,2.2512,7,0,0,0.0,0
boundary:query,327,L6.hi.hi,dense,create,split of L6.hi,,2.4186,3,0,0,0.0,0
boundary:query,330,L3.hi.hi.hi.hi,dense,exception,contradicted; every cut loses a supporter,2.7033,2.7033,5,9,3,0.0909,11
boundary:query,333,L19,dense,expand,arm beat the default just outside the box,1.976,2.0203,3,2,0,0.3333,3
boundary:query,335,L13.hi.lo,dense,expand,arm beat the default just outside the box,1.72,1.7594,9,6,3,0.25,8
boundary:query,338,L7.hi.hi,hybrid,exception,contradicted; every cut loses a supporter,2.4575,2.4575,5,9,4,0.25,12
boundary:query,338,L69,hybrid,exception,contradicted; every cut loses a supporter,2.0526,2.0526,3,6,2,0.1429,7
boundary:query,338,L47.hi,hybrid,exception,contradicted; every cut loses a supporter,1.8831,1.8831,3,5,1,0.1667,6
boundary:query,338,L91,dense,exception,contradicted; every cut loses a supporter,2.0021,2.0021,3,4,1,0.3333,6
boundary:query,338,L7.hi.hi,hybrid,split,4 exceptions; cut f:query_len_tokens at 16,,2.4575,5,9,4,0.25,12
boundary:query,338,L7.hi.hi.lo,hybrid,create,split of L7.hi.hi,,2.21,3,0,0,0.0,0
boundary:query,338,L7.hi.hi.hi,hybrid,create,split of L7.hi.hi,,2.418,2,0,0,0.0,0
boundary:query,339,L8.hi,dense,expand,arm beat the default just outside the box,2.2524,2.2919,3,2,0,0.0,2
boundary:query,340,L93,hybrid,retire,utility <= 0,,2.0348,2,5,0,0.0,5
boundary:query,341,L47.hi,hybrid,exception,contradicted; every cut loses a supporter,1.8844,1.8844,3,6,2,0.1429,7
boundary:query,341,L12.lo,dense,expand,arm beat the default just outside the box,1.8875,1.9269,13,5,3,0.5833,12
boundary:query,341,L12.hi,dense,expand,arm beat the default just outside the box,1.8131,1.8524,13,4,3,0.6923,13
boundary:query,341,L6.hi.lo,dense,expand,arm beat the default just outside the box,2.2527,2.2921,8,1,0,0.0,1
boundary:query,343,L9,dense,exception,contradicted; every cut loses a supporter,2.3476,2.3476,7,6,2,0.4545,11
boundary:query,343,L10,hybrid,exception,contradicted; every cut loses a supporter,2.3476,2.3476,4,8,3,0.2,10
boundary:query,346,L92,dense,exception,contradicted; every cut loses a supporter,2.0348,2.0348,3,5,1,0.0,6
boundary:query,346,L92,dense,retire,utility <= 0,,2.0348,3,5,1,0.0,6
boundary:query,349,L90,dense,retire,utility <= 0,,2.001,1,5,0,-0.2,5
boundary:query,352,L100,dense,create,"default missed, dense hit",,2.0,1,0,0,0.0,0
boundary:query,356,L26,dense,expand,arm beat the default just outside the box,1.9825,1.9825,5,8,3,0.2727,11
boundary:query,356,L41,hybrid,expand,arm beat the default just outside the box,1.9246,1.9246,4,7,2,0.2222,9
boundary:query,356,L8.hi,dense,expand,arm beat the default just outside the box,2.2868,2.3067,4,2,0,0.0,2
boundary:query,356,L101,hybrid,create,"default missed, hybrid hit",,2.0,1,0,0,0.0,0
boundary:query,357,L9,dense,exception,contradicted; every cut loses a supporter,2.3434,2.3434,7,7,3,0.4167,12
boundary:query,357,L88,dense,exception,contradicted; every cut loses a supporter,2.0049,2.0049,2,5,1,0.1667,6
boundary:query,357,L89,hybrid,exception,contradicted; every cut loses a supporter,2.0049,2.0049,2,5,1,0.1667,6
boundary:query,366,L69,hybrid,exception,contradicted; every cut loses a supporter,2.0523,2.0523,3,7,3,0.125,8
boundary:query,366,L91,dense,narrow,contradicted; cut f:query_len_tokens,2.0013,1.9946,4,5,1,0.375,8
boundary:query,367,L88,dense,exception,contradicted; every cut loses a supporter,2.0038,2.0038,2,6,2,0.1429,7
boundary:query,367,L89,hybrid,exception,contradicted; every cut loses a supporter,2.0038,2.0038,2,6,2,0.1429,7
boundary:query,368,L47.lo,hybrid,exception,contradicted; every cut loses a supporter,1.8795,1.8795,3,5,1,0.1667,6
boundary:query,369,L47.hi,hybrid,exception,contradicted; every cut loses a supporter,1.8792,1.8792,3,7,3,0.125,8
boundary:query,369,L91,dense,exception,contradicted; every cut loses a supporter,1.9931,1.9931,4,6,2,0.3333,9
boundary:query,371,L6.hi.hi,dense,expand,arm beat the default just outside the box,2.4117,2.4517,5,1,0,0.5,2
boundary:query,371,L7.hi.hi.hi,hybrid,expand,arm beat the default just outside the box,2.4117,2.4517,3,2,0,0.0,2
boundary:query,372,L56,hybrid,expand,arm beat the default just outside the box,2.0181,2.0455,2,2,0,0.0,2
boundary:query,372,L102,hybrid,create,"default missed, hybrid hit",,2.0,1,0,0,0.0,0
boundary:query,373,L12.lo,dense,exception,contradicted; every cut loses a supporter,1.9258,1.9258,13,6,4,0.5385,13
boundary:query,373,L12.hi,dense,exception,contradicted; every cut loses a supporter,1.8499,1.8499,13,5,4,0.6429,14
boundary:query,373,L69,hybrid,exception,contradicted; every cut loses a supporter,2.0512,2.0512,3,8,4,0.1111,9
boundary:query,373,L47.lo,hybrid,exception,contradicted; every cut loses a supporter,1.8793,1.8793,3,6,2,0.1429,7
boundary:query,373,L91,dense,narrow,contradicted; cut f:query_len_tokens,1.9935,1.9534,4,7,2,0.3,10
boundary:query,373,L12.lo,dense,split,4 exceptions; cut f:query_len_tokens at 15,,1.9258,13,6,4,0.5385,13
boundary:query,373,L12.lo.lo,dense,create,split of L12.lo,,1.8456,8,0,0,0.0,0
boundary:query,373,L12.lo.hi,dense,create,split of L12.lo,,1.7295,5,0,0,0.0,0
boundary:query,373,L12.hi,dense,split,4 exceptions; cut f:query_len_tokens at 15,,1.8499,13,5,4,0.6429,14
boundary:query,373,L12.hi.lo,dense,create,split of L12.hi,,1.7696,7,0,0,0.0,0
boundary:query,373,L12.hi.hi,dense,create,split of L12.hi,,1.7295,6,0,0,0.0,0
boundary:query,373,L69,hybrid,split,4 exceptions; cut f:query_len_tokens at 15,,2.0512,3,8,4,0.1111,9
boundary:query,373,L69.lo,hybrid,create,split of L69,,2.0111,2,0,0,0.0,0
boundary:query,373,L69.hi,hybrid,create,split of L69,,1.8003,1,0,0,0.0,0
boundary:query,376,L55,dense,exception,contradicted; every cut loses a supporter,2.0456,2.0456,5,4,1,0.2857,7
boundary:query,378,L47.hi,hybrid,exception,contradicted; every cut loses a supporter,1.8796,1.8796,3,8,4,0.1111,9
boundary:query,378,L6.hi.lo,dense,expand,arm beat the default just outside the box,2.2819,2.3219,10,3,0,0.25,4
boundary:query,378,L12.lo.hi,dense,expand,arm beat the default just outside the box,1.7303,1.7703,6,0,0,0.0,0
boundary:query,378,L12.hi.hi,dense,expand,arm beat the default just outside the box,1.7303,1.7703,7,0,0,0.0,0
boundary:query,378,L47.hi,hybrid,split,4 exceptions; cut f:query_len_tokens at 16,,1.8796,3,8,4,0.1111,9
boundary:query,378,L47.hi.lo,hybrid,create,split of L47.hi,,1.7996,2,0,0,0.0,0
boundary:query,378,L47.hi.hi,hybrid,create,split of L47.hi,,1.8396,1,0,0,0.0,0
boundary:query,379,L82,dense,retire,utility <= 0,,2.006,1,5,0,-0.2,5
boundary:query,379,L83,hybrid,retire,utility <= 0,,2.006,1,5,0,0.0,5
boundary:query,380,L12.lo.lo,dense,expand,arm beat the default just outside the box,1.844,1.884,9,0,0,0.0,0
boundary:query,380,L12.hi.lo,dense,expand,arm beat the default just outside the box,1.7683,1.8083,8,0,0,0.0,0
boundary:query,381,L7.hi.hi.hi,hybrid,retire,utility <= 0,,2.4521,3,5,0,0.0,5
boundary:query,385,L6.hi.lo,dense,exception,contradicted; every cut loses a supporter,2.3227,2.3227,12,4,1,0.4286,7
boundary:query,385,L6.hi.hi,dense,exception,contradicted; every cut loses a supporter,2.4534,2.4534,8,2,1,0.6667,6
boundary:query,385,L7.hi.hi.lo,hybrid,exception,contradicted; every cut loses a supporter,2.2028,2.2028,4,5,1,0.1667,6
boundary:query,388,L14.hi,hybrid,expand,arm beat the default just outside the box,1.7989,1.7989,7,7,3,0.3,10
boundary:query,388,L111,hybrid,create,"default missed, hybrid hit",,2.0,1,0,0,0.0,0
boundary:query,390,L100,dense,narrow,contradicted; cut f:query_len_tokens,2.0024,1.9959,2,5,0,0.1667,6
boundary:query,394,L88,dense,exception,contradicted; every cut loses a supporter,2.0057,2.0057,2,7,3,0.125,8
boundary:query,395,L6.lo,dense,exception,contradicted; every cut loses a supporter,2.3296,2.3296,15,8,4,0.5263,19
boundary:query,395,L7.hi.lo,hybrid,exception,contradicted; every cut loses a supporter,2.2495,2.2495,5,7,3,0.125,8
boundary:query,395,L47.lo,hybrid,exception,contradicted; every cut loses a supporter,1.8816,1.8816,3,7,3,0.125,8
boundary:query,395,L91,dense,narrow,contradicted; cut f:query_len_tokens,1.9556,1.9155,5,8,2,0.25,12
boundary:query,395,L6.hi.lo,dense,exception,contradicted; every cut loses a supporter,2.3296,2.3296,12,5,2,0.25,8
boundary:query,395,L6.lo,dense,split,4 exceptions; cut f:query_len_tokens at 15,,2.3296,15,8,4,0.5263,19
boundary:query,395,L6.lo.lo,dense,create,split of L6.lo,,2.2094,8,0,0,0.0,0
boundary:query,395,L6.lo.hi,dense,create,split of L6.lo,,2.2895,7,0,0,0.0,0
boundary:query,396,L12.lo.lo,dense,retire,utility <= 0,,1.8869,10,4,0,0.0,5
boundary:query,396,L12.hi.lo,dense,retire,utility <= 0,,1.811,9,4,0,0.0,5
boundary:query,396,L69.hi,hybrid,retire,utility <= 0,,1.8024,1,5,0,0.0,5
boundary:query,396,L47.hi.lo,hybrid,retire,utility <= 0,,1.8012,2,5,0,0.0,5
boundary:query,396,L47.hi.hi,hybrid,retire,utility <= 0,,1.8413,1,5,0,0.0,5
boundary:query,397,L100,dense,exception,contradicted; every cut loses a supporter,1.9959,1.9959,3,6,1,0.25,8
boundary:query,401,L114,dense,create,"default missed, dense hit",,2.0,1,0,0,0.0,0
boundary:query,401,L115,hybrid,create,"default missed, hybrid hit",,2.0,1,0,0,0.0,0
boundary:query,402,L5,dense,exception,contradicted; every cut loses a supporter,2.7053,2.7053,5,7,3,0.3,10
boundary:query,406,L111,hybrid,retire,utility <= 0,,1.9945,1,5,0,0.0,5
boundary:query,411,L13.hi.lo,dense,expand,arm beat the default just outside the box,1.7531,1.7932,11,6,3,0.3333,9
boundary:query,417,L12.lo.hi,dense,exception,contradicted; every cut loses a supporter,1.7653,1.7653,8,4,1,0.1667,6
boundary:query,417,L12.hi.hi,dense,exception,contradicted; every cut loses a supporter,1.7653,1.7653,9,4,1,0.1667,6
boundary:query,420,L89,hybrid,exception,contradicted; every cut loses a supporter,1.9989,1.9989,3,7,3,0.2222,9
boundary:query,424,L6.lo.lo,dense,expand,arm beat the default just outside the box,2.188,2.2284,9,0,0,0.0,0
boundary:query,425,L114,dense,retire,utility <= 0,,1.9954,1,5,0,0.0,5
boundary:query,425,L115,hybrid,retire,utility <= 0,,1.9954,1,5,0,0.0,5
boundary:query,427,L8.lo,dense,exception,contradicted; every cut loses a supporter,2.2713,2.2713,3,5,1,0.1667,6
boundary:query,428,L3.hi.hi.hi.hi,dense,expand,arm beat the default just outside the box,2.6838,2.7242,7,9,3,0.1667,12
boundary:query,428,L100,dense,expand,arm beat the default just outside the box,1.9895,1.9895,5,6,1,0.3333,9
boundary:query,428,L116,dense,create,"default missed, dense hit",,2.0,1,0,0,0.0,0
boundary:query,431,L6.hi.hi,dense,exception,contradicted; every cut loses a supporter,2.4448,2.4448,8,3,2,0.5714,7
boundary:query,432,L117,hybrid,create,"default missed, hybrid hit",,2.0,1,0,0,0.0,0
boundary:query,433,L26,dense,expand,arm beat the default just outside the box,1.9783,2.0187,6,8,3,0.2727,11
boundary:query,433,L8.hi,dense,expand,arm beat the default just outside the box,2.2982,2.3385,5,2,0,0.0,2
boundary:query,438,L100,dense,expand,arm beat the default just outside the box,1.9922,2.0325,8,6,1,0.4545,11
boundary:query,439,L118,dense,create,"default missed, dense hit",,2.0,1,0,0,0.0,0
boundary:query,439,L119,hybrid,create,"default missed, hybrid hit",,2.0,1,0,0,0.0,0
boundary:query,448,L3.hi.hi.hi.hi,dense,exception,contradicted; every cut loses a supporter,2.7266,2.7266,10,10,4,0.3125,16
boundary:query,448,L100,dense,exception,contradicted; every cut loses a supporter,2.0309,2.0309,8,7,2,0.4167,12
boundary:query,448,L116,dense,exception,contradicted; every cut loses a supporter,2.0011,2.0011,4,3,1,0.5,6
boundary:query,448,L3.hi.hi.hi.hi,dense,split,4 exceptions; cut f:query_cap_spans at 1,,2.7266,10,10,4,0.3125,16
boundary:query,448,L3.hi.hi.hi.hi.lo,dense,create,split of L3.hi.hi.hi.hi,,2.5274,7,0,0,0.0,0
boundary:query,448,L3.hi.hi.hi.hi.hi,dense,create,split of L3.hi.hi.hi.hi,,2.7266,3,0,0,0.0,0
boundary:query,449,L56,hybrid,exception,contradicted; every cut loses a supporter,2.0417,2.0417,3,5,1,0.1667,6
boundary:query,449,L11,dense,expand,arm beat the default just outside the box,1.8633,1.8661,10,3,1,0.6364,11
boundary:query,450,L47.lo,hybrid,expand,arm beat the default just outside the box,1.874,1.9143,4,7,3,0.125,8
boundary:query,450,L69.lo,hybrid,expand,arm beat the default just outside the box,2.0068,2.047,3,1,0,0.0,1
boundary:query,450,L122,hybrid,create,"default missed, hybrid hit",,2.0,1,0,0,0.0,0
boundary:query,456,L11,dense,exception,contradicted; every cut loses a supporter,1.8656,1.8656,11,4,2,0.6154,13
boundary:query,456,L55,dense,exception,contradicted; every cut loses a supporter,2.0412,2.0412,8,5,2,0.4545,11
boundary:query,456,L56,hybrid,exception,contradicted; every cut loses a supporter,2.0412,2.0412,3,6,2,0.1429,7
boundary:query,456,L102,hybrid,exception,contradicted; every cut loses a supporter,1.9953,1.9953,2,5,1,0.1667,6
boundary:query,458,L101,hybrid,expand,arm beat the default just outside the box,1.9923,2.0265,2,3,0,0.0,3
boundary:query,463,L100,dense,exception,contradicted; every cut loses a supporter,2.0267,2.0267,8,8,3,0.3077,13
boundary:query,463,L116,dense,exception,contradicted; every cut loses a supporter,1.9971,1.9971,4,4,2,0.2857,7
boundary:query,463,L117,hybrid,retire,utility <= 0,,1.9953,1,5,0,-0.2,5
boundary:query,465,L100,dense,exception,contradicted; every cut loses a supporter,2.0266,2.0266,8,9,4,0.2857,14
boundary:query,465,L116,dense,narrow,contradicted; cut f:query_len_tokens,1.997,1.9932,4,5,2,0.25,8
boundary:query,465,L100,dense,split,4 exceptions; cut f:query_len_tokens at 10.5,,2.0266,8,9,4,0.2857,14
boundary:query,465,L100.lo,dense,create,split of L100,,1.9665,4,0,0,0.0,0
boundary:query,465,L100.hi,dense,create,split of L100,,1.7998,4,0,0,0.0,0
boundary:query,466,L91,dense,expand,arm beat the default just outside the box,1.9061,1.9061,7,8,2,0.3077,13
boundary:query,466,L6.hi.hi,dense,expand,arm beat the default just outside the box,2.435,2.4751,11,3,2,0.6667,9
boundary:query,466,L12.lo.hi,dense,expand,arm beat the default just outside the box,1.7628,1.8029,10,4,1,0.2857,7
boundary:query,466,L12.hi.hi,dense,expand,arm beat the default just outside the box,1.7628,1.8029,11,4,1,0.2857,7
boundary:query,466,L6.lo.hi,dense,expand,arm beat the default just outside the box,2.2638,2.3039,11,3,0,0.3333,6
boundary:query,468,L6.hi.lo,dense,exception,contradicted; every cut loses a supporter,2.3035,2.3035,13,6,3,0.3,10
boundary:query,468,L6.hi.hi,dense,exception,contradicted; every cut loses a supporter,2.4748,2.4748,11,4,3,0.6,10
boundary:query,468,L7.hi.hi.lo,hybrid,exception,contradicted; every cut loses a supporter,2.1831,2.1831,4,6,2,0.1429,7
boundary:query,468,L12.lo.hi,dense,exception,contradicted; every cut loses a supporter,1.8016,1.8016,10,5,2,0.25,8
boundary:query,468,L12.hi.hi,dense,exception,contradicted; every cut loses a supporter,1.8016,1.8016,11,5,2,0.25,8
boundary:query,468,L6.lo.hi,dense,exception,contradicted; every cut loses a supporter,2.3035,2.3035,11,4,1,0.2857,7
boundary:query,469,L19,dense,narrow,contradicted; cut f:query_len_tokens,2.0106,1.9355,3,5,0,0.1667,6
boundary:query,470,L47.lo,hybrid,exception,contradicted; every cut loses a supporter,1.9101,1.9101,4,8,4,0.1111,9
boundary:query,470,L6.lo.hi,dense,exception,contradicted; every cut loses a supporter,2.3039,2.3039,11,5,2,0.25,8
boundary:query,470,L47.lo,hybrid,split,4 exceptions; cut f:query_len_tokens at 14.5,,1.9101,4,8,4,0.1111,9
boundary:query,470,L47.lo.lo,hybrid,create,split of L47.lo,,1.8501,2,0,0,0.0,0
boundary:query,470,L47.lo.hi,hybrid,create,split of L47.lo,,1.8101,2,0,0,0.0,0
boundary:query,471,L11,dense,narrow,contradicted; cut f:query_len_tokens,1.8617,1.8245,11,5,2,0.5714,14
boundary:query,471,L102,hybrid,narrow,contradicted; cut f:query_len_tokens,1.9908,1.9859,2,6,1,0.1429,7
boundary:query,478,L91,dense,exception,contradicted; every cut loses a supporter,1.9027,1.9027,7,9,3,0.2857,14
boundary:query,478,L6.hi.lo,dense,exception,contradicted; every cut loses a supporter,2.2984,2.2984,13,7,4,0.2727,11
boundary:query,478,L6.hi.hi,dense,exception,contradicted; every cut loses a supporter,2.4691,2.4691,11,5,4,0.5455,11
boundary:query,478,L12.lo.hi,dense,exception,contradicted; every cut loses a supporter,1.8003,1.8003,10,6,3,0.2222,9
boundary:query,478,L12.hi.hi,dense,exception,contradicted; every cut loses a supporter,1.8003,1.8003,11,6,3,0.2222,9
boundary:query,478,L6.lo.hi,dense,exception,contradicted; every cut loses a supporter,2.2984,2.2984,11,6,3,0.2222,9
boundary:query,478,L6.hi.lo,dense,split,4 exceptions; cut f:query_len_tokens at 16,,2.2984,13,7,4,0.2727,11
boundary:query,478,L6.hi.lo.lo,dense,create,split of L6.hi.lo,,2.2184,10,0,0,0.0,0
boundary:query,478,L6.hi.lo.hi,dense,create,split of L6.hi.lo,,2.2184,3,0,0,0.0,0
boundary:query,478,L6.hi.hi,dense,split,4 exceptions; cut f:query_len_tokens at 18,,2.4691,11,5,4,0.5455,11
boundary:query,478,L6.hi.hi.lo,dense,create,split of L6.hi.hi,,2.2984,8,0,0,0.0,0
boundary:query,478,L6.hi.hi.hi,dense,create,split of L6.hi.hi,,2.3092,3,0,0,0.0,0
boundary:query,482,L11,dense,exception,contradicted; every cut loses a supporter,1.8236,1.8236,11,6,3,0.5333,15
boundary:query,482,L102,hybrid,narrow,contradicted; cut f:query_len_tokens,1.9835,1.9033,2,7,1,0.125,8
boundary:query,486,L6.lo.lo,dense,exception,contradicted; every cut loses a supporter,2.2129,2.2129,11,4,1,0.1667,6
boundary:query,486,L122,hybrid,exception,contradicted; every cut loses a supporter,1.9914,1.9914,2,5,1,0.0,6
boundary:query,486,L69.lo,hybrid,retire,utility <= 0,,2.0384,3,5,0,-0.2,5
boundary:query,486,L122,hybrid,retire,utility <= 0,,1.9914,2,5,1,0.0,6
boundary:query,487,L91,dense,exception,contradicted; every cut loses a supporter,1.8999,1.8999,7,10,4,0.2667,15
boundary:query,487,L12.lo.hi,dense,exception,contradicted; every cut loses a supporter,1.7978,1.7978,10,7,4,0.2,10
boundary:query,487,L12.hi.hi,dense,exception,contradicted; every cut loses a supporter,1.7978,1.7978,11,7,4,0.2,10
boundary:query,487,L6.lo.hi,dense,exception,contradicted; every cut loses a supporter,2.2935,2.2935,11,7,4,0.2,10
boundary:query,487,L91,dense,split,4 exceptions; cut f:query_len_tokens at 17,,1.8999,7,10,4,0.2667,15
boundary:query,487,L91.lo,dense,create,split of L91,,1.853,4,0,0,0.0,0
boundary:query,487,L91.hi,dense,create,split of L91,,1.7795,3,0,0,0.0,0
boundary:query,487,L12.lo.hi,dense,split,4 exceptions; cut f:query_len_tokens at 16,,1.7978,10,7,4,0.2,10
boundary:query,487,L12.lo.hi.lo,dense,create,split of L12.lo.hi,,1.7176,7,0,0,0.0,0
boundary:query,487,L12.lo.hi.hi,dense,create,split of L12.lo.hi,,1.7176,3,0,0,0.0,0
boundary:query,487,L12.hi.hi,dense,split,4 exceptions; cut f:query_len_tokens at 16,,1.7978,11,7,4,0.2,10
boundary:query,487,L12.hi.hi.lo,dense,create,split of L12.hi.hi,,1.7176,8,0,0,0.0,0
boundary:query,487,L12.hi.hi.hi,dense,create,split of L12.hi.hi,,1.7176,3,0,0,0.0,0
boundary:query,487,L6.lo.hi,dense,split,4 exceptions; cut f:query_len_tokens at 16,,2.2935,11,7,4,0.2,10
boundary:query,487,L6.lo.hi.lo,dense,create,split of L6.lo.hi,,2.2132,8,0,0,0.0,0
boundary:query,487,L6.lo.hi.hi,dense,create,split of L6.lo.hi,,2.2132,3,0,0,0.0,0
boundary:query,490,L25,dense,retire,utility <= 0,,1.9838,1,5,0,0.0,5
boundary:query,491,L14.hi,hybrid,exception,contradicted; every cut loses a supporter,1.7851,1.7851,7,8,4,0.2727,11
boundary:query,491,L13.hi.lo,dense,exception,contradicted; every cut loses a supporter,1.7851,1.7851,11,7,4,0.3,10
boundary:query,491,L116,dense,narrow,contradicted; cut f:query_len_tokens,1.9856,1.9053,4,6,2,0.2222,9
boundary:query,491,L14.hi,hybrid,split,4 exceptions; cut f:query_len_tokens at 12,,1.7851,7,8,4,0.2727,11
boundary:query,491,L14.hi.lo,hybrid,create,split of L14.hi,,1.7049,4,0,0,0.0,0
boundary:query,491,L14.hi.hi,hybrid,create,split of L14.hi,,1.7049,3,0,0,0.0,0
boundary:query,491,L13.hi.lo,dense,split,4 exceptions; cut f:query_len_tokens at 13,,1.7851,11,7,4,0.3,10
boundary:query,491,L13.hi.lo.lo,dense,create,split of L13.hi.lo,,1.7851,11,0,0,0.0,0
boundary:query,492,L6.hi.lo.hi,dense,expand,arm beat the default just outside the box,2.2111,2.2513,4,2,0,-0.5,2
boundary:query,492,L12.lo.hi.hi,dense,expand,arm beat the default just outside the box,1.7171,1.7572,4,0,0,0.0,0
boundary:query,492,L12.hi.hi.hi,dense,expand,arm beat the default just outside the box,1.7171,1.7572,4,0,0,0.0,0
boundary:query,492,L6.lo.hi.hi,dense,expand,arm beat the default just outside the box,2.2111,2.2513,4,0,0,0.0,0
boundary:query,494,L10,hybrid,exception,contradicted; every cut loses a supporter,2.3104,2.3104,4,9,4,0.1818,11
boundary:query,494,L89,hybrid,exception,contradicted; every cut loses a supporter,1.9878,1.9878,3,8,4,0.2,10
boundary:query,494,L10,hybrid,split,4 exceptions; cut f:query_len_tokens at 10.5,,2.3104,4,9,4,0.1818,11
boundary:query,494,L10.lo,hybrid,create,split of L10,,2.2503,2,0,0,0.0,0
boundary:query,494,L10.hi,hybrid,create,split of L10,,2.1748,2,0,0,0.0,0
boundary:query,494,L89,hybrid,split,4 exceptions; cut f:query_len_tokens at 12,,1.9878,3,8,4,0.2,10
boundary:query,494,L89.lo,hybrid,create,split of L89,,1.8597,3,0,0,0.0,0
boundary:query,497,L8.lo,dense,expand,arm beat the default just outside the box,2.2503,2.3107,4,5,1,0.1667,6
boundary:query,497,L3.hi.hi.hi.hi.hi,dense,expand,arm beat the default just outside the box,2.7038,2.7038,4,3,0,-0.3333,3
boundary:query,498,L6.lo.lo,dense,exception,contradicted; every cut loses a supporter,2.2081,2.2081,12,5,2,0.25,8
boundary:query,499,L26,dense,exception,contradicted; every cut loses a supporter,2.0067,2.0067,7,9,4,0.3077,13
boundary:query,499,L41,hybrid,exception,contradicted; every cut loses a supporter,1.9066,1.9066,6,8,3,0.3333,12
boundary:query,499,L8.lo,dense,exception,contradicted; every cut loses a supporter,2.3121,2.3121,4,6,2,0.1429,7
boundary:query,499,L8.hi,dense,exception,contradicted; every cut loses a supporter,2.3128,2.3128,7,5,1,0.2857,7
boundary:query,499,L101,hybrid,exception,contradicted; every cut loses a supporter,2.0175,2.0175,3,5,1,0.1667,6
boundary:query,499,L26,dense,split,4 exceptions; cut f:query_len_tokens at 15,,2.0067,7,9,4,0.3077,13
boundary:query,499,L26.lo,dense,create,split of L26,,1.8797,5,0,0,0.0,0
boundary:query,499,L26.hi,dense,create,split of L26,,1.8456,2,0,0,0.0,0
boundary:query,501,L3.hi.hi.hi.hi.hi,dense,retire,utility <= 0,,2.7061,4,5,0,-0.2,5
boundary:query,502,L118,dense,expand,arm beat the default just outside the box,1.9881,2.0245,4,2,0,0.5,4
boundary:query,504,L88,dense,narrow,contradicted; cut f:query_len_tokens,1.9891,1.9408,3,8,3,0.2,10
boundary:query,511,L6.hi.hi.lo,dense,exception,contradicted; every cut loses a supporter,2.2907,2.2907,10,4,1,0.1667,6
boundary:query,511,L6.hi.lo.hi,dense,retire,utility <= 0,,2.2502,5,4,0,0.0,5
boundary:query,512,L8.hi,dense,exception,contradicted; every cut loses a supporter,2.3151,2.3151,7,6,2,0.25,8
boundary:query,512,L101,hybrid,narrow,contradicted; cut f:query_len_tokens,2.0193,1.9322,3,6,1,0.1429,7
boundary:query,514,L6.hi.hi.lo,dense,exception,contradicted; every cut loses a supporter,2.2922,2.2922,10,5,2,0.1429,7
boundary:query,514,L47.lo.hi,hybrid,retire,utility <= 0,,1.804,2,5,0,-0.2,5
boundary:query,515,L47.lo.lo,hybrid,expand,arm beat the default just outside the box,1.8442,1.9047,3,1,0,0.0,1
boundary:query,515,L91.hi,dense,expand,arm beat the default just outside the box,1.7779,1.8183,4,1,0,0.0,1
boundary:query,515,L147,hybrid,create,"default missed, hybrid hit",,2.0,1,0,0,0.0,0
boundary:query,517,L7.lo,hybrid,expand,arm beat the default just outside the box,2.2111,2.2515,7,6,3,0.3333,9
boundary:query,517,L7.hi.lo,hybrid,expand,arm beat the default just outside the box,2.2111,2.2515,6,7,3,0.125,8
boundary:query,517,L6.lo.lo,dense,expand,arm beat the default just outside the box,2.2111,2.2515,13,5,2,0.25,8
boundary:query,517,L6.hi.lo.lo,dense,expand,arm beat the default just outside the box,2.2111,2.2515,14,3,0,0.3333,6
boundary:query,517,L6.hi.hi.lo,dense,expand,arm beat the default just outside the box,2.292,2.3324,12,5,2,0.25,8
boundary:query,517,L91.lo,dense,expand,arm beat the default just outside the box,1.8518,1.8923,8,2,0,0.6,5
boundary:query,517,L12.lo.hi.lo,dense,expand,arm beat the default just outside the box,1.7178,1.7582,11,2,0,0.6,5
boundary:query,517,L12.hi.hi.lo,dense,expand,arm beat the default just outside the box,1.7178,1.7582,12,2,0,0.6,5
boundary:query,517,L6.lo.hi.lo,dense,expand,arm beat the default just outside the box,2.2111,2.2515,12,2,0,0.6,5
boundary:query,517,L148,dense,create,"default missed, dense hit",,2.0,1,0,0,0.0,0
boundary:query,519,L3.hi.hi.hi.hi.lo,dense,retire,utility <= 0,,2.5065,7,5,0,-0.2,5
boundary:query,523,L14.hi.lo,hybrid,retire,utility <= 0,,1.7052,4,5,0,0.0,5
boundary:query,523,L13.hi.lo.lo,dense,retire,utility <= 0,,1.7866,11,5,0,0.0,5
boundary:query,524,L54,hybrid,exception,contradicted; every cut loses a supporter,2.0018,2.0018,3,4,1,0.3333,6
boundary:query,525,L6.lo.lo,dense,exception,contradicted; every cut loses a supporter,2.2509,2.2509,13,6,3,0.2222,9
boundary:query,525,L6.hi.lo.lo,dense,exception,contradicted; every cut loses a supporter,2.2509,2.2509,14,4,1,0.2857,7
boundary:query,525,L6.hi.hi.lo,dense,exception,contradicted; every cut loses a supporter,2.3323,2.3323,12,6,3,0.2222,9
boundary:query,525,L91.lo,dense,exception,contradicted; every cut loses a supporter,1.8927,1.8927,8,3,1,0.5,6
boundary:query,525,L12.lo.hi.lo,dense,exception,contradicted; every cut loses a supporter,1.7582,1.7582,11,3,1,0.5,6
boundary:query,525,L12.hi.hi.lo,dense,exception,contradicted; every cut loses a supporter,1.7582,1.7582,12,3,1,0.5,6
boundary:query,525,L6.lo.hi.lo,dense,exception,contradicted; every cut loses a supporter,2.2509,2.2509,12,3,1,0.5,6
boundary:query,526,L100.lo,dense,retire,utility <= 0,,1.9613,4,5,0,0.0,5
boundary:query,529,L6.hi.hi.lo,dense,exception,contradicted; every cut loses a supporter,2.3313,2.3313,12,7,4,0.2,10
boundary:query,529,L91.lo,dense,exception,contradicted; every cut loses a supporter,1.8927,1.8927,8,4,2,0.4286,7
boundary:query,529,L12.lo.hi.hi,dense,exception,contradicted; every cut loses a supporter,1.759,1.759,6,4,1,0.3333,6
boundary:query,529,L12.hi.hi.hi,dense,exception,contradicted; every cut loses a supporter,1.759,1.759,6,4,1,0.3333,6
boundary:query,529,L6.lo.hi.hi,dense,exception,contradicted; every cut loses a supporter,2.2499,2.2499,6,4,1,0.3333,6
boundary:query,529,L6.hi.hi.lo,dense,split,4 exceptions; cut f:query_len_tokens at 16,,2.3313,12,7,4,0.2,10
boundary:query,529,L6.hi.hi.lo.lo,dense,create,split of L6.hi.hi.lo,,2.2499,8,0,0,0.0,0
boundary:query,529,L6.hi.hi.lo.hi,dense,create,split of L6.hi.hi.lo,,2.2092,4,0,0,0.0,0
boundary:query,530,L54,hybrid,exception,contradicted; every cut loses a supporter,2.002,2.002,3,5,2,0.2857,7
boundary:query,532,L119,hybrid,retire,utility <= 0,,1.9885,1,5,0,0.0,5
boundary:query,533,L116,dense,expand,arm beat the default just outside the box,1.9057,1.9425,5,6,2,0.2222,9
boundary:query,533,L151,dense,create,"default missed, dense hit",,2.0,1,0,0,0.0,0
boundary:query,535,L100.hi,dense,expand,arm beat the default just outside the box,1.7911,1.8318,5,4,0,0.0,4
boundary:query,535,L14.hi.hi,hybrid,retire,utility <= 0,,1.7052,3,5,0,0.0,5
boundary:query,536,L116,dense,exception,contradicted; every cut loses a supporter,1.9436,1.9436,6,7,3,0.2727,11
boundary:query,537,L6.hi.lo.lo,dense,exception,contradicted; every cut loses a supporter,2.2507,2.2507,14,5,2,0.25,8
boundary:query,537,L91.lo,dense,exception,contradicted; every cut loses a supporter,1.8931,1.8931,8,5,3,0.375,8
boundary:query,537,L12.lo.hi.lo,dense,exception,contradicted; every cut loses a supporter,1.7587,1.7587,11,4,2,0.4286,7
boundary:query,537,L12.lo.hi.hi,dense,exception,contradicted; every cut loses a supporter,1.7587,1.7587,6,5,2,0.2857,7
boundary:query,537,L12.hi.hi.lo,dense,exception,contradicted; every cut loses a supporter,1.7587,1.7587,12,4,2,0.4286,7
boundary:query,537,L12.hi.hi.hi,dense,exception,contradicted; every cut loses a supporter,1.7587,1.7587,6,5,2,0.2857,7
boundary:query,537,L6.lo.hi.lo,dense,exception,contradicted; every cut loses a supporter,2.2507,2.2507,12,4,2,0.4286,7
boundary:query,537,L6.lo.hi.hi,dense,exception,contradicted; every cut loses a supporter,2.2507,2.2507,6,5,2,0.2857,7
boundary:query,539,L100.hi,dense,retire,utility <= 0,,1.8335,5,5,0,0.0,5
boundary:query,543,L118,dense,exception,contradicted; every cut loses a supporter,2.0283,2.0283,4,4,1,0.3333,6
boundary:query,547,L10.lo,hybrid,expand,arm beat the default just outside the box,2.2512,2.2717,3,0,0,0.0,0
boundary:query,548,L47.lo.lo,hybrid,exception,contradicted; every cut loses a supporter,1.9063,1.9063,4,5,1,0.1667,6
boundary:query,548,L147,hybrid,exception,contradicted; every cut loses a supporter,2.0031,2.0031,2,5,1,0.1667,6
boundary:query,549,L152,hybrid,create,"default missed, hybrid hit",,2.0,1,0,0,0.0,0
boundary:query,550,L151,dense,retire,utility <= 0,,2.0016,2,4,0,0.0,5
boundary:query,553,L147,hybrid,narrow,contradicted; cut f:query_len_tokens,2.0004,1.9157,2,6,1,0.1429,7
boundary:query,553,L6.lo.lo,dense,expand,arm beat the default just outside the box,2.2516,2.292,14,6,3,0.2222,9
boundary:query,553,L6.hi.lo.lo,dense,expand,arm beat the default just outside the box,2.2516,2.292,15,5,2,0.25,8
boundary:query,553,L6.hi.hi.hi,dense,expand,arm beat the default just outside the box,2.3029,2.3433,4,3,0,0.0,3
boundary:query,553,L12.lo.hi.lo,dense,expand,arm beat the default just outside the box,1.7587,1.7991,12,4,2,0.4286,7
boundary:query,553,L12.hi.hi.lo,dense,expand,arm beat the default just outside the box,1.7587,1.7991,13,4,2,0.4286,7
boundary:query,553,L6.lo.hi.lo,dense,expand,arm beat the default just outside the box,2.2516,2.292,13,4,2,0.4286,7
boundary:query,553,L148,dense,expand,arm beat the default just outside the box,2.0003,2.037,2,4,0,0.0,4
boundary:query,553,L6.hi.hi.lo.lo,dense,expand,arm beat the default just outside the box,2.2516,2.292,9,3,0,0.0,3
boundary:query,556,L153,dense,create,"default missed, dense hit",,2.0,1,0,0,0.0,0
boundary:query,558,L72,dense,retire,utility <= 0,,2.0072,2,4,0,0.0,5
boundary:query,558,L73,hybrid,retire,utility <= 0,,2.0072,1,5,0,-0.2,5
boundary:query,559,L116,dense,exception,contradicted; every cut loses a supporter,1.9425,1.9425,6,8,4,0.1667,12
boundary:query,559,L116,dense,split,4 exceptions; cut f:query_len_tokens at 11.5,,1.9425,6,8,4,0.1667,12
boundary:query,559,L116.lo,dense,create,split of L116,,1.8011,3,0,0,0.0,0
boundary:query,559,L116.hi,dense,create,split of L116,,1.8819,3,0,0,0.0,0
boundary:query,560,L54,hybrid,narrow,contradicted; cut f:query_len_tokens,2.0008,1.9484,3,6,2,0.25,8
boundary:query,560,L59,dense,narrow,contradicted; cut f:query_len_tokens,2.0034,1.91,5,2,0,0.6667,6
boundary:query,561,L148,dense,retire,utility <= 0,,2.0371,2,5,0,0.0,5
boundary:query,562,L156,hybrid,create,"default missed, hybrid hit",,2.0,1,0,0,0.0,0
boundary:query,563,L7.lo,hybrid,exception,contradicted; every cut loses a supporter,2.254,2.254,7,7,4,0.3,10
boundary:query,563,L7.hi.lo,hybrid,exception,contradicted; every cut loses a supporter,2.254,2.254,6,8,4,0.1111,9
boundary:query,563,L6.lo.lo,dense,exception,contradicted; every cut loses a supporter,2.2945,2.2945,14,7,4,0.2,10
boundary:query,563,L47.lo.lo,hybrid,exception,contradicted; every cut loses a supporter,1.9053,1.9053,4,6,2,0.1429,7
boundary:query,563,L6.hi.lo.lo,dense,exception,contradicted; every cut loses a supporter,2.2945,2.2945,15,6,3,0.2222,9
boundary:query,563,L91.lo,dense,exception,contradicted; every cut loses a supporter,1.8932,1.8932,8,6,4,0.3333,9
boundary:query,563,L12.lo.hi.lo,dense,exception,contradicted; every cut loses a supporter,1.7995,1.7995,12,5,3,0.375,8
boundary:query,563,L12.hi.hi.lo,dense,exception,contradicted; every cut loses a supporter,1.7995,1.7995,13,5,3,0.375,8
boundary:query,563,L6.lo.hi.lo,dense,exception,contradicted; every cut loses a supporter,2.2945,2.2945,13,5,3,0.375,8
boundary:query,563,L147,hybrid,exception,contradicted; every cut loses a supporter,1.9163,1.9163,2,7,2,0.125,8
boundary:query,563,L7.lo,hybrid,split,4 exceptions; cut f:query_len_tokens at 15,,2.254,7,7,4,0.3,10
boundary:query,563,L7.lo.lo,hybrid,create,split of L7.lo,,2.2134,5,0,0,0.0,0
boundary:query,563,L7.lo.hi,hybrid,create,split of L7.lo,,2.1729,2,0,0,0.0,0
boundary:query,563,L7.hi.lo,hybrid,split,4 exceptions; cut f:query_len_tokens at 15,,2.254,6,8,4,0.1111,9
boundary:query,563,L7.hi.lo.lo,hybrid,create,split of L7.hi.lo,,2.2134,4,0,0,0.0,0
boundary:query,563,L7.hi.lo.hi,hybrid,create,split of L7.hi.lo,,2.1729,2,0,0,0.0,0
boundary:query,563,L6.lo.lo,dense,split,4 exceptions; cut f:query_len_tokens at 15,,2.2945,14,7,4,0.2,10
boundary:query,563,L6.lo.lo.lo,dense,create,split of L6.lo.lo,,2.2134,11,0,0,0.0,0
boundary:query,563,L6.lo.lo.hi,dense,create,split of L6.lo.lo,,2.2134,3,0,0,0.0,0
boundary:query,563,L91.lo,dense,split,4 exceptions; cut f:query_len_tokens at 15,,1.8932,8,6,4,0.3333,9
boundary:query,563,L91.lo.lo,dense,create,split of L91.lo,,1.8121,6,0,0,0.0,0
boundary:query,563,L91.lo.hi,dense,create,split of L91.lo,,1.8121,2,0,0,0.0,0
boundary:query,563,L6.hi.hi.lo.lo,dense,retire,utility <= 0,,2.2945,9,5,0,0.0,5
boundary:query,564,L47.lo.lo,hybrid,exception,contradicted; every cut loses a supporter,1.9051,1.9051,4,7,3,0.125,8
boundary:query,564,L147,hybrid,exception,contradicted; every cut loses a supporter,1.9162,1.9162,2,8,3,0.1111,9
boundary:query,564,L6.hi.hi.hi,dense,expand,arm beat the default just outside the box,2.3463,2.3868,5,3,0,0.0,3
boundary:query,564,L6.lo.lo.lo,dense,expand,arm beat the default just outside the box,2.2138,2.2543,12,0,0,0.0,0
boundary:query,564,L91.lo.lo,dense,expand,arm beat the default just outside the box,1.812,1.8525,7,0,0,0.0,0
boundary:query,565,L8.lo,dense,exception,contradicted; every cut loses a supporter,2.3177,2.3177,4,7,3,0.125,8
boundary:query,565,L8.hi,dense,exception,contradicted; every cut loses a supporter,2.3184,2.3184,7,7,3,0.2222,9
boundary:query,565,L101,hybrid,exception,contradicted; every cut loses a supporter,1.9328,1.9328,3,7,2,0.125,8
boundary:query,566,L118,dense,exception,contradicted; every cut loses a supporter,2.0265,2.0265,4,5,2,0.2857,7
boundary:query,568,L116.lo,dense,expand,arm beat the default just outside the box,1.8006,1.8613,4,0,0,0.0,0
boundary:query,568,L165,hybrid,create,"default missed, hybrid hit",,2.0,1,0,0,0.0,0
boundary:query,569,L56,hybrid,exception,contradicted; every cut loses a supporter,2.0315,2.0315,3,7,3,0.125,8
boundary:query,569,L102,hybrid,exception,contradicted; every cut loses a supporter,1.9001,1.9001,2,8,2,0.1111,9
boundary:query,571,L118,dense,exception,contradicted; every cut loses a supporter,2.0236,2.0236,4,6,3,0.25,8
boundary:query,572,L26.hi,dense,expand,arm beat the default just outside the box,1.8443,1.8848,3,0,0,0.0,0
boundary:query,575,L19,dense,expand,arm beat the default just outside the box,1.93,1.9705,7,5,0,0.4444,9
boundary:query,577,L6.hi.lo.lo,dense,expand,arm beat the default just outside the box,2.291,2.3315,17,6,3,0.3,10
boundary:query,577,L12.lo.hi.lo,dense,expand,arm beat the default just outside the box,1.7963,1.8368,14,5,3,0.4444,9
boundary:query,577,L12.hi.hi.lo,dense,expand,arm beat the default just outside the box,1.7963,1.8368,15,5,3,0.4444,9
boundary:query,577,L6.lo.hi.lo,dense,expand,arm beat the default just outside the box,2.291,2.3315,15,5,3,0.4444,9
boundary:query,577,L6.lo.lo.hi,dense,expand,arm beat the default just outside the box,2.2102,2.2506,5,0,0,1.0,1
boundary:query,577,L91.lo.hi,dense,expand,arm beat the default just outside the box,1.8091,1.8495,4,0,0,1.0,1
boundary:query,579,L7.lo.lo,hybrid,expand,arm beat the default just outside the box,2.2112,2.2516,6,0,0,0.0,0
boundary:query,579,L7.hi.lo.lo,hybrid,expand,arm beat the default just outside the box,2.2112,2.2516,5,0,0,0.0,0
boundary:query,582,L166,dense,create,"default missed, dense hit",,2.0,1,0,0,0.0,0
boundary:query,582,L167,hybrid,create,"default missed, hybrid hit",,2.0,1,0,0,0.0,0
boundary:query,585,L116.lo,dense,expand,arm beat the default just outside the box,1.86,1.9004,5,2,0,0.0,2
boundary:query,585,L165,hybrid,expand,arm beat the default just outside the box,1.9987,2.0356,2,2,0,-0.5,2
boundary:query,585,L168,hybrid,create,"default missed, hybrid hit",,2.0,1,0,0,0.0,0
boundary:query,586,L6.hi.hi.hi,dense,expand,arm beat the default just outside the box,2.383,2.4235,8,3,0,0.4,5
boundary:query,586,L91.hi,dense,expand,arm beat the default just outside the box,1.8165,1.857,9,2,0,0.6667,6
boundary:query,586,L6.hi.hi.lo.hi,dense,expand,arm beat the default just outside the box,2.2101,2.2506,9,0,0,1.0,4
boundary:query,587,L153,dense,exception,contradicted; every cut loses a supporter,1.9984,1.9984,4,3,1,0.5,6
boundary:query,588,L169,dense,create,"default missed, dense hit",,2.0,1,0,0,0.0,0
boundary:query,589,L47.lo.lo,hybrid,exception,contradicted; every cut loses a supporter,1.9031,1.9031,5,8,4,0.2,10
boundary:query,589,L6.hi.hi.hi,dense,exception,contradicted; every cut loses a supporter,2.4243,2.4243,8,4,1,0.3333,6
boundary:query,589,L91.hi,dense,exception,contradicted; every cut loses a supporter,1.857,1.857,9,3,1,0.5714,7
boundary:query,589,L147,hybrid,exception,contradicted; every cut loses a supporter,1.9138,1.9138,3,9,4,0.1818,11
boundary:query,589,L47.lo.lo,hybrid,split,4 exceptions; cut f:query_len_tokens at 14,,1.9031,5,8,4,0.2,10
boundary:query,589,L47.lo.lo.lo,hybrid,create,split of L47.lo.lo,,1.822,3,0,0,0.0,0
boundary:query,589,L47.lo.lo.hi,hybrid,create,split of L47.lo.lo,,1.822,2,0,0,0.0,0
boundary:query,589,L147,hybrid,split,4 exceptions; cut f:query_len_tokens at 15,,1.9138,3,9,4,0.1818,11
boundary:query,589,L147.lo,hybrid,create,split of L147,,1.8327,2,0,0,0.0,0
boundary:query,589,L147.hi,hybrid,create,split of L147,,1.8289,1,0,0,0.0,0
boundary:query,591,L174,dense,create,"default missed, dense hit",,2.0,1,0,0,0.0,0
boundary:query,592,L165,hybrid,retire,utility <= 0,,2.037,3,4,0,0.0,5
boundary:query,594,L118,dense,narrow,contradicted; cut f:query_len_tokens,2.0239,1.9388,4,7,3,0.2222,9
boundary:query,596,L118,dense,exception,contradicted; every cut loses a supporter,1.9389,1.9389,4,8,4,0.2,10
boundary:query,596,L118,dense,split,4 exceptions; cut f:query_len_tokens at 10,,1.9389,4,8,4,0.2,10
boundary:query,596,L118.lo,dense,create,split of L118,,1.8171,3,0,0,0.0,0
boundary:query,596,L118.hi,dense,create,split of L118,,1.8577,1,0,0,0.0,0
boundary:query,598,L116.lo,dense,exception,contradicted; every cut loses a supporter,1.9011,1.9011,6,5,1,0.1667,6
boundary:query,599,L116.hi,dense,expand,arm beat the default just outside the box,1.8814,1.9424,6,1,0,0.6667,3
boundary:query,600,L168,hybrid,exception,contradicted; every cut loses a supporter,2.0024,2.0024,2,5,1,0.1667,6
boundary:query,601,L11,dense,exception,contradicted; every cut loses a supporter,1.8234,1.8234,12,7,4,0.5294,17
boundary:query,601,L11,dense,split,4 exceptions; cut f:query_len_tokens at 10,,1.8234,12,7,4,0.5294,17
boundary:query,601,L11.lo,dense,create,split of L11,,1.7012,7,0,0,0.0,0
boundary:query,601,L11.hi,dense,create,split of L11,,1.7419,5,0,0,0.0,0
boundary:query,602,L179,dense,create,"default missed, dense hit",,2.0,1,0,0,0.0,0
boundary:query,607,L54,hybrid,exception,contradicted; every cut loses a supporter,1.9472,1.9472,4,7,3,0.3,10
boundary:query,609,L6.hi.lo.lo,dense,exception,contradicted; every cut loses a supporter,2.3326,2.3326,18,7,4,0.3333,12
boundary:query,609,L6.hi.hi.hi,dense,exception,contradicted; every cut loses a supporter,2.425,2.425,8,5,2,0.2857,7
boundary:query,609,L91.hi,dense,exception,contradicted; every cut loses a supporter,1.8567,1.8567,9,4,2,0.5,8
boundary:query,609,L12.lo.hi.lo,dense,exception,contradicted; every cut loses a supporter,1.8383,1.8383,15,6,4,0.4545,11
boundary:query,609,L12.lo.hi.hi,dense,exception,contradicted; every cut loses a supporter,1.7569,1.7569,9,6,3,0.4545,11
boundary:query,609,L12.hi.hi.lo,dense,exception,contradicted; every cut loses a supporter,1.8383,1.8383,16,6,4,0.4545,11
boundary:query,609,L12.hi.hi.hi,dense,exception,contradicted; every cut loses a supporter,1.7569,1.7569,9,6,3,0.4545,11
boundary:query,609,L6.lo.hi.lo,dense,exception,contradicted; every cut loses a supporter,2.3326,2.3326,16,6,4,0.4545,11
boundary:query,609,L6.lo.hi.hi,dense,exception,contradicted; every cut loses a supporter,2.2512,2.2512,9,6,3,0.4545,11
boundary:query,609,L6.hi.hi.lo.hi,dense,exception,contradicted; every cut loses a supporter,2.2512,2.2512,9,2,1,0.6667,6
boundary:query,609,L6.hi.lo.lo,dense,split,4 exceptions; cut f:query_len_tokens at 16,,2.3326,18,7,4,0.3333,12
boundary:query,609,L6.hi.lo.lo.lo,dense,create,split of L6.hi.lo.lo,,2.2512,16,0,0,0.0,0
boundary:query,609,L6.hi.lo.lo.hi,dense,create,split of L6.hi.lo.lo,,2.2105,2,0,0,0.0,0
boundary:query,609,L12.lo.hi.lo,dense,split,4 exceptions; cut f:query_len_tokens at 16,,1.8383,15,6,4,0.4545,11
boundary:query,609,L12.lo.hi.lo.lo,dense,create,split of L12.lo.hi.lo,,1.7569,13,0,0,0.0,0
boundary:query,609,L12.lo.hi.lo.hi,dense,create,split of L12.lo.hi.lo,,1.7162,2,0,0,0.0,0
boundary:query,609,L12.hi.hi.lo,dense,split,4 exceptions; cut f:query_len_tokens at 16,,1.8383,16,6,4,0.4545,11
boundary:query,609,L12.hi.hi.lo.lo,dense,create,split of L12.hi.hi.lo,,1.7569,14,0,0,0.0,0
boundary:query,609,L12.hi.hi.lo.hi,dense,create,split of L12.hi.hi.lo,,1.7162,2,0,0,0.0,0
boundary:query,609,L6.lo.hi.lo,dense,split,4 exceptions; cut f:query_len_tokens at 16,,2.3326,16,6,4,0.4545,11
boundary:query,609,L6.lo.hi.lo.lo,dense,create,split of L6.lo.hi.lo,,2.2512,14,0,0,0.0,0
boundary:query,609,L6.lo.hi.lo.hi,dense,create,split of L6.lo.hi.lo,,2.2105,2,0,0,0.0,0
boundary:query,611,L168,hybrid,exception,contradicted; every cut loses a supporter,2.0002,2.0002,2,6,2,0.1429,7
boundary:query,611,L116.hi,dense,expand,arm beat the default just outside the box,1.9408,1.9815,8,1,0,0.75,4
boundary:query,612,L19,dense,exception,contradicted; every cut loses a supporter,1.9711,1.9711,9,6,1,0.5,12
boundary:query,612,L59,dense,exception,contradicted; every cut loses a supporter,1.9082,1.9082,8,3,1,0.7,10
boundary:query,614,L116.hi,dense,exception,contradicted; every cut loses a supporter,1.9827,1.9827,9,2,1,0.6667,6
boundary:query,615,L153,dense,exception,contradicted; every cut loses a supporter,1.9998,1.9998,8,4,2,0.5455,11
boundary:query,615,L116.lo,dense,exception,contradicted; every cut loses a supporter,1.9019,1.9019,9,6,2,0.3,10
boundary:query,615,L116.hi,dense,exception,contradicted; every cut loses a supporter,1.9834,1.9834,9,3,2,0.4286,7
boundary:query,617,L118.hi,dense,expand,arm beat the default just outside the box,1.8584,1.8992,2,0,0,0.0,0
boundary:query,624,L19,dense,exception,contradicted; every cut loses a supporter,1.9697,1.9697,9,7,2,0.4615,13
boundary:query,625,L116.hi,dense,exception,contradicted; every cut loses a supporter,1.9809,1.9809,10,4,3,0.4444,9
boundary:query,628,L188,dense,create,"default missed, dense hit",,2.0,1,0,0,0.0,0
boundary:query,629,L153,dense,exception,contradicted; every cut loses a supporter,1.9974,1.9974,9,5,3,0.5385,13
boundary:query,629,L168,hybrid,narrow,contradicted; cut f:query_len_tokens,1.9997,1.9152,2,7,2,0.125,8
boundary:query,632,L8.hi,dense,exception,contradicted; every cut loses a supporter,2.3157,2.3157,8,8,4,0.2727,11
boundary:query,632,L101,hybrid,exception,contradicted; every cut loses a supporter,1.9298,1.9298,4,8,3,0.2,10
boundary:query,632,L26.lo,dense,exception,contradicted; every cut loses a supporter,1.8781,1.8781,7,4,1,0.3333,6
boundary:query,632,L8.hi,dense,split,4 exceptions; cut f:query_len_tokens at 14,,2.3157,8,8,4,0.2727,11
boundary:query,632,L8.hi.lo,dense,create,split of L8.hi,,2.2346,5,0,0,0.0,0
boundary:query,632,L8.hi.hi,dense,create,split of L8.hi,,2.1941,3,0,0,0.0,0
boundary:query,633,L6.hi.hi.hi,dense,exception,contradicted; every cut loses a supporter,2.4254,2.4254,9,6,3,0.3333,9
boundary:query,633,L91.hi,dense,exception,contradicted; every cut loses a supporter,1.8567,1.8567,9,5,3,0.4444,9
boundary:query,633,L6.hi.hi.lo.hi,dense,exception,contradicted; every cut loses a supporter,2.2524,2.2524,9,3,2,0.5714,7
boundary:query,633,L6.lo.lo.hi,dense,exception,contradicted; every cut loses a supporter,2.2524,2.2524,7,3,1,0.5,6
boundary:query,633,L91.lo.hi,dense,exception,contradicted; every cut loses a supporter,1.8499,1.8499,6,3,1,0.5,6
boundary:query,634,L153,dense,exception,contradicted; every cut loses a supporter,1.9979,1.9979,9,6,4,0.5,14
boundary:query,634,L116.lo,dense,exception,contradicted; every cut loses a supporter,1.9006,1.9006,10,7,3,0.3333,12
boundary:query,634,L116.hi,dense,exception,contradicted; every cut loses a supporter,1.9816,1.9816,10,5,4,0.4,10
boundary:query,634,L153,dense,split,4 exceptions; cut f:query_len_tokens at 9,,1.9979,9,6,4,0.5,14
boundary:query,634,L153.lo,dense,create,split of L153,,1.7919,5,0,0,0.0,0
boundary:query,634,L153.hi,dense,create,split of L153,,1.9539,4,0,0,0.0,0
boundary:query,634,L116.hi,dense,split,4 exceptions; cut f:query_len_tokens at 11.5,,1.9816,10,5,4,0.4,10
boundary:query,634,L116.hi.lo,dense,create,split of L116.hi,,1.8399,5,0,0,0.0,0
boundary:query,634,L116.hi.hi,dense,create,split of L116.hi,,1.8804,5,0,0,0.0,0
boundary:query,637,L188,dense,retire,utility <= 0,,2.0019,1,5,0,0.0,5
boundary:query,639,L168,hybrid,expand,arm beat the default just outside the box,1.917,1.9539,3,7,2,0.125,8
boundary:query,639,L179,dense,expand,arm beat the default just outside the box,1.9992,2.0368,2,1,0,0.0,1
boundary:query,639,L116.hi.lo,dense,expand,arm beat the default just outside the box,1.8412,1.902,6,1,0,0.0,1
boundary:query,639,L195,hybrid,create,"default missed, hybrid hit",,2.0,1,0,0,0.0,0
boundary:query,640,L116.hi.hi,dense,expand,arm beat the default just outside the box,1.8823,1.9026,7,0,0,1.0,1
boundary:query,646,L10.hi,hybrid,exception,contradicted; every cut loses a supporter,2.1821,2.1821,3,5,1,0.1667,6
boundary:query,646,L89.lo,hybrid,exception,contradicted; every cut loses a supporter,1.8616,1.8616,4,5,1,0.1667,6
boundary:query,647,L116.lo,dense,exception,contradicted; every cut loses a supporter,1.9035,1.9035,10,8,4,0.3077,13
boundary:query,647,L168,hybrid,exception,contradicted; every cut loses a supporter,1.9556,1.9556,3,8,3,0.1111,9
boundary:query,647,L153.hi,dense,exception,contradicted; every cut loses a supporter,1.9569,1.9569,7,3,1,0.5,6
boundary:query,647,L116.lo,dense,split,4 exceptions; cut f:query_len_tokens at 10.5,,1.9035,10,8,4,0.3077,13
boundary:query,647,L116.lo.lo,dense,create,split of L116.lo,,1.8019,5,0,0,0.0,0
boundary:query,647,L116.lo.hi,dense,create,split of L116.lo,,1.8425,5,0,0,0.0,0
boundary:query,648,L116.hi.lo,dense,exception,contradicted; every cut loses a supporter,1.904,1.904,8,4,1,0.3333,6
boundary:query,648,L195,hybrid,retire,utility <= 0,,2.0023,1,5,0,0.0,5
boundary:query,649,L168,hybrid,expand,arm beat the default just outside the box,1.9567,1.9974,4,8,3,0.1111,9
boundary:query,649,L116.hi.lo,dense,expand,arm beat the default just outside the box,1.9046,1.9452,9,4,1,0.3333,6
boundary:query,649,L116.lo.hi,dense,expand,arm beat the default just outside the box,1.8436,1.8842,6,0,0,0.0,0
boundary:query,649,L198,hybrid,create,"default missed, hybrid hit",,2.0,1,0,0,0.0,0
boundary:query,652,L199,dense,create,"default missed, dense hit",,2.0,1,0,0,0.0,0
boundary:query,652,L200,hybrid,create,"default missed, hybrid hit",,2.0,1,0,0,0.0,0
boundary:query,653,L201,hybrid,create,"default missed, hybrid hit",,2.0,1,0,0,0.0,0
boundary:query,658,L41,hybrid,exception,contradicted; every cut loses a supporter,1.909,1.909,7,9,4,0.3571,14
boundary:query,658,L8.lo,dense,exception,contradicted; every cut loses a supporter,2.3212,2.3212,5,8,4,0.2,10
boundary:query,658,L101,hybrid,exception,contradicted; every cut loses a supporter,1.9338,1.9338,4,9,4,0.1818,11
boundary:query,658,L26.lo,dense,exception,contradicted; every cut loses a supporter,1.8818,1.8818,7,5,2,0.2857,7
boundary:query,658,L41,hybrid,split,4 exceptions; cut f:query_len_tokens at 14,,1.909,7,9,4,0.3571,14
boundary:query,658,L41.lo,hybrid,create,split of L41,,1.8211,4,0,0,0.0,0
boundary:query,658,L41.hi,hybrid,create,split of L41,,1.8274,3,0,0,0.0,0
boundary:query,658,L8.lo,dense,split,4 exceptions; cut f:query_len_tokens at 12,,2.3212,5,8,4,0.2,10
boundary:query,658,L8.lo.lo,dense,create,split of L8.lo,,2.2397,3,0,0,0.0,0
boundary:query,658,L8.lo.hi,dense,create,split of L8.lo,,2.1997,2,0,0,0.0,0
boundary:query,658,L101,hybrid,split,4 exceptions; cut f:query_len_tokens at 14,,1.9338,4,9,4,0.1818,11
boundary:query,658,L101.lo,hybrid,create,split of L101,,1.8523,3,0,0,0.0,0
boundary:query,658,L101.hi,hybrid,create,split of L101,,1.8115,1,0,0,0.0,0
boundary:query,659,L168,hybrid,exception,contradicted; every cut loses a supporter,1.9979,1.9979,5,9,4,0.1818,11
boundary:query,659,L153.hi,dense,exception,contradicted; every cut loses a supporter,1.9585,1.9585,9,4,2,0.5556,9
boundary:query,659,L116.hi.lo,dense,exception,contradicted; every cut loses a supporter,1.9457,1.9457,10,5,2,0.375,8
boundary:query,659,L116.hi.hi,dense,exception,contradicted; every cut loses a supporter,1.9049,1.9049,10,2,1,0.6667,6
boundary:query,659,L168,hybrid,split,4 exceptions; cut f:query_len_tokens at 13,,1.9979,5,9,4,0.1818,11
boundary:query,659,L168.lo,hybrid,create,split of L168,,1.9571,4,0,0,0.0,0
boundary:query,659,L168.hi,hybrid,create,split of L168,,1.794,1,0,0,0.0,0
boundary:query,661,L91.hi,dense,expand,arm beat the default just outside the box,1.8607,1.8946,10,5,3,0.4444,9
boundary:query,661,L12.lo.hi.hi,dense,expand,arm beat the default just outside the box,1.761,1.8017,10,6,3,0.4545,11
boundary:query,661,L12.hi.hi.hi,dense,expand,arm beat the default just outside the box,1.761,1.8017,10,6,3,0.4545,11
boundary:query,661,L6.lo.hi.hi,dense,expand,arm beat the default just outside the box,2.2582,2.2989,10,6,3,0.4545,11
boundary:query,661,L6.hi.hi.lo.hi,dense,expand,arm beat the default just outside the box,2.2582,2.2989,10,3,2,0.5714,7
boundary:query,661,L6.lo.lo.hi,dense,expand,arm beat the default just outside the box,2.2582,2.2989,8,3,1,0.5,6
boundary:query,661,L91.lo.hi,dense,expand,arm beat the default just outside the box,1.8539,1.8946,7,3,1,0.5,6
boundary:query,661,L6.hi.lo.lo.hi,dense,expand,arm beat the default just outside the box,2.2175,2.2582,3,4,0,0.0,4
boundary:query,661,L12.lo.hi.lo.hi,dense,expand,arm beat the default just outside the box,1.7203,1.761,3,4,0,0.0,4
boundary:query,661,L12.hi.hi.lo.hi,dense,expand,arm beat the default just outside the box,1.7203,1.761,3,4,0,0.0,4
boundary:query,661,L6.lo.hi.lo.hi,dense,expand,arm beat the default just outside the box,2.2175,2.2582,3,4,0,0.0,4
boundary:query,662,L156,hybrid,narrow,contradicted; cut f:query_len_tokens,2.0025,1.9582,2,5,0,0.1667,6
boundary:query,664,L168.lo,hybrid,expand,arm beat the default just outside the box,1.9569,1.9976,5,0,0,0.0,0
boundary:query,667,L153.hi,dense,exception,contradicted; every cut loses a supporter,1.9593,1.9593,10,5,3,0.5455,11
boundary:query,667,L116.hi.lo,dense,exception,contradicted; every cut loses a supporter,1.9465,1.9465,11,6,3,0.4,10
boundary:query,667,L116.hi.hi,dense,exception,contradicted; every cut loses a supporter,1.9058,1.9058,11,3,2,0.625,8
boundary:query,668,L19,dense,exception,contradicted; every cut loses a supporter,1.9772,1.9772,10,8,3,0.4667,15
boundary:query,668,L59,dense,exception,contradicted; every cut loses a supporter,1.9137,1.9137,9,4,2,0.6667,12
boundary:query,669,L179,dense,exception,contradicted; every cut loses a supporter,2.0421,2.0421,5,3,1,0.5,6
boundary:query,669,L116.hi.hi,dense,exception,contradicted; every cut loses a supporter,1.9063,1.9063,11,4,3,0.5556,9
boundary:query,669,L198,hybrid,narrow,contradicted; cut f:query_len_tokens,2.002,1.9174,3,4,0,0.3333,6
boundary:query,670,L153.hi,dense,exception,contradicted; every cut loses a supporter,1.9606,1.9606,10,6,4,0.5,12
boundary:query,670,L116.hi.lo,dense,exception,contradicted; every cut loses a supporter,1.9477,1.9477,11,7,4,0.3636,11
boundary:query,670,L116.hi.hi,dense,exception,contradicted; every cut loses a supporter,1.9069,1.9069,11,5,4,0.5,10
boundary:query,670,L116.lo.hi,dense,exception,contradicted; every cut loses a supporter,1.8865,1.8865,8,4,1,0.3333,6
boundary:query,670,L198,hybrid,narrow,contradicted; cut f:query_len_tokens,1.918,1.915,3,5,0,0.2857,7
boundary:query,670,L153.hi,dense,split,4 exceptions; cut f:query_len_tokens at 12.5,,1.9606,10,6,4,0.5,12
boundary:query,670,L153.hi.lo,dense,create,split of L153.hi,,1.8958,5,0,0,0.0,0
boundary:query,670,L153.hi.hi,dense,create,split of L153.hi,,1.8177,5,0,0,0.0,0
boundary:query,670,L116.hi.lo,dense,split,4 exceptions; cut f:query_len_tokens at 11,,1.9477,11,7,4,0.3636,11
boundary:query,670,L116.hi.lo.lo,dense,create,split of L116.hi.lo,,1.8253,7,0,0,0.0,0
boundary:query,670,L116.hi.lo.hi,dense,create,split of L116.hi.lo,,1.8661,4,0,0,0.0,0
boundary:query,670,L116.hi.hi,dense,split,4 exceptions; cut f:query_len_tokens at 13,,1.9069,11,5,4,0.5,10
boundary:query,670,L116.hi.hi.lo,dense,create,split of L116.hi.hi,,1.8253,8,0,0,0.0,0
boundary:query,670,L116.hi.hi.hi,dense,create,split of L116.hi.hi,,1.8253,3,0,0,0.0,0
boundary:query,674,L168.lo,hybrid,retire,utility <= 0,,1.9997,5,5,0,0.0,5
boundary:query,675,L10.hi,hybrid,exception,contradicted; every cut loses a supporter,2.1853,2.1853,3,6,2,0.1429,7
boundary:query,675,L89.lo,hybrid,exception,contradicted; every cut loses a supporter,1.8646,1.8646,4,6,2,0.1429,7
boundary:query,676,L7.hi.hi.lo,hybrid,expand,arm beat the default just outside the box,2.1796,2.2205,5,6,2,0.1429,7
boundary:query,676,L6.hi.hi.hi,dense,expand,arm beat the default just outside the box,2.4357,2.4765,11,6,3,0.4,10
boundary:query,676,L91.hi,dense,expand,arm beat the default just outside the box,1.8963,1.9372,11,5,3,0.4444,9
boundary:query,676,L12.lo.hi.hi,dense,expand,arm beat the default just outside the box,1.8023,1.8432,11,6,3,0.4545,11
boundary:query,676,L12.hi.hi.hi,dense,expand,arm beat the default just outside the box,1.8023,1.8432,11,6,3,0.4545,11
boundary:query,676,L6.lo.hi.hi,dense,expand,arm beat the default just outside the box,2.3021,2.343,11,6,3,0.4545,11
boundary:query,676,L6.hi.hi.lo.hi,dense,expand,arm beat the default just outside the box,2.3021,2.343,11,3,2,0.5714,7
boundary:query,676,L7.lo.hi,hybrid,expand,arm beat the default just outside the box,2.1796,2.2205,5,3,0,0.4,5
boundary:query,676,L7.hi.lo.hi,hybrid,expand,arm beat the default just outside the box,2.1796,2.2205,5,3,0,0.4,5
boundary:query,676,L6.lo.lo.hi,dense,expand,arm beat the default just outside the box,2.3021,2.343,9,3,1,0.5,6
boundary:query,676,L91.lo.hi,dense,expand,arm beat the default just outside the box,1.8963,1.9372,8,3,1,0.5,6
boundary:query,676,L147.hi,hybrid,expand,arm beat the default just outside the box,1.834,1.8748,2,1,0,0.0,1
boundary:query,679,L16,dense,expand,arm beat the default just outside the box,1.9356,1.9825,3,3,0,0.25,4
boundary:query,679,L17,hybrid,expand,arm beat the default just outside the box,1.9356,1.9825,2,4,0,0.0,4
boundary:query,679,L216,dense,create,"default missed, dense hit",,2.0,1,0,0,0.0,0
boundary:query,679,L217,hybrid,create,"default missed, hybrid hit",,2.0,1,0,0,0.0,0
boundary:query,681,L174,dense,retire,utility <= 0,,2.0046,1,5,0,0.0,5
boundary:query,684,L166,dense,narrow,contradicted; cut f:query_len_tokens,2.0034,1.9183,3,5,0,0.2857,7
boundary:query,684,L167,hybrid,narrow,contradicted; cut f:query_len_tokens,2.0034,1.9183,3,5,0,0.2857,7
boundary:query,689,L55,dense,exception,contradicted; every cut loses a supporter,2.0363,2.0363,8,6,3,0.3333,12
boundary:query,689,L102,hybrid,narrow,contradicted; cut f:query_len_tokens,1.9038,1.8581,2,9,2,0.0,10
boundary:query,689,L102,hybrid,retire,utility <= 0,,1.8581,2,9,2,0.0,10
boundary:query,690,L118.hi,dense,retire,utility <= 0,,1.9024,3,4,0,0.0,5
boundary:query,690,L218,hybrid,create,"default missed, hybrid hit",,2.0,1,0,0,0.0,0
boundary:query,691,L89.lo,hybrid,exception,contradicted; every cut loses a supporter,1.8627,1.8627,4,7,3,0.125,8
boundary:query,693,L6.hi.hi.lo.hi,dense,exception,contradicted; every cut loses a supporter,2.34,2.34,11,4,3,0.5,8
boundary:query,693,L7.lo.lo,hybrid,exception,contradicted; every cut loses a supporter,2.2585,2.2585,8,4,1,0.1667,6
boundary:query,693,L7.lo.hi,hybrid,exception,contradicted; every cut loses a supporter,2.2178,2.2178,5,4,1,0.3333,6
boundary:query,693,L7.hi.lo.lo,hybrid,exception,contradicted; every cut loses a supporter,2.2585,2.2585,7,4,1,0.1667,6
boundary:query,693,L7.hi.lo.hi,hybrid,exception,contradicted; every cut loses a supporter,2.2178,2.2178,5,4,1,0.3333,6
boundary:query,693,L6.lo.lo.lo,dense,exception,contradicted; every cut loses a supporter,2.2585,2.2585,15,4,1,0.2857,7
boundary:query,693,L6.lo.lo.hi,dense,exception,contradicted; every cut loses a supporter,2.34,2.34,9,4,2,0.4286,7
boundary:query,693,L91.lo.lo,dense,exception,contradicted; every cut loses a supporter,1.8533,1.8533,10,4,1,0.2857,7
boundary:query,693,L91.lo.hi,dense,exception,contradicted; every cut loses a supporter,1.9348,1.9348,8,4,2,0.4286,7
boundary:query,694,L199,dense,retire,utility <= 0,,1.9999,1,5,0,0.0,5
boundary:query,694,L200,hybrid,retire,utility <= 0,,1.9999,1,5,0,0.0,5
boundary:query,696,L153.hi.lo,dense,retire,utility <= 0,,1.8932,5,5,0,-0.2,5
boundary:query,696,L116.hi.lo.lo,dense,retire,utility <= 0,,1.8229,7,5,0,-0.2,5
boundary:query,698,L6.hi.lo.lo.hi,dense,retire,utility <= 0,,2.2595,3,5,0,0.0,5
boundary:query,698,L12.lo.hi.lo.hi,dense,retire,utility <= 0,,1.7595,3,5,0,0.0,5
boundary:query,698,L12.hi.hi.lo.hi,dense,retire,utility <= 0,,1.7595,3,5,0,0.0,5
boundary:query,698,L6.lo.hi.lo.hi,dense,retire,utility <= 0,,2.2595,3,5,0,0.0,5
boundary:query,699,L47.lo.lo.lo,hybrid,expand,arm beat the default just outside the box,1.8259,1.8665,5,3,0,0.0,4
boundary:query,700,L6.hi.hi.hi,dense,exception,contradicted; every cut loses a supporter,2.4729,2.4729,11,7,4,0.3636,11
boundary:query,700,L6.hi.hi.hi,dense,split,4 exceptions; cut f:query_len_tokens at 18,,2.4729,11,7,4,0.3636,11
boundary:query,700,L6.hi.hi.hi.lo,dense,create,split of L6.hi.hi.hi,,2.3002,6,0,0,0.0,0
boundary:query,700,L6.hi.hi.hi.hi,dense,create,split of L6.hi.hi.hi,,2.3111,5,0,0,0.0,0
boundary:query,701,L198,hybrid,exception,contradicted; every cut loses a supporter,1.9123,1.9123,3,6,1,0.25,8
boundary:query,702,L152,hybrid,exception,contradicted; every cut loses a supporter,2.0001,2.0001,3,4,1,0.3333,6
boundary:query,704,L166,dense,narrow,contradicted; cut f:query_len_tokens,1.9177,1.9141,3,6,0,0.25,8
boundary:query,704,L167,hybrid,narrow,contradicted; cut f:query_len_tokens,1.9177,1.9141,3,6,0,0.25,8
boundary:query,705,L47.lo.lo.lo,hybrid,retire,utility <= 0,,1.8657,5,4,0,0.0,5
boundary:query,708,L118.lo,dense,exception,contradicted; every cut loses a supporter,1.8201,1.8201,5,4,1,0.3333,6
boundary:query,709,L118.lo,dense,exception,contradicted; every cut loses a supporter,1.8196,1.8196,5,5,2,0.2857,7
boundary:query,710,L116.lo.lo,dense,expand,arm beat the default just outside the box,1.8021,1.8223,6,4,0,0.0,4
boundary:query,710,L153.hi.hi,dense,expand,arm beat the default just outside the box,1.8149,1.8755,7,0,0,1.0,1
boundary:query,712,L179,dense,exception,contradicted; every cut loses a supporter,2.0384,2.0384,6,4,2,0.5,8
boundary:query,712,L116.lo.hi,dense,exception,contradicted; every cut loses a supporter,1.8837,1.8837,9,5,2,0.375,8
boundary:query,712,L116.hi.lo.hi,dense,exception,contradicted; every cut loses a supporter,1.8635,1.8635,6,4,1,0.1667,6
boundary:query,712,L116.hi.hi.lo,dense,exception,contradicted; every cut loses a supporter,1.8231,1.8231,10,4,1,0.1667,6
boundary:query,713,L198,hybrid,expand,arm beat the default just outside the box,1.9126,1.9126,4,6,1,0.25,8
boundary:query,713,L221,hybrid,create,"default missed, hybrid hit",,2.0,1,0,0,0.0,0
boundary:query,714,L168.hi,hybrid,retire,utility <= 0,,1.7953,2,4,0,0.0,5
boundary:query,716,L166,dense,exception,contradicted; every cut loses a supporter,1.9161,1.9161,3,7,1,0.2222,9
boundary:query,716,L167,hybrid,exception,contradicted; every cut loses a supporter,1.9161,1.9161,3,7,1,0.2222,9
boundary:query,718,L55,dense,exception,contradicted; every cut loses a supporter,2.0342,2.0342,8,7,4,0.3077,13
boundary:query,718,L56,hybrid,exception,contradicted; every cut loses a supporter,2.0342,2.0342,3,8,4,0.1111,9
boundary:query,718,L55,dense,split,4 exceptions; cut f:query_len_tokens at 9,,2.0342,8,7,4,0.3077,13
boundary:query,718,L55.lo,dense,create,split of L55,,1.9938,6,0,0,0.0,0
boundary:query,718,L55.hi,dense,create,split of L55,,1.7793,2,0,0,0.0,0
boundary:query,718,L56,hybrid,split,4 exceptions; cut f:query_len_tokens at 9,,2.0342,3,8,4,0.1111,9
boundary:query,718,L56.lo,hybrid,create,split of L56,,1.9938,2,0,0,0.0,0
boundary:query,718,L56.hi,hybrid,create,split of L56,,1.7793,1,0,0,0.0,0
boundary:query,719,L55.hi,dense,expand,arm beat the default just outside the box,1.779,1.8193,3,0,0,0.0,0
boundary:query,719,L56.hi,hybrid,expand,arm beat the default just outside the box,1.779,1.8193,2,0,0,0.0,0
boundary:query,719,L11.lo,dense,retire,utility <= 0,,1.7033,8,4,0,0.0,5
boundary:query,720,L116.lo.lo,dense,exception,contradicted; every cut loses a supporter,1.8236,1.8236,7,5,1,0.1667,6
boundary:query,721,L116.lo.lo,dense,exception,contradicted; every cut loses a supporter,1.8241,1.8241,7,6,2,0.1429,7
boundary:query,721,L198,hybrid,exception,contradicted; every cut loses a supporter,1.9129,1.9129,4,7,2,0.2222,9
boundary:query,721,L116.hi.lo.hi,dense,exception,contradicted; every cut loses a supporter,1.8644,1.8644,7,5,2,0.25,8
boundary:query,721,L116.hi.hi.lo,dense,exception,contradicted; every cut loses a supporter,1.8241,1.8241,11,5,2,0.25,8
boundary:query,722,L116.lo.lo,dense,exception,contradicted; every cut loses a supporter,1.8245,1.8245,7,7,3,0.125,8
boundary:query,722,L153.lo,dense,retire,utility <= 0,,1.797,5,5,0,-0.2,5
boundary:query,722,L221,hybrid,retire,utility <= 0,,2.0007,1,5,0,-0.2,5
boundary:query,723,L166,dense,narrow,contradicted; cut f:query_len_tokens,1.916,1.8756,3,8,1,0.2,10
boundary:query,723,L167,hybrid,narrow,contradicted; cut f:query_len_tokens,1.916,1.8756,3,8,1,0.2,10
boundary:query,726,L47.lo.lo.hi,hybrid,exception,contradicted; every cut loses a supporter,1.8265,1.8265,4,4,1,0.3333,6
boundary:query,726,L147.lo,hybrid,exception,contradicted; every cut loses a supporter,1.8369,1.8369,4,4,1,0.1667,6
boundary:query,726,L6.hi.lo.lo.lo,dense,exception,contradicted; every cut loses a supporter,2.2605,2.2605,18,4,1,0.1667,6
boundary:query,726,L12.lo.hi.lo.lo,dense,exception,contradicted; every cut loses a supporter,1.7597,1.7597,15,4,1,0.1667,6
boundary:query,726,L12.hi.hi.lo.lo,dense,exception,contradicted; every cut loses a supporter,1.7597,1.7597,16,4,1,0.1667,6
boundary:query,726,L6.lo.hi.lo.lo,dense,exception,contradicted; every cut loses a supporter,2.2605,2.2605,16,4,1,0.1667,6
boundary:query,728,L91.hi,dense,expand,arm beat the default just outside the box,1.9346,1.9749,12,5,3,0.4444,9
boundary:query,728,L12.lo.hi.hi,dense,expand,arm beat the default just outside the box,1.84,1.8803,12,6,3,0.4545,11
boundary:query,728,L12.hi.hi.hi,dense,expand,arm beat the default just outside the box,1.84,1.8803,12,6,3,0.4545,11
boundary:query,728,L6.lo.hi.hi,dense,expand,arm beat the default just outside the box,2.3415,2.3817,12,6,3,0.4545,11
boundary:query,728,L6.hi.hi.lo.hi,dense,expand,arm beat the default just outside the box,2.3415,2.3817,12,4,3,0.5,8
boundary:query,728,L6.lo.lo.hi,dense,expand,arm beat the default just outside the box,2.3415,2.3817,10,4,2,0.4286,7
boundary:query,728,L91.lo.hi,dense,expand,arm beat the default just outside the box,1.9346,1.9749,9,4,2,0.4286,7
boundary:query,728,L226,hybrid,create,"default missed, hybrid hit",,2.0,1,0,0,0.0,0
boundary:query,734,L153.hi.hi,dense,exception,contradicted; every cut loses a supporter,1.8773,1.8773,8,4,1,0.1667,6
boundary:query,735,L147.hi,hybrid,exception,contradicted; every cut loses a supporter,1.874,1.874,4,5,1,0.2857,7
boundary:query,736,L26.lo,dense,exception,contradicted; every cut loses a supporter,1.8827,1.8827,8,6,3,0.3333,9
boundary:query,736,L156,hybrid,exception,contradicted; every cut loses a supporter,1.9583,1.9583,3,6,1,0.25,8
boundary:query,739,L55.hi,dense,expand,arm beat the default just outside the box,1.8209,1.8612,4,0,0,0.0,0
boundary:query,740,L7.lo.lo,hybrid,exception,contradicted; every cut loses a supporter,2.2627,2.2627,8,5,2,0.1429,7
boundary:query,740,L7.lo.hi,hybrid,exception,contradicted; every cut loses a supporter,2.2224,2.2224,5,5,2,0.2857,7
boundary:query,740,L7.hi.lo.lo,hybrid,exception,contradicted; every cut loses a supporter,2.2627,2.2627,7,5,2,0.1429,7
boundary:query,740,L7.hi.lo.hi,hybrid,exception,contradicted; every cut loses a supporter,2.2224,2.2224,5,5,2,0.2857,7
boundary:query,740,L6.lo.lo.lo,dense,exception,contradicted; every cut loses a supporter,2.2627,2.2627,15,5,2,0.25,8
boundary:query,740,L6.lo.lo.hi,dense,exception,contradicted; every cut loses a supporter,2.3838,2.3838,10,5,3,0.375,8
boundary:query,740,L91.lo.lo,dense,exception,contradicted; every cut loses a supporter,1.8551,1.8551,10,5,2,0.25,8
boundary:query,740,L91.lo.hi,dense,exception,contradicted; every cut loses a supporter,1.9762,1.9762,9,5,3,0.375,8
boundary:query,740,L47.lo.lo.hi,hybrid,exception,contradicted; every cut loses a supporter,1.8275,1.8275,4,5,2,0.2857,7
boundary:query,740,L147.hi,hybrid,exception,contradicted; every cut loses a supporter,1.8745,1.8745,4,6,2,0.25,8
boundary:query,740,L6.hi.lo.lo.lo,dense,exception,contradicted; every cut loses a supporter,2.2627,2.2627,18,5,2,0.1429,7
boundary:query,740,L12.lo.hi.lo.lo,dense,exception,contradicted; every cut loses a supporter,1.7606,1.7606,15,5,2,0.1429,7
boundary:query,740,L12.hi.hi.lo.lo,dense,exception,contradicted; every cut loses a supporter,1.7606,1.7606,16,5,2,0.1429,7
boundary:query,740,L6.lo.hi.lo.lo,dense,exception,contradicted; every cut loses a supporter,2.2627,2.2627,16,5,2,0.1429,7
boundary:query,744,L166,dense,exception,contradicted; every cut loses a supporter,1.8755,1.8755,3,9,2,0.1818,11
boundary:query,744,L167,hybrid,exception,contradicted; every cut loses a supporter,1.8755,1.8755,3,9,2,0.1818,11
boundary:query,750,L116.lo.hi,dense,expand,arm beat the default just outside the box,1.8854,1.9258,10,5,2,0.375,8
boundary:query,750,L198,hybrid,expand,arm beat the default just outside the box,1.9137,1.9137,5,7,2,0.2222,9
boundary:query,750,L153.hi.hi,dense,expand,arm beat the default just outside the box,1.8781,1.9149,10,4,1,0.2857,7
boundary:query,750,L116.hi.lo.hi,dense,expand,arm beat the default just outside the box,1.8653,1.9056,8,5,2,0.25,8
boundary:query,750,L227,hybrid,create,"default missed, hybrid hit",,2.0,1,0,0,0.0,0
boundary:query,751,L7.lo.lo,hybrid,exception,contradicted; every cut loses a supporter,2.2617,2.2617,8,6,3,0.125,8
boundary:query,751,L7.hi.lo.lo,hybrid,exception,contradicted; every cut loses a supporter,2.2617,2.2617,7,6,3,0.125,8
boundary:query,751,L6.lo.lo.lo,dense,exception,contradicted; every cut loses a supporter,2.2617,2.2617,15,6,3,0.2222,9
boundary:query,751,L91.lo.lo,dense,exception,contradicted; every cut loses a supporter,1.8555,1.8555,10,6,3,0.2222,9
boundary:query,751,L147.lo,hybrid,exception,contradicted; every cut loses a supporter,1.8383,1.8383,4,5,2,0.1429,7
boundary:query,751,L6.hi.lo.lo.lo,dense,exception,contradicted; every cut loses a supporter,2.2617,2.2617,18,6,3,0.125,8
boundary:query,751,L12.lo.hi.lo.lo,dense,exception,contradicted; every cut loses a supporter,1.762,1.762,15,6,3,0.125,8
boundary:query,751,L12.hi.hi.lo.lo,dense,exception,contradicted; every cut loses a supporter,1.762,1.762,16,6,3,0.125,8
boundary:query,751,L6.lo.hi.lo.lo,dense,exception,contradicted; every cut loses a supporter,2.2617,2.2617,16,6,3,0.125,8
boundary:query,753,L228,hybrid,create,"default missed, hybrid hit",,2.0,1,0,0,0.0,0
boundary:query,755,L6.hi.hi.hi.lo,dense,exception,contradicted; every cut loses a supporter,2.3009,2.3009,8,5,1,0.2857,7
boundary:query,756,L19,dense,expand,arm beat the default just outside the box,1.9755,1.9755,11,8,3,0.4667,15
boundary:query,756,L229,dense,create,"default missed, dense hit",,2.0,1,0,0,0.0,0
boundary:query,757,L152,hybrid,exception,contradicted; every cut loses a supporter,2.0007,2.0007,3,5,2,0.2857,7
boundary:query,757,L6.hi.hi.hi.lo,dense,expand,arm beat the default just outside the box,2.3009,2.3411,9,5,1,0.2857,7
boundary:query,759,L153.hi.hi,dense,exception,contradicted; every cut loses a supporter,1.9142,1.9142,10,5,2,0.25,8
boundary:query,759,L116.hi.hi.hi,dense,exception,contradicted; every cut loses a supporter,1.8245,1.8245,6,3,1,0.3333,6
boundary:query,760,L116.lo.hi,dense,expand,arm beat the default just outside the box,1.9254,1.9656,11,5,2,0.375,8
boundary:query,760,L153.hi.hi,dense,expand,arm beat the default just outside the box,1.9146,1.9548,11,5,2,0.25,8
boundary:query,760,L116.hi.lo.hi,dense,expand,arm beat the default just outside the box,1.9053,1.9455,9,5,2,0.25,8
boundary:query,760,L116.hi.hi.hi,dense,expand,arm beat the default just outside the box,1.8249,1.8651,7,3,1,0.3333,6
boundary:query,761,L7.hi.hi.lo,hybrid,exception,contradicted; every cut loses a supporter,2.2214,2.2214,5,7,3,0.0,8
boundary:query,761,L91.hi,dense,exception,contradicted; every cut loses a supporter,1.9759,1.9759,13,6,4,0.3636,11
boundary:query,761,L12.lo.hi.hi,dense,exception,contradicted; every cut loses a supporter,1.8832,1.8832,13,7,4,0.3846,13
boundary:query,761,L12.hi.hi.hi,dense,exception,contradicted; every cut loses a supporter,1.8832,1.8832,13,7,4,0.3846,13
boundary:query,761,L6.lo.hi.hi,dense,exception,contradicted; every cut loses a supporter,2.3823,2.3823,13,7,4,0.3846,13
boundary:query,761,L6.hi.hi.lo.hi,dense,exception,contradicted; every cut loses a supporter,2.3823,2.3823,13,5,4,0.4,10
boundary:query,761,L7.lo.lo,hybrid,exception,contradicted; every cut loses a supporter,2.2616,2.2616,8,7,4,0.0,9
boundary:query,761,L7.lo.hi,hybrid,exception,contradicted; every cut loses a supporter,2.2214,2.2214,5,6,3,0.125,8
boundary:query,761,L7.hi.lo.lo,hybrid,exception,contradicted; every cut loses a supporter,2.2616,2.2616,7,7,4,0.0,9
boundary:query,761,L7.hi.lo.hi,hybrid,exception,contradicted; every cut loses a supporter,2.2214,2.2214,5,6,3,0.125,8
boundary:query,761,L6.lo.lo.lo,dense,exception,contradicted; every cut loses a supporter,2.2616,2.2616,15,7,4,0.1,10
boundary:query,761,L6.lo.lo.hi,dense,exception,contradicted; every cut loses a supporter,2.3823,2.3823,11,6,4,0.3,10
boundary:query,761,L91.lo.lo,dense,exception,contradicted; every cut loses a supporter,1.8552,1.8552,10,7,4,0.1,10
boundary:query,761,L91.lo.hi,dense,exception,contradicted; every cut loses a supporter,1.9759,1.9759,10,6,4,0.3,10
boundary:query,761,L47.lo.lo.hi,hybrid,exception,contradicted; every cut loses a supporter,1.828,1.828,4,6,3,0.125,8
boundary:query,761,L147.lo,hybrid,exception,contradicted; every cut loses a supporter,1.8382,1.8382,4,6,3,0.0,8
boundary:query,761,L147.hi,hybrid,exception,contradicted; every cut loses a supporter,1.8746,1.8746,4,7,3,0.1111,9
boundary:query,761,L6.hi.lo.lo.lo,dense,exception,contradicted; every cut loses a supporter,2.2616,2.2616,18,7,4,0.0,9
boundary:query,761,L12.lo.hi.lo.lo,dense,exception,contradicted; every cut loses a supporter,1.7626,1.7626,15,7,4,0.0,9
boundary:query,761,L12.hi.hi.lo.lo,dense,exception,contradicted; every cut loses a supporter,1.7626,1.7626,16,7,4,0.0,9
boundary:query,761,L6.lo.hi.lo.lo,dense,exception,contradicted; every cut loses a supporter,2.2616,2.2616,16,7,4,0.0,9
boundary:query,761,L6.hi.hi.hi.lo,dense,exception,contradicted; every cut loses a supporter,2.3421,2.3421,9,6,2,0.125,8
boundary:query,761,L7.hi.hi.lo,hybrid,retire,utility <= 0,,2.2214,5,7,3,0.0,8
boundary:query,761,L91.hi,dense,split,4 exceptions; cut f:query_len_tokens at 18,,1.9759,13,6,4,0.3636,11
boundary:query,761,L91.hi.lo,dense,create,split of L91.hi,,1.8955,10,0,0,0.0,0
boundary:query,761,L91.hi.hi,dense,create,split of L91.hi,,1.815,3,0,0,0.0,0
boundary:query,761,L12.lo.hi.hi,dense,split,4 exceptions; cut f:query_len_tokens at 17,,1.8832,13,7,4,0.3846,13
boundary:query,761,L12.lo.hi.hi.lo,dense,create,split of L12.lo.hi.hi,,1.7626,7,0,0,0.0,0
boundary:query,761,L12.lo.hi.hi.hi,dense,create,split of L12.lo.hi.hi,,1.7626,6,0,0,0.0,0
boundary:query,761,L12.hi.hi.hi,dense,split,4 exceptions; cut f:query_len_tokens at 17,,1.8832,13,7,4,0.3846,13
boundary:query,761,L12.hi.hi.hi.lo,dense,create,split of L12.hi.hi.hi,,1.7626,7,0,0,0.0,0
boundary:query,761,L12.hi.hi.hi.hi,dense,create,split of L12.hi.hi.hi,,1.7626,6,0,0,0.0,0
boundary:query,761,L6.lo.hi.hi,dense,split,4 exceptions; cut f:query_len_tokens at 17,,2.3823,13,7,4,0.3846,13
boundary:query,761,L6.lo.hi.hi.lo,dense,create,split of L6.lo.hi.hi,,2.2616,7,0,0,0.0,0
boundary:query,761,L6.lo.hi.hi.hi,dense,create,split of L6.lo.hi.hi,,2.2616,6,0,0,0.0,0
boundary:query,761,L6.hi.hi.lo.hi,dense,split,4 exceptions; cut f:query_len_tokens at 18,,2.3823,13,5,4,0.4,10
boundary:query,761,L6.hi.hi.lo.hi.lo,dense,create,split of L6.hi.hi.lo.hi,,2.3019,10,0,0,0.0,0
boundary:query,761,L6.hi.hi.lo.hi.hi,dense,create,split of L6.hi.hi.lo.hi,,2.2214,3,0,0,0.0,0
boundary:query,761,L7.lo.lo,hybrid,split,4 exceptions; cut f:query_len_tokens at 15,,2.2616,8,7,4,0.0,9
boundary:query,761,L7.lo.lo.lo,hybrid,create,split of L7.lo.lo,,2.2214,7,0,0,0.0,0
boundary:query,761,L7.lo.lo.hi,hybrid,create,split of L7.lo.lo,,2.1812,1,0,0,0.0,0
boundary:query,761,L7.hi.lo.lo,hybrid,split,4 exceptions; cut f:query_len_tokens at 15,,2.2616,7,7,4,0.0,9
boundary:query,761,L7.hi.lo.lo.lo,hybrid,create,split of L7.hi.lo.lo,,2.2214,6,0,0,0.0,0
boundary:query,761,L7.hi.lo.lo.hi,hybrid,create,split of L7.hi.lo.lo,,2.1812,1,0,0,0.0,0
boundary:query,761,L6.lo.lo.lo,dense,split,4 exceptions; cut f:query_len_tokens at 15,,2.2616,15,7,4,0.1,10
boundary:query,761,L6.lo.lo.lo.lo,dense,create,split of L6.lo.lo.lo,,2.2214,13,0,0,0.0,0
boundary:query,761,L6.lo.lo.lo.hi,dense,create,split of L6.lo.lo.lo,,2.1812,2,0,0,0.0,0
boundary:query,761,L6.lo.lo.hi,dense,split,4 exceptions; cut f:query_len_tokens at 16,,2.3823,11,6,4,0.3,10
boundary:query,761,L6.lo.lo.hi.lo,dense,create,split of L6.lo.lo.hi,,2.2214,6,0,0,0.0,0
boundary:query,761,L6.lo.lo.hi.hi,dense,create,split of L6.lo.lo.hi,,2.3019,5,0,0,0.0,0
boundary:query,761,L91.lo.lo,dense,split,4 exceptions; cut f:query_len_tokens at 15,,1.8552,10,7,4,0.1,10
boundary:query,761,L91.lo.lo.lo,dense,create,split of L91.lo.lo,,1.815,8,0,0,0.0,0
boundary:query,761,L91.lo.lo.hi,dense,create,split of L91.lo.lo,,1.7748,2,0,0,0.0,0
boundary:query,761,L91.lo.hi,dense,split,4 exceptions; cut f:query_len_tokens at 16.5,,1.9759,10,6,4,0.3,10
boundary:query,761,L91.lo.hi.lo,dense,create,split of L91.lo.hi,,1.8351,5,0,0,0.0,0
boundary:query,761,L91.lo.hi.hi,dense,create,split of L91.lo.hi,,1.8754,5,0,0,0.0,0
boundary:query,761,L147.lo,hybrid,retire,utility <= 0,,1.8382,4,6,3,0.0,8
boundary:query,761,L6.hi.lo.lo.lo,dense,split,4 exceptions; cut f:query_len_tokens at 15.5,,2.2616,18,7,4,0.0,9
boundary:query,761,L6.hi.lo.lo.lo.lo,dense,create,split of L6.hi.lo.lo.lo,,2.2415,9,0,0,0.0,0
boundary:query,761,L6.hi.lo.lo.lo.hi,dense,create,split of L6.hi.lo.lo.lo,,2.1611,9,0,0,0.0,0
boundary:query,761,L12.lo.hi.lo.lo,dense,split,4 exceptions; cut f:query_len_tokens at 16,,1.7626,15,7,4,0.0,9
boundary:query,761,L12.lo.hi.lo.lo.lo,dense,create,split of L12.lo.hi.lo.lo,,1.7626,15,0,0,0.0,0
boundary:query,761,L12.hi.hi.lo.lo,dense,split,4 exceptions; cut f:query_len_tokens at 16,,1.7626,16,7,4,0.0,9
boundary:query,761,L12.hi.hi.lo.lo.lo,dense,create,split of L12.hi.hi.lo.lo,,1.7626,16,0,0,0.0,0
boundary:query,761,L6.lo.hi.lo.lo,dense,split,4 exceptions; cut f:query_len_tokens at 16,,2.2616,16,7,4,0.0,9
boundary:query,761,L6.lo.hi.lo.lo.lo,dense,create,split of L6.lo.hi.lo.lo,,2.2616,16,0,0,0.0,0
boundary:query,764,L6.lo.lo.lo.hi,dense,expand,arm beat the default just outside the box,2.1801,2.2204,3,0,0,0.0,0
boundary:query,764,L91.lo.lo.hi,dense,expand,arm beat the default just outside the box,1.7737,1.814,3,0,0,0.0,0
boundary:query,764,L6.hi.lo.lo.lo.hi,dense,expand,arm beat the default just outside the box,2.16,2.2204,10,0,0,0.0,0
boundary:query,765,L116.lo.hi,dense,exception,contradicted; every cut loses a supporter,1.9652,1.9652,11,6,3,0.3333,9
boundary:query,765,L198,hybrid,exception,contradicted; every cut loses a supporter,1.9128,1.9128,5,8,3,0.2,10
boundary:query,765,L153.hi.hi,dense,exception,contradicted; every cut loses a supporter,1.9543,1.9543,11,6,3,0.2222,9
boundary:query,765,L116.hi.lo.hi,dense,exception,contradicted; every cut loses a supporter,1.945,1.945,9,6,3,0.2222,9
boundary:query,765,L116.hi.hi.hi,dense,exception,contradicted; every cut loses a supporter,1.8645,1.8645,7,4,2,0.2857,7
boundary:query,767,L19,dense,exception,contradicted; every cut loses a supporter,1.975,1.975,11,9,4,0.4375,16
boundary:query,767,L54,hybrid,exception,contradicted; every cut loses a supporter,1.951,1.951,4,8,4,0.2727,11
boundary:query,767,L59,dense,exception,contradicted; every cut loses a supporter,1.9123,1.9123,9,5,3,0.6154,13
boundary:query,767,L19,dense,split,4 exceptions; cut f:query_len_tokens at 14,,1.975,11,9,4,0.4375,16
boundary:query,767,L19.lo,dense,create,split of L19,,1.8138,6,0,0,0.0,0
boundary:query,767,L19.hi,dense,create,split of L19,,1.8944,5,0,0,0.0,0
boundary:query,767,L54,hybrid,split,4 exceptions; cut f:query_len_tokens at 13,,1.951,4,8,4,0.2727,11
boundary:query,767,L54.lo,hybrid,create,split of L54,,1.8182,3,0,0,0.0,0
boundary:query,767,L54.hi,hybrid,create,split of L54,,1.8704,1,0,0,0.0,0
boundary:query,768,L116.lo.hi,dense,expand,arm beat the default just outside the box,1.9654,2.0258,12,6,3,0.3333,9
boundary:query,768,L261,dense,create,"default missed, dense hit",,2.0,1,0,0,0.0,0
boundary:query,770,L179,dense,exception,contradicted; every cut loses a supporter,2.0395,2.0395,7,5,3,0.5,10
boundary:query,770,L116.lo.hi,dense,exception,contradicted; every cut loses a supporter,2.0262,2.0262,12,7,4,0.3,10
boundary:query,770,L153.hi.hi,dense,exception,contradicted; every cut loses a supporter,1.9549,1.9549,11,7,4,0.2,10
boundary:query,770,L116.hi.lo.hi,dense,exception,contradicted; every cut loses a supporter,1.9456,1.9456,9,7,4,0.2,10
boundary:query,770,L116.hi.hi.hi,dense,exception,contradicted; every cut loses a supporter,1.865,1.865,7,5,3,0.25,8
boundary:query,770,L116.lo.hi,dense,split,4 exceptions; cut f:query_len_tokens at 13,,2.0262,12,7,4,0.3,10
boundary:query,770,L116.lo.hi.lo,dense,create,split of L116.lo.hi,,1.9053,8,0,0,0.0,0
boundary:query,770,L116.lo.hi.hi,dense,create,split of L116.lo.hi,,1.865,4,0,0,0.0,0
boundary:query,770,L153.hi.hi,dense,split,4 exceptions; cut f:query_len_tokens at 13,,1.9549,11,7,4,0.2,10
boundary:query,770,L153.hi.hi.lo,dense,create,split of L153.hi.hi,,1.8339,7,0,0,0.0,0
boundary:query,770,L153.hi.hi.hi,dense,create,split of L153.hi.hi,,1.8742,4,0,0,0.0,0
boundary:query,770,L116.hi.lo.hi,dense,split,4 exceptions; cut f:query_len_tokens at 13,,1.9456,9,7,4,0.2,10
boundary:query,770,L116.hi.lo.hi.lo,dense,create,split of L116.hi.lo.hi,,1.8247,5,0,0,0.0,0
boundary:query,770,L116.hi.lo.hi.hi,dense,create,split of L116.hi.lo.hi,,1.865,4,0,0,0.0,0
boundary:query,771,L26.lo,dense,exception,contradicted; every cut loses a supporter,1.8833,1.8833,8,7,4,0.2,10
boundary:query,771,L156,hybrid,exception,contradicted; every cut loses a supporter,1.9587,1.9587,3,7,2,0.1111,9
boundary:query,771,L26.lo,dense,split,4 exceptions; cut f:query_len_tokens at 12.5,,1.8833,8,7,4,0.2,10
boundary:query,771,L26.lo.lo,dense,create,split of L26.lo,,1.7825,4,0,0,0.0,0
boundary:query,771,L26.lo.hi,dense,create,split of L26.lo,,1.8228,4,0,0,0.0,0
boundary:query,772,L6.hi.hi.hi.lo,dense,exception,contradicted; every cut loses a supporter,2.3436,2.3436,9,7,3,0.1111,9
boundary:query,775,L198,hybrid,exception,contradicted; every cut loses a supporter,1.9139,1.9139,5,9,4,0.1818,11
boundary:query,775,L116.hi.hi.lo,dense,exception,contradicted; every cut loses a supporter,1.8251,1.8251,11,6,3,0.2222,9
boundary:query,775,L198,hybrid,split,4 exceptions; cut f:query_len_tokens at 14,,1.9139,5,9,4,0.1818,11
boundary:query,775,L198.lo,hybrid,create,split of L198,,1.8736,4,0,0,0.0,0
boundary:query,775,L198.hi,hybrid,create,split of L198,,1.7928,1,0,0,0.0,0
boundary:query,775,L227,hybrid,retire,utility <= 0,,2.0004,1,5,0,0.0,5
boundary:query,777,L91.hi.lo,dense,expand,arm beat the default just outside the box,1.8956,1.9359,12,1,0,0.5,2
boundary:query,777,L6.hi.hi.lo.hi.lo,dense,expand,arm beat the default just outside the box,2.3024,2.3427,12,1,0,0.5,2
boundary:query,779,L218,hybrid,narrow,contradicted; cut f:query_len_tokens,1.9996,1.9564,2,5,0,0.1667,6
boundary:query,779,L5,dense,expand,arm beat the default just outside the box,2.6824,2.7228,6,7,3,0.3,10
boundary:query,779,L118.lo,dense,expand,arm beat the default just outside the box,1.822,1.8624,6,5,2,0.2857,7
boundary:query,779,L272,dense,create,"default missed, dense hit",,2.0,1,0,0,0.0,0
boundary:query,780,L156,hybrid,narrow,contradicted; cut f:query_len_tokens,1.9584,1.9548,3,8,2,0.1,10
boundary:query,780,L26.hi,dense,retire,utility <= 0,,1.8892,3,5,0,-0.2,5
boundary:query,782,L179,dense,exception,contradicted; every cut loses a supporter,2.0408,2.0408,7,6,4,0.4545,11
boundary:query,782,L116.hi.hi.hi,dense,exception,contradicted; every cut loses a supporter,1.8659,1.8659,7,6,4,0.2222,9
boundary:query,782,L179,dense,split,4 exceptions; cut f:query_len_tokens at 14,,2.0408,7,6,4,0.4545,11
boundary:query,782,L179.lo,dense,create,split of L179,,1.7954,5,0,0,0.0,0
boundary:query,782,L179.hi,dense,create,split of L179,,2.0004,2,0,0,0.0,0
boundary:query,782,L116.hi.hi.hi,dense,split,4 exceptions; cut f:query_len_tokens at 14,,1.8659,7,6,4,0.2222,9
boundary:query,782,L116.hi.hi.hi.lo,dense,create,split of L116.hi.hi.hi,,1.7851,4,0,0,0.0,0
boundary:query,782,L116.hi.hi.hi.hi,dense,create,split of L116.hi.hi.hi,,1.8255,3,0,0,0.0,0
boundary:query,783,L218,hybrid,narrow,contradicted; cut f:query_len_tokens,1.957,1.9138,2,6,0,0.1429,7
boundary:query,784,L147.hi,hybrid,expand,arm beat the default just outside the box,1.8745,1.9147,5,7,3,0.1111,9
boundary:query,784,L12.lo.hi.hi.lo,dense,expand,arm beat the default just outside the box,1.762,1.8023,9,1,0,0.5,2
boundary:query,784,L12.hi.hi.hi.lo,dense,expand,arm beat the default just outside the box,1.762,1.8023,9,1,0,0.5,2
boundary:query,784,L6.lo.hi.hi.lo,dense,expand,arm beat the default just outside the box,2.2618,2.3021,9,1,0,0.5,2
boundary:query,784,L91.lo.hi.lo,dense,expand,arm beat the default just outside the box,1.835,1.8954,7,1,0,0.5,2
boundary:query,784,L228,hybrid,retire,utility <= 0,,1.9999,2,4,0,0.0,5
boundary:query,789,L147.hi,hybrid,exception,contradicted; every cut loses a supporter,1.914,1.914,5,8,4,0.1,10
boundary:query,789,L6.hi.hi.hi.lo,dense,exception,contradicted; every cut loses a supporter,2.3412,2.3412,11,8,4,0.25,12
boundary:query,789,L147.hi,hybrid,split,4 exceptions; cut f:query_len_tokens at 15,,1.914,5,8,4,0.1,10
boundary:query,789,L147.hi.lo,hybrid,create,split of L147.hi,,1.7932,3,0,0,0.0,0
boundary:query,789,L147.hi.hi,hybrid,create,split of L147.hi,,1.8737,2,0,0,0.0,0
boundary:query,789,L6.hi.hi.hi.lo,dense,split,4 exceptions; cut f:query_len_tokens at 16,,2.3412,11,8,4,0.25,12
boundary:query,789,L6.hi.hi.hi.lo.lo,dense,create,split of L6.hi.hi.hi.lo,,2.2203,6,0,0,0.0,0
boundary:query,789,L6.hi.hi.hi.lo.hi,dense,create,split of L6.hi.hi.hi.lo,,2.2606,5,0,0,0.0,0
boundary:query,790,L91.hi.lo,dense,exception,contradicted; every cut loses a supporter,1.9348,1.9348,14,3,1,0.5,6
boundary:query,790,L6.hi.hi.lo.hi.lo,dense,exception,contradicted; every cut loses a supporter,2.3413,2.3413,14,3,1,0.5,6
boundary:query,791,L152,hybrid,exception,contradicted; every cut loses a supporter,2.0003,2.0003,4,6,3,0.3333,9
boundary:query,791,L6.hi.hi.hi.hi,dense,exception,contradicted; every cut loses a supporter,2.312,2.312,9,2,1,0.6667,6
boundary:query,791,L226,hybrid,exception,contradicted; every cut loses a supporter,1.9997,1.9997,2,5,1,0.1667,6
boundary:query,791,L91.hi.lo,dense,exception,contradicted; every cut loses a supporter,1.9344,1.9344,14,4,2,0.4286,7
boundary:query,791,L12.lo.hi.hi.lo,dense,exception,contradicted; every cut loses a supporter,1.8016,1.8016,10,4,1,0.3333,6
boundary:query,791,L12.hi.hi.hi.lo,dense,exception,contradicted; every cut loses a supporter,1.8016,1.8016,10,4,1,0.3333,6
boundary:query,791,L6.lo.hi.hi.lo,dense,exception,contradicted; every cut loses a supporter,2.3011,2.3011,10,4,1,0.3333,6
boundary:query,791,L6.hi.hi.lo.hi.lo,dense,exception,contradicted; every cut loses a supporter,2.3413,2.3413,14,4,2,0.4286,7
boundary:query,791,L91.lo.hi.lo,dense,exception,contradicted; every cut loses a supporter,1.8942,1.8942,8,4,1,0.3333,6
boundary:query,792,L116.hi.hi.lo,dense,expand,arm beat the default just outside the box,1.8241,1.8643,12,6,3,0.2222,9
boundary:query,792,L153.hi.hi.lo,dense,expand,arm beat the default just outside the box,1.8333,1.8735,8,1,0,0.0,1
boundary:query,792,L116.hi.lo.hi.lo,dense,expand,arm beat the default just outside the box,1.8241,1.8643,6,1,0,0.0,1
boundary:query,792,L198.lo,hybrid,expand,arm beat the default just outside the box,1.8723,1.9125,5,1,0,0.0,1
boundary:query,792,L281,hybrid,create,"default missed, hybrid hit",,2.0,1,0,0,0.0,0
boundary:query,793,L218,hybrid,exception,contradicted; every cut loses a supporter,1.9122,1.9122,2,7,1,0.125,8
boundary:query,794,L229,dense,expand,arm beat the default just outside the box,1.9991,2.0351,2,0,0,0.0,0
boundary:query,796,L198.lo,hybrid,expand,arm beat the default just outside the box,1.9124,1.9527,6,1,0,0.0,1
boundary:query,796,L179.lo,dense,expand,arm beat the default just outside the box,1.794,1.8343,6,0,0,0.0,0
boundary:query,796,L116.hi.hi.hi.lo,dense,expand,arm beat the default just outside the box,1.7837,1.8239,5,0,0,0.0,0
boundary:query,799,L91.hi.lo,dense,exception,contradicted; every cut loses a supporter,1.9347,1.9347,14,5,3,0.375,8
boundary:query,799,L12.lo.hi.hi.lo,dense,exception,contradicted; every cut loses a supporter,1.802,1.802,10,5,2,0.2857,7
boundary:query,799,L12.hi.hi.hi.lo,dense,exception,contradicted; every cut loses a supporter,1.802,1.802,10,5,2,0.2857,7
boundary:query,799,L6.lo.hi.hi.lo,dense,exception,contradicted; every cut loses a supporter,2.3013,2.3013,10,5,2,0.2857,7
boundary:query,799,L6.hi.hi.lo.hi.lo,dense,exception,contradicted; every cut loses a supporter,2.3415,2.3415,14,5,3,0.375,8
boundary:query,799,L91.lo.hi.lo,dense,exception,contradicted; every cut loses a supporter,1.8944,1.8944,8,5,2,0.2857,7
boundary:query,799,L7.lo.lo.lo,hybrid,retire,utility <= 0,,2.2207,7,5,0,-0.2,5
boundary:query,799,L7.hi.lo.lo.lo,hybrid,retire,utility <= 0,,2.2207,6,5,0,-0.2,5
boundary:query,802,L282,dense,create,"default missed, dense hit",,2.0,1,0,0,0.0,0
boundary:query,802,L283,hybrid,create,"default missed, hybrid hit",,2.0,1,0,0,0.0,0
boundary:query,804,L116.lo.hi.lo,dense,exception,contradicted; every cut loses a supporter,1.9057,1.9057,9,5,1,0.1667,6
boundary:query,806,L156,hybrid,narrow,contradicted; cut f:query_len_tokens,1.9556,1.9152,3,9,2,0.0909,11
boundary:query,806,L8.hi.lo,dense,retire,utility <= 0,,2.2443,6,4,0,0.0,5
boundary:query,808,L169,dense,retire,utility <= 0,,2.0048,1,5,0,0.0,5
boundary:query,812,L116.hi.hi.lo,dense,expand,arm beat the default just outside the box,1.8652,1.9057,13,6,3,0.2222,9
boundary:query,812,L153.hi.hi.lo,dense,expand,arm beat the default just outside the box,1.8744,1.9149,9,4,0,0.0,4
boundary:query,812,L116.hi.lo.hi.lo,dense,expand,arm beat the default just outside the box,1.8652,1.9057,7,4,0,0.0,4
boundary:query,815,L91.hi.lo,dense,exception,contradicted; every cut loses a supporter,1.9356,1.9356,15,6,4,0.4,10
boundary:query,815,L12.lo.hi.hi.lo,dense,exception,contradicted; every cut loses a supporter,1.8026,1.8026,11,6,3,0.3333,9
boundary:query,815,L12.hi.hi.hi.lo,dense,exception,contradicted; every cut loses a supporter,1.8026,1.8026,11,6,3,0.3333,9
boundary:query,815,L6.lo.hi.hi.lo,dense,exception,contradicted; every cut loses a supporter,2.3007,2.3007,11,6,3,0.3333,9
boundary:query,815,L6.hi.hi.lo.hi.lo,dense,exception,contradicted; every cut loses a supporter,2.3413,2.3413,15,6,4,0.4,10
boundary:query,815,L6.lo.lo.lo.lo,dense,exception,contradicted; every cut loses a supporter,2.2197,2.2197,16,4,1,0.2857,7
boundary:query,815,L6.lo.lo.hi.lo,dense,exception,contradicted; every cut loses a supporter,2.2197,2.2197,9,3,1,0.5,6
boundary:query,815,L91.lo.lo.lo,dense,exception,contradicted; every cut loses a supporter,1.8141,1.8141,11,4,1,0.2857,7
boundary:query,815,L91.lo.hi.lo,dense,exception,contradicted; every cut loses a supporter,1.8951,1.8951,9,6,3,0.3333,9
boundary:query,815,L6.hi.lo.lo.lo.lo,dense,exception,contradicted; every cut loses a supporter,2.24,2.24,12,4,1,0.2857,7
boundary:query,815,L12.lo.hi.lo.lo.lo,dense,exception,contradicted; every cut loses a supporter,1.7621,1.7621,18,4,1,0.2857,7
boundary:query,815,L12.hi.hi.lo.lo.lo,dense,exception,contradicted; every cut loses a supporter,1.7621,1.7621,19,4,1,0.2857,7
boundary:query,815,L6.lo.hi.lo.lo.lo,dense,exception,contradicted; every cut loses a supporter,2.2602,2.2602,19,4,1,0.2857,7
boundary:query,815,L91.hi.lo,dense,split,4 exceptions; cut f:query_len_tokens at 16,,1.9356,15,6,4,0.4,10
boundary:query,815,L91.hi.lo.lo,dense,create,split of L91.hi.lo,,1.8141,8,0,0,0.0,0
boundary:query,815,L91.hi.lo.hi,dense,create,split of L91.hi.lo,,1.8546,7,0,0,0.0,0
boundary:query,815,L6.hi.hi.lo.hi.lo,dense,split,4 exceptions; cut f:query_len_tokens at 17,,2.3413,15,6,4,0.4,10
boundary:query,815,L6.hi.hi.lo.hi.lo.lo,dense,create,split of L6.hi.hi.lo.hi.lo,,2.2602,9,0,0,0.0,0
boundary:query,815,L6.hi.hi.lo.hi.lo.hi,dense,create,split of L6.hi.hi.lo.hi.lo,,2.2197,6,0,0,0.0,0
boundary:query,816,L116.lo.hi.hi,dense,narrow,contradicted; cut f:query_len_tokens,1.8649,1.8649,5,5,0,0.1667,6
boundary:query,816,L153.hi.hi.hi,dense,narrow,contradicted; cut f:query_len_tokens,1.8741,1.8741,5,5,0,0.1667,6
boundary:query,816,L116.hi.lo.hi.hi,dense,narrow,contradicted; cut f:query_len_tokens,1.8649,1.8649,5,5,0,0.1667,6
boundary:query,816,L153.hi.hi.lo,dense,retire,utility <= 0,,1.9146,9,5,0,0.0,5
boundary:query,816,L116.hi.lo.hi.lo,dense,retire,utility <= 0,,1.9054,7,5,0,0.0,5
boundary:query,816,L198.lo,hybrid,retire,utility <= 0,,1.954,6,5,0,0.0,5
boundary:query,816,L281,hybrid,retire,utility <= 0,,2.0017,1,5,0,0.0,5
boundary:query,817,L6.hi.hi.lo.hi.lo.lo,dense,expand,arm beat the default just outside the box,2.261,2.3015,10,0,0,0.0,0
boundary:query,818,L261,dense,narrow,contradicted; cut f:query_len_tokens,2.001,1.9564,3,4,0,0.3333,6
boundary:query,818,L116.lo.hi.lo,dense,exception,contradicted; every cut loses a supporter,1.9056,1.9056,10,6,2,0.25,8
boundary:query,819,L201,hybrid,retire,utility <= 0,,2.0014,1,5,0,-0.2,5
boundary:query,820,L116.lo.hi.hi,dense,exception,contradicted; every cut loses a supporter,1.8655,1.8655,5,6,1,0.1429,7
boundary:query,820,L153.hi.hi.hi,dense,exception,contradicted; every cut loses a supporter,1.8748,1.8748,5,6,1,0.1429,7
boundary:query,820,L116.hi.lo.hi.hi,dense,exception,contradicted; every cut loses a supporter,1.8655,1.8655,5,6,1,0.1429,7
boundary:query,824,L116.lo.hi.hi,dense,exception,contradicted; every cut loses a supporter,1.8653,1.8653,5,7,2,0.125,8
boundary:query,824,L153.hi.hi.hi,dense,exception,contradicted; every cut loses a supporter,1.8745,1.8745,5,7,2,0.125,8
boundary:query,824,L116.hi.lo.hi.hi,dense,exception,contradicted; every cut loses a supporter,1.8653,1.8653,5,7,2,0.125,8
boundary:query,824,L179.lo,dense,retire,utility <= 0,,1.8351,6,5,0,0.0,5
boundary:query,824,L116.hi.hi.hi.lo,dense,retire,utility <= 0,,1.8248,5,5,0,0.0,5
boundary:query,825,L10.lo,hybrid,retire,utility <= 0,,2.2819,3,5,0,0.0,5
boundary:query,825,L288,dense,create,"default missed, dense hit",,2.0,1,0,0,0.0,0
boundary:query,826,L116.hi.hi.lo,dense,expand,arm beat the default just outside the box,1.9058,1.9464,14,6,3,0.2222,9
boundary:query,826,L116.lo.hi.lo,dense,expand,arm beat the default just outside the box,1.9058,1.9464,11,6,2,0.25,8
boundary:query,833,L198.hi,hybrid,exception,contradicted; every cut loses a supporter,1.7907,1.7907,3,5,1,0.2857,7
boundary:query,833,L179.hi,dense,exception,contradicted; every cut loses a supporter,1.999,1.999,4,4,1,0.3333,6
boundary:query,833,L116.hi.hi.hi.hi,dense,exception,contradicted; every cut loses a supporter,1.8233,1.8233,5,4,1,0.3333,6
boundary:query,834,L289,hybrid,create,"default missed, hybrid hit",,2.0,1,0,0,0.0,0
boundary:query,835,L116.lo.hi.lo,dense,exception,contradicted; every cut loses a supporter,1.946,1.946,12,7,3,0.3,10
boundary:query,836,L17,hybrid,retire,utility <= 0,,1.9828,2,5,0,0.0,5
boundary:query,838,L6.lo.lo.hi.hi,dense,expand,arm beat the default just outside the box,2.2996,2.3402,9,3,0,0.5,6
boundary:query,838,L91.lo.hi.hi,dense,expand,arm beat the default just outside the box,1.8746,1.9355,9,3,0,0.5,6
boundary:query,838,L6.hi.hi.hi.lo.hi,dense,expand,arm beat the default just outside the box,2.259,2.2996,7,2,0,0.3333,3
boundary:query,838,L91.hi.lo.hi,dense,expand,arm beat the default just outside the box,1.8543,1.8949,9,0,0,1.0,1
boundary:query,842,L12.lo.hi.hi.lo,dense,exception,contradicted; every cut loses a supporter,1.8038,1.8038,11,7,4,0.3,10
boundary:query,842,L12.hi.hi.hi.lo,dense,exception,contradicted; every cut loses a supporter,1.8038,1.8038,11,7,4,0.3,10
boundary:query,842,L6.lo.hi.hi.lo,dense,exception,contradicted; every cut loses a supporter,2.3004,2.3004,11,7,4,0.3,10
boundary:query,842,L6.lo.lo.lo.hi,dense,exception,contradicted; every cut loses a supporter,2.2191,2.2191,7,4,1,0.5,8
boundary:query,842,L6.lo.lo.hi.lo,dense,exception,contradicted; every cut loses a supporter,2.2191,2.2191,10,4,2,0.5,8
boundary:query,842,L6.lo.lo.hi.hi,dense,exception,contradicted; every cut loses a supporter,2.341,2.341,9,4,1,0.4286,7
boundary:query,842,L91.lo.lo.hi,dense,exception,contradicted; every cut loses a supporter,1.8144,1.8144,7,4,1,0.5,8
boundary:query,842,L91.lo.hi.lo,dense,exception,contradicted; every cut loses a supporter,1.8957,1.8957,9,7,4,0.3,10
boundary:query,842,L91.lo.hi.hi,dense,exception,contradicted; every cut loses a supporter,1.9363,1.9363,9,4,1,0.4286,7
boundary:query,842,L6.hi.lo.lo.lo.hi,dense,exception,contradicted; every cut loses a supporter,2.2191,2.2191,14,4,1,0.5,8
boundary:query,842,L12.lo.hi.lo.lo.lo,dense,exception,contradicted; every cut loses a supporter,1.7632,1.7632,19,5,2,0.3333,9
boundary:query,842,L12.hi.hi.lo.lo.lo,dense,exception,contradicted; every cut loses a supporter,1.7632,1.7632,20,5,2,0.3333,9
boundary:query,842,L6.lo.hi.lo.lo.lo,dense,exception,contradicted; every cut loses a supporter,2.2598,2.2598,20,5,2,0.3333,9
boundary:query,842,L147.hi.hi,hybrid,exception,contradicted; every cut loses a supporter,1.8743,1.8743,3,5,1,0.1667,6
boundary:query,842,L6.hi.hi.hi.lo.lo,dense,exception,contradicted; every cut loses a supporter,2.2191,2.2191,9,3,1,0.5,6
boundary:query,842,L12.lo.hi.hi.lo,dense,split,4 exceptions; cut f:query_len_tokens at 15,,1.8038,11,7,4,0.3,10
boundary:query,842,L12.lo.hi.hi.lo.lo,dense,create,split of L12.lo.hi.hi.lo,,1.6819,6,0,0,0.0,0
boundary:query,842,L12.lo.hi.hi.lo.hi,dense,create,split of L12.lo.hi.hi.lo,,1.7632,5,0,0,0.0,0
boundary:query,842,L12.hi.hi.hi.lo,dense,split,4 exceptions; cut f:query_len_tokens at 15,,1.8038,11,7,4,0.3,10
boundary:query,842,L12.hi.hi.hi.lo.lo,dense,create,split of L12.hi.hi.hi.lo,,1.6819,6,0,0,0.0,0
boundary:query,842,L12.hi.hi.hi.lo.hi,dense,create,split of L12.hi.hi.hi.lo,,1.7632,5,0,0,0.0,0
boundary:query,842,L6.lo.hi.hi.lo,dense,split,4 exceptions; cut f:query_len_tokens at 15,,2.3004,11,7,4,0.3,10
boundary:query,842,L6.lo.hi.hi.lo.lo,dense,create,split of L6.lo.hi.hi.lo,,2.1785,6,0,0,0.0,0
boundary:query,842,L6.lo.hi.hi.lo.hi,dense,create,split of L6.lo.hi.hi.lo,,2.2598,5,0,0,0.0,0
boundary:query,842,L91.lo.hi.lo,dense,split,4 exceptions; cut f:query_len_tokens at 15,,1.8957,9,7,4,0.3,10
boundary:query,842,L91.lo.hi.lo.lo,dense,create,split of L91.lo.hi.lo,,1.7738,5,0,0,0.0,0
boundary:query,842,L91.lo.hi.lo.hi,dense,create,split of L91.lo.hi.lo,,1.855,4,0,0,0.0,0
boundary:query,843,L12.lo.hi.hi.hi,dense,exception,contradicted; every cut loses a supporter,1.7629,1.7629,9,4,1,0.2857,7
boundary:query,843,L12.hi.hi.hi.hi,dense,exception,contradicted; every cut loses a supporter,1.7629,1.7629,9,4,1,0.2857,7
boundary:query,843,L6.lo.hi.hi.hi,dense,exception,contradicted; every cut loses a supporter,2.2599,2.2599,9,4,1,0.2857,7
boundary:query,843,L6.lo.lo.hi.hi,dense,exception,contradicted; every cut loses a supporter,2.341,2.341,9,5,2,0.25,8
boundary:query,843,L91.lo.hi.hi,dense,exception,contradicted; every cut loses a supporter,1.936,1.936,9,5,2,0.25,8
boundary:query,843,L147.hi.hi,hybrid,exception,contradicted; every cut loses a supporter,1.8741,1.8741,3,6,2,0.0,7
boundary:query,843,L147.hi.hi,hybrid,retire,utility <= 0,,1.8741,3,6,2,0.0,7
boundary:query,843,L6.hi.hi.hi.lo.hi,dense,retire,utility <= 0,,2.3004,7,4,0,0.0,5
boundary:query,844,L6.hi.hi.hi.hi,dense,exception,contradicted; every cut loses a supporter,2.3113,2.3113,9,3,2,0.5714,7
boundary:query,844,L226,hybrid,exception,contradicted; every cut loses a supporter,2.0011,2.0011,2,6,2,0.1429,7
boundary:query,844,L91.hi.hi,dense,exception,contradicted; every cut loses a supporter,1.814,1.814,6,3,1,0.3333,6
boundary:query,844,L12.lo.hi.hi.hi,dense,exception,contradicted; every cut loses a supporter,1.7627,1.7627,9,5,2,0.25,8
boundary:query,844,L12.hi.hi.hi.hi,dense,exception,contradicted; every cut loses a supporter,1.7627,1.7627,9,5,2,0.25,8
boundary:query,844,L6.lo.hi.hi.hi,dense,exception,contradicted; every cut loses a supporter,2.2599,2.2599,9,5,2,0.25,8
boundary:query,844,L6.hi.hi.lo.hi.hi,dense,exception,contradicted; every cut loses a supporter,2.2194,2.2194,6,3,1,0.3333,6
boundary:query,844,L6.lo.lo.hi.hi,dense,exception,contradicted; every cut loses a supporter,2.3409,2.3409,9,6,3,0.2222,9
boundary:query,844,L91.lo.hi.hi,dense,exception,contradicted; every cut loses a supporter,1.9355,1.9355,9,6,3,0.2222,9
boundary:query,846,L289,hybrid,retire,utility <= 0,,2.0007,1,5,0,0.0,5
boundary:query,847,L19.lo,dense,expand,arm beat the default just outside the box,1.8153,1.8558,8,0,0,1.0,1
boundary:query,848,L261,dense,expand,arm beat the default just outside the box,1.9571,1.9571,5,4,0,0.4286,7
boundary:query,848,L298,dense,create,"default missed, dense hit",,2.0,1,0,0,0.0,0
boundary:query,849,L261,dense,exception,contradicted; every cut loses a supporter,1.9575,1.9575,5,5,1,0.375,8
boundary:query,850,L8.lo.lo,dense,exception,contradicted; every cut loses a supporter,2.2444,2.2444,4,5,1,0.1667,6
boundary:query,851,L116.hi.hi.lo,dense,exception,contradicted; every cut loses a supporter,1.9482,1.9482,16,7,4,0.3333,12
boundary:query,851,L116.lo.hi.lo,dense,exception,contradicted; every cut loses a supporter,1.9482,1.9482,13,8,4,0.3333,12
boundary:query,851,L198.hi,hybrid,exception,contradicted; every cut loses a supporter,1.7937,1.7937,4,6,2,0.3333,9
boundary:query,851,L179.hi,dense,exception,contradicted; every cut loses a supporter,2.002,2.002,5,5,2,0.375,8
boundary:query,851,L116.hi.hi.hi.hi,dense,exception,contradicted; every cut loses a supporter,1.8263,1.8263,6,5,2,0.375,8
boundary:query,851,L116.hi.hi.lo,dense,split,4 exceptions; cut f:query_len_tokens at 12,,1.9482,16,7,4,0.3333,12
boundary:query,851,L116.hi.hi.lo.lo,dense,create,split of L116.hi.hi.lo,,1.8669,9,0,0,0.0,0
boundary:query,851,L116.hi.hi.lo.hi,dense,create,split of L116.hi.hi.lo,,1.8263,7,0,0,0.0,0
boundary:query,851,L116.lo.hi.lo,dense,split,4 exceptions; cut f:query_len_tokens at 11,,1.9482,13,8,4,0.3333,12
boundary:query,851,L116.lo.hi.lo.lo,dense,create,split of L116.lo.hi.lo,,1.8263,7,0,0,0.0,0
boundary:query,851,L116.lo.hi.lo.hi,dense,create,split of L116.lo.hi.lo,,1.8669,6,0,0,0.0,0
boundary:query,852,L282,dense,retire,utility <= 0,,2.0034,1,5,0,0.0,5
boundary:query,852,L283,hybrid,retire,utility <= 0,,2.0034,1,5,0,0.0,5
boundary:query,854,L303,hybrid,create,"default missed, hybrid hit",,2.0,1,0,0,0.0,0
boundary:query,855,L26.lo.lo,dense,expand,arm beat the default just outside the box,1.7835,1.8445,5,2,0,0.0,2
boundary:query,855,L8.hi.hi,dense,retire,utility <= 0,,2.2048,4,4,0,0.0,5
boundary:query,857,L261,dense,narrow,contradicted; cut f:query_len_tokens,1.9582,1.873,6,6,1,0.4,10
boundary:query,859,L298,dense,retire,utility <= 0,,2.0,2,4,0,0.0,5
boundary:query,860,L116.hi.hi.lo.hi,dense,expand,arm beat the default just outside the box,1.8258,1.8663,8,1,0,-1.0,1
boundary:query,860,L116.lo.hi.lo.hi,dense,expand,arm beat the default just outside the box,1.8663,1.9068,7,1,0,-1.0,1
boundary:query,860,L304,dense,create,"default missed, dense hit",,2.0,1,0,0,0.0,0
boundary:query,860,L305,hybrid,create,"default missed, hybrid hit",,2.0,1,0,0,0.0,0
boundary:query,861,L306,dense,create,"default missed, dense hit",,2.0,1,0,0,0.0,0
boundary:query,861,L307,hybrid,create,"default missed, hybrid hit",,2.0,1,0,0,0.0,0
boundary:query,862,L91.hi.lo.hi,dense,expand,arm beat the default just outside the box,1.8963,1.9367,10,3,0,0.0,4
boundary:query,862,L6.hi.hi.lo.hi.lo.hi,dense,expand,arm beat the default just outside the box,2.2222,2.2625,8,2,0,0.0,3
boundary:query,863,L55.lo,dense,expand,arm beat the default just outside the box,1.9956,2.036,9,3,0,0.4,5
boundary:query,863,L56.hi,hybrid,retire,utility <= 0,,1.8213,2,5,0,0.0,5
boundary:query,865,L226,hybrid,exception,contradicted; every cut loses a supporter,2.0017,2.0017,3,7,3,0.2222,9
boundary:query,867,L226,hybrid,narrow,contradicted; cut f:query_len_tokens,2.0015,1.9974,3,8,3,0.2,10
boundary:query,867,L12.lo.hi.hi.hi,dense,narrow,contradicted; cut f:query_len_tokens,1.7635,1.7635,11,6,2,0.3636,11
boundary:query,867,L12.hi.hi.hi.hi,dense,narrow,contradicted; cut f:query_len_tokens,1.7635,1.7635,11,6,2,0.3636,11
boundary:query,867,L6.lo.hi.hi.hi,dense,narrow,contradicted; cut f:query_len_tokens,2.2626,2.2626,11,6,2,0.3636,11
boundary:query,867,L6.lo.lo.hi.hi,dense,exception,contradicted; every cut loses a supporter,2.3431,2.3431,11,7,4,0.3333,12
boundary:query,867,L91.lo.hi.hi,dense,exception,contradicted; every cut loses a supporter,1.9361,1.9361,11,7,4,0.3333,12
boundary:query,867,L91.hi.lo.hi,dense,exception,contradicted; every cut loses a supporter,1.9361,1.9361,11,4,1,0.1667,6
boundary:query,867,L6.lo.lo.hi.hi,dense,split,4 exceptions; cut f:query_len_tokens at 19,,2.3431,11,7,4,0.3333,12
boundary:query,867,L6.lo.lo.hi.hi.lo,dense,create,split of L6.lo.lo.hi.hi,,2.3028,8,0,0,0.0,0
boundary:query,867,L6.lo.lo.hi.hi.hi,dense,create,split of L6.lo.lo.hi.hi,,2.182,3,0,0,0.0,0
boundary:query,867,L91.lo.hi.hi,dense,split,4 exceptions; cut f:query_len_tokens at 19,,1.9361,11,7,4,0.3333,12
boundary:query,867,L91.lo.hi.hi.lo,dense,create,split of L91.lo.hi.hi,,1.8959,8,0,0,0.0,0
boundary:query,867,L91.lo.hi.hi.hi,dense,create,split of L91.lo.hi.hi,,1.7751,3,0,0,0.0,0
boundary:query,869,L8.lo.lo,dense,exception,contradicted; every cut loses a supporter,2.2449,2.2449,4,6,2,0.1429,7
boundary:query,870,L261,dense,exception,contradicted; every cut loses a supporter,1.8727,1.8727,6,7,2,0.3636,11
boundary:query,873,L218,hybrid,narrow,contradicted; cut f:query_len_tokens,1.9132,1.8729,2,8,1,0.1111,9
boundary:query,873,L272,dense,narrow,contradicted; cut f:query_len_tokens,1.9999,1.996,2,5,0,0.1667,6
boundary:query,876,L6.lo.lo.lo.hi,dense,exception,contradicted; every cut loses a supporter,2.2201,2.2201,7,5,2,0.4444,9
boundary:query,876,L91.lo.lo.hi,dense,exception,contradicted; every cut loses a supporter,1.8137,1.8137,7,5,2,0.4444,9
boundary:query,876,L6.hi.lo.lo.lo.hi,dense,exception,contradicted; every cut loses a supporter,2.2201,2.2201,14,5,2,0.4444,9
boundary:query,876,L147.hi.lo,hybrid,exception,contradicted; every cut loses a supporter,1.7927,1.7927,4,5,1,0.1667,6
boundary:query,876,L6.hi.hi.hi.lo.lo,dense,exception,contradicted; every cut loses a supporter,2.2201,2.2201,9,4,2,0.4286,7
boundary:query,876,L6.hi.hi.lo.hi.lo.lo,dense,exception,contradicted; every cut loses a supporter,2.3008,2.3008,12,4,1,0.1667,6
boundary:query,877,L116.lo.lo,dense,expand,arm beat the default just outside the box,1.8239,1.8642,8,7,3,0.125,8
boundary:query,877,L261,dense,expand,arm beat the default just outside the box,1.8704,1.9108,7,7,2,0.3636,11
boundary:query,877,L116.lo.hi.hi,dense,expand,arm beat the default just outside the box,1.8642,1.9046,6,7,2,0.125,8
boundary:query,877,L153.hi.hi.hi,dense,expand,arm beat the default just outside the box,1.8735,1.9138,6,7,2,0.125,8
boundary:query,877,L116.hi.lo.hi.hi,dense,expand,arm beat the default just outside the box,1.8642,1.9046,6,7,2,0.125,8
boundary:query,877,L116.lo.hi.lo.lo,dense,expand,arm beat the default just outside the box,1.8239,1.8642,9,1,0,0.5,2
boundary:query,879,L312,dense,create,"default missed, dense hit",,2.0,1,0,0,0.0,0
boundary:query,879,L313,hybrid,create,"default missed, hybrid hit",,2.0,1,0,0,0.0,0
boundary:query,881,L303,hybrid,retire,utility <= 0,,1.9973,1,5,0,0.0,5
boundary:query,882,L59,dense,exception,contradicted; every cut loses a supporter,1.9128,1.9128,10,6,4,0.6,15
boundary:query,882,L59,dense,split,4 exceptions; cut f:query_len_tokens at 13.5,,1.9128,10,6,4,0.6,15
boundary:query,882,L59.lo,dense,create,split of L59,,1.8398,5,0,0,0.0,0
boundary:query,882,L59.hi,dense,create,split of L59,,1.812,5,0,0,0.0,0
boundary:query,886,L116.lo.hi.lo.hi,dense,exception,contradicted; every cut loses a supporter,1.9049,1.9049,9,4,1,0.1667,6
boundary:query,890,L272,dense,exception,contradicted; every cut loses a supporter,1.9952,1.9952,3,6,1,0.25,8
boundary:query,891,L59.lo,dense,expand,arm beat the default just outside the box,1.839,1.8592,6,0,0,0.0,0
boundary:query,892,L91.hi.lo.hi,dense,exception,contradicted; every cut loses a supporter,1.9346,1.9346,11,5,2,0.1429,7
boundary:query,892,L6.hi.hi.lo.hi.lo.lo,dense,exception,contradicted; every cut loses a supporter,2.2994,2.2994,12,5,2,0.1429,7
boundary:query,893,L6.hi.hi.lo.hi.lo.lo,dense,exception,contradicted; every cut loses a supporter,2.2996,2.2996,12,6,3,0.0,8
boundary:query,893,L6.hi.hi.lo.hi.lo.hi,dense,narrow,contradicted; cut f:query_len_tokens,2.2593,2.2593,9,4,0,0.0,6
boundary:query,893,L6.hi.hi.lo.hi.lo.lo,dense,retire,utility <= 0,,2.2996,12,6,3,0.0,8
boundary:query,893,L6.hi.hi.lo.hi.lo.hi,dense,retire,utility <= 0,,2.2593,9,4,0,0.0,6
boundary:query,894,L226,hybrid,expand,arm beat the default just outside the box,1.9956,2.0359,4,8,3,0.2,10
boundary:query,894,L12.lo.hi.hi.hi,dense,expand,arm beat the default just outside the box,1.7612,1.8015,12,6,2,0.3636,11
boundary:query,894,L12.hi.hi.hi.hi,dense,expand,arm beat the default just outside the box,1.7612,1.8015,12,6,2,0.3636,11
boundary:query,894,L6.lo.hi.hi.hi,dense,expand,arm beat the default just outside the box,2.2595,2.2998,12,6,2,0.3636,11
boundary:query,894,L6.lo.lo.lo.lo,dense,expand,arm beat the default just outside the box,2.2192,2.2595,18,4,1,0.375,8
boundary:query,894,L91.lo.lo.lo,dense,expand,arm beat the default just outside the box,1.8135,1.8538,13,4,1,0.375,8
boundary:query,894,L6.hi.lo.lo.lo.lo,dense,expand,arm beat the default just outside the box,2.2394,2.2595,14,4,1,0.375,8
boundary:query,894,L147.hi.lo,hybrid,expand,arm beat the default just outside the box,1.7925,1.8328,5,5,1,0.1667,6
boundary:query,894,L12.lo.hi.hi.lo.lo,dense,expand,arm beat the default just outside the box,1.6806,1.7209,7,1,0,0.0,1
boundary:query,894,L12.hi.hi.hi.lo.lo,dense,expand,arm beat the default just outside the box,1.6806,1.7209,7,1,0,0.0,1
boundary:query,894,L6.lo.hi.hi.lo.lo,dense,expand,arm beat the default just outside the box,2.1789,2.2192,7,1,0,0.0,1
boundary:query,894,L91.lo.hi.lo.lo,dense,expand,arm beat the default just outside the box,1.7732,1.8135,6,1,0,0.0,1
boundary:query,894,L12.lo.hi.hi.lo.hi,dense,retire,utility <= 0,,1.7612,6,4,0,-0.2,5
boundary:query,894,L12.hi.hi.hi.lo.hi,dense,retire,utility <= 0,,1.7612,6,4,0,-0.2,5
boundary:query,894,L6.lo.hi.hi.lo.hi,dense,retire,utility <= 0,,2.2595,6,4,0,-0.2,5
boundary:query,894,L91.lo.hi.lo.hi,dense,retire,utility <= 0,,1.8538,5,4,0,-0.2,5
boundary:query,895,L261,dense,exception,contradicted; every cut loses a supporter,1.9104,1.9104,7,8,3,0.3333,12
boundary:query,896,L316,hybrid,create,"default missed, hybrid hit",,2.0,1,0,0,0.0,0
boundary:query,900,L11.hi,dense,expand,arm beat the default just outside the box,1.7457,1.7457,9,3,0,0.5,6
boundary:query,900,L317,dense,create,"default missed, dense hit",,2.0,1,0,0,0.0,0
boundary:query,900,L318,hybrid,create,"default missed, hybrid hit",,2.0,1,0,0,0.0,0
boundary:query,902,L11.hi,dense,exception,contradicted; every cut loses a supporter,1.7458,1.7458,9,4,1,0.4286,7
boundary:query,902,L55.lo,dense,exception,contradicted; every cut loses a supporter,2.0327,2.0327,10,4,1,0.4286,7
boundary:query,902,L55.hi,dense,exception,contradicted; every cut loses a supporter,1.8596,1.8596,7,5,1,0.375,8
boundary:query,903,L226,hybrid,exception,contradicted; every cut loses a supporter,2.0349,2.0349,4,9,4,0.1818,11
boundary:query,903,L12.lo.hi.hi.hi,dense,exception,contradicted; every cut loses a supporter,1.8014,1.8014,12,7,3,0.3333,12
boundary:query,903,L12.hi.hi.hi.hi,dense,exception,contradicted; every cut loses a supporter,1.8014,1.8014,12,7,3,0.3333,12
boundary:query,903,L6.lo.hi.hi.hi,dense,exception,contradicted; every cut loses a supporter,2.2996,2.2996,12,7,3,0.3333,12
boundary:query,903,L7.lo.lo.hi,hybrid,exception,contradicted; every cut loses a supporter,2.1793,2.1793,3,5,1,0.2857,7
boundary:query,903,L7.hi.lo.lo.hi,hybrid,exception,contradicted; every cut loses a supporter,2.1793,2.1793,3,5,1,0.2857,7
boundary:query,903,L6.lo.lo.lo.lo,dense,exception,contradicted; every cut loses a supporter,2.2595,2.2595,18,5,2,0.3333,9
boundary:query,903,L91.lo.lo.lo,dense,exception,contradicted; every cut loses a supporter,1.8535,1.8535,13,5,2,0.3333,9
boundary:query,903,L6.hi.lo.lo.lo.lo,dense,exception,contradicted; every cut loses a supporter,2.2595,2.2595,14,5,2,0.3333,9
boundary:query,903,L147.hi.lo,hybrid,exception,contradicted; every cut loses a supporter,1.8327,1.8327,5,6,2,0.1429,7
boundary:query,903,L91.hi.lo.lo,dense,exception,contradicted; every cut loses a supporter,1.8134,1.8134,11,4,1,0.4286,7
boundary:query,903,L226,hybrid,split,4 exceptions; cut f:query_len_tokens at 19,,2.0349,4,9,4,0.1818,11
boundary:query,903,L226.lo,hybrid,create,split of L226,,1.8703,2,0,0,0.0,0
boundary:query,903,L226.hi,hybrid,create,split of L226,,1.9145,2,0,0,0.0,0
boundary:query,904,L6.lo.lo.hi.hi.lo,dense,retire,utility <= 0,,2.2999,9,4,0,-0.2,5
boundary:query,904,L91.lo.hi.hi.lo,dense,retire,utility <= 0,,1.8935,9,4,0,-0.2,5
boundary:query,906,L116.lo.hi.lo.hi,dense,expand,arm beat the default just outside the box,1.9041,1.9443,12,4,1,0.375,8
boundary:query,906,L321,hybrid,create,"default missed, hybrid hit",,2.0,1,0,0,0.0,0
boundary:query,909,L261,dense,expand,arm beat the default just outside the box,1.9099,1.9498,9,8,3,0.3846,13
boundary:query,909,L322,dense,create,"default missed, dense hit",,2.0,1,0,0,0.0,0
boundary:query,910,L116.lo.hi.lo.hi,dense,expand,arm beat the default just outside the box,1.944,1.9839,13,4,1,0.375,8
boundary:query,913,L116.lo.lo,dense,exception,contradicted; every cut loses a supporter,1.8641,1.8641,9,8,4,0.2,10
boundary:query,913,L261,dense,exception,contradicted; every cut loses a supporter,1.9498,1.9498,9,9,4,0.3571,14
boundary:query,913,L116.lo.hi.hi,dense,exception,contradicted; every cut loses a supporter,1.9039,1.9039,7,8,3,0.2,10
boundary:query,913,L153.hi.hi.hi,dense,exception,contradicted; every cut loses a supporter,1.9131,1.9131,7,8,3,0.2,10
boundary:query,913,L116.hi.lo.hi.hi,dense,exception,contradicted; every cut loses a supporter,1.9039,1.9039,7,8,3,0.2,10
boundary:query,913,L116.hi.hi.lo.lo,dense,exception,contradicted; every cut loses a supporter,1.8641,1.8641,15,4,1,0.6,10
boundary:query,913,L116.hi.hi.lo.hi,dense,exception,contradicted; every cut loses a supporter,1.8641,1.8641,12,4,1,0.375,8
boundary:query,913,L116.lo.hi.lo.lo,dense,exception,contradicted; every cut loses a supporter,1.8641,1.8641,13,4,1,0.5556,9
boundary:query,913,L116.lo.hi.lo.hi,dense,exception,contradicted; every cut loses a supporter,1.9835,1.9835,13,5,2,0.3333,9
boundary:query,913,L304,dense,exception,contradicted; every cut loses a supporter,1.9956,1.9956,5,3,1,0.5714,7
boundary:query,913,L305,hybrid,narrow,contradicted; cut f:query_len_tokens,1.9956,1.9921,3,5,0,0.2857,7
boundary:query,913,L116.lo.lo,dense,split,4 exceptions; cut f:query_len_tokens at 10,,1.8641,9,8,4,0.2,10
boundary:query,913,L116.lo.lo.lo,dense,create,split of L116.lo.lo,,1.7846,5,0,0,0.0,0
boundary:query,913,L116.lo.lo.hi,dense,create,split of L116.lo.lo,,1.8244,4,0,0,0.0,0
boundary:query,913,L261,dense,split,4 exceptions; cut f:query_len_tokens at 9,,1.9498,9,9,4,0.3571,14
boundary:query,913,L261.lo,dense,create,split of L261,,1.8305,5,0,0,0.0,0
boundary:query,913,L261.hi,dense,create,split of L261,,1.8703,4,0,0,0.0,0
boundary:query,915,L116.hi.hi.lo.lo,dense,exception,contradicted; every cut loses a supporter,1.8644,1.8644,15,5,2,0.5455,11
boundary:query,915,L116.lo.hi.lo.lo,dense,exception,contradicted; every cut loses a supporter,1.8644,1.8644,13,5,2,0.5,10
boundary:query,915,L116.lo.hi.lo.hi,dense,exception,contradicted; every cut loses a supporter,1.9837,1.9837,13,6,3,0.3,10
boundary:query,915,L321,hybrid,retire,utility <= 0,,1.9992,1,5,0,0.0,5
boundary:query,916,L116.hi.hi.lo.lo,dense,exception,contradicted; every cut loses a supporter,1.8648,1.8648,15,6,3,0.5,12
boundary:query,916,L116.lo.hi.lo.lo,dense,exception,contradicted; every cut loses a supporter,1.8648,1.8648,13,6,3,0.4545,11
boundary:query,916,L116.lo.hi.lo.hi,dense,exception,contradicted; every cut loses a supporter,1.9841,1.9841,13,7,4,0.2727,11
boundary:query,916,L116.lo.hi.lo.hi,dense,split,4 exceptions; cut f:query_len_tokens at 13,,1.9841,13,7,4,0.2727,11
boundary:query,916,L116.lo.hi.lo.hi.lo,dense,create,split of L116.lo.hi.lo.hi,,1.9046,8,0,0,0.0,0
boundary:query,916,L116.lo.hi.lo.hi.hi,dense,create,split of L116.lo.hi.lo.hi,,1.825,5,0,0,0.0,0
boundary:query,917,L91.hi.lo.hi,dense,exception,contradicted; every cut loses a supporter,1.934,1.934,11,6,3,0.125,8
boundary:query,919,L116.hi.hi.lo.hi,dense,exception,contradicted; every cut loses a supporter,1.8653,1.8653,12,5,2,0.3333,9
boundary:query,919,L304,dense,exception,contradicted; every cut loses a supporter,1.9965,1.9965,5,4,2,0.5,8
boundary:query,919,L305,hybrid,narrow,contradicted; cut f:query_len_tokens,1.993,1.9135,3,6,0,0.25,8
boundary:query,920,L218,hybrid,exception,contradicted; every cut loses a supporter,1.8729,1.8729,3,9,2,0.1818,11
boundary:query,920,L272,dense,exception,contradicted; every cut loses a supporter,1.9942,1.9942,3,7,2,0.2222,9
boundary:query,924,L54.hi,hybrid,narrow,contradicted; cut f:query_len_tokens,1.8707,1.8707,3,4,0,0.1667,6
boundary:query,925,L312,dense,retire,utility <= 0,,1.9979,1,5,0,0.0,5
boundary:query,925,L313,hybrid,retire,utility <= 0,,1.9979,1,5,0,0.0,5
boundary:query,927,L322,dense,narrow,contradicted; cut f:query_len_tokens,2.0002,1.9949,2,5,0,0.1667,6
boundary:query,928,L116.hi.hi.lo.lo,dense,exception,contradicted; every cut loses a supporter,1.865,1.865,15,7,4,0.4615,13
boundary:query,928,L116.lo.hi.lo.lo,dense,exception,contradicted; every cut loses a supporter,1.865,1.865,13,7,4,0.4167,12
boundary:query,928,L116.hi.hi.lo.lo,dense,split,4 exceptions; cut f:query_len_tokens at 11,,1.865,15,7,4,0.4615,13
boundary:query,928,L116.hi.hi.lo.lo.lo,dense,create,split of L116.hi.hi.lo.lo,,1.8253,11,0,0,0.0,0
boundary:query,928,L116.hi.hi.lo.lo.hi,dense,create,split of L116.hi.hi.lo.lo,,1.7856,4,0,0,0.0,0
boundary:query,928,L116.lo.hi.lo.lo,dense,split,4 exceptions; cut f:query_len_tokens at 10,,1.865,13,7,4,0.4167,12
boundary:query,928,L116.lo.hi.lo.lo.lo,dense,create,split of L116.lo.hi.lo.lo,,1.7856,8,0,0,0.0,0
boundary:query,928,L116.lo.hi.lo.lo.hi,dense,create,split of L116.lo.hi.lo.lo,,1.8253,5,0,0,0.0,0
boundary:query,928,L261.hi,dense,retire,utility <= 0,,1.8712,4,5,0,0.0,5
boundary:query,930,L179.hi,dense,narrow,contradicted; cut f:query_len_tokens,1.9975,1.9152,5,6,2,0.3333,9
boundary:query,930,L304,dense,narrow,contradicted; cut f:query_len_tokens,1.9964,1.9929,5,5,2,0.4444,9
boundary:query,930,L305,hybrid,narrow,contradicted; cut f:query_len_tokens,1.9135,1.91,3,7,0,0.2222,9
boundary:query,931,L12.lo.hi.hi.hi,dense,exception,contradicted; every cut loses a supporter,1.8027,1.8027,12,8,4,0.3077,13
boundary:query,931,L12.hi.hi.hi.hi,dense,exception,contradicted; every cut loses a supporter,1.8027,1.8027,12,8,4,0.3077,13
boundary:query,931,L6.lo.hi.hi.hi,dense,exception,contradicted; every cut loses a supporter,2.3007,2.3007,12,8,4,0.3077,13
boundary:query,931,L12.lo.hi.hi.hi,dense,split,4 exceptions; cut f:query_len_tokens at 18.5,,1.8027,12,8,4,0.3077,13
boundary:query,931,L12.lo.hi.hi.hi.lo,dense,create,split of L12.lo.hi.hi.hi,,1.7432,6,0,0,0.0,0
boundary:query,931,L12.lo.hi.hi.hi.hi,dense,create,split of L12.lo.hi.hi.hi,,1.7036,6,0,0,0.0,0
boundary:query,931,L12.hi.hi.hi.hi,dense,split,4 exceptions; cut f:query_len_tokens at 18.5,,1.8027,12,8,4,0.3077,13
boundary:query,931,L12.hi.hi.hi.hi.lo,dense,create,split of L12.hi.hi.hi.hi,,1.7432,6,0,0,0.0,0
boundary:query,931,L12.hi.hi.hi.hi.hi,dense,create,split of L12.hi.hi.hi.hi,,1.7036,6,0,0,0.0,0
boundary:query,931,L6.lo.hi.hi.hi,dense,split,4 exceptions; cut f:query_len_tokens at 18.5,,2.3007,12,8,4,0.3077,13
boundary:query,931,L6.lo.hi.hi.hi.lo,dense,create,split of L6.lo.hi.hi.hi,,2.2412,6,0,0,0.0,0
boundary:query,931,L6.lo.hi.hi.hi.hi,dense,create,split of L6.lo.hi.hi.hi,,2.2015,6,0,0,0.0,0
boundary:query,932,L229,dense,exception,contradicted; every cut loses a supporter,2.0341,2.0341,5,3,1,0.3333,6
boundary:query,932,L19.hi,dense,exception,contradicted; every cut loses a supporter,1.8953,1.8953,8,3,1,0.3333,6
boundary:query,932,L54.hi,hybrid,narrow,contradicted; cut f:query_len_tokens,1.8709,1.8312,3,5,0,0.1429,7
boundary:query,933,L116.lo.hi.hi,dense,exception,contradicted; every cut loses a supporter,1.9052,1.9052,7,9,4,0.1818,11
boundary:query,933,L153.hi.hi.hi,dense,exception,contradicted; every cut loses a supporter,1.9144,1.9144,7,9,4,0.1818,11
boundary:query,933,L116.hi.lo.hi.hi,dense,exception,contradicted; every cut loses a supporter,1.9052,1.9052,7,9,4,0.1818,11
boundary:query,933,L116.hi.hi.lo.hi,dense,exception,contradicted; every cut loses a supporter,1.8655,1.8655,12,6,3,0.3,10
boundary:query,933,L304,dense,exception,contradicted; every cut loses a supporter,1.9932,1.9932,5,6,3,0.4,10
boundary:query,933,L116.lo.hi.hi,dense,split,4 exceptions; cut f:query_len_tokens at 14,,1.9052,7,9,4,0.1818,11
boundary:query,933,L116.lo.hi.hi.lo,dense,create,split of L116.lo.hi.hi,,1.8258,4,0,0,0.0,0
boundary:query,933,L116.lo.hi.hi.hi,dense,create,split of L116.lo.hi.hi,,1.8258,3,0,0,0.0,0
boundary:query,933,L153.hi.hi.hi,dense,split,4 exceptions; cut f:query_len_tokens at 14,,1.9144,7,9,4,0.1818,11
boundary:query,933,L153.hi.hi.hi.lo,dense,create,split of L153.hi.hi.hi,,1.835,4,0,0,0.0,0
boundary:query,933,L153.hi.hi.hi.hi,dense,create,split of L153.hi.hi.hi,,1.835,3,0,0,0.0,0
boundary:query,933,L116.hi.lo.hi.hi,dense,split,4 exceptions; cut f:query_len_tokens at 14,,1.9052,7,9,4,0.1818,11
boundary:query,933,L116.hi.lo.hi.hi.lo,dense,create,split of L116.hi.lo.hi.hi,,1.8258,4,0,0,0.0,0
boundary:query,933,L116.hi.lo.hi.hi.hi,dense,create,split of L116.hi.lo.hi.hi,,1.8258,3,0,0,0.0,0
boundary:query,935,L91.hi.lo.lo,dense,exception,contradicted; every cut loses a supporter,1.8158,1.8158,11,5,2,0.375,8
boundary:query,935,L7.lo.lo.hi,hybrid,expand,arm beat the default just outside the box,2.1821,2.2218,4,5,1,0.2857,7
boundary:query,935,L7.hi.lo.lo.hi,hybrid,expand,arm beat the default just outside the box,2.1821,2.2218,4,5,1,0.2857,7
boundary:query,935,L345,hybrid,create,"default missed, hybrid hit",,2.0,1,0,0,0.0,0
boundary:query,937,L7.lo.lo.hi,hybrid,exception,contradicted; every cut loses a supporter,2.2226,2.2226,4,6,2,0.25,8
boundary:query,937,L7.hi.lo.lo.hi,hybrid,exception,contradicted; every cut loses a supporter,2.2226,2.2226,4,6,2,0.25,8
boundary:query,937,L6.lo.lo.lo.lo,dense,exception,contradicted; every cut loses a supporter,2.2624,2.2624,18,6,3,0.3,10
boundary:query,937,L6.lo.lo.lo.hi,dense,exception,contradicted; every cut loses a supporter,2.2226,2.2226,7,6,3,0.4,10
boundary:query,937,L6.lo.lo.hi.lo,dense,exception,contradicted; every cut loses a supporter,2.2226,2.2226,10,5,3,0.4444,9
boundary:query,937,L91.lo.lo.lo,dense,exception,contradicted; every cut loses a supporter,1.8559,1.8559,13,6,3,0.3,10
boundary:query,937,L91.lo.lo.hi,dense,exception,contradicted; every cut loses a supporter,1.8161,1.8161,7,6,3,0.4,10
boundary:query,937,L6.hi.lo.lo.lo.lo,dense,exception,contradicted; every cut loses a supporter,2.2624,2.2624,14,6,3,0.3,10
boundary:query,937,L6.hi.lo.lo.lo.hi,dense,exception,contradicted; every cut loses a supporter,2.2226,2.2226,14,6,3,0.4,10
boundary:query,937,L12.lo.hi.lo.lo.lo,dense,exception,contradicted; every cut loses a supporter,1.764,1.764,19,6,3,0.3,10
boundary:query,937,L12.hi.hi.lo.lo.lo,dense,exception,contradicted; every cut loses a supporter,1.764,1.764,20,6,3,0.3,10
boundary:query,937,L6.lo.hi.lo.lo.lo,dense,exception,contradicted; every cut loses a supporter,2.2624,2.2624,20,6,3,0.3,10
boundary:query,937,L147.hi.lo,hybrid,exception,contradicted; every cut loses a supporter,1.8355,1.8355,5,7,3,0.125,8
boundary:query,937,L6.hi.hi.hi.lo.lo,dense,exception,contradicted; every cut loses a supporter,2.2226,2.2226,9,5,3,0.375,8
boundary:query,937,L91.hi.lo.lo,dense,exception,contradicted; every cut loses a supporter,1.8161,1.8161,11,6,3,0.3333,9
boundary:query,937,L91.hi.lo.hi,dense,exception,contradicted; every cut loses a supporter,1.9354,1.9354,11,7,4,0.1111,9
boundary:query,937,L91.hi.lo.hi,dense,split,4 exceptions; cut f:query_len_tokens at 18,,1.9354,11,7,4,0.1111,9
boundary:query,937,L91.hi.lo.hi.lo,dense,create,split of L91.hi.lo.hi,,1.8559,8,0,0,0.0,0
boundary:query,937,L91.hi.lo.hi.hi,dense,create,split of L91.hi.lo.hi,,1.8161,3,0,0,0.0,0
boundary:query,937,L12.lo.hi.hi.lo.lo,dense,retire,utility <= 0,,1.7242,7,5,0,-0.2,5
boundary:query,937,L12.hi.hi.hi.lo.lo,dense,retire,utility <= 0,,1.7242,7,5,0,-0.2,5
boundary:query,937,L6.lo.hi.hi.lo.lo,dense,retire,utility <= 0,,2.2226,7,5,0,-0.2,5
boundary:query,937,L91.lo.hi.lo.lo,dense,retire,utility <= 0,,1.8161,6,5,0,-0.2,5
boundary:query,939,L116.lo.hi.lo.hi.hi,dense,expand,arm beat the default just outside the box,1.8263,1.8661,6,3,0,0.0,3
boundary:query,939,L116.hi.hi.lo.lo.lo,dense,expand,arm beat the default just outside the box,1.8263,1.8661,12,0,0,0.0,0
boundary:query,940,L116.lo.lo.hi,dense,expand,arm beat the default just outside the box,1.8267,1.8665,6,3,0,0.25,4
boundary:query,940,L116.lo.hi.lo.lo.hi,dense,expand,arm beat the default just outside the box,1.8267,1.8665,7,0,0,1.0,1
boundary:query,940,L348,hybrid,create,"default missed, hybrid hit",,2.0,1,0,0,0.0,0
boundary:query,941,L116.lo.hi.lo.hi.lo,dense,exception,contradicted; every cut loses a supporter,1.9067,1.9067,10,5,1,0.1429,7
boundary:query,944,L322,dense,exception,contradicted; every cut loses a supporter,1.9974,1.9974,3,6,1,0.25,8
boundary:query,944,L116.lo.lo.lo,dense,exception,contradicted; every cut loses a supporter,1.7874,1.7874,6,5,1,0.1667,6
boundary:query,944,L116.lo.hi.lo.hi.lo,dense,exception,contradicted; every cut loses a supporter,1.9068,1.9068,10,6,2,0.125,8
boundary:query,947,L55.lo,dense,exception,contradicted; every cut loses a supporter,2.0338,2.0338,10,5,2,0.375,8
boundary:query,947,L55.hi,dense,exception,contradicted; every cut loses a supporter,1.8622,1.8622,7,6,2,0.3333,9
boundary:query,947,L56.lo,hybrid,exception,contradicted; every cut loses a supporter,1.9941,1.9941,4,5,1,0.2857,7
boundary:query,948,L91.hi.lo.hi.lo,dense,expand,arm beat the default just outside the box,1.8562,1.8959,9,1,0,0.0,1
boundary:query,948,L349,dense,create,"default missed, dense hit",,2.0,1,0,0,0.0,0
boundary:query,949,L54.lo,hybrid,expand,arm beat the default just outside the box,1.8204,1.8602,4,1,0,0.0,1
boundary:query,949,L54.hi,hybrid,expand,arm beat the default just outside the box,1.8322,1.8322,4,5,0,0.1429,7
boundary:query,949,L350,hybrid,create,"default missed, hybrid hit",,2.0,1,0,0,0.0,0
boundary:query,950,L91.hi.hi,dense,expand,arm beat the default just outside the box,1.8161,1.8557,9,3,1,0.5,8
boundary:query,950,L6.hi.hi.lo.hi.hi,dense,expand,arm beat the default just outside the box,2.2227,2.2624,9,3,1,0.5,8
boundary:query,950,L6.lo.lo.hi.hi.hi,dense,expand,arm beat the default just outside the box,2.1831,2.2227,4,1,0,0.0,1
boundary:query,950,L91.lo.hi.hi.hi,dense,expand,arm beat the default just outside the box,1.7764,1.8161,4,1,0,0.0,1
boundary:query,950,L12.lo.hi.hi.hi.hi,dense,expand,arm beat the default just outside the box,1.7046,1.7443,7,0,0,0.0,0
boundary:query,950,L12.hi.hi.hi.hi.hi,dense,expand,arm beat the default just outside the box,1.7046,1.7443,7,0,0,0.0,0
boundary:query,950,L6.lo.hi.hi.hi.hi,dense,expand,arm beat the default just outside the box,2.2029,2.2426,7,0,0,0.0,0
boundary:query,950,L91.hi.lo.hi.hi,dense,expand,arm beat the default just outside the box,1.8161,1.8557,4,0,0,0.0,0
boundary:query,951,L351,dense,create,"default missed, dense hit",,2.0,1,0,0,0.0,0
boundary:query,952,L116.lo.hi.lo.hi.hi,dense,retire,utility <= 0,,1.8656,6,5,0,-0.2,5
boundary:query,953,L352,dense,create,"default missed, dense hit",,2.0,1,0,0,0.0,0
boundary:query,953,L353,hybrid,create,"default missed, hybrid hit",,2.0,1,0,0,0.0,0
boundary:query,955,L41.lo,hybrid,exception,contradicted; every cut loses a supporter,1.8237,1.8237,6,4,1,0.1667,6
boundary:query,955,L8.lo.hi,dense,exception,contradicted; every cut loses a supporter,2.203,2.203,4,4,1,0.1667,6
boundary:query,955,L101.lo,hybrid,exception,contradicted; every cut loses a supporter,1.8536,1.8536,5,4,1,0.1667,6
boundary:query,956,L352,dense,expand,arm beat the default just outside the box,1.9995,2.0333,2,0,0,0.0,0
boundary:query,956,L354,dense,create,"default missed, dense hit",,2.0,1,0,0,0.0,0
boundary:query,957,L179.hi,dense,exception,contradicted; every cut loses a supporter,1.9153,1.9153,5,7,3,0.3,10
boundary:query,957,L304,dense,narrow,contradicted; cut f:query_len_tokens,1.9929,1.9532,5,7,3,0.3636,11
boundary:query,957,L305,hybrid,narrow,contradicted; cut f:query_len_tokens,1.91,1.8703,3,8,0,0.2,10
boundary:query,959,L19.lo,dense,exception,contradicted; every cut loses a supporter,1.8563,1.8563,10,4,1,0.4286,7
boundary:query,960,L116.lo.hi.hi.lo,dense,retire,utility <= 0,,1.8259,5,4,0,0.0,5
boundary:query,960,L153.hi.hi.hi.lo,dense,retire,utility <= 0,,1.8351,5,4,0,0.0,5
boundary:query,960,L116.hi.lo.hi.hi.lo,dense,retire,utility <= 0,,1.8259,5,4,0,0.0,5
boundary:query,962,L355,dense,create,"default missed, dense hit",,2.0,1,0,0,0.0,0
boundary:query,962,L356,hybrid,create,"default missed, hybrid hit",,2.0,1,0,0,0.0,0
boundary:query,964,L116.lo.lo.lo,dense,exception,contradicted; every cut loses a supporter,1.7858,1.7858,6,6,2,0.1429,7
boundary:query,964,L116.lo.lo.hi,dense,exception,contradicted; every cut loses a supporter,1.8654,1.8654,6,5,1,0.1667,6
boundary:query,964,L116.lo.hi.lo.hi.lo,dense,exception,contradicted; every cut loses a supporter,1.9051,1.9051,10,7,3,0.1111,9
boundary:query,965,L5,dense,exception,contradicted; every cut loses a supporter,2.7199,2.7199,6,8,4,0.2727,11
boundary:query,965,L118.lo,dense,exception,contradicted; every cut loses a supporter,1.8628,1.8628,6,6,3,0.25,8
boundary:query,965,L272,dense,exception,contradicted; every cut loses a supporter,1.9946,1.9946,3,8,3,0.2,10
boundary:query,965,L5,dense,split,4 exceptions; cut f:query_len_tokens at 9,,2.7199,6,8,4,0.2727,11
boundary:query,965,L5.lo,dense,create,split of L5,,2.6404,4,0,0,0.0,0
boundary:query,965,L5.hi,dense,create,split of L5,,2.6404,2,0,0,0.0,0
boundary:query,966,L226.lo,hybrid,expand,arm beat the default just outside the box,1.8718,1.9116,3,4,0,-0.25,4
boundary:query,966,L12.lo.hi.hi.hi.lo,dense,expand,arm beat the default just outside the box,1.744,1.7838,7,1,0,0.0,1
boundary:query,966,L12.hi.hi.hi.hi.lo,dense,expand,arm beat the default just outside the box,1.744,1.7838,7,1,0,0.0,1
boundary:query,966,L6.lo.hi.hi.hi.lo,dense,expand,arm beat the default just outside the box,2.2406,2.2804,7,1,0,0.0,1
boundary:query,967,L116.hi.hi.lo.hi,dense,expand,arm beat the default just outside the box,1.8653,1.9051,13,6,3,0.3,10
boundary:query,967,L304,dense,expand,arm beat the default just outside the box,1.9535,1.9898,6,7,3,0.3636,11
boundary:query,967,L322,dense,expand,arm beat the default just outside the box,1.9958,2.0356,4,6,1,0.25,8
boundary:query,967,L116.lo.lo.lo,dense,expand,arm beat the default just outside the box,1.7857,1.8255,7,6,2,0.1429,7
boundary:query,967,L116.lo.hi.lo.lo.lo,dense,expand,arm beat the default just outside the box,1.7857,1.8255,10,2,0,0.3333,3
boundary:query,968,L229,dense,exception,contradicted; every cut loses a supporter,2.0346,2.0346,5,4,2,0.2857,7
boundary:query,968,L19.hi,dense,exception,contradicted; every cut loses a supporter,1.8961,1.8961,8,4,2,0.2857,7
boundary:query,971,L41.hi,hybrid,exception,contradicted; every cut loses a supporter,1.831,1.831,4,5,1,0.1667,6
boundary:query,971,L101.hi,hybrid,exception,contradicted; every cut loses a supporter,1.815,1.815,2,5,1,0.1667,6
boundary:query,972,L6.hi.hi.hi.hi,dense,exception,contradicted; every cut loses a supporter,2.3132,2.3132,12,4,3,0.6364,11
boundary:query,972,L91.hi.hi,dense,exception,contradicted; every cut loses a supporter,1.856,1.856,9,4,2,0.4444,9
boundary:query,972,L6.hi.hi.lo.hi.hi,dense,exception,contradicted; every cut loses a supporter,2.2627,2.2627,9,4,2,0.4444,9
boundary:query,977,L352,dense,retire,utility <= 0,,2.034,2,5,0,0.0,5
boundary:query,977,L353,hybrid,retire,utility <= 0,,2.0002,1,5,0,0.0,5
boundary:query,979,L55.lo,dense,exception,contradicted; every cut loses a supporter,2.0335,2.0335,10,6,3,0.3333,9
boundary:query,979,L55.hi,dense,exception,contradicted; every cut loses a supporter,1.8618,1.8618,7,7,3,0.3,10
boundary:query,979,L56.lo,hybrid,exception,contradicted; every cut loses a supporter,1.9937,1.9937,4,6,2,0.25,8
boundary:query,980,L229,dense,exception,contradicted; every cut loses a supporter,2.0351,2.0351,5,5,3,0.25,8
boundary:query,980,L19.lo,dense,exception,contradicted; every cut loses a supporter,1.8573,1.8573,10,5,2,0.375,8
boundary:query,980,L19.hi,dense,exception,contradicted; every cut loses a supporter,1.8971,1.8971,8,5,3,0.25,8
boundary:query,980,L54.hi,hybrid,exception,contradicted; every cut loses a supporter,1.8318,1.8318,4,6,1,0.125,8
boundary:query,981,L322,dense,exception,contradicted; every cut loses a supporter,2.036,2.036,5,7,2,0.3,10
boundary:query,981,L261.lo,dense,exception,contradicted; every cut loses a supporter,1.8323,1.8323,6,5,1,0.1667,6
boundary:query,982,L322,dense,exception,contradicted; every cut loses a supporter,2.0364,2.0364,5,8,3,0.2727,11
boundary:query,982,L116.hi.hi.lo.lo.lo,dense,exception,contradicted; every cut loses a supporter,1.8664,1.8664,15,3,1,0.5,6
boundary:query,982,L116.lo.hi.lo.lo.hi,dense,exception,contradicted; every cut loses a supporter,1.8664,1.8664,9,3,1,0.5,6
boundary:query,982,L348,hybrid,exception,contradicted; every cut loses a supporter,1.9997,1.9997,3,4,1,0.3333,6
boundary:query,984,L26.lo.lo,dense,retire,utility <= 0,,1.8442,5,5,0,0.0,5
boundary:query,985,L116.lo.hi.lo.hi.lo,dense,expand,arm beat the default just outside the box,1.907,1.9468,13,7,3,0.2727,11
boundary:query,986,L116.lo.lo.hi,dense,exception,contradicted; every cut loses a supporter,1.8675,1.8675,8,6,2,0.3333,9
boundary:query,986,L261.lo,dense,exception,contradicted; every cut loses a supporter,1.8337,1.8337,6,6,2,0.1429,7
boundary:query,986,L116.hi.hi.lo.lo.lo,dense,exception,contradicted; every cut loses a supporter,1.8675,1.8675,15,4,2,0.4286,7
boundary:query,986,L116.lo.hi.lo.lo.lo,dense,exception,contradicted; every cut loses a supporter,1.8277,1.8277,11,4,1,0.3333,6
boundary:query,986,L116.lo.hi.lo.lo.hi,dense,exception,contradicted; every cut loses a supporter,1.8675,1.8675,9,4,2,0.4286,7
boundary:query,986,L348,hybrid,exception,contradicted; every cut loses a supporter,2.0009,2.0009,3,5,2,0.2857,7
boundary:query,989,L116.hi.hi.lo.hi,dense,exception,contradicted; every cut loses a supporter,1.9079,1.9079,14,7,4,0.3333,12
boundary:query,989,L304,dense,exception,contradicted; every cut loses a supporter,1.9926,1.9926,7,8,4,0.3846,13
boundary:query,989,L305,hybrid,exception,contradicted; every cut loses a supporter,1.8731,1.8731,3,9,1,0.1818,11
boundary:query,989,L116.hi.hi.lo.hi,dense,split,4 exceptions; cut f:query_len_tokens at 13,,1.9079,14,7,4,0.3333,12
boundary:query,989,L116.hi.hi.lo.hi.lo,dense,create,split of L116.hi.hi.lo.hi,,1.8283,9,0,0,0.0,0
boundary:query,989,L116.hi.hi.lo.hi.hi,dense,create,split of L116.hi.hi.lo.hi,,1.8283,5,0,0,0.0,0
boundary:query,989,L304,dense,split,4 exceptions; cut f:query_len_tokens at 12,,1.9926,7,8,4,0.3846,13
boundary:query,989,L304.lo,dense,create,split of L304,,1.7934,4,0,0,0.0,0
boundary:query,989,L304.hi,dense,create,split of L304,,1.9527,3,0,0,0.0,0
boundary:query,990,L116.lo.lo.hi,dense,exception,contradicted; every cut loses a supporter,1.8685,1.8685,8,7,3,0.3,10
boundary:query,990,L116.lo.hi.lo.hi.lo,dense,exception,contradicted; every cut loses a supporter,1.9482,1.9482,13,8,4,0.25,12
boundary:query,990,L116.hi.hi.lo.lo.lo,dense,exception,contradicted; every cut loses a supporter,1.8685,1.8685,15,5,3,0.375,8
boundary:query,990,L116.lo.hi.lo.lo.hi,dense,exception,contradicted; every cut loses a supporter,1.8685,1.8685,9,5,3,0.375,8
boundary:query,990,L348,hybrid,narrow,contradicted; cut f:query_len_tokens,2.0021,1.9965,3,6,2,0.25,8
boundary:query,990,L116.lo.hi.lo.hi.lo,dense,split,4 exceptions; cut f:query_len_tokens at 12,,1.9482,13,8,4,0.25,12
boundary:query,990,L116.lo.hi.lo.hi.lo.lo,dense,create,split of L116.lo.hi.lo.hi.lo,,1.8685,9,0,0,0.0,0
boundary:query,990,L116.lo.hi.lo.hi.lo.hi,dense,create,split of L116.lo.hi.lo.hi.lo,,1.8286,4,0,0,0.0,0
boundary:query,991,L7.lo.lo.hi,hybrid,exception,contradicted; every cut loses a supporter,2.2246,2.2246,6,7,3,0.3636,11
boundary:query,991,L7.hi.lo.lo.hi,hybrid,exception,contradicted; every cut loses a supporter,2.2246,2.2246,6,7,3,0.3636,11
boundary:query,991,L345,hybrid,exception,contradicted; every cut loses a supporter,2.0034,2.0034,4,4,1,0.4286,7
boundary:query,991,L12.lo.hi.hi.hi.lo,dense,expand,arm beat the default just outside the box,1.7882,1.8281,8,1,0,0.0,1
boundary:query,991,L12.hi.hi.hi.hi.lo,dense,expand,arm beat the default just outside the box,1.7882,1.8281,8,1,0,0.0,1
boundary:query,991,L6.lo.hi.hi.hi.lo,dense,expand,arm beat the default just outside the box,2.2844,2.3243,8,1,0,0.0,1
boundary:query,992,L198.hi,hybrid,expand,arm beat the default just outside the box,1.797,1.8369,5,6,2,0.3333,9
boundary:query,992,L179.hi,dense,expand,arm beat the default just outside the box,1.9191,1.959,6,7,3,0.3,10
boundary:query,992,L116.hi.hi.hi.hi,dense,expand,arm beat the default just outside the box,1.829,1.8689,7,5,2,0.375,8
boundary:query,992,L305,hybrid,expand,arm beat the default just outside the box,1.8738,1.9137,4,9,1,0.1818,11
boundary:query,992,L116.lo.lo.hi,dense,expand,arm beat the default just outside the box,1.8689,1.9088,9,7,3,0.3,10
boundary:query,992,L116.hi.hi.lo.lo.lo,dense,expand,arm beat the default just outside the box,1.8689,1.9088,16,5,3,0.375,8
boundary:query,992,L116.hi.hi.lo.lo.hi,dense,expand,arm beat the default just outside the box,1.7891,1.829,8,1,0,0.75,4
boundary:query,992,L116.lo.hi.lo.lo.hi,dense,expand,arm beat the default just outside the box,1.8689,1.9088,10,5,3,0.375,8
boundary:query,992,L116.lo.hi.hi.hi,dense,expand,arm beat the default just outside the box,1.829,1.8689,5,2,0,0.3333,3
boundary:query,992,L153.hi.hi.hi.hi,dense,expand,arm beat the default just outside the box,1.8382,1.8781,5,2,0,0.3333,3
boundary:query,992,L116.hi.lo.hi.hi.hi,dense,expand,arm beat the default just outside the box,1.829,1.8689,5,2,0,0.3333,3
boundary:query,992,L348,hybrid,expand,arm beat the default just outside the box,1.9969,2.0368,4,6,2,0.25,8
boundary:query,992,L304.lo,dense,expand,arm beat the default just outside the box,1.794,1.8339,5,1,0,0.0,1
boundary:query,992,L116.lo.hi.lo.hi.lo.lo,dense,expand,arm beat the default just outside the box,1.8689,1.9088,10,0,0,0.0,0
boundary:query,992,L365,hybrid,create,"default missed, hybrid hit",,2.0,1,0,0,0.0,0
boundary:query,995,L366,hybrid,create,"default missed, hybrid hit",,2.0,1,0,0,0.0,0
boundary:query,996,L118.lo,dense,expand,arm beat the default just outside the box,1.8656,1.8656,7,6,3,0.25,8
boundary:query,996,L218,hybrid,expand,arm beat the default just outside the box,1.876,1.876,4,9,2,0.1818,11
boundary:query,996,L272,dense,expand,arm beat the default just outside the box,1.9979,1.9979,4,8,3,0.2,10
boundary:query,996,L5.hi,dense,expand,arm beat the default just outside the box,2.6434,2.6833,3,0,0,0.0,0
boundary:query,996,L367,hybrid,create,"default missed, hybrid hit",,2.0,1,0,0,0.0,0
boundary:query,998,L322,dense,exception,contradicted; every cut loses a supporter,2.039,2.039,5,9,4,0.25,12
boundary:query,998,L116.lo.lo.lo,dense,exception,contradicted; every cut loses a supporter,1.8282,1.8282,8,7,3,0.2222,9
boundary:query,998,L116.lo.lo.hi,dense,exception,contradicted; every cut loses a supporter,1.9081,1.9081,9,8,4,0.2727,11
boundary:query,998,L116.hi.hi.lo.lo.lo,dense,exception,contradicted; every cut loses a supporter,1.9081,1.9081,16,6,4,0.3333,9
boundary:query,998,L116.lo.hi.lo.lo.lo,dense,exception,contradicted; every cut loses a supporter,1.8282,1.8282,11,5,2,0.2857,7
boundary:query,998,L116.lo.hi.lo.lo.hi,dense,exception,contradicted; every cut loses a supporter,1.9081,1.9081,10,6,4,0.3333,9
boundary:query,998,L348,hybrid,exception,contradicted; every cut loses a supporter,2.0364,2.0364,4,7,3,0.2222,9
boundary:query,998,L322,dense,split,4 exceptions; cut f:query_len_tokens at 9,,2.039,5,9,4,0.25,12
boundary:query,998,L322.lo,dense,create,split of L322,,1.959,3,0,0,0.0,0
boundary:query,998,L322.hi,dense,create,split of L322,,1.8338,2,0,0,0.0,0
boundary:query,998,L116.lo.lo.hi,dense,split,4 exceptions; cut f:query_len_tokens at 11,,1.9081,9,8,4,0.2727,11
boundary:query,998,L116.lo.lo.hi.lo,dense,create,split of L116.lo.lo.hi,,1.8282,5,0,0,0.0,0
boundary:query,998,L116.lo.lo.hi.hi,dense,create,split of L116.lo.lo.hi,,1.8282,4,0,0,0.0,0
boundary:query,998,L116.hi.hi.lo.lo.lo,dense,split,4 exceptions; cut f:query_len_tokens at 10.5,,1.9081,16,6,4,0.3333,9
boundary:query,998,L116.hi.hi.lo.lo.lo.lo,dense,create,split of L116.hi.hi.lo.lo.lo,,1.8082,8,0,0,0.0,0
boundary:query,998,L116.hi.hi.lo.lo.lo.hi,dense,create,split of L116.hi.hi.lo.lo.lo,,1.8482,8,0,0,0.0,0
boundary:query,998,L116.lo.hi.lo.lo.hi,dense,split,4 exceptions; cut f:query_len_tokens at 11,,1.9081,10,6,4,0.3333,9
boundary:query,998,L116.lo.hi.lo.lo.hi.lo,dense,create,split of L116.lo.hi.lo.lo.hi,,1.8282,6,0,0,0.0,0
boundary:query,998,L116.lo.hi.lo.lo.hi.hi,dense,create,split of L116.lo.hi.lo.lo.hi,,1.8282,4,0,0,0.0,0
boundary:query,1001,L116.lo.hi.lo.lo.lo,dense,exception,contradicted; every cut loses a supporter,1.8275,1.8275,11,6,3,0.25,8
boundary:query,1006,L41.hi,hybrid,exception,contradicted; every cut loses a supporter,1.8317,1.8317,4,6,2,0.1429,7
boundary:query,1006,L101.hi,hybrid,exception,contradicted; every cut loses a supporter,1.8155,1.8155,2,6,2,0.1429,7
boundary:query,1007,L345,hybrid,narrow,contradicted; cut f:query_len_tokens,2.0023,1.9564,4,5,1,0.375,8
boundary:query,1007,L91.hi.lo.hi.lo,dense,exception,contradicted; every cut loses a supporter,1.897,1.897,13,3,1,0.5714,7
boundary:query,1007,L349,dense,narrow,contradicted; cut f:query_len_tokens,2.0015,1.9558,5,2,0,0.6667,6
boundary:query,1007,L226.lo,hybrid,retire,utility <= 0,,1.9138,3,5,0,-0.2,5
boundary:query,1008,L348,hybrid,narrow,contradicted; cut f:query_len_tokens,2.0355,1.95,4,8,3,0.2,10
boundary:query,1009,L88,dense,narrow,contradicted; cut f:query_len_tokens,1.9457,1.9057,3,9,3,0.0909,11
boundary:query,1009,L288,dense,narrow,contradicted; cut f:query_len_tokens,2.0,1.9568,3,4,0,0.1667,6
boundary:query,1010,L116.hi.hi.lo.lo.hi,dense,exception,contradicted; every cut loses a supporter,1.8271,1.8271,8,3,1,0.5,6
boundary:query,1011,L345,hybrid,exception,contradicted; every cut loses a supporter,1.9567,1.9567,4,6,2,0.3333,9
boundary:query,1011,L91.hi.lo.hi.lo,dense,exception,contradicted; every cut loses a supporter,1.8971,1.8971,13,4,2,0.5,8
boundary:query,1011,L349,dense,exception,contradicted; every cut loses a supporter,1.956,1.956,5,3,1,0.5714,7
boundary:query,1013,L91.hi.lo.hi.lo,dense,exception,contradicted; every cut loses a supporter,1.8972,1.8972,13,5,3,0.4444,9
boundary:query,1014,L6.lo.lo.lo.lo,dense,exception,contradicted; every cut loses a supporter,2.2628,2.2628,18,7,4,0.2727,11
boundary:query,1014,L91.lo.lo.lo,dense,exception,contradicted; every cut loses a supporter,1.8573,1.8573,13,7,4,0.2727,11
boundary:query,1014,L6.hi.lo.lo.lo.lo,dense,exception,contradicted; every cut loses a supporter,2.2628,2.2628,14,7,4,0.2727,11
boundary:query,1014,L12.lo.hi.lo.lo.lo,dense,exception,contradicted; every cut loses a supporter,1.7662,1.7662,19,7,4,0.2727,11
boundary:query,1014,L12.hi.hi.lo.lo.lo,dense,exception,contradicted; every cut loses a supporter,1.7662,1.7662,20,7,4,0.2727,11
boundary:query,1014,L6.lo.hi.lo.lo.lo,dense,exception,contradicted; every cut loses a supporter,2.2628,2.2628,20,7,4,0.2727,11
boundary:query,1014,L345,hybrid,narrow,contradicted; cut f:query_len_tokens,1.9568,1.871,4,7,2,0.3,10
boundary:query,1014,L349,dense,narrow,contradicted; cut f:query_len_tokens,1.9561,1.8705,5,4,1,0.5,8
boundary:query,1014,L6.lo.lo.lo.lo,dense,split,4 exceptions; cut f:query_len_tokens at 15,,2.2628,18,7,4,0.2727,11
boundary:query,1014,L6.lo.lo.lo.lo.lo,dense,create,split of L6.lo.lo.lo.lo,,2.2229,17,0,0,0.0,0
boundary:query,1014,L6.lo.lo.lo.lo.hi,dense,create,split of L6.lo.lo.lo.lo,,2.1829,1,0,0,0.0,0
boundary:query,1014,L91.lo.lo.lo,dense,split,4 exceptions; cut f:query_len_tokens at 15,,1.8573,13,7,4,0.2727,11
boundary:query,1014,L91.lo.lo.lo.lo,dense,create,split of L91.lo.lo.lo,,1.8173,12,0,0,0.0,0
boundary:query,1014,L91.lo.lo.lo.hi,dense,create,split of L91.lo.lo.lo,,1.7773,1,0,0,0.0,0
boundary:query,1014,L6.hi.lo.lo.lo.lo,dense,split,4 exceptions; cut f:query_len_tokens at 15,,2.2628,14,7,4,0.2727,11
boundary:query,1014,L6.hi.lo.lo.lo.lo.lo,dense,create,split of L6.hi.lo.lo.lo.lo,,2.2229,13,0,0,0.0,0
boundary:query,1014,L6.hi.lo.lo.lo.lo.hi,dense,create,split of L6.hi.lo.lo.lo.lo,,2.1829,1,0,0,0.0,0
boundary:query,1014,L12.lo.hi.lo.lo.lo,dense,split,4 exceptions; cut f:query_len_tokens at 15,,1.7662,19,7,4,0.2727,11
boundary:query,1014,L12.lo.hi.lo.lo.lo.lo,dense,create,split of L12.lo.hi.lo.lo.lo,,1.7262,10,0,0,0.0,0
boundary:query,1014,L12.lo.hi.lo.lo.lo.hi,dense,create,split of L12.lo.hi.lo.lo.lo,,1.6862,9,0,0,0.0,0
boundary:query,1014,L12.hi.hi.lo.lo.lo,dense,split,4 exceptions; cut f:query_len_tokens at 15.5,,1.7662,20,7,4,0.2727,11
boundary:query,1014,L12.hi.hi.lo.lo.lo.lo,dense,create,split of L12.hi.hi.lo.lo.lo,,1.7462,10,0,0,0.0,0
boundary:query,1014,L12.hi.hi.lo.lo.lo.hi,dense,create,split of L12.hi.hi.lo.lo.lo,,1.6662,10,0,0,0.0,0
boundary:query,1014,L6.lo.hi.lo.lo.lo,dense,split,4 exceptions; cut f:query_len_tokens at 15.5,,2.2628,20,7,4,0.2727,11
boundary:query,1014,L6.lo.hi.lo.lo.lo.lo,dense,create,split of L6.lo.hi.lo.lo.lo,,2.2428,10,0,0,0.0,0
boundary:query,1014,L6.lo.hi.lo.lo.lo.hi,dense,create,split of L6.lo.hi.lo.lo.lo,,2.1629,10,0,0,0.0,0
boundary:query,1016,L11.hi,dense,expand,arm beat the default just outside the box,1.7508,1.7908,10,4,1,0.4286,7
boundary:query,1017,L261.lo,dense,expand,arm beat the default just outside the box,1.8338,1.8739,7,6,2,0.1429,7
boundary:query,1017,L116.hi.hi.lo.lo.hi,dense,expand,arm beat the default just outside the box,1.8277,1.8677,9,3,1,0.5,6
boundary:query,1017,L116.hi.hi.lo.hi.lo,dense,expand,arm beat the default just outside the box,1.8277,1.8677,11,4,0,0.2,5
boundary:query,1017,L304.lo,dense,expand,arm beat the default just outside the box,1.8328,1.8728,6,4,0,0.0,4
boundary:query,1017,L322.lo,dense,expand,arm beat the default just outside the box,1.9589,1.9989,4,2,0,0.0,2
boundary:query,1017,L116.lo.lo.hi.hi,dense,expand,arm beat the default just outside the box,1.8277,1.8677,5,2,0,0.0,2
boundary:query,1017,L116.hi.hi.lo.lo.lo.hi,dense,expand,arm beat the default just outside the box,1.8477,1.8677,9,2,0,0.0,2
boundary:query,1017,L116.lo.hi.lo.lo.hi.hi,dense,expand,arm beat the default just outside the box,1.8277,1.8677,5,2,0,0.0,2
boundary:query,1017,L365,hybrid,retire,utility <= 0,,1.9994,1,5,0,0.0,5
boundary:query,1018,L116.hi.hi.lo.lo.hi,dense,expand,arm beat the default just outside the box,1.8681,1.9081,10,3,1,0.5,6
boundary:query,1018,L116.hi.hi.lo.hi.lo,dense,expand,arm beat the default just outside the box,1.8681,1.9081,12,4,0,0.2,5
boundary:query,1018,L304.lo,dense,expand,arm beat the default just outside the box,1.8731,1.9131,7,4,0,0.0,4
boundary:query,1018,L116.lo.lo.hi.hi,dense,expand,arm beat the default just outside the box,1.8681,1.9081,6,2,0,0.0,2
boundary:query,1018,L116.hi.hi.lo.lo.lo.hi,dense,expand,arm beat the default just outside the box,1.8681,1.9081,10,2,0,0.0,2
boundary:query,1018,L116.lo.hi.lo.lo.hi.hi,dense,expand,arm beat the default just outside the box,1.8681,1.9081,6,2,0,0.0,2
boundary:query,1020,L56.lo,hybrid,expand,arm beat the default just outside the box,1.9967,2.0367,5,6,2,0.25,8
boundary:query,1021,L116.hi.hi.lo.hi.lo,dense,exception,contradicted; every cut loses a supporter,1.9082,1.9082,12,5,1,0.1667,6
boundary:query,1021,L116.lo.hi.lo.hi.lo.lo,dense,exception,contradicted; every cut loses a supporter,1.9082,1.9082,12,5,1,0.2857,7
boundary:query,1021,L322.hi,dense,exception,contradicted; every cut loses a supporter,1.8338,1.8338,4,4,1,0.3333,6
boundary:query,1021,L116.lo.lo.hi.lo,dense,exception,contradicted; every cut loses a supporter,1.8281,1.8281,7,4,1,0.3333,6
boundary:query,1021,L116.lo.hi.lo.lo.hi.lo,dense,exception,contradicted; every cut loses a supporter,1.8281,1.8281,8,4,1,0.3333,6
boundary:query,1021,L304.lo,dense,retire,utility <= 0,,1.9133,7,5,0,0.0,5
boundary:query,1023,L116.hi.hi.lo.lo.hi,dense,expand,arm beat the default just outside the box,1.9082,1.9482,11,3,1,0.5,6
boundary:query,1023,L348,hybrid,expand,arm beat the default just outside the box,1.9511,1.9912,5,8,3,0.2,10
boundary:query,1023,L116.hi.hi.lo.hi.lo,dense,expand,arm beat the default just outside the box,1.9082,1.9482,13,5,1,0.1667,6
boundary:query,1023,L116.lo.hi.lo.hi.lo.lo,dense,expand,arm beat the default just outside the box,1.9082,1.9482,13,5,1,0.2857,7
boundary:query,1023,L116.lo.lo.hi.hi,dense,expand,arm beat the default just outside the box,1.9082,1.9482,7,3,0,0.0,3
boundary:query,1023,L116.hi.hi.lo.lo.lo.hi,dense,expand,arm beat the default just outside the box,1.9082,1.9482,11,3,0,0.0,3
boundary:query,1023,L116.lo.hi.lo.lo.hi.hi,dense,expand,arm beat the default just outside the box,1.9082,1.9482,7,3,0,0.0,3
boundary:query,1025,L91.hi.hi,dense,exception,contradicted; every cut loses a supporter,1.8579,1.8579,9,5,3,0.4,10
boundary:query,1025,L6.hi.hi.lo.hi.hi,dense,exception,contradicted; every cut loses a supporter,2.2636,2.2636,9,5,3,0.4,10
boundary:query,1025,L12.lo.hi.hi.hi.lo,dense,exception,contradicted; every cut loses a supporter,1.8269,1.8269,9,5,1,0.1667,6
boundary:query,1025,L12.hi.hi.hi.hi.lo,dense,exception,contradicted; every cut loses a supporter,1.8269,1.8269,9,5,1,0.1667,6
boundary:query,1025,L6.lo.hi.hi.hi.lo,dense,exception,contradicted; every cut loses a supporter,2.3237,2.3237,9,5,1,0.1667,6
boundary:query,1025,L91.hi.lo.hi.lo,dense,exception,contradicted; every cut loses a supporter,1.898,1.898,13,6,4,0.4,10
boundary:query,1025,L91.hi.lo.hi.lo,dense,split,4 exceptions; cut f:query_len_tokens at 17,,1.898,13,6,4,0.4,10
boundary:query,1025,L91.hi.lo.hi.lo.lo,dense,create,split of L91.hi.lo.hi.lo,,1.8579,7,0,0,0.0,0
boundary:query,1025,L91.hi.lo.hi.lo.hi,dense,create,split of L91.hi.lo.hi.lo,,1.7779,6,0,0,0.0,0
boundary:query,1029,L354,dense,retire,utility <= 0,,2.004,1,5,0,0.0,5
boundary:query,1030,L390,hybrid,create,"default missed, hybrid hit",,2.0,1,0,0,0.0,0
boundary:query,1031,L391,dense,create,"default missed, dense hit",,2.0,1,0,0,0.0,0
boundary:query,1031,L392,hybrid,create,"default missed, hybrid hit",,2.0,1,0,0,0.0,0
boundary:query,1032,L393,dense,create,"default missed, dense hit",,2.0,1,0,0,0.0,0
boundary:query,1032,L394,hybrid,create,"default missed, hybrid hit",,2.0,1,0,0,0.0,0
boundary:query,1033,L393,dense,expand,arm beat the default just outside the box,2.0,2.0348,2,0,0,0.0,0
boundary:query,1033,L394,hybrid,expand,arm beat the default just outside the box,2.0,2.0348,2,0,0,0.0,0
boundary:query,1033,L395,dense,create,"default missed, dense hit",,2.0,1,0,0,0.0,0
boundary:query,1033,L396,hybrid,create,"default missed, hybrid hit",,2.0,1,0,0,0.0,0
boundary:query,1035,L351,dense,exception,contradicted; every cut loses a supporter,2.0038,2.0038,4,3,1,0.5,6
boundary:query,1036,L26.lo.hi,dense,expand,arm beat the default just outside the box,1.8258,1.8458,6,3,0,0.0,4
boundary:query,1036,L397,dense,create,"default missed, dense hit",,2.0,1,0,0,0.0,0
boundary:query,1036,L398,hybrid,create,"default missed, hybrid hit",,2.0,1,0,0,0.0,0
boundary:query,1038,L12.lo.hi.hi.hi.lo,dense,exception,contradicted; every cut loses a supporter,1.828,1.828,9,6,2,0.1429,7
boundary:query,1038,L12.hi.hi.hi.hi.lo,dense,exception,contradicted; every cut loses a supporter,1.828,1.828,9,6,2,0.1429,7
boundary:query,1038,L6.lo.hi.hi.hi.lo,dense,exception,contradicted; every cut loses a supporter,2.3227,2.3227,9,6,2,0.1429,7
boundary:query,1040,L390,hybrid,expand,arm beat the default just outside the box,2.0003,2.0355,2,1,0,0.0,1
boundary:query,1041,L116.hi.hi.lo.lo.hi,dense,exception,contradicted; every cut loses a supporter,1.9493,1.9493,13,4,2,0.5556,9
boundary:query,1041,L348,hybrid,exception,contradicted; every cut loses a supporter,1.9921,1.9921,6,9,4,0.25,12
boundary:query,1041,L116.hi.hi.lo.hi.lo,dense,exception,contradicted; every cut loses a supporter,1.9493,1.9493,15,6,2,0.3333,9
boundary:query,1041,L304.hi,dense,narrow,contradicted; cut f:query_len_tokens,1.9543,1.9543,6,3,0,0.5,6
boundary:query,1041,L116.lo.hi.lo.hi.lo.lo,dense,exception,contradicted; every cut loses a supporter,1.9493,1.9493,15,6,2,0.4,10
boundary:query,1041,L116.lo.lo.hi.hi,dense,exception,contradicted; every cut loses a supporter,1.9493,1.9493,9,5,1,0.2857,7
boundary:query,1041,L116.hi.hi.lo.lo.lo.hi,dense,exception,contradicted; every cut loses a supporter,1.9493,1.9493,13,5,1,0.2857,7
boundary:query,1041,L116.lo.hi.lo.lo.hi.hi,dense,exception,contradicted; every cut loses a supporter,1.9493,1.9493,9,5,1,0.2857,7
boundary:query,1041,L348,hybrid,split,4 exceptions; cut f:query_len_tokens at 12,,1.9921,6,9,4,0.25,12
boundary:query,1041,L348.lo,hybrid,create,split of L348,,1.9121,3,0,0,0.0,0
boundary:query,1041,L348.hi,hybrid,create,split of L348,,1.832,3,0,0,0.0,0
boundary:query,1042,L345,hybrid,expand,arm beat the default just outside the box,1.8728,1.8728,5,7,2,0.3,10
boundary:query,1042,L349,dense,expand,arm beat the default just outside the box,1.8723,1.8723,6,4,1,0.5,8
boundary:query,1042,L6.lo.lo.lo.lo.lo,dense,expand,arm beat the default just outside the box,2.2234,2.2635,18,0,0,0.0,0
boundary:query,1042,L91.lo.lo.lo.lo,dense,expand,arm beat the default just outside the box,1.8191,1.8592,13,0,0,0.0,0
boundary:query,1042,L6.hi.lo.lo.lo.lo.lo,dense,expand,arm beat the default just outside the box,2.2234,2.2635,14,0,0,0.0,0
boundary:query,1042,L12.lo.hi.lo.lo.lo.lo,dense,expand,arm beat the default just outside the box,1.7288,1.7688,11,0,0,0.0,0
boundary:query,1042,L12.hi.hi.lo.lo.lo.lo,dense,expand,arm beat the default just outside the box,1.7488,1.7688,11,0,0,0.0,0
boundary:query,1042,L6.lo.hi.lo.lo.lo.lo,dense,expand,arm beat the default just outside the box,2.2434,2.2635,11,0,0,0.0,0
boundary:query,1042,L91.hi.lo.hi.lo.hi,dense,expand,arm beat the default just outside the box,1.7791,1.8191,7,1,0,0.0,1
boundary:query,1042,L401,hybrid,create,"default missed, hybrid hit",,2.0,1,0,0,0.0,0
boundary:query,1043,L12.lo.hi.hi.hi.lo,dense,exception,contradicted; every cut loses a supporter,1.8288,1.8288,10,7,3,0.2222,9
boundary:query,1043,L12.hi.hi.hi.hi.lo,dense,exception,contradicted; every cut loses a supporter,1.8288,1.8288,10,7,3,0.2222,9
boundary:query,1043,L6.lo.hi.hi.hi.lo,dense,exception,contradicted; every cut loses a supporter,2.3237,2.3237,10,7,3,0.2222,9
boundary:query,1043,L345,hybrid,exception,contradicted; every cut loses a supporter,1.8727,1.8727,5,8,3,0.2727,11
boundary:query,1043,L349,dense,exception,contradicted; every cut loses a supporter,1.8722,1.8722,6,5,2,0.4444,9
boundary:query,1044,L26.lo.hi,dense,retire,utility <= 0,,1.8468,6,4,0,0.0,5
boundary:query,1045,L11.hi,dense,exception,contradicted; every cut loses a supporter,1.7933,1.7933,10,5,2,0.375,8
boundary:query,1045,L55.hi,dense,exception,contradicted; every cut loses a supporter,1.8652,1.8652,7,8,4,0.2727,11
boundary:query,1045,L55.hi,dense,split,4 exceptions; cut f:query_len_tokens at 10,,1.8652,7,8,4,0.2727,11
boundary:query,1045,L55.hi.lo,dense,create,split of L55.hi,,1.8252,5,0,0,0.0,0
boundary:query,1045,L55.hi.hi,dense,create,split of L55.hi,,1.7852,2,0,0,0.0,0
boundary:query,1046,L55.lo,dense,expand,arm beat the default just outside the box,2.038,2.078,11,6,3,0.3333,9
boundary:query,1046,L56.lo,hybrid,expand,arm beat the default just outside the box,2.038,2.078,6,6,2,0.25,8
boundary:query,1046,L55.hi.lo,dense,expand,arm beat the default just outside the box,1.825,1.8651,6,0,0,0.0,0
boundary:query,1047,L116.lo.lo.hi.hi,dense,exception,contradicted; every cut loses a supporter,1.9495,1.9495,9,6,2,0.25,8
boundary:query,1047,L116.hi.hi.lo.lo.lo.hi,dense,exception,contradicted; every cut loses a supporter,1.9495,1.9495,13,6,2,0.25,8
boundary:query,1047,L116.lo.hi.lo.lo.hi.hi,dense,exception,contradicted; every cut loses a supporter,1.9495,1.9495,9,6,2,0.25,8
boundary:query,1050,L198.hi,hybrid,expand,arm beat the default just outside the box,1.8368,1.8769,6,6,2,0.3333,9
boundary:query,1050,L116.hi.hi.lo.hi.hi,dense,expand,arm beat the default just outside the box,1.8289,1.8689,9,1,0,0.75,4
boundary:query,1051,L322.lo,dense,exception,contradicted; every cut loses a supporter,2.0003,2.0003,6,4,1,0.3333,6
boundary:query,1052,L198.hi,hybrid,expand,arm beat the default just outside the box,1.8774,1.9174,7,6,2,0.3333,9
boundary:query,1052,L305,hybrid,expand,arm beat the default just outside the box,1.9144,1.9144,8,9,1,0.3571,14
boundary:query,1052,L404,hybrid,create,"default missed, hybrid hit",,2.0,1,0,0,0.0,0
boundary:query,1055,L5.lo,dense,expand,arm beat the default just outside the box,2.6466,2.6866,8,2,0,0.6,5
boundary:query,1056,L11.hi,dense,exception,contradicted; every cut loses a supporter,1.7922,1.7922,10,6,3,0.3333,9
boundary:query,1056,L317,dense,exception,contradicted; every cut loses a supporter,2.005,2.005,4,4,1,0.4286,7
boundary:query,1056,L318,hybrid,exception,contradicted; every cut loses a supporter,2.005,2.005,4,4,1,0.4286,7
boundary:query,1059,L116.lo.hi.hi.hi,dense,exception,contradicted; every cut loses a supporter,1.8675,1.8675,8,4,1,0.5,8
boundary:query,1059,L153.hi.hi.hi.hi,dense,exception,contradicted; every cut loses a supporter,1.8767,1.8767,8,4,1,0.5,8
boundary:query,1059,L116.hi.lo.hi.hi.hi,dense,exception,contradicted; every cut loses a supporter,1.8675,1.8675,8,4,1,0.5,8
boundary:query,1059,L304.hi,dense,exception,contradicted; every cut loses a supporter,1.9521,1.9521,7,4,1,0.5,8
boundary:query,1060,L229,dense,exception,contradicted; every cut loses a supporter,2.0369,2.0369,5,6,4,0.2222,9
boundary:query,1060,L19.hi,dense,exception,contradicted; every cut loses a supporter,1.8987,1.8987,8,6,4,0.2222,9
boundary:query,1060,L54.hi,hybrid,narrow,contradicted; cut f:query_len_tokens,1.8336,1.8219,4,7,1,0.1111,9
boundary:query,1060,L229,dense,split,4 exceptions; cut f:query_len_tokens at 15,,2.0369,5,6,4,0.2222,9
boundary:query,1060,L229.lo,dense,create,split of L229,,1.7938,3,0,0,0.0,0
boundary:query,1060,L229.hi,dense,create,split of L229,,1.9971,2,0,0,0.0,0
boundary:query,1060,L19.hi,dense,split,4 exceptions; cut f:query_len_tokens at 15,,1.8987,8,6,4,0.2222,9
boundary:query,1060,L19.hi.lo,dense,create,split of L19.hi,,1.7793,6,0,0,0.0,0
boundary:query,1060,L19.hi.hi,dense,create,split of L19.hi,,1.8589,2,0,0,0.0,0
boundary:query,1060,L350,hybrid,retire,utility <= 0,,2.0013,1,5,0,0.0,5
boundary:query,1061,L116.hi.hi.lo.hi.hi,dense,exception,contradicted; every cut loses a supporter,1.8678,1.8678,9,3,1,0.5,6
boundary:query,1062,L390,hybrid,retire,utility <= 0,,2.0341,2,5,0,0.0,5
boundary:query,1066,L156,hybrid,exception,contradicted; every cut loses a supporter,1.9173,1.9173,4,10,3,0.1538,13
boundary:query,1066,L41.lo,hybrid,exception,contradicted; every cut loses a supporter,1.8269,1.8269,6,5,2,0.1429,7
boundary:query,1066,L41.hi,hybrid,exception,contradicted; every cut loses a supporter,1.8332,1.8332,4,7,3,0.125,8
boundary:query,1066,L8.lo.hi,dense,exception,contradicted; every cut loses a supporter,2.2053,2.2053,4,5,2,0.1429,7
boundary:query,1066,L101.lo,hybrid,exception,contradicted; every cut loses a supporter,1.8568,1.8568,5,5,2,0.1429,7
boundary:query,1066,L101.hi,hybrid,exception,contradicted; every cut loses a supporter,1.8169,1.8169,2,7,3,0.125,8
boundary:query,1068,L116.hi.hi.lo.lo.hi,dense,exception,contradicted; every cut loses a supporter,1.9488,1.9488,13,5,3,0.5,10
boundary:query,1068,L116.hi.hi.lo.hi.lo,dense,exception,contradicted; every cut loses a supporter,1.9488,1.9488,15,7,3,0.3,10
boundary:query,1068,L116.lo.hi.lo.hi.lo.lo,dense,exception,contradicted; every cut loses a supporter,1.9488,1.9488,15,7,3,0.3636,11
boundary:query,1068,L322.lo,dense,exception,contradicted; every cut loses a supporter,1.9996,1.9996,6,5,2,0.2857,7
boundary:query,1068,L322.hi,dense,exception,contradicted; every cut loses a supporter,1.8347,1.8347,5,5,2,0.375,8
boundary:query,1068,L116.lo.lo.hi.lo,dense,exception,contradicted; every cut loses a supporter,1.8291,1.8291,8,5,2,0.375,8
boundary:query,1068,L116.lo.lo.hi.hi,dense,exception,contradicted; every cut loses a supporter,1.9488,1.9488,9,7,3,0.2222,9
boundary:query,1068,L116.hi.hi.lo.lo.lo.hi,dense,exception,contradicted; every cut loses a supporter,1.9488,1.9488,13,7,3,0.2222,9
boundary:query,1068,L116.lo.hi.lo.lo.hi.lo,dense,exception,contradicted; every cut loses a supporter,1.8291,1.8291,9,5,2,0.375,8
boundary:query,1068,L116.lo.hi.lo.lo.hi.hi,dense,exception,contradicted; every cut loses a supporter,1.9488,1.9488,9,7,3,0.2222,9
boundary:query,1070,L198.hi,hybrid,exception,contradicted; every cut loses a supporter,1.9165,1.9165,7,7,3,0.3,10
boundary:query,1070,L179.hi,dense,exception,contradicted; every cut loses a supporter,1.9588,1.9588,7,8,4,0.3333,12
boundary:query,1070,L116.hi.hi.hi.hi,dense,exception,contradicted; every cut loses a supporter,1.8687,1.8687,8,6,3,0.4,10
boundary:query,1070,L305,hybrid,exception,contradicted; every cut loses a supporter,1.9135,1.9135,8,10,2,0.3333,15
boundary:query,1070,L116.hi.hi.lo.lo.hi,dense,exception,contradicted; every cut loses a supporter,1.9485,1.9485,13,6,4,0.4545,11
boundary:query,1070,L116.lo.hi.hi.hi,dense,exception,contradicted; every cut loses a supporter,1.8687,1.8687,8,5,2,0.4444,9
boundary:query,1070,L153.hi.hi.hi.hi,dense,exception,contradicted; every cut loses a supporter,1.8779,1.8779,8,5,2,0.4444,9
boundary:query,1070,L116.hi.lo.hi.hi.hi,dense,exception,contradicted; every cut loses a supporter,1.8687,1.8687,8,5,2,0.4444,9
boundary:query,1070,L116.hi.hi.lo.hi.lo,dense,exception,contradicted; every cut loses a supporter,1.9485,1.9485,15,8,4,0.2727,11
boundary:query,1070,L116.hi.hi.lo.hi.hi,dense,exception,contradicted; every cut loses a supporter,1.8687,1.8687,9,4,2,0.4286,7
boundary:query,1070,L304.hi,dense,exception,contradicted; every cut loses a supporter,1.9534,1.9534,7,5,2,0.4444,9
boundary:query,1070,L116.lo.hi.lo.hi.lo.lo,dense,exception,contradicted; every cut loses a supporter,1.9485,1.9485,15,8,4,0.3333,12
boundary:query,1070,L116.lo.hi.lo.hi.lo.hi,dense,exception,contradicted; every cut loses a supporter,1.8287,1.8287,7,3,1,0.5,6
boundary:query,1070,L116.lo.lo.hi.hi,dense,exception,contradicted; every cut loses a supporter,1.9485,1.9485,9,8,4,0.2,10
boundary:query,1070,L116.hi.hi.lo.lo.lo.hi,dense,exception,contradicted; every cut loses a supporter,1.9485,1.9485,13,8,4,0.2,10
boundary:query,1070,L116.lo.hi.lo.lo.hi.hi,dense,exception,contradicted; every cut loses a supporter,1.9485,1.9485,9,8,4,0.2,10
boundary:query,1070,L179.hi,dense,split,4 exceptions; cut f:query_len_tokens at 15,,1.9588,7,8,4,0.3333,12
boundary:query,1070,L179.hi.lo,dense,create,split of L179.hi,,1.8391,4,0,0,0.0,0
boundary:query,1070,L179.hi.hi,dense,create,split of L179.hi,,1.879,3,0,0,0.0,0
boundary:query,1070,L116.hi.hi.lo.lo.hi,dense,split,4 exceptions; cut f:query_len_tokens at 12,,1.9485,13,6,4,0.4545,11
boundary:query,1070,L116.hi.hi.lo.lo.hi.lo,dense,create,split of L116.hi.hi.lo.lo.hi,,1.8687,10,0,0,0.0,0
boundary:query,1070,L116.hi.hi.lo.lo.hi.hi,dense,create,split of L116.hi.hi.lo.lo.hi,,1.8287,3,0,0,0.0,0
boundary:query,1070,L116.hi.hi.lo.hi.lo,dense,split,4 exceptions; cut f:query_len_tokens at 13,,1.9485,15,8,4,0.2727,11
boundary:query,1070,L116.hi.hi.lo.hi.lo.lo,dense,create,split of L116.hi.hi.lo.hi.lo,,1.9086,13,0,0,0.0,0
boundary:query,1070,L116.hi.hi.lo.hi.lo.hi,dense,create,split of L116.hi.hi.lo.hi.lo,,1.7888,2,0,0,0.0,0
boundary:query,1070,L116.lo.hi.lo.hi.lo.lo,dense,split,4 exceptions; cut f:query_len_tokens at 11,,1.9485,15,8,4,0.3333,12
boundary:query,1070,L116.lo.hi.lo.hi.lo.lo.lo,dense,create,split of L116.lo.hi.lo.hi.lo.lo,,1.8287,8,0,0,0.0,0
boundary:query,1070,L116.lo.hi.lo.hi.lo.lo.hi,dense,create,split of L116.lo.hi.lo.hi.lo.lo,,1.8687,7,0,0,0.0,0
boundary:query,1070,L116.lo.lo.hi.hi,dense,split,4 exceptions; cut f:query_len_tokens at 12,,1.9485,9,8,4,0.2,10
boundary:query,1070,L116.lo.lo.hi.hi.lo,dense,create,split of L116.lo.lo.hi.hi,,1.8687,6,0,0,0.0,0
boundary:query,1070,L116.lo.lo.hi.hi.hi,dense,create,split of L116.lo.lo.hi.hi,,1.8287,3,0,0,0.0,0
boundary:query,1070,L116.hi.hi.lo.lo.lo.hi,dense,split,4 exceptions; cut f:query_len_tokens at 11,,1.9485,13,8,4,0.2,10
boundary:query,1070,L116.hi.hi.lo.lo.lo.hi.lo,dense,create,split of L116.hi.hi.lo.lo.lo.hi,,1.8287,9,0,0,0.0,0
boundary:query,1070,L116.hi.hi.lo.lo.lo.hi.hi,dense,create,split of L116.hi.hi.lo.lo.lo.hi,,1.8687,4,0,0,0.0,0
boundary:query,1070,L116.lo.hi.lo.lo.hi.hi,dense,split,4 exceptions; cut f:query_len_tokens at 12,,1.9485,9,8,4,0.2,10
boundary:query,1070,L116.lo.hi.lo.lo.hi.hi.lo,dense,create,split of L116.lo.hi.lo.lo.hi.hi,,1.8687,6,0,0,0.0,0
boundary:query,1070,L116.lo.hi.lo.lo.hi.hi.hi,dense,create,split of L116.lo.hi.lo.lo.hi.hi,,1.8287,3,0,0,0.0,0
boundary:query,1071,L16,dense,exception,contradicted; every cut loses a supporter,1.9855,1.9855,3,5,1,0.1667,6
boundary:query,1072,L261.lo,dense,exception,contradicted; every cut loses a supporter,1.8741,1.8741,8,7,3,0.2222,9
boundary:query,1072,L322.lo,dense,exception,contradicted; every cut loses a supporter,1.9986,1.9986,6,6,3,0.25,8
boundary:query,1072,L322.hi,dense,exception,contradicted; every cut loses a supporter,1.8339,1.8339,5,6,3,0.3333,9
boundary:query,1072,L116.lo.lo.hi.lo,dense,exception,contradicted; every cut loses a supporter,1.8283,1.8283,8,6,3,0.3333,9
boundary:query,1072,L116.hi.hi.lo.lo.lo.lo,dense,exception,contradicted; every cut loses a supporter,1.8084,1.8084,11,3,1,0.5,6
boundary:query,1072,L116.lo.hi.lo.lo.hi.lo,dense,exception,contradicted; every cut loses a supporter,1.8283,1.8283,9,6,3,0.3333,9
boundary:query,1072,L348.lo,hybrid,retire,utility <= 0,,1.9108,3,5,0,0.0,5
boundary:query,1074,L12.lo.hi.hi.hi.lo,dense,expand,arm beat the default just outside the box,1.8278,1.8477,11,7,3,0.2222,9
boundary:query,1074,L12.hi.hi.hi.hi.lo,dense,expand,arm beat the default just outside the box,1.8278,1.8477,11,7,3,0.2222,9
boundary:query,1074,L6.lo.hi.hi.hi.lo,dense,expand,arm beat the default just outside the box,2.3239,2.3438,11,7,3,0.2222,9
boundary:query,1074,L91.hi.lo.hi.lo.hi,dense,expand,arm beat the default just outside the box,1.8184,1.8583,8,4,0,0.0,4
boundary:query,1075,L5.lo,dense,exception,contradicted; every cut loses a supporter,2.686,2.686,8,3,1,0.5,6
boundary:query,1075,L5.hi,dense,exception,contradicted; every cut loses a supporter,2.686,2.686,6,3,1,0.5,6
boundary:query,1075,L367,hybrid,exception,contradicted; every cut loses a supporter,1.9995,1.9995,3,4,1,0.3333,6
boundary:query,1076,L305,hybrid,exception,contradicted; every cut loses a supporter,1.9129,1.9129,8,11,3,0.3125,16
boundary:query,1076,L116.lo.hi.hi.hi,dense,exception,contradicted; every cut loses a supporter,1.8681,1.8681,8,6,3,0.4,10
boundary:query,1076,L153.hi.hi.hi.hi,dense,exception,contradicted; every cut loses a supporter,1.8773,1.8773,8,6,3,0.4,10
boundary:query,1076,L116.hi.lo.hi.hi.hi,dense,exception,contradicted; every cut loses a supporter,1.8681,1.8681,8,6,3,0.4,10
boundary:query,1076,L116.hi.hi.lo.hi.hi,dense,exception,contradicted; every cut loses a supporter,1.8681,1.8681,9,5,3,0.375,8
boundary:query,1076,L304.hi,dense,exception,contradicted; every cut loses a supporter,1.9527,1.9527,7,6,3,0.4,10
boundary:query,1076,L116.lo.hi.lo.hi.lo.hi,dense,exception,contradicted; every cut loses a supporter,1.8283,1.8283,7,4,2,0.4286,7
boundary:query,1077,L116.lo.hi.lo.hi.lo.hi,dense,narrow,contradicted; cut f:query_len_tokens,1.8287,1.8287,7,5,2,0.375,8
boundary:query,1079,L348.hi,hybrid,retire,utility <= 0,,1.8317,3,5,0,0.0,5
boundary:query,1080,L11.hi,dense,expand,arm beat the default just outside the box,1.7926,1.8325,11,6,3,0.3333,9
boundary:query,1081,L395,dense,exception,contradicted; every cut loses a supporter,2.0002,2.0002,2,5,1,0.1667,6
boundary:query,1081,L396,hybrid,exception,contradicted; every cut loses a supporter,2.0002,2.0002,2,5,1,0.1667,6
boundary:query,1083,L393,dense,narrow,contradicted; cut f:query_len_tokens,2.035,1.99,3,5,0,0.1667,6
boundary:query,1083,L394,hybrid,narrow,contradicted; cut f:query_len_tokens,2.035,1.99,3,5,0,0.1667,6
boundary:query,1084,L91.hi.lo.hi.lo.lo,dense,exception,contradicted; every cut loses a supporter,1.8587,1.8587,8,5,1,0.1667,6
boundary:query,1084,L91.hi.lo.hi.lo.hi,dense,retire,utility <= 0,,1.8587,8,5,0,0.0,5
boundary:query,1087,L55.lo,dense,exception,contradicted; every cut loses a supporter,2.0766,2.0766,11,7,4,0.3,10
boundary:query,1087,L56.lo,hybrid,exception,contradicted; every cut loses a supporter,2.0766,2.0766,6,7,3,0.2222,9
boundary:query,1087,L55.lo,dense,split,4 exceptions; cut f:query_len_tokens at 9,,2.0766,11,7,4,0.3,10
boundary:query,1087,L55.lo.lo,dense,create,split of L55.lo,,1.9969,9,0,0,0.0,0
boundary:query,1087,L55.lo.hi,dense,create,split of L55.lo,,1.825,2,0,0,0.0,0
boundary:query,1088,L393,dense,exception,contradicted; every cut loses a supporter,1.9897,1.9897,3,6,1,0.1429,7
boundary:query,1088,L394,hybrid,exception,contradicted; every cut loses a supporter,1.9897,1.9897,3,6,1,0.1429,7
boundary:query,1088,L395,dense,exception,contradicted; every cut loses a supporter,2.0,2.0,2,6,2,0.1429,7
boundary:query,1088,L396,hybrid,exception,contradicted; every cut loses a supporter,2.0,2.0,2,6,2,0.1429,7
boundary:query,1089,L395,dense,narrow,contradicted; cut f:query_len_tokens,1.9999,1.9549,2,7,2,0.125,8
boundary:query,1089,L396,hybrid,narrow,contradicted; cut f:query_len_tokens,1.9999,1.9549,2,7,2,0.125,8
boundary:query,1090,L56.lo,hybrid,exception,contradicted; every cut loses a supporter,2.0765,2.0765,6,8,4,0.2,10
boundary:query,1090,L317,dense,exception,contradicted; every cut loses a supporter,2.0042,2.0042,5,5,2,0.4444,9
boundary:query,1090,L318,hybrid,exception,contradicted; every cut loses a supporter,2.0042,2.0042,5,5,2,0.4444,9
boundary:query,1090,L56.lo,hybrid,split,4 exceptions; cut f:query_len_tokens at 8.5,,2.0765,6,8,4,0.2,10
boundary:query,1090,L56.lo.lo,hybrid,create,split of L56.lo,,1.9769,3,0,0,0.0,0
boundary:query,1090,L56.lo.hi,hybrid,create,split of L56.lo,,1.8447,3,0,0,0.0,0
boundary:query,1091,L393,dense,narrow,contradicted; cut f:query_len_tokens,1.9893,1.9495,3,7,1,0.125,8
boundary:query,1091,L394,hybrid,narrow,contradicted; cut f:query_len_tokens,1.9893,1.9495,3,7,1,0.125,8
boundary:query,1092,L116.hi.hi.lo.lo.hi.lo,dense,retire,utility <= 0,,1.8686,10,5,0,-0.2,5
boundary:query,1092,L116.hi.hi.lo.hi.lo.lo,dense,retire,utility <= 0,,1.9085,13,5,0,-0.2,5
boundary:query,1092,L116.lo.lo.hi.hi.lo,dense,retire,utility <= 0,,1.8686,6,5,0,-0.2,5
boundary:query,1092,L116.lo.hi.lo.lo.hi.hi.lo,dense,retire,utility <= 0,,1.8686,6,5,0,-0.2,5
boundary:query,1099,L401,hybrid,exception,contradicted; every cut loses a supporter,1.997,1.997,2,5,1,0.1667,6
boundary:query,1100,L288,dense,narrow,contradicted; cut f:query_len_tokens,1.9561,1.9162,3,5,0,0.1429,7
boundary:query,1103,L395,dense,narrow,contradicted; cut f:query_len_tokens,1.953,1.9132,2,8,2,0.1111,9
boundary:query,1103,L396,hybrid,narrow,contradicted; cut f:query_len_tokens,1.953,1.9132,2,8,2,0.1111,9
boundary:query,1106,L261.lo,dense,expand,arm beat the default just outside the box,1.8729,1.9128,9,7,3,0.2222,9
boundary:query,1106,L304.hi,dense,expand,arm beat the default just outside the box,1.9516,1.9915,8,6,3,0.4,10
boundary:query,1106,L116.lo.hi.lo.hi.lo.hi,dense,expand,arm beat the default just outside the box,1.8271,1.867,8,5,2,0.375,8
boundary:query,1106,L322.lo,dense,expand,arm beat the default just outside the box,1.9974,2.0373,7,6,3,0.25,8
boundary:query,1106,L116.hi.hi.lo.lo.lo.lo,dense,expand,arm beat the default just outside the box,1.8072,1.8271,12,3,1,0.5,6
boundary:query,1106,L116.hi.hi.lo.lo.hi.hi,dense,expand,arm beat the default just outside the box,1.8271,1.867,4,3,0,0.0,3
boundary:query,1106,L116.lo.lo.hi.hi.hi,dense,expand,arm beat the default just outside the box,1.8271,1.867,4,3,0,0.0,3
boundary:query,1106,L116.lo.hi.lo.lo.hi.hi.hi,dense,expand,arm beat the default just outside the box,1.8271,1.867,4,3,0,0.0,3
boundary:query,1107,L351,dense,exception,contradicted; every cut loses a supporter,2.0019,2.0019,5,4,2,0.5,8
boundary:query,1107,L5.lo,dense,exception,contradicted; every cut loses a supporter,2.6823,2.6823,8,4,2,0.4286,7
boundary:query,1107,L5.hi,dense,exception,contradicted; every cut loses a supporter,2.6823,2.6823,6,4,2,0.4286,7
boundary:query,1107,L367,hybrid,narrow,contradicted; cut f:query_len_tokens,1.9985,1.9533,3,5,1,0.2857,7
boundary:query,1109,L116.lo.hi.lo.hi.lo.lo.lo,dense,retire,utility <= 0,,1.8273,9,4,0,0.0,5
boundary:query,1109,L116.hi.hi.lo.lo.lo.hi.lo,dense,retire,utility <= 0,,1.8273,10,4,0,0.0,5
boundary:query,1112,L393,dense,exception,contradicted; every cut loses a supporter,1.9483,1.9483,3,8,2,0.1111,9
boundary:query,1112,L394,hybrid,exception,contradicted; every cut loses a supporter,1.9483,1.9483,3,8,2,0.1111,9
boundary:query,1113,L397,dense,retire,utility <= 0,,1.9986,1,5,0,0.0,5
boundary:query,1113,L398,hybrid,retire,utility <= 0,,1.9986,1,5,0,0.0,5
boundary:query,1114,L401,hybrid,exception,contradicted; every cut loses a supporter,1.9975,1.9975,2,6,2,0.1429,7
boundary:query,1115,L10.hi,hybrid,expand,arm beat the default just outside the box,2.1825,2.2024,4,6,2,0.1429,7
boundary:query,1115,L366,hybrid,retire,utility <= 0,,1.9981,2,4,0,0.0,5
boundary:query,1117,L118.lo,dense,exception,contradicted; every cut loses a supporter,1.8639,1.8639,8,7,4,0.3,10
boundary:query,1117,L218,hybrid,exception,contradicted; every cut loses a supporter,1.8742,1.8742,5,10,3,0.2308,13
boundary:query,1117,L272,dense,exception,contradicted; every cut loses a supporter,1.9959,1.9959,5,9,4,0.25,12
boundary:query,1117,L351,dense,exception,contradicted; every cut loses a supporter,2.0014,2.0014,5,5,3,0.4444,9
boundary:query,1117,L5.lo,dense,exception,contradicted; every cut loses a supporter,2.6812,2.6812,8,5,3,0.375,8
boundary:query,1117,L5.hi,dense,exception,contradicted; every cut loses a supporter,2.6812,2.6812,6,5,3,0.375,8
boundary:query,1117,L367,hybrid,exception,contradicted; every cut loses a supporter,1.9529,1.9529,3,6,2,0.25,8
boundary:query,1117,L118.lo,dense,split,4 exceptions; cut f:query_len_tokens at 9,,1.8639,8,7,4,0.3,10
boundary:query,1117,L118.lo.lo,dense,create,split of L118.lo,,1.7842,5,0,0,0.0,0
boundary:query,1117,L118.lo.hi,dense,create,split of L118.lo,,1.8241,3,0,0,0.0,0
boundary:query,1117,L272,dense,split,4 exceptions; cut f:query_len_tokens at 9,,1.9959,5,9,4,0.25,12
boundary:query,1117,L272.lo,dense,create,split of L272,,1.7926,3,0,0,0.0,0
boundary:query,1117,L272.hi,dense,create,split of L272,,1.956,2,0,0,0.0,0
boundary:query,1118,L304.hi,dense,exception,contradicted; every cut loses a supporter,1.991,1.991,8,7,4,0.3636,11
boundary:query,1118,L116.lo.hi.lo.hi.lo.hi,dense,exception,contradicted; every cut loses a supporter,1.8665,1.8665,8,6,3,0.3333,9
boundary:query,1118,L116.lo.hi.lo.hi.lo.lo.hi,dense,exception,contradicted; every cut loses a supporter,1.8665,1.8665,8,5,1,0.1667,6
boundary:query,1118,L116.hi.hi.lo.lo.lo.hi.hi,dense,exception,contradicted; every cut loses a supporter,1.8665,1.8665,5,5,1,0.1667,6
boundary:query,1118,L304.hi,dense,split,4 exceptions; cut f:query_len_tokens at 14.5,,1.991,8,7,4,0.3636,11
boundary:query,1118,L304.hi.lo,dense,create,split of L304.hi,,1.8913,4,0,0,0.0,0
boundary:query,1118,L304.hi.hi,dense,create,split of L304.hi,,1.8514,4,0,0,0.0,0
boundary:query,1118,L116.hi.hi.lo.lo.hi.hi,dense,retire,utility <= 0,,1.8665,4,5,0,0.0,5
boundary:query,1118,L116.lo.lo.hi.hi.hi,dense,retire,utility <= 0,,1.8665,4,5,0,0.0,5
boundary:query,1118,L116.lo.hi.lo.lo.hi.hi.hi,dense,retire,utility <= 0,,1.8665,4,5,0,0.0,5
boundary:query,1119,L12.lo.hi.hi.hi.lo,dense,exception,contradicted; every cut loses a supporter,1.8481,1.8481,11,8,4,0.2,10
boundary:query,1119,L12.hi.hi.hi.hi.lo,dense,exception,contradicted; every cut loses a supporter,1.8481,1.8481,11,8,4,0.2,10
boundary:query,1119,L6.lo.hi.hi.hi.lo,dense,exception,contradicted; every cut loses a supporter,2.3365,2.3365,11,8,4,0.2,10
boundary:query,1119,L349,dense,exception,contradicted; every cut loses a supporter,1.8695,1.8695,6,6,3,0.4,10
boundary:query,1119,L91.hi.lo.hi.lo.lo,dense,exception,contradicted; every cut loses a supporter,1.8565,1.8565,8,6,2,0.1429,7
boundary:query,1119,L401,hybrid,narrow,contradicted; cut f:query_len_tokens,1.9968,1.9519,2,7,2,0.125,8
boundary:query,1119,L12.lo.hi.hi.hi.lo,dense,split,4 exceptions; cut f:query_len_tokens at 18,,1.8481,11,8,4,0.2,10
boundary:query,1119,L12.lo.hi.hi.hi.lo.lo,dense,create,split of L12.lo.hi.hi.hi.lo,,1.8082,10,0,0,0.0,0
boundary:query,1119,L12.lo.hi.hi.hi.lo.hi,dense,create,split of L12.lo.hi.hi.hi.lo,,1.6885,1,0,0,0.0,0
boundary:query,1119,L12.hi.hi.hi.hi.lo,dense,split,4 exceptions; cut f:query_len_tokens at 18,,1.8481,11,8,4,0.2,10
boundary:query,1119,L12.hi.hi.hi.hi.lo.lo,dense,create,split of L12.hi.hi.hi.hi.lo,,1.8082,10,0,0,0.0,0
boundary:query,1119,L12.hi.hi.hi.hi.lo.hi,dense,create,split of L12.hi.hi.hi.hi.lo,,1.6885,1,0,0,0.0,0
boundary:query,1119,L6.lo.hi.hi.hi.lo,dense,split,4 exceptions; cut f:query_len_tokens at 18,,2.3365,11,8,4,0.2,10
boundary:query,1119,L6.lo.hi.hi.hi.lo.lo,dense,create,split of L6.lo.hi.hi.hi.lo,,2.2965,10,0,0,0.0,0
boundary:query,1119,L6.lo.hi.hi.hi.lo.hi,dense,create,split of L6.lo.hi.hi.hi.lo,,2.1768,1,0,0,0.0,0
boundary:query,1121,L6.lo.lo.lo.lo.lo,dense,retire,utility <= 0,,2.2564,18,5,0,0.0,5
boundary:query,1121,L91.lo.lo.lo.lo,dense,retire,utility <= 0,,1.8564,13,5,0,0.0,5
boundary:query,1121,L6.hi.lo.lo.lo.lo.lo,dense,retire,utility <= 0,,2.2564,14,5,0,0.0,5
boundary:query,1121,L12.lo.hi.lo.lo.lo.lo,dense,retire,utility <= 0,,1.7684,11,5,0,0.0,5
boundary:query,1121,L12.hi.hi.lo.lo.lo.lo,dense,retire,utility <= 0,,1.7684,11,5,0,0.0,5
boundary:query,1121,L6.lo.hi.lo.lo.lo.lo,dense,retire,utility <= 0,,2.2564,11,5,0,0.0,5
boundary:query,1123,L261.lo,dense,exception,contradicted; every cut loses a supporter,1.9123,1.9123,9,8,4,0.2,10
boundary:query,1123,L322.lo,dense,exception,contradicted; every cut loses a supporter,2.0368,2.0368,7,7,4,0.2222,9
boundary:query,1123,L261.lo,dense,split,4 exceptions; cut f:query_len_tokens at 9,,1.9123,9,8,4,0.2,10
boundary:query,1123,L261.lo.lo,dense,create,split of L261.lo,,1.8325,6,0,0,0.0,0
boundary:query,1123,L261.lo.hi,dense,create,split of L261.lo,,1.8325,3,0,0,0.0,0
boundary:query,1123,L322.lo,dense,split,4 exceptions; cut f:query_len_tokens at 9,,2.0368,7,7,4,0.2222,9
boundary:query,1123,L322.lo.lo,dense,create,split of L322.lo,,1.957,4,0,0,0.0,0
boundary:query,1123,L322.lo.hi,dense,create,split of L322.lo,,1.8321,3,0,0,0.0,0
boundary:query,1124,L443,hybrid,create,"default missed, hybrid hit",,2.0,1,0,0,0.0,0
boundary:query,1125,L6.lo.lo.lo.lo.hi,dense,expand,arm beat the default just outside the box,2.1778,2.2177,3,3,0,0.25,4
boundary:query,1125,L91.lo.lo.lo.hi,dense,expand,arm beat the default just outside the box,1.777,1.8169,3,3,0,0.25,4
boundary:query,1125,L6.hi.lo.lo.lo.lo.hi,dense,expand,arm beat the default just outside the box,2.1778,2.2177,3,3,0,0.25,4
boundary:query,1125,L12.lo.hi.lo.lo.lo.hi,dense,expand,arm beat the default just outside the box,1.689,1.7289,11,3,0,0.25,4
boundary:query,1125,L12.hi.hi.lo.lo.lo.hi,dense,expand,arm beat the default just outside the box,1.669,1.7289,12,3,0,0.25,4
boundary:query,1125,L6.lo.hi.lo.lo.lo.hi,dense,expand,arm beat the default just outside the box,2.1578,2.2177,12,3,0,0.25,4
boundary:query,1126,L404,hybrid,retire,utility <= 0,,1.9971,1,5,0,0.0,5
boundary:query,1127,L198.hi,hybrid,exception,contradicted; every cut loses a supporter,1.915,1.915,7,8,4,0.2727,11
boundary:query,1127,L305,hybrid,exception,contradicted; every cut loses a supporter,1.912,1.912,8,12,4,0.2941,17
boundary:query,1127,L198.hi,hybrid,split,4 exceptions; cut f:query_len_tokens at 15,,1.915,7,8,4,0.2727,11
boundary:query,1127,L198.hi.lo,hybrid,create,split of L198.hi,,1.8353,5,0,0,0.0,0
boundary:query,1127,L198.hi.hi,hybrid,create,split of L198.hi,,1.8353,2,0,0,0.0,0
boundary:query,1127,L305,hybrid,split,4 exceptions; cut f:query_len_tokens at 15,,1.912,8,12,4,0.2941,17
boundary:query,1127,L305.lo,hybrid,create,split of L305,,1.8323,6,0,0,0.0,0
boundary:query,1127,L305.hi,hybrid,create,split of L305,,1.8323,2,0,0,0.0,0
boundary:query,1128,L351,dense,narrow,contradicted; cut f:query_len_tokens,2.0023,1.9563,5,6,3,0.4,10
boundary:query,1128,L5.hi,dense,exception,contradicted; every cut loses a supporter,2.682,2.682,6,6,4,0.3333,9
boundary:query,1128,L5.hi,dense,split,4 exceptions; cut f:query_len_tokens at 9.5,,2.682,6,6,4,0.3333,9
boundary:query,1128,L5.hi.lo,dense,create,split of L5.hi,,2.6222,3,0,0,0.0,0
boundary:query,1128,L5.hi.hi,dense,create,split of L5.hi,,2.6222,3,0,0,0.0,0
boundary:query,1130,L394,hybrid,exception,contradicted; every cut loses a supporter,1.9482,1.9482,3,9,3,0.1,10
boundary:query,1130,L396,hybrid,exception,contradicted; every cut loses a supporter,1.9135,1.9135,2,9,3,0.1,10
boundary:query,1131,L288,dense,exception,contradicted; every cut loses a supporter,1.9163,1.9163,4,6,1,0.2222,9
boundary:query,1134,L393,dense,exception,contradicted; every cut loses a supporter,1.9479,1.9479,4,9,3,0.1818,11
boundary:query,1134,L394,hybrid,exception,contradicted; every cut loses a supporter,1.9479,1.9479,3,10,4,0.0909,11
boundary:query,1134,L395,dense,exception,contradicted; every cut loses a supporter,1.9132,1.9132,3,9,3,0.1818,11
boundary:query,1134,L396,hybrid,exception,contradicted; every cut loses a supporter,1.9132,1.9132,2,10,4,0.0909,11
boundary:query,1134,L394,hybrid,split,4 exceptions; cut f:query_len_tokens at 11,,1.9479,3,10,4,0.0909,11
boundary:query,1134,L394.lo,hybrid,create,split of L394,,1.8282,2,0,0,0.0,0
boundary:query,1134,L394.hi,hybrid,create,split of L394,,1.8681,1,0,0,0.0,0
boundary:query,1134,L396,hybrid,split,4 exceptions; cut f:query_len_tokens at 12.5,,1.9132,2,10,4,0.0909,11
boundary:query,1134,L396.lo,hybrid,create,split of L396,,1.8134,1,0,0,0.0,0
boundary:query,1134,L396.hi,hybrid,create,split of L396,,1.8482,1,0,0,0.0,0
boundary:query,1137,L393,dense,exception,contradicted; every cut loses a supporter,1.9477,1.9477,4,10,4,0.1667,12
boundary:query,1137,L395,dense,exception,contradicted; every cut loses a supporter,1.913,1.913,3,10,4,0.1667,12
boundary:query,1137,L393,dense,split,4 exceptions; cut f:query_len_tokens at 12.5,,1.9477,4,10,4,0.1667,12
boundary:query,1137,L393.lo,dense,create,split of L393,,1.8878,2,0,0,0.0,0
boundary:query,1137,L393.hi,dense,create,split of L393,,1.808,2,0,0,0.0,0
boundary:query,1137,L395,dense,split,4 exceptions; cut f:query_len_tokens at 14,,1.913,3,10,4,0.1667,12
boundary:query,1137,L395.lo,dense,create,split of L395,,1.8731,3,0,0,0.0,0
boundary:query,1138,L6.lo.lo.lo.lo.hi,dense,exception,contradicted; every cut loses a supporter,2.2167,2.2167,4,4,1,0.1667,6
boundary:query,1138,L91.lo.lo.lo.hi,dense,exception,contradicted; every cut loses a supporter,1.8164,1.8164,4,4,1,0.1667,6
boundary:query,1138,L6.hi.lo.lo.lo.lo.hi,dense,exception,contradicted; every cut loses a supporter,2.2167,2.2167,4,4,1,0.1667,6
boundary:query,1138,L12.lo.hi.lo.lo.lo.hi,dense,exception,contradicted; every cut loses a supporter,1.7281,1.7281,12,4,1,0.1667,6
boundary:query,1138,L12.hi.hi.lo.lo.lo.hi,dense,exception,contradicted; every cut loses a supporter,1.7281,1.7281,13,4,1,0.1667,6
boundary:query,1138,L6.lo.hi.lo.lo.lo.hi,dense,exception,contradicted; every cut loses a supporter,2.2167,2.2167,13,4,1,0.1667,6
boundary:query,1138,L91.hi.lo.hi.lo.lo,dense,exception,contradicted; every cut loses a supporter,1.8563,1.8563,8,7,3,0.0,8
boundary:query,1138,L401,hybrid,exception,contradicted; every cut loses a supporter,1.9518,1.9518,2,8,3,0.1111,9
boundary:query,1138,L91.hi.lo.hi.lo.lo,dense,retire,utility <= 0,,1.8563,8,7,3,0.0,8
boundary:query,1139,L116.lo.hi.lo.hi.lo.lo.hi,dense,exception,contradicted; every cut loses a supporter,1.8666,1.8666,9,6,2,0.25,8
boundary:query,1139,L116.hi.hi.lo.lo.lo.hi.hi,dense,exception,contradicted; every cut loses a supporter,1.8666,1.8666,6,6,2,0.25,8
boundary:query,1139,L179.hi.lo,dense,retire,utility <= 0,,1.8369,4,5,0,0.0,5
boundary:query,1140,L91.hi.lo.hi.hi,dense,retire,utility <= 0,,1.8565,5,4,0,0.0,5
boundary:query,1141,L11.hi,dense,expand,arm beat the default just outside the box,1.8322,1.8721,12,6,3,0.3333,9
boundary:query,1141,L317,dense,expand,arm beat the default just outside the box,2.0021,2.0373,6,5,2,0.4444,9
boundary:query,1141,L318,hybrid,expand,arm beat the default just outside the box,2.0021,2.0373,6,5,2,0.4444,9
boundary:query,1141,L55.hi.hi,dense,expand,arm beat the default just outside the box,1.7827,1.8226,4,1,0,0.5,2
boundary:query,1141,L56.lo.lo,hybrid,expand,arm beat the default just outside the box,1.9749,1.9948,4,0,0,0.0,0
boundary:query,1142,L116.hi.hi.lo.lo.lo.lo,dense,exception,contradicted; every cut loses a supporter,1.8266,1.8266,14,4,2,0.5556,9
boundary:query,1145,L457,dense,create,"default missed, dense hit",,2.0,1,0,0,0.0,0
boundary:query,1145,L458,hybrid,create,"default missed, hybrid hit",,2.0,1,0,0,0.0,0
boundary:query,1146,L116.lo.hi.lo.hi.lo.hi,dense,exception,contradicted; every cut loses a supporter,1.8668,1.8668,9,7,4,0.3636,11
boundary:query,1146,L116.hi.hi.lo.lo.lo.lo,dense,exception,contradicted; every cut loses a supporter,1.827,1.827,14,5,3,0.5,10
boundary:query,1146,L116.lo.hi.lo.hi.lo.lo.hi,dense,exception,contradicted; every cut loses a supporter,1.8668,1.8668,9,7,3,0.2222,9
boundary:query,1146,L116.hi.hi.lo.lo.lo.hi.hi,dense,exception,contradicted; every cut loses a supporter,1.8668,1.8668,6,7,3,0.2222,9
boundary:query,1146,L116.lo.hi.lo.hi.lo.hi,dense,split,4 exceptions; cut f:query_len_tokens at 13,,1.8668,9,7,4,0.3636,11
boundary:query,1146,L116.lo.hi.lo.hi.lo.hi.lo,dense,create,split of L116.lo.hi.lo.hi.lo.hi,,1.827,6,0,0,0.0,0
boundary:query,1146,L116.lo.hi.lo.hi.lo.hi.hi,dense,create,split of L116.lo.hi.lo.hi.lo.hi,,1.7871,3,0,0,0.0,0
boundary:query,1150,L55.hi.lo,dense,expand,arm beat the default just outside the box,1.8629,1.9027,8,1,0,0.5,2
boundary:query,1151,L12.lo.hi.hi.hi.lo.lo,dense,exception,contradicted; every cut loses a supporter,1.8081,1.8081,12,4,1,0.1667,6
boundary:query,1151,L12.hi.hi.hi.hi.lo.lo,dense,exception,contradicted; every cut loses a supporter,1.8081,1.8081,12,4,1,0.1667,6
boundary:query,1151,L6.lo.hi.hi.hi.lo.lo,dense,exception,contradicted; every cut loses a supporter,2.2973,2.2973,12,4,1,0.1667,6
boundary:query,1153,L116.lo.hi.lo.hi.lo.lo.hi,dense,exception,contradicted; every cut loses a supporter,1.8666,1.8666,9,8,4,0.2,10
boundary:query,1153,L116.hi.hi.lo.lo.lo.hi.hi,dense,exception,contradicted; every cut loses a supporter,1.8666,1.8666,6,8,4,0.2,10
boundary:query,1153,L443,hybrid,narrow,contradicted; cut f:query_len_tokens,1.9994,1.9543,2,5,0,0.1667,6
boundary:query,1153,L116.lo.hi.lo.hi.lo.lo.hi,dense,split,4 exceptions; cut f:query_len_tokens at 12,,1.8666,9,8,4,0.2,10
boundary:query,1153,L116.lo.hi.lo.hi.lo.lo.hi.lo,dense,create,split of L116.lo.hi.lo.hi.lo.lo.hi,,1.7871,6,0,0,0.0,0
boundary:query,1153,L116.lo.hi.lo.hi.lo.lo.hi.hi,dense,create,split of L116.lo.hi.lo.hi.lo.lo.hi,,1.8268,3,0,0,0.0,0
boundary:query,1153,L116.hi.hi.lo.lo.lo.hi.hi,dense,split,4 exceptions; cut f:query_len_tokens at 12.5,,1.8666,6,8,4,0.2,10
boundary:query,1153,L116.hi.hi.lo.lo.lo.hi.hi.lo,dense,create,split of L116.hi.hi.lo.lo.lo.hi.hi,,1.807,3,0,0,0.0,0
boundary:query,1153,L116.hi.hi.lo.lo.lo.hi.hi.hi,dense,create,split of L116.hi.hi.lo.lo.lo.hi.hi,,1.807,3,0,0,0.0,0
boundary:query,1155,L226.hi,hybrid,exception,contradicted; every cut loses a supporter,1.917,1.917,4,4,1,0.3333,6
boundary:query,1155,L401,hybrid,exception,contradicted; every cut loses a supporter,1.9514,1.9514,2,9,4,0.1,10
boundary:query,1155,L401,hybrid,split,4 exceptions; cut f:query_len_tokens at 17.5,,1.9514,2,9,4,0.1,10
boundary:query,1155,L401.lo,hybrid,create,split of L401,,1.8869,1,0,0,0.0,0
boundary:query,1155,L401.hi,hybrid,create,split of L401,,1.8123,1,0,0,0.0,0
boundary:query,1160,L443,hybrid,narrow,contradicted; cut f:query_len_tokens,1.9546,1.9149,2,6,0,0.1429,7
boundary:query,1160,L116.hi.hi.hi.hi,dense,expand,arm beat the default just outside the box,1.8671,1.9068,9,6,3,0.4,10
boundary:query,1160,L116.lo.lo.lo,dense,expand,arm beat the default just outside the box,1.8274,1.8671,9,7,3,0.2222,9
boundary:query,1160,L116.lo.hi.lo.lo.lo,dense,expand,arm beat the default just outside the box,1.8274,1.8671,12,6,3,0.25,8
boundary:query,1160,L116.lo.hi.hi.hi,dense,expand,arm beat the default just outside the box,1.8671,1.9068,9,6,3,0.4,10
boundary:query,1160,L153.hi.hi.hi.hi,dense,expand,arm beat the default just outside the box,1.8762,1.9159,9,6,3,0.4,10
boundary:query,1160,L116.hi.lo.hi.hi.hi,dense,expand,arm beat the default just outside the box,1.8671,1.9068,9,6,3,0.4,10
boundary:query,1160,L116.hi.hi.lo.hi.hi,dense,expand,arm beat the default just outside the box,1.8671,1.9068,10,5,3,0.375,8
boundary:query,1160,L322.hi,dense,expand,arm beat the default just outside the box,1.8328,1.8725,6,6,3,0.3333,9
boundary:query,1160,L116.lo.lo.hi.lo,dense,expand,arm beat the default just outside the box,1.8274,1.8671,9,6,3,0.3333,9
boundary:query,1160,L116.hi.hi.lo.lo.lo.lo,dense,expand,arm beat the default just outside the box,1.8274,1.8671,15,5,3,0.5,10
boundary:query,1160,L116.lo.hi.lo.lo.hi.lo,dense,expand,arm beat the default just outside the box,1.8274,1.8671,10,6,3,0.3333,9
boundary:query,1160,L116.hi.hi.lo.hi.lo.hi,dense,expand,arm beat the default just outside the box,1.7877,1.8274,3,4,0,0.0,4
boundary:query,1160,L261.lo.hi,dense,expand,arm beat the default just outside the box,1.8332,1.873,6,3,0,0.4,5
boundary:query,1160,L322.lo.hi,dense,expand,arm beat the default just outside the box,1.8328,1.8725,6,3,0,0.4,5
boundary:query,1160,L116.lo.hi.lo.hi.lo.hi.hi,dense,expand,arm beat the default just outside the box,1.7877,1.8274,4,1,0,0.0,1
boundary:query,1160,L116.hi.hi.lo.lo.lo.hi.hi.hi,dense,expand,arm beat the default just outside the box,1.8075,1.8274,4,0,0,0.0,0
boundary:query,1161,L394.hi,hybrid,retire,utility <= 0,,1.8685,1,5,0,-0.2,5
boundary:query,1164,L118.lo.lo,dense,expand,arm beat the default just outside the box,1.7844,1.8242,6,0,0,0.0,0
boundary:query,1164,L272.lo,dense,expand,arm beat the default just outside the box,1.7928,1.8326,4,0,0,0.0,0
boundary:query,1164,L5.hi.lo,dense,expand,arm beat the default just outside the box,2.6205,2.6404,4,0,0,0.0,0
boundary:query,1165,L116.hi.hi.hi.hi,dense,exception,contradicted; every cut loses a supporter,1.9061,1.9061,9,7,4,0.3636,11
boundary:query,1165,L116.lo.hi.hi.hi,dense,exception,contradicted; every cut loses a supporter,1.9061,1.9061,9,7,4,0.3636,11
boundary:query,1165,L153.hi.hi.hi.hi,dense,exception,contradicted; every cut loses a supporter,1.9152,1.9152,9,7,4,0.3636,11
boundary:query,1165,L116.hi.lo.hi.hi.hi,dense,exception,contradicted; every cut loses a supporter,1.9061,1.9061,9,7,4,0.3636,11
boundary:query,1165,L116.hi.hi.lo.hi.hi,dense,exception,contradicted; every cut loses a supporter,1.9061,1.9061,10,6,4,0.3333,9
boundary:query,1165,L116.hi.hi.hi.hi,dense,split,4 exceptions; cut f:query_len_tokens at 15,,1.9061,9,7,4,0.3636,11
boundary:query,1165,L116.hi.hi.hi.hi.lo,dense,create,split of L116.hi.hi.hi.hi,,1.8664,7,0,0,0.0,0
boundary:query,1165,L116.hi.hi.hi.hi.hi,dense,create,split of L116.hi.hi.hi.hi,,1.7869,2,0,0,0.0,0
boundary:query,1165,L116.lo.hi.hi.hi,dense,split,4 exceptions; cut f:query_len_tokens at 14,,1.9061,9,7,4,0.3636,11
boundary:query,1165,L116.lo.hi.hi.hi.lo,dense,create,split of L116.lo.hi.hi.hi,,1.8266,5,0,0,0.0,0
boundary:query,1165,L116.lo.hi.hi.hi.hi,dense,create,split of L116.lo.hi.hi.hi,,1.8266,4,0,0,0.0,0
boundary:query,1165,L153.hi.hi.hi.hi,dense,split,4 exceptions; cut f:query_len_tokens at 14,,1.9152,9,7,4,0.3636,11
boundary:query,1165,L153.hi.hi.hi.hi.lo,dense,create,split of L153.hi.hi.hi.hi,,1.8357,5,0,0,0.0,0
boundary:query,1165,L153.hi.hi.hi.hi.hi,dense,create,split of L153.hi.hi.hi.hi,,1.8357,4,0,0,0.0,0
boundary:query,1165,L116.hi.lo.hi.hi.hi,dense,split,4 exceptions; cut f:query_len_tokens at 14,,1.9061,9,7,4,0.3636,11
boundary:query,1165,L116.hi.lo.hi.hi.hi.lo,dense,create,split of L116.hi.lo.hi.hi.hi,,1.8266,5,0,0,0.0,0
boundary:query,1165,L116.hi.lo.hi.hi.hi.hi,dense,create,split of L116.hi.lo.hi.hi.hi,,1.8266,4,0,0,0.0,0
boundary:query,1165,L116.hi.hi.lo.hi.hi,dense,split,4 exceptions; cut f:query_len_tokens at 14,,1.9061,10,6,4,0.3333,9
boundary:query,1165,L116.hi.hi.lo.hi.hi.lo,dense,create,split of L116.hi.hi.lo.hi.hi,,1.8266,6,0,0,0.0,0
boundary:query,1165,L116.hi.hi.lo.hi.hi.hi,dense,create,split of L116.hi.hi.lo.hi.hi,,1.8266,4,0,0,0.0,0
boundary:query,1166,L261.lo.hi,dense,exception,contradicted; every cut loses a supporter,1.8725,1.8725,6,4,1,0.3333,6
boundary:query,1166,L322.lo.hi,dense,exception,contradicted; every cut loses a supporter,1.8721,1.8721,6,4,1,0.3333,6
boundary:query,1166,L443,hybrid,exception,contradicted; every cut loses a supporter,1.9145,1.9145,2,7,1,0.125,8
boundary:query,1167,L367,hybrid,expand,arm beat the default just outside the box,1.9526,1.9526,4,6,2,0.25,8
boundary:query,1167,L477,hybrid,create,"default missed, hybrid hit",,2.0,1,0,0,0.0,0
boundary:query,1168,L179.hi.hi,dense,retire,utility <= 0,,1.8767,3,5,0,0.0,5
boundary:query,1169,L304.hi.lo,dense,exception,contradicted; every cut loses a supporter,1.8915,1.8915,6,4,1,0.3333,6
boundary:query,1169,L261.lo.hi,dense,exception,contradicted; every cut loses a supporter,1.8727,1.8727,6,5,2,0.2857,7
boundary:query,1169,L322.lo.hi,dense,exception,contradicted; every cut loses a supporter,1.8723,1.8723,6,5,2,0.2857,7
boundary:query,1169,L443,hybrid,exception,contradicted; every cut loses a supporter,1.9147,1.9147,2,8,2,0.1111,9
boundary:query,1171,L304.hi.hi,dense,expand,arm beat the default just outside the box,1.8524,1.8723,5,3,0,0.0,3
boundary:query,1171,L198.hi.hi,hybrid,expand,arm beat the default just outside the box,1.8355,1.8752,3,2,0,0.0,2
boundary:query,1171,L305.hi,hybrid,expand,arm beat the default just outside the box,1.8325,1.8723,3,2,0,0.0,2
boundary:query,1171,L116.lo.hi.lo.hi.lo.hi.lo,dense,expand,arm beat the default just outside the box,1.8277,1.8674,8,3,0,0.25,4
boundary:query,1171,L116.hi.hi.lo.lo.lo.hi.hi.lo,dense,expand,arm beat the default just outside the box,1.8078,1.8674,5,2,0,0.3333,3
boundary:query,1171,L116.hi.hi.hi.hi.hi,dense,expand,arm beat the default just outside the box,1.7879,1.8277,3,1,0,0.0,1
boundary:query,1172,L166,dense,expand,arm beat the default just outside the box,1.878,1.878,4,9,2,0.1818,11
boundary:query,1172,L393.lo,dense,expand,arm beat the default just outside the box,1.8887,1.9086,3,2,0,0.0,2
boundary:query,1172,L395.lo,dense,retire,utility <= 0,,1.8741,4,4,0,0.0,5
boundary:query,1174,L116.hi.hi.lo.hi.lo.hi,dense,exception,contradicted; every cut loses a supporter,1.8283,1.8283,4,5,1,0.1667,6
boundary:query,1174,L304.hi.lo,dense,exception,contradicted; every cut loses a supporter,1.8928,1.8928,7,5,2,0.375,8
boundary:query,1174,L116.lo.hi.lo.hi.lo.hi.lo,dense,exception,contradicted; every cut loses a supporter,1.8681,1.8681,8,5,1,0.1667,6
boundary:query,1175,L19.lo,dense,exception,contradicted; every cut loses a supporter,1.8608,1.8608,10,6,3,0.3333,9
boundary:query,1175,L59.lo,dense,exception,contradicted; every cut loses a supporter,1.8635,1.8635,7,5,1,0.1667,6
boundary:query,1175,L54.hi,hybrid,expand,arm beat the default just outside the box,1.8226,1.8624,5,7,1,0.1111,9
boundary:query,1176,L6.lo.lo.hi.hi.hi,dense,expand,arm beat the default just outside the box,2.2189,2.2587,6,4,0,0.2,5
boundary:query,1176,L91.lo.hi.hi.hi,dense,expand,arm beat the default just outside the box,1.8181,1.8579,6,4,0,0.2,5
boundary:query,1176,L226.hi,hybrid,expand,arm beat the default just outside the box,1.9186,1.9584,5,4,1,0.3333,6
boundary:query,1176,L12.lo.hi.hi.hi.hi,dense,expand,arm beat the default just outside the box,1.75,1.7699,9,3,0,0.25,4
boundary:query,1176,L12.hi.hi.hi.hi.hi,dense,expand,arm beat the default just outside the box,1.75,1.7699,9,3,0,0.25,4
boundary:query,1176,L6.lo.hi.hi.hi.hi,dense,expand,arm beat the default just outside the box,2.2388,2.2587,9,3,0,0.25,4
boundary:query,1176,L401.lo,hybrid,expand,arm beat the default just outside the box,1.8885,1.9083,2,0,0,0.0,0
boundary:query,1178,L116.hi.hi.lo.lo.lo.hi.hi.lo,dense,exception,contradicted; every cut loses a supporter,1.8686,1.8686,6,5,1,0.2857,7
boundary:query,1178,L304.hi.hi,dense,retire,utility <= 0,,1.8734,5,5,0,0.0,5
boundary:query,1179,L367,hybrid,narrow,contradicted; cut f:query_len_tokens,1.9545,1.8698,4,7,2,0.2222,9
boundary:query,1179,L5.lo,dense,expand,arm beat the default just outside the box,2.6838,2.6838,9,5,3,0.375,8
boundary:query,1179,L118.lo.lo,dense,expand,arm beat the default just outside the box,1.826,1.8658,8,0,0,1.0,1
boundary:query,1179,L272.lo,dense,expand,arm beat the default just outside the box,1.8345,1.8743,6,0,0,1.0,1
boundary:query,1179,L5.hi.lo,dense,expand,arm beat the default just outside the box,2.644,2.6838,6,0,0,1.0,1
boundary:query,1181,L261.lo.hi,dense,exception,contradicted; every cut loses a supporter,1.8742,1.8742,7,6,3,0.3333,9
boundary:query,1181,L322.lo.hi,dense,exception,contradicted; every cut loses a supporter,1.8738,1.8738,7,6,3,0.3333,9
boundary:query,1181,L443,hybrid,exception,contradicted; every cut loses a supporter,1.9163,1.9163,2,9,3,0.1,10
boundary:query,1182,L116.hi.hi.lo.hi.lo.hi,dense,exception,contradicted; every cut loses a supporter,1.8288,1.8288,5,6,2,0.25,8
boundary:query,1182,L304.hi.lo,dense,exception,contradicted; every cut loses a supporter,1.8934,1.8934,8,6,3,0.4,10
boundary:query,1182,L198.hi.lo,hybrid,exception,contradicted; every cut loses a supporter,1.8367,1.8367,6,5,1,0.1667,6
boundary:query,1182,L305.lo,hybrid,exception,contradicted; every cut loses a supporter,1.8337,1.8337,7,5,1,0.1667,6
boundary:query,1182,L116.lo.hi.lo.hi.lo.hi.lo,dense,exception,contradicted; every cut loses a supporter,1.8686,1.8686,9,6,2,0.25,8
boundary:query,1182,L116.lo.hi.lo.hi.lo.hi.hi,dense,exception,contradicted; every cut loses a supporter,1.8288,1.8288,6,4,1,0.3333,6
boundary:query,1182,L116.lo.hi.lo.hi.lo.lo.hi.hi,dense,exception,contradicted; every cut loses a supporter,1.8288,1.8288,6,3,1,0.5,6
boundary:query,1182,L116.hi.hi.lo.lo.lo.hi.hi.lo,dense,exception,contradicted; every cut loses a supporter,1.8686,1.8686,6,6,2,0.25,8
boundary:query,1183,L6.lo.lo.hi.hi.hi,dense,exception,contradicted; every cut loses a supporter,2.2594,2.2594,6,5,1,0.1667,6
boundary:query,1183,L91.lo.hi.hi.hi,dense,exception,contradicted; every cut loses a supporter,1.8585,1.8585,6,5,1,0.1667,6
boundary:query,1183,L226.hi,hybrid,exception,contradicted; every cut loses a supporter,1.9589,1.9589,5,5,2,0.2857,7
boundary:query,1183,L12.lo.hi.hi.hi.lo.hi,dense,exception,contradicted; every cut loses a supporter,1.6908,1.6908,2,5,1,0.1667,6
boundary:query,1183,L12.hi.hi.hi.hi.lo.hi,dense,exception,contradicted; every cut loses a supporter,1.6908,1.6908,2,5,1,0.1667,6
boundary:query,1183,L6.lo.hi.hi.hi.lo.hi,dense,exception,contradicted; every cut loses a supporter,2.1799,2.1799,2,5,1,0.1667,6
boundary:query,1186,L55.lo.lo,dense,expand,arm beat the default just outside the box,1.9963,2.0361,12,1,0,0.6667,3
boundary:query,1186,L56.lo.lo,hybrid,expand,arm beat the default just outside the box,1.9963,2.0361,5,2,0,0.0,2
boundary:query,1187,L12.lo.hi.hi.hi.lo.lo,dense,expand,arm beat the default just outside the box,1.8093,1.849,13,4,1,0.1667,6
boundary:query,1187,L12.hi.hi.hi.hi.lo.lo,dense,expand,arm beat the default just outside the box,1.8093,1.849,13,4,1,0.1667,6
boundary:query,1187,L6.lo.hi.hi.hi.lo.lo,dense,expand,arm beat the default just outside the box,2.2982,2.338,13,4,1,0.1667,6
boundary:query,1189,L198.hi.lo,hybrid,exception,contradicted; every cut loses a supporter,1.8351,1.8351,6,6,2,0.1429,7
boundary:query,1189,L305.lo,hybrid,exception,contradicted; every cut loses a supporter,1.8321,1.8321,7,6,2,0.1429,7
boundary:query,1189,L198.hi.hi,hybrid,retire,utility <= 0,,1.8748,3,5,0,0.0,5
boundary:query,1189,L305.hi,hybrid,retire,utility <= 0,,1.8718,3,5,0,0.0,5
boundary:query,1191,L317,dense,exception,contradicted; every cut loses a supporter,2.0372,2.0372,7,6,3,0.4545,11
boundary:query,1191,L318,hybrid,exception,contradicted; every cut loses a supporter,2.0372,2.0372,7,6,3,0.4545,11
boundary:query,1197,L401.lo,hybrid,expand,arm beat the default just outside the box,1.9065,1.9461,3,1,0,0.0,1
boundary:query,1198,L116.hi.hi.lo.hi.lo.hi,dense,expand,arm beat the default just outside the box,1.8269,1.8665,6,6,2,0.25,8
boundary:query,1198,L116.lo.hi.lo.hi.lo.hi.hi,dense,expand,arm beat the default just outside the box,1.8269,1.8665,9,4,1,0.5,8
boundary:query,1198,L116.lo.hi.lo.hi.lo.lo.hi.hi,dense,expand,arm beat the default just outside the box,1.8269,1.8665,9,3,1,0.625,8
boundary:query,1198,L116.hi.hi.lo.lo.lo.hi.hi.hi,dense,expand,arm beat the default just outside the box,1.8269,1.8665,9,3,0,0.5714,7
boundary:query,1198,L116.hi.hi.hi.hi.lo,dense,expand,arm beat the default just outside the box,1.8665,1.9061,12,3,0,0.5714,7
boundary:query,1198,L116.lo.hi.hi.hi.lo,dense,expand,arm beat the default just outside the box,1.8269,1.8665,10,3,0,0.5714,7
boundary:query,1198,L153.hi.hi.hi.hi.lo,dense,expand,arm beat the default just outside the box,1.836,1.8756,10,3,0,0.5714,7
boundary:query,1198,L116.hi.lo.hi.hi.hi.lo,dense,expand,arm beat the default just outside the box,1.8269,1.8665,10,3,0,0.5714,7
boundary:query,1198,L116.hi.hi.lo.hi.hi.lo,dense,expand,arm beat the default just outside the box,1.8269,1.8665,11,3,0,0.5714,7
boundary:query,1202,L443,hybrid,expand,arm beat the default just outside the box,1.9149,1.9492,3,9,3,0.1,10
boundary:query,1202,L478,hybrid,create,"default missed, hybrid hit",,2.0,1,0,0,0.0,0
boundary:query,1203,L261.lo.lo,dense,exception,contradicted; every cut loses a supporter,1.8337,1.8337,8,4,1,0.3333,6
boundary:query,1203,L322.lo.lo,dense,exception,contradicted; every cut loses a supporter,1.9574,1.9574,6,4,1,0.3333,6
boundary:query,1204,L401.hi,hybrid,exception,contradicted; every cut loses a supporter,1.8135,1.8135,3,4,1,0.3333,6
boundary:query,1205,L59.lo,dense,exception,contradicted; every cut loses a supporter,1.8627,1.8627,7,6,2,0.1429,7
boundary:query,1207,L272.hi,dense,narrow,contradicted; cut f:query_len_tokens,1.9563,1.8734,5,3,0,0.5,6
boundary:query,1208,L116.lo.lo.lo,dense,exception,contradicted; every cut loses a supporter,1.8675,1.8675,10,8,4,0.2727,11
boundary:query,1208,L116.lo.hi.lo.lo.lo,dense,exception,contradicted; every cut loses a supporter,1.8675,1.8675,13,7,4,0.3,10
boundary:query,1208,L322.hi,dense,exception,contradicted; every cut loses a supporter,1.8729,1.8729,7,7,4,0.3636,11
boundary:query,1208,L116.lo.lo.hi.lo,dense,exception,contradicted; every cut loses a supporter,1.8675,1.8675,10,7,4,0.3636,11
boundary:query,1208,L116.hi.hi.lo.lo.lo.lo,dense,exception,contradicted; every cut loses a supporter,1.8675,1.8675,16,6,4,0.5,12
boundary:query,1208,L116.lo.hi.lo.lo.hi.lo,dense,exception,contradicted; every cut loses a supporter,1.8675,1.8675,11,7,4,0.3636,11
boundary:query,1208,L116.hi.hi.lo.hi.lo.hi,dense,exception,contradicted; every cut loses a supporter,1.8675,1.8675,6,7,3,0.2222,9
boundary:query,1208,L304.hi.lo,dense,exception,contradicted; every cut loses a supporter,1.8921,1.8921,8,7,4,0.3636,11
boundary:query,1208,L261.lo.hi,dense,exception,contradicted; every cut loses a supporter,1.8734,1.8734,7,7,4,0.3,10
boundary:query,1208,L322.lo.hi,dense,exception,contradicted; every cut loses a supporter,1.8729,1.8729,7,7,4,0.3,10
boundary:query,1208,L116.lo.hi.lo.hi.lo.hi.lo,dense,exception,contradicted; every cut loses a supporter,1.8675,1.8675,10,7,3,0.3,10
boundary:query,1208,L116.lo.hi.lo.hi.lo.hi.hi,dense,exception,contradicted; every cut loses a supporter,1.8675,1.8675,9,5,2,0.4444,9
boundary:query,1208,L116.lo.hi.lo.hi.lo.lo.hi.lo,dense,exception,contradicted; every cut loses a supporter,1.7883,1.7883,9,4,1,0.4286,7
boundary:query,1208,L116.lo.hi.lo.hi.lo.lo.hi.hi,dense,exception,contradicted; every cut loses a supporter,1.8675,1.8675,9,4,2,0.5556,9
boundary:query,1208,L116.hi.hi.lo.lo.lo.hi.hi.lo,dense,exception,contradicted; every cut loses a supporter,1.8675,1.8675,7,7,3,0.3,10
boundary:query,1208,L116.hi.hi.lo.lo.lo.hi.hi.hi,dense,exception,contradicted; every cut loses a supporter,1.8675,1.8675,9,4,1,0.5,8
boundary:query,1208,L116.hi.hi.hi.hi.lo,dense,exception,contradicted; every cut loses a supporter,1.9071,1.9071,12,4,1,0.5,8
boundary:query,1208,L116.lo.hi.hi.hi.lo,dense,exception,contradicted; every cut loses a supporter,1.8675,1.8675,10,4,1,0.5,8
boundary:query,1208,L153.hi.hi.hi.hi.lo,dense,exception,contradicted; every cut loses a supporter,1.8766,1.8766,10,4,1,0.5,8
boundary:query,1208,L116.hi.lo.hi.hi.hi.lo,dense,exception,contradicted; every cut loses a supporter,1.8675,1.8675,10,4,1,0.5,8
boundary:query,1208,L116.hi.hi.lo.hi.hi.lo,dense,exception,contradicted; every cut loses a supporter,1.8675,1.8675,11,4,1,0.5,8
boundary:query,1208,L116.lo.lo.lo,dense,split,4 exceptions; cut f:query_len_tokens at 9.5,,1.8675,10,8,4,0.2727,11
boundary:query,1208,L116.lo.lo.lo.lo,dense,create,split of L116.lo.lo.lo,,1.7685,5,0,0,0.0,0
boundary:query,1208,L116.lo.lo.lo.hi,dense,create,split of L116.lo.lo.lo,,1.8477,5,0,0,0.0,0
boundary:query,1208,L116.lo.hi.lo.lo.lo,dense,split,4 exceptions; cut f:query_len_tokens at 9,,1.8675,13,7,4,0.3,10
boundary:query,1208,L116.lo.hi.lo.lo.lo.lo,dense,create,split of L116.lo.hi.lo.lo.lo,,1.7487,7,0,0,0.0,0
boundary:query,1208,L116.lo.hi.lo.lo.lo.hi,dense,create,split of L116.lo.hi.lo.lo.lo,,1.8675,6,0,0,0.0,0
boundary:query,1208,L322.hi,dense,split,4 exceptions; cut f:query_len_tokens at 11,,1.8729,7,7,4,0.3636,11
boundary:query,1208,L322.hi.lo,dense,create,split of L322.hi,,1.8333,5,0,0,0.0,0
boundary:query,1208,L322.hi.hi,dense,create,split of L322.hi,,1.7938,2,0,0,0.0,0
boundary:query,1208,L116.lo.lo.hi.lo,dense,split,4 exceptions; cut f:query_len_tokens at 11,,1.8675,10,7,4,0.3636,11
boundary:query,1208,L116.lo.lo.hi.lo.lo,dense,create,split of L116.lo.lo.hi.lo,,1.8279,8,0,0,0.0,0
boundary:query,1208,L116.lo.lo.hi.lo.hi,dense,create,split of L116.lo.lo.hi.lo,,1.7883,2,0,0,0.0,0
boundary:query,1208,L116.hi.hi.lo.lo.lo.lo,dense,split,4 exceptions; cut f:query_len_tokens at 9.5,,1.8675,16,6,4,0.5,12
boundary:query,1208,L116.hi.hi.lo.lo.lo.lo.lo,dense,create,split of L116.hi.hi.lo.lo.lo.lo,,1.7685,8,0,0,0.0,0
boundary:query,1208,L116.hi.hi.lo.lo.lo.lo.hi,dense,create,split of L116.hi.hi.lo.lo.lo.lo,,1.8477,8,0,0,0.0,0
boundary:query,1208,L116.lo.hi.lo.lo.hi.lo,dense,split,4 exceptions; cut f:query_len_tokens at 11,,1.8675,11,7,4,0.3636,11
boundary:query,1208,L116.lo.hi.lo.lo.hi.lo.lo,dense,create,split of L116.lo.hi.lo.lo.hi.lo,,1.8279,9,0,0,0.0,0
boundary:query,1208,L116.lo.hi.lo.lo.hi.lo.hi,dense,create,split of L116.lo.hi.lo.lo.hi.lo,,1.7883,2,0,0,0.0,0
boundary:query,1208,L304.hi.lo,dense,split,4 exceptions; cut f:query_len_tokens at 12.5,,1.8921,8,7,4,0.3636,11
boundary:query,1208,L304.hi.lo.lo,dense,create,split of L304.hi.lo,,1.8129,4,0,0,0.0,0
boundary:query,1208,L304.hi.lo.hi,dense,create,split of L304.hi.lo,,1.8327,4,0,0,0.0,0
boundary:query,1208,L261.lo.hi,dense,split,4 exceptions; cut f:query_len_tokens at 11,,1.8734,7,7,4,0.3,10
boundary:query,1208,L261.lo.hi.lo,dense,create,split of L261.lo.hi,,1.8338,5,0,0,0.0,0
boundary:query,1208,L261.lo.hi.hi,dense,create,split of L261.lo.hi,,1.7942,2,0,0,0.0,0
boundary:query,1208,L322.lo.hi,dense,split,4 exceptions; cut f:query_len_tokens at 11,,1.8729,7,7,4,0.3,10
boundary:query,1208,L322.lo.hi.lo,dense,create,split of L322.lo.hi,,1.8333,5,0,0,0.0,0
boundary:query,1208,L322.lo.hi.hi,dense,create,split of L322.lo.hi,,1.7938,2,0,0,0.0,0
boundary:query,1209,L166,dense,exception,contradicted; every cut loses a supporter,1.8781,1.8781,4,10,3,0.1667,12
boundary:query,1209,L396.hi,hybrid,retire,utility <= 0,,1.8492,1,5,0,-0.2,5
boundary:query,1209,L393.lo,dense,retire,utility <= 0,,1.9085,3,5,0,0.0,5
boundary:query,1211,L322.hi.lo,dense,expand,arm beat the default just outside the box,1.8332,1.8728,6,0,0,0.0,0
boundary:query,1211,L116.lo.lo.hi.lo.lo,dense,expand,arm beat the default just outside the box,1.8277,1.8673,9,0,0,0.0,0
boundary:query,1211,L116.lo.hi.lo.lo.hi.lo.lo,dense,expand,arm beat the default just outside the box,1.8277,1.8673,10,0,0,0.0,0
boundary:query,1211,L304.hi.lo.hi,dense,expand,arm beat the default just outside the box,1.8326,1.8524,5,0,0,0.0,0
boundary:query,1211,L261.lo.hi.lo,dense,expand,arm beat the default just outside the box,1.8336,1.8732,6,0,0,0.0,0
boundary:query,1211,L322.lo.hi.lo,dense,expand,arm beat the default just outside the box,1.8332,1.8728,6,0,0,0.0,0
boundary:query,1213,L11.hi,dense,exception,contradicted; every cut loses a supporter,1.872,1.872,12,7,4,0.3,10
boundary:query,1213,L317,dense,exception,contradicted; every cut loses a supporter,2.037,2.037,7,7,4,0.4167,12
boundary:query,1213,L318,hybrid,exception,contradicted; every cut loses a supporter,2.037,2.037,7,7,4,0.4167,12
boundary:query,1213,L11.hi,dense,split,4 exceptions; cut f:query_len_tokens at 12,,1.872,12,7,4,0.3,10
boundary:query,1213,L11.hi.lo,dense,create,split of L11.hi,,1.7532,9,0,0,0.0,0
boundary:query,1213,L11.hi.hi,dense,create,split of L11.hi,,1.7532,3,0,0,0.0,0
boundary:query,1213,L317,dense,split,4 exceptions; cut f:query_len_tokens at 11,,2.037,7,7,4,0.4167,12
boundary:query,1213,L317.lo,dense,create,split of L317,,1.8343,4,0,0,0.0,0
boundary:query,1213,L317.hi,dense,create,split of L317,,1.9578,3,0,0,0.0,0
boundary:query,1213,L318,hybrid,split,4 exceptions; cut f:query_len_tokens at 11,,2.037,7,7,4,0.4167,12
boundary:query,1213,L318.lo,hybrid,create,split of L318,,1.8343,4,0,0,0.0,0
boundary:query,1213,L318.hi,hybrid,create,split of L318,,1.9578,3,0,0,0.0,0
boundary:query,1215,L261.lo.lo,dense,exception,contradicted; every cut loses a supporter,1.8339,1.8339,8,5,2,0.1429,7
boundary:query,1215,L322.lo.lo,dense,exception,contradicted; every cut loses a supporter,1.9575,1.9575,6,5,2,0.1429,7
boundary:query,1215,L443,hybrid,exception,contradicted; every cut loses a supporter,1.9496,1.9496,3,10,4,0.0,11
boundary:query,1215,L443,hybrid,split,4 exceptions; cut f:query_len_tokens at 9,,1.9496,3,10,4,0.0,11
boundary:query,1215,L443.lo,hybrid,create,split of L443,,1.8308,2,0,0,0.0,0
boundary:query,1215,L443.hi,hybrid,create,split of L443,,1.8704,1,0,0,0.0,0
boundary:query,1219,L5.hi.hi,dense,expand,arm beat the default just outside the box,2.6252,2.645,7,1,0,0.75,4
boundary:query,1220,L367,hybrid,exception,contradicted; every cut loses a supporter,1.869,1.869,5,8,3,0.2727,11
boundary:query,1220,L118.lo.hi,dense,exception,contradicted; every cut loses a supporter,1.8254,1.8254,7,3,1,0.5714,7
boundary:query,1220,L272.hi,dense,exception,contradicted; every cut loses a supporter,1.8734,1.8734,6,4,1,0.5,8
boundary:query,1220,L477,hybrid,exception,contradicted; every cut loses a supporter,2.0005,2.0005,2,5,1,0.1667,6
boundary:query,1221,L345,hybrid,expand,arm beat the default just outside the box,1.8707,1.9103,6,8,3,0.2727,11
boundary:query,1221,L349,dense,expand,arm beat the default just outside the box,1.8702,1.9098,7,6,3,0.4,10
boundary:query,1221,L505,dense,create,"default missed, dense hit",,2.0,1,0,0,0.0,0
boundary:query,1221,L506,hybrid,create,"default missed, hybrid hit",,2.0,1,0,0,0.0,0
boundary:query,1222,L396.lo,hybrid,retire,utility <= 0,,1.8144,1,5,0,0.0,5
boundary:query,1224,L54.hi,hybrid,expand,arm beat the default just outside the box,1.8618,1.9014,6,7,1,0.1111,9
boundary:query,1224,L59.hi,dense,expand,arm beat the default just outside the box,1.8157,1.8751,8,2,0,0.5,4
boundary:query,1224,L507,dense,create,"default missed, dense hit",,2.0,1,0,0,0.0,0
boundary:query,1227,L116.hi.hi.lo.hi.lo.hi,dense,exception,contradicted; every cut loses a supporter,1.868,1.868,6,8,4,0.2,10
boundary:query,1227,L116.lo.hi.lo.hi.lo.hi.lo,dense,exception,contradicted; every cut loses a supporter,1.868,1.868,10,8,4,0.2727,11
boundary:query,1227,L116.lo.hi.lo.hi.lo.hi.hi,dense,exception,contradicted; every cut loses a supporter,1.868,1.868,9,6,3,0.4,10
boundary:query,1227,L116.lo.hi.lo.hi.lo.lo.hi.lo,dense,exception,contradicted; every cut loses a supporter,1.7887,1.7887,9,5,2,0.375,8
boundary:query,1227,L116.lo.hi.lo.hi.lo.lo.hi.hi,dense,exception,contradicted; every cut loses a supporter,1.868,1.868,9,5,3,0.5,10
boundary:query,1227,L116.hi.hi.lo.lo.lo.hi.hi.lo,dense,exception,contradicted; every cut loses a supporter,1.868,1.868,7,8,4,0.2727,11
boundary:query,1227,L116.hi.hi.lo.lo.lo.hi.hi.hi,dense,exception,contradicted; every cut loses a supporter,1.868,1.868,9,5,2,0.4444,9
boundary:query,1227,L116.hi.hi.hi.hi.lo,dense,exception,contradicted; every cut loses a supporter,1.9076,1.9076,12,5,2,0.4444,9
boundary:query,1227,L116.lo.hi.hi.hi.lo,dense,exception,contradicted; every cut loses a supporter,1.868,1.868,10,5,2,0.4444,9
boundary:query,1227,L153.hi.hi.hi.hi.lo,dense,exception,contradicted; every cut loses a supporter,1.8771,1.8771,10,5,2,0.4444,9
boundary:query,1227,L116.hi.lo.hi.hi.hi.lo,dense,exception,contradicted; every cut loses a supporter,1.868,1.868,10,5,2,0.4444,9
boundary:query,1227,L116.hi.hi.lo.hi.hi.lo,dense,exception,contradicted; every cut loses a supporter,1.868,1.868,11,5,2,0.4444,9
boundary:query,1227,L116.hi.hi.lo.hi.lo.hi,dense,split,4 exceptions; cut f:query_len_tokens at 13,,1.868,6,8,4,0.2,10
boundary:query,1227,L116.hi.hi.lo.hi.lo.hi.lo,dense,create,split of L116.hi.hi.lo.hi.lo.hi,,1.8283,3,0,0,0.0,0
boundary:query,1227,L116.hi.hi.lo.hi.lo.hi.hi,dense,create,split of L116.hi.hi.lo.hi.lo.hi,,1.7887,3,0,0,0.0,0
boundary:query,1227,L116.lo.hi.lo.hi.lo.hi.lo,dense,split,4 exceptions; cut f:query_len_tokens at 12.5,,1.868,10,8,4,0.2727,11
boundary:query,1227,L116.lo.hi.lo.hi.lo.hi.lo.lo,dense,create,split of L116.lo.hi.lo.hi.lo.hi.lo,,1.8085,5,0,0,0.0,0
boundary:query,1227,L116.lo.hi.lo.hi.lo.hi.lo.hi,dense,create,split of L116.lo.hi.lo.hi.lo.hi.lo,,1.8085,5,0,0,0.0,0
boundary:query,1227,L116.hi.hi.lo.lo.lo.hi.hi.lo,dense,split,4 exceptions; cut f:query_len_tokens at 12,,1.868,7,8,4,0.2727,11
boundary:query,1227,L116.hi.hi.lo.lo.lo.hi.hi.lo.lo,dense,create,split of L116.hi.hi.lo.lo.lo.hi.hi.lo,,1.7887,6,0,0,0.0,0
boundary:query,1227,L116.hi.hi.lo.lo.lo.hi.hi.lo.hi,dense,create,split of L116.hi.hi.lo.lo.lo.hi.hi.lo,,1.8283,1,0,0,0.0,0
boundary:query,1228,L118.lo.lo,dense,exception,contradicted; every cut loses a supporter,1.8654,1.8654,10,3,1,0.5,6
boundary:query,1228,L118.lo.hi,dense,exception,contradicted; every cut loses a supporter,1.8257,1.8257,7,4,2,0.5,8
boundary:query,1228,L272.lo,dense,exception,contradicted; every cut loses a supporter,1.8738,1.8738,8,3,1,0.5,6
boundary:query,1228,L272.hi,dense,exception,contradicted; every cut loses a supporter,1.8738,1.8738,6,5,2,0.4444,9
boundary:query,1228,L5.hi.lo,dense,exception,contradicted; every cut loses a supporter,2.6843,2.6843,8,3,1,0.5,6
boundary:query,1228,L5.hi.hi,dense,exception,contradicted; every cut loses a supporter,2.6446,2.6446,7,3,1,0.5,6
boundary:query,1228,L477,hybrid,narrow,contradicted; cut f:query_len_tokens,2.0011,1.916,2,6,1,0.1429,7
boundary:query,1229,L393.hi,dense,retire,utility <= 0,,1.8096,3,4,0,0.0,5
boundary:query,1232,L261.lo.lo,dense,expand,arm beat the default just outside the box,1.8337,1.8734,9,5,2,0.1429,7
boundary:query,1232,L322.lo.lo,dense,expand,arm beat the default just outside the box,1.9576,1.9973,7,5,2,0.1429,7
boundary:query,1232,L116.lo.hi.lo.hi.lo.hi.hi,dense,expand,arm beat the default just outside the box,1.8674,1.9071,10,6,3,0.4,10
boundary:query,1232,L116.lo.hi.lo.hi.lo.lo.hi.lo,dense,expand,arm beat the default just outside the box,1.7881,1.8277,10,5,2,0.375,8
boundary:query,1232,L116.lo.hi.lo.hi.lo.lo.hi.hi,dense,expand,arm beat the default just outside the box,1.8674,1.9071,10,5,3,0.5,10
boundary:query,1232,L116.hi.hi.lo.lo.lo.hi.hi.hi,dense,expand,arm beat the default just outside the box,1.8674,1.9071,10,5,2,0.4444,9
boundary:query,1232,L116.hi.hi.hi.hi.lo,dense,expand,arm beat the default just outside the box,1.9071,1.9468,13,5,2,0.4444,9
boundary:query,1232,L116.lo.hi.hi.hi.lo,dense,expand,arm beat the default just outside the box,1.8674,1.9071,11,5,2,0.4444,9
boundary:query,1232,L153.hi.hi.hi.hi.lo,dense,expand,arm beat the default just outside the box,1.8765,1.9162,11,5,2,0.4444,9
boundary:query,1232,L116.hi.lo.hi.hi.hi.lo,dense,expand,arm beat the default just outside the box,1.8674,1.9071,11,5,2,0.4444,9
boundary:query,1232,L116.hi.hi.lo.hi.hi.lo,dense,expand,arm beat the default just outside the box,1.8674,1.9071,12,5,2,0.4444,9
boundary:query,1232,L116.lo.lo.lo.lo,dense,expand,arm beat the default just outside the box,1.7682,1.7881,6,0,0,0.0,0
boundary:query,1232,L116.lo.hi.lo.lo.lo.lo,dense,expand,arm beat the default just outside the box,1.7484,1.7881,8,0,0,0.0,0
boundary:query,1232,L322.hi.hi,dense,expand,arm beat the default just outside the box,1.7936,1.8333,4,2,0,0.3333,3
boundary:query,1232,L116.lo.lo.hi.lo.hi,dense,expand,arm beat the default just outside the box,1.7881,1.8277,4,2,0,0.3333,3
boundary:query,1232,L116.hi.hi.lo.lo.lo.lo.lo,dense,expand,arm beat the default just outside the box,1.7682,1.7881,9,0,0,0.0,0
boundary:query,1232,L116.lo.hi.lo.lo.hi.lo.hi,dense,expand,arm beat the default just outside the box,1.7881,1.8277,4,2,0,0.3333,3
boundary:query,1232,L304.hi.lo.lo,dense,expand,arm beat the default just outside the box,1.8128,1.8525,6,2,0,0.3333,3
boundary:query,1232,L261.lo.hi.hi,dense,expand,arm beat the default just outside the box,1.794,1.8337,4,2,0,0.3333,3
boundary:query,1232,L322.lo.hi.hi,dense,expand,arm beat the default just outside the box,1.7936,1.8333,4,2,0,0.3333,3
boundary:query,1232,L116.hi.hi.lo.hi.lo.hi.lo,dense,expand,arm beat the default just outside the box,1.8277,1.8674,4,0,0,0.0,0
boundary:query,1232,L116.lo.hi.lo.hi.lo.hi.lo.lo,dense,expand,arm beat the default just outside the box,1.8079,1.8476,6,0,0,0.0,0
boundary:query,1232,L116.hi.hi.lo.lo.lo.hi.hi.lo.lo,dense,expand,arm beat the default just outside the box,1.7881,1.8277,7,0,0,0.0,0
boundary:query,1232,L478,hybrid,retire,utility <= 0,,2.0006,1,5,0,-0.2,5
boundary:query,1233,L306,dense,retire,utility <= 0,,1.9984,1,5,0,0.0,5
boundary:query,1233,L307,hybrid,retire,utility <= 0,,1.9984,1,5,0,0.0,5
boundary:query,1234,L116.lo.lo.lo.hi,dense,exception,contradicted; every cut loses a supporter,1.8479,1.8479,7,5,1,0.2857,7
boundary:query,1234,L116.lo.hi.lo.lo.lo.hi,dense,exception,contradicted; every cut loses a supporter,1.8677,1.8677,8,5,1,0.2857,7
boundary:query,1234,L322.hi.lo,dense,exception,contradicted; every cut loses a supporter,1.8732,1.8732,7,5,1,0.1667,6
boundary:query,1234,L116.lo.lo.hi.lo.lo,dense,exception,contradicted; every cut loses a supporter,1.8677,1.8677,10,5,1,0.1667,6
boundary:query,1234,L116.hi.hi.lo.lo.lo.lo.hi,dense,exception,contradicted; every cut loses a supporter,1.8479,1.8479,10,5,1,0.2857,7
boundary:query,1234,L116.lo.hi.lo.lo.hi.lo.lo,dense,exception,contradicted; every cut loses a supporter,1.8677,1.8677,11,5,1,0.1667,6
boundary:query,1234,L261.lo.hi.lo,dense,exception,contradicted; every cut loses a supporter,1.8737,1.8737,7,5,1,0.1667,6
boundary:query,1234,L322.lo.hi.lo,dense,exception,contradicted; every cut loses a supporter,1.8732,1.8732,7,5,1,0.1667,6
boundary:query,1235,L12.lo.hi.hi.hi.lo.lo,dense,exception,contradicted; every cut loses a supporter,1.8487,1.8487,14,5,2,0.25,8
boundary:query,1235,L12.hi.hi.hi.hi.lo.lo,dense,exception,contradicted; every cut loses a supporter,1.8487,1.8487,14,5,2,0.25,8
boundary:query,1235,L6.lo.hi.hi.hi.lo.lo,dense,exception,contradicted; every cut loses a supporter,2.3369,2.3369,14,5,2,0.25,8
boundary:query,1236,L401.lo,hybrid,expand,arm beat the default just outside the box,1.9477,1.9477,4,3,0,0.0,3
boundary:query,1239,L116.hi.hi.lo.hi.lo.hi.hi,dense,expand,arm beat the default just outside the box,1.7885,1.8282,4,0,0,0.0,0
boundary:query,1239,L116.lo.hi.lo.hi.lo.hi.lo.hi,dense,expand,arm beat the default just outside the box,1.8084,1.8282,6,0,0,0.0,0
boundary:query,1240,L55.hi.lo,dense,exception,contradicted; every cut loses a supporter,1.9039,1.9039,9,4,1,0.3333,6
boundary:query,1240,L55.hi.hi,dense,exception,contradicted; every cut loses a supporter,1.8244,1.8244,5,4,1,0.3333,6
boundary:query,1240,L55.lo.lo,dense,exception,contradicted; every cut loses a supporter,2.0357,2.0357,12,4,1,0.3333,6
boundary:query,1240,L55.lo.hi,dense,exception,contradicted; every cut loses a supporter,1.8244,1.8244,4,4,1,0.3333,6
boundary:query,1240,L56.lo.lo,hybrid,retire,utility <= 0,,2.0357,5,5,0,0.0,5
boundary:query,1241,L116.hi.hi.hi.hi.hi,dense,exception,contradicted; every cut loses a supporter,1.8283,1.8283,5,4,1,0.3333,6
boundary:query,1241,L116.lo.hi.hi.hi.hi,dense,exception,contradicted; every cut loses a supporter,1.8283,1.8283,7,4,1,0.4286,7
boundary:query,1241,L153.hi.hi.hi.hi.hi,dense,exception,contradicted; every cut loses a supporter,1.8374,1.8374,7,4,1,0.4286,7
boundary:query,1241,L116.hi.lo.hi.hi.hi.hi,dense,exception,contradicted; every cut loses a supporter,1.8283,1.8283,7,4,1,0.4286,7
boundary:query,1241,L116.hi.hi.lo.hi.hi.hi,dense,exception,contradicted; every cut loses a supporter,1.8283,1.8283,7,4,1,0.4286,7
boundary:query,1244,L288,dense,expand,arm beat the default just outside the box,1.9172,1.9172,5,6,1,0.2222,9
boundary:query,1244,L514,dense,create,"default missed, dense hit",,2.0,1,0,0,0.0,0
boundary:query,1245,L116.lo.lo.lo.hi,dense,exception,contradicted; every cut loses a supporter,1.848,1.848,7,6,2,0.25,8
boundary:query,1245,L116.lo.hi.lo.lo.lo.hi,dense,exception,contradicted; every cut loses a supporter,1.8679,1.8679,8,6,2,0.25,8
boundary:query,1245,L322.hi.lo,dense,exception,contradicted; every cut loses a supporter,1.8734,1.8734,7,6,2,0.1429,7
boundary:query,1245,L322.hi.hi,dense,exception,contradicted; every cut loses a supporter,1.8336,1.8336,5,4,1,0.3333,6
boundary:query,1245,L116.lo.lo.hi.lo.lo,dense,exception,contradicted; every cut loses a supporter,1.8679,1.8679,10,6,2,0.1429,7
boundary:query,1245,L116.lo.lo.hi.lo.hi,dense,exception,contradicted; every cut loses a supporter,1.8281,1.8281,5,4,1,0.3333,6
boundary:query,1245,L116.hi.hi.lo.lo.lo.lo.hi,dense,exception,contradicted; every cut loses a supporter,1.848,1.848,10,6,2,0.25,8
boundary:query,1245,L116.lo.hi.lo.lo.hi.lo.lo,dense,exception,contradicted; every cut loses a supporter,1.8679,1.8679,11,6,2,0.1429,7
boundary:query,1245,L116.lo.hi.lo.lo.hi.lo.hi,dense,exception,contradicted; every cut loses a supporter,1.8281,1.8281,5,4,1,0.3333,6
boundary:query,1245,L304.hi.lo.lo,dense,exception,contradicted; every cut loses a supporter,1.8529,1.8529,7,4,1,0.3333,6
boundary:query,1245,L261.lo.hi.lo,dense,exception,contradicted; every cut loses a supporter,1.8738,1.8738,7,6,2,0.1429,7
boundary:query,1245,L261.lo.hi.hi,dense,exception,contradicted; every cut loses a supporter,1.8341,1.8341,5,4,1,0.3333,6
boundary:query,1245,L322.lo.hi.lo,dense,exception,contradicted; every cut loses a supporter,1.8734,1.8734,7,6,2,0.1429,7
boundary:query,1245,L322.lo.hi.hi,dense,exception,contradicted; every cut loses a supporter,1.8336,1.8336,5,4,1,0.3333,6
boundary:query,1245,L443.hi,hybrid,retire,utility <= 0,,1.8708,1,5,0,0.0,5
boundary:query,1247,L322.hi.hi,dense,exception,contradicted; every cut loses a supporter,1.8339,1.8339,5,5,2,0.2857,7
boundary:query,1247,L116.lo.lo.hi.lo.hi,dense,exception,contradicted; every cut loses a supporter,1.8284,1.8284,5,5,2,0.2857,7
boundary:query,1247,L116.lo.hi.lo.lo.hi.lo.hi,dense,exception,contradicted; every cut loses a supporter,1.8284,1.8284,5,5,2,0.2857,7
boundary:query,1247,L304.hi.lo.lo,dense,exception,contradicted; every cut loses a supporter,1.8531,1.8531,7,5,2,0.2857,7
boundary:query,1247,L261.lo.hi.hi,dense,exception,contradicted; every cut loses a supporter,1.8343,1.8343,5,5,2,0.2857,7
boundary:query,1247,L322.lo.hi.hi,dense,exception,contradicted; every cut loses a supporter,1.8339,1.8339,5,5,2,0.2857,7
boundary:query,1249,L116.lo.hi.lo.hi.lo.hi.hi,dense,exception,contradicted; every cut loses a supporter,1.9082,1.9082,10,7,4,0.3636,11
boundary:query,1249,L116.lo.hi.lo.hi.lo.lo.hi.hi,dense,exception,contradicted; every cut loses a supporter,1.9082,1.9082,10,6,4,0.4545,11
boundary:query,1249,L116.hi.hi.lo.lo.lo.hi.hi.hi,dense,exception,contradicted; every cut loses a supporter,1.9082,1.9082,10,6,3,0.4,10
boundary:query,1249,L116.hi.hi.hi.hi.lo,dense,exception,contradicted; every cut loses a supporter,1.9481,1.9481,13,6,3,0.4,10
boundary:query,1249,L116.hi.hi.hi.hi.hi,dense,exception,contradicted; every cut loses a supporter,1.8286,1.8286,5,5,2,0.2857,7
boundary:query,1249,L116.lo.hi.hi.hi.lo,dense,exception,contradicted; every cut loses a supporter,1.9082,1.9082,11,6,3,0.4,10
boundary:query,1249,L116.lo.hi.hi.hi.hi,dense,exception,contradicted; every cut loses a supporter,1.8286,1.8286,7,5,2,0.375,8
boundary:query,1249,L153.hi.hi.hi.hi.lo,dense,exception,contradicted; every cut loses a supporter,1.9174,1.9174,11,6,3,0.4,10
boundary:query,1249,L153.hi.hi.hi.hi.hi,dense,exception,contradicted; every cut loses a supporter,1.8377,1.8377,7,5,2,0.375,8
boundary:query,1249,L116.hi.lo.hi.hi.hi.lo,dense,exception,contradicted; every cut loses a supporter,1.9082,1.9082,11,6,3,0.4,10
boundary:query,1249,L116.hi.lo.hi.hi.hi.hi,dense,exception,contradicted; every cut loses a supporter,1.8286,1.8286,7,5,2,0.375,8
boundary:query,1249,L116.hi.hi.lo.hi.hi.lo,dense,exception,contradicted; every cut loses a supporter,1.9082,1.9082,12,6,3,0.4,10
boundary:query,1249,L116.hi.hi.lo.hi.hi.hi,dense,exception,contradicted; every cut loses a supporter,1.8286,1.8286,7,5,2,0.375,8
boundary:query,1249,L116.lo.hi.lo.hi.lo.hi.hi,dense,split,4 exceptions; cut f:query_len_tokens at 14,,1.9082,10,7,4,0.3636,11
boundary:query,1249,L116.lo.hi.lo.hi.lo.hi.hi.lo,dense,create,split of L116.lo.hi.lo.hi.lo.hi.hi,,1.9082,10,0,0,0.0,0
boundary:query,1249,L116.lo.hi.lo.hi.lo.lo.hi.hi,dense,split,4 exceptions; cut f:query_len_tokens at 13.5,,1.9082,10,6,4,0.4545,11
boundary:query,1249,L116.lo.hi.lo.hi.lo.lo.hi.hi.lo,dense,create,split of L116.lo.hi.lo.hi.lo.lo.hi.hi,,1.8883,5,0,0,0.0,0
boundary:query,1249,L116.lo.hi.lo.hi.lo.lo.hi.hi.hi,dense,create,split of L116.lo.hi.lo.hi.lo.lo.hi.hi,,1.7689,5,0,0,0.0,0
boundary:query,1250,L116.lo.hi.lo.hi.lo.lo.hi.lo,dense,expand,arm beat the default just outside the box,1.8289,1.8687,11,5,2,0.375,8
boundary:query,1250,L116.hi.hi.lo.lo.lo.hi.hi.hi,dense,expand,arm beat the default just outside the box,1.9085,1.9483,11,6,3,0.4,10
boundary:query,1250,L116.hi.hi.hi.hi.lo,dense,expand,arm beat the default just outside the box,1.9483,1.9881,14,6,3,0.4,10
boundary:query,1250,L116.lo.hi.hi.hi.lo,dense,expand,arm beat the default just outside the box,1.9085,1.9483,12,6,3,0.4,10
boundary:query,1250,L153.hi.hi.hi.hi.lo,dense,expand,arm beat the default just outside the box,1.9176,1.9574,12,6,3,0.4,10
boundary:query,1250,L116.hi.lo.hi.hi.hi.lo,dense,expand,arm beat the default just outside the box,1.9085,1.9483,12,6,3,0.4,10
boundary:query,1250,L116.hi.hi.lo.hi.hi.lo,dense,expand,arm beat the default just outside the box,1.9085,1.9483,13,6,3,0.4,10
boundary:query,1250,L116.lo.lo.lo.hi,dense,expand,arm beat the default just outside the box,1.8488,1.8687,8,6,2,0.25,8
boundary:query,1250,L322.hi.hi,dense,expand,arm beat the default just outside the box,1.8344,1.8742,6,5,2,0.2857,7
boundary:query,1250,L116.lo.lo.hi.lo.hi,dense,expand,arm beat the default just outside the box,1.8289,1.8687,6,5,2,0.2857,7
boundary:query,1250,L116.hi.hi.lo.lo.lo.lo.hi,dense,expand,arm beat the default just outside the box,1.8488,1.8687,11,6,2,0.25,8
boundary:query,1250,L116.lo.hi.lo.lo.hi.lo.hi,dense,expand,arm beat the default just outside the box,1.8289,1.8687,6,5,2,0.2857,7
boundary:query,1250,L304.hi.lo.lo,dense,expand,arm beat the default just outside the box,1.8536,1.8934,8,5,2,0.2857,7
boundary:query,1250,L261.lo.hi.hi,dense,expand,arm beat the default just outside the box,1.8348,1.8746,6,5,2,0.2857,7
boundary:query,1250,L322.lo.hi.hi,dense,expand,arm beat the default just outside the box,1.8344,1.8742,6,5,2,0.2857,7
boundary:query,1250,L116.hi.hi.lo.hi.lo.hi.lo,dense,expand,arm beat the default just outside the box,1.8687,1.9085,6,3,0,0.25,4
boundary:query,1250,L116.lo.hi.lo.hi.lo.hi.lo.lo,dense,expand,arm beat the default just outside the box,1.8488,1.8886,8,3,0,0.25,4
boundary:query,1250,L116.hi.hi.lo.lo.lo.hi.hi.lo.lo,dense,expand,arm beat the default just outside the box,1.8289,1.8687,9,3,0,0.25,4
boundary:query,1250,L116.lo.hi.lo.hi.lo.hi.hi.lo,dense,expand,arm beat the default just outside the box,1.9085,1.9483,11,0,0,0.0,0
boundary:query,1250,L116.lo.hi.lo.hi.lo.lo.hi.hi.lo,dense,expand,arm beat the default just outside the box,1.8886,1.9284,6,0,0,0.0,0
boundary:query,1252,L261.lo.lo,dense,exception,contradicted; every cut loses a supporter,1.8747,1.8747,9,6,3,0.125,8
boundary:query,1252,L322.lo.lo,dense,exception,contradicted; every cut loses a supporter,1.9989,1.9989,7,6,3,0.125,8
boundary:query,1257,L401.lo,hybrid,retire,utility <= 0,,1.9482,4,5,0,0.0,5
boundary:query,1260,L304.hi.lo.hi,dense,exception,contradicted; every cut loses a supporter,1.8532,1.8532,6,5,1,0.1667,6
boundary:query,1261,L12.lo.hi.hi.hi.lo.lo,dense,exception,contradicted; every cut loses a supporter,1.8501,1.8501,15,6,3,0.3,10
boundary:query,1261,L12.hi.hi.hi.hi.lo.lo,dense,exception,contradicted; every cut loses a supporter,1.8501,1.8501,15,6,3,0.3,10
boundary:query,1261,L6.lo.hi.hi.hi.lo.lo,dense,exception,contradicted; every cut loses a supporter,2.337,2.337,15,6,3,0.3,10
boundary:query,1262,L218,hybrid,expand,arm beat the default just outside the box,1.8757,1.9154,6,10,3,0.2308,13
boundary:query,1262,L367,hybrid,expand,arm beat the default just outside the box,1.8694,1.8694,6,8,3,0.2727,11
boundary:query,1262,L518,hybrid,create,"default missed, hybrid hit",,2.0,1,0,0,0.0,0
boundary:query,1263,L6.lo.lo.lo.lo.hi,dense,exception,contradicted; every cut loses a supporter,2.2174,2.2174,5,5,2,0.25,8
boundary:query,1263,L91.lo.lo.lo.hi,dense,exception,contradicted; every cut loses a supporter,1.8179,1.8179,5,5,2,0.25,8
boundary:query,1263,L6.hi.lo.lo.lo.lo.hi,dense,exception,contradicted; every cut loses a supporter,2.2174,2.2174,5,5,2,0.25,8
boundary:query,1263,L12.lo.hi.lo.lo.lo.hi,dense,exception,contradicted; every cut loses a supporter,1.7302,1.7302,13,5,2,0.25,8
boundary:query,1263,L12.hi.hi.lo.lo.lo.hi,dense,exception,contradicted; every cut loses a supporter,1.7302,1.7302,14,5,2,0.25,8
boundary:query,1263,L6.lo.hi.lo.lo.lo.hi,dense,exception,contradicted; every cut loses a supporter,2.2174,2.2174,14,5,2,0.25,8
boundary:query,1263,L12.lo.hi.hi.hi.lo.lo,dense,exception,contradicted; every cut loses a supporter,1.8493,1.8493,15,7,4,0.2727,11
boundary:query,1263,L12.hi.hi.hi.hi.lo.lo,dense,exception,contradicted; every cut loses a supporter,1.8493,1.8493,15,7,4,0.2727,11
boundary:query,1263,L6.lo.hi.hi.hi.lo.lo,dense,exception,contradicted; every cut loses a supporter,2.3365,2.3365,15,7,4,0.2727,11
boundary:query,1263,L12.lo.hi.hi.hi.lo.lo,dense,split,4 exceptions; cut f:query_len_tokens at 16,,1.8493,15,7,4,0.2727,11
boundary:query,1263,L12.lo.hi.hi.hi.lo.lo.lo,dense,create,split of L12.lo.hi.hi.hi.lo.lo,,1.7302,8,0,0,0.0,0
boundary:query,1263,L12.lo.hi.hi.hi.lo.lo.hi,dense,create,split of L12.lo.hi.hi.hi.lo.lo,,1.7699,7,0,0,0.0,0
boundary:query,1263,L12.hi.hi.hi.hi.lo.lo,dense,split,4 exceptions; cut f:query_len_tokens at 16,,1.8493,15,7,4,0.2727,11
boundary:query,1263,L12.hi.hi.hi.hi.lo.lo.lo,dense,create,split of L12.hi.hi.hi.hi.lo.lo,,1.7302,8,0,0,0.0,0
boundary:query,1263,L12.hi.hi.hi.hi.lo.lo.hi,dense,create,split of L12.hi.hi.hi.hi.lo.lo,,1.7699,7,0,0,0.0,0
boundary:query,1263,L6.lo.hi.hi.hi.lo.lo,dense,split,4 exceptions; cut f:query_len_tokens at 16,,2.3365,15,7,4,0.2727,11
boundary:query,1263,L6.lo.hi.hi.hi.lo.lo.lo,dense,create,split of L6.lo.hi.hi.hi.lo.lo,,2.2174,8,0,0,0.0,0
boundary:query,1263,L6.lo.hi.hi.hi.lo.lo.hi,dense,create,split of L6.lo.hi.hi.hi.lo.lo,,2.2571,7,0,0,0.0,0
boundary:query,1264,L12.lo.hi.hi.hi.lo.lo.hi,dense,expand,arm beat the default just outside the box,1.7699,1.8096,8,0,0,0.0,0
boundary:query,1264,L12.hi.hi.hi.hi.lo.lo.hi,dense,expand,arm beat the default just outside the box,1.7699,1.8096,8,0,0,0.0,0
boundary:query,1264,L6.lo.hi.hi.hi.lo.lo.hi,dense,expand,arm beat the default just outside the box,2.2573,2.297,8,0,0,0.0,0
boundary:query,1265,L218,hybrid,exception,contradicted; every cut loses a supporter,1.9148,1.9148,6,11,4,0.2143,14
boundary:query,1265,L351,dense,exception,contradicted; every cut loses a supporter,1.956,1.956,7,7,4,0.4615,13
boundary:query,1265,L5.lo,dense,exception,contradicted; every cut loses a supporter,2.682,2.682,10,6,4,0.4,10
boundary:query,1265,L367,hybrid,exception,contradicted; every cut loses a supporter,1.8688,1.8688,6,9,4,0.25,12
boundary:query,1265,L118.lo.lo,dense,exception,contradicted; every cut loses a supporter,1.8649,1.8649,11,4,2,0.5,8
boundary:query,1265,L272.lo,dense,exception,contradicted; every cut loses a supporter,1.8733,1.8733,9,4,2,0.5,8
boundary:query,1265,L5.hi.lo,dense,exception,contradicted; every cut loses a supporter,2.682,2.682,9,4,2,0.5,8
boundary:query,1265,L218,hybrid,split,4 exceptions; cut f:query_len_tokens at 8.5,,1.9148,6,11,4,0.2143,14
boundary:query,1265,L218.lo,hybrid,create,split of L218,,1.8156,3,0,0,0.0,0
boundary:query,1265,L218.hi,hybrid,create,split of L218,,1.8553,3,0,0,0.0,0
boundary:query,1265,L351,dense,split,4 exceptions; cut f:query_len_tokens at 8,,1.956,7,7,4,0.4615,13
boundary:query,1265,L351.lo,dense,create,split of L351,,1.8369,4,0,0,0.0,0
boundary:query,1265,L351.hi,dense,create,split of L351,,1.8706,3,0,0,0.0,0
boundary:query,1265,L5.lo,dense,split,4 exceptions; cut f:query_len_tokens at 8,,2.682,10,6,4,0.4,10
boundary:query,1265,L5.lo.lo,dense,create,split of L5.lo,,2.6026,6,0,0,0.0,0
boundary:query,1265,L5.lo.hi,dense,create,split of L5.lo,,2.6423,4,0,0,0.0,0
boundary:query,1265,L367,hybrid,split,4 exceptions; cut f:query_len_tokens at 8.5,,1.8688,6,9,4,0.25,12
boundary:query,1265,L367.lo,hybrid,create,split of L367,,1.8093,3,0,0,0.0,0
boundary:query,1265,L367.hi,hybrid,create,split of L367,,1.8093,3,0,0,0.0,0
boundary:query,1266,L533,dense,create,"default missed, dense hit",,2.0,1,0,0,0.0,0
boundary:query,1266,L534,hybrid,create,"default missed, hybrid hit",,2.0,1,0,0,0.0,0
boundary:query,1267,L401.hi,hybrid,expand,arm beat the default just outside the box,1.813,1.8726,4,4,1,0.3333,6
boundary:query,1267,L505,dense,expand,arm beat the default just outside the box,2.0002,2.0336,4,1,0,0.6667,3
boundary:query,1267,L506,hybrid,expand,arm beat the default just outside the box,2.0002,2.0336,3,2,0,0.3333,3
boundary:query,1267,L535,hybrid,create,"default missed, hybrid hit",,2.0,1,0,0,0.0,0
boundary:query,1268,L118.lo.hi,dense,expand,arm beat the default just outside the box,1.8247,1.8644,8,4,2,0.5,8
boundary:query,1268,L272.hi,dense,expand,arm beat the default just outside the box,1.8728,1.9125,7,5,2,0.4444,9
boundary:query,1268,L5.hi.hi,dense,expand,arm beat the default just outside the box,2.6413,2.681,8,3,1,0.5,6
boundary:query,1270,L261.lo.lo,dense,exception,contradicted; every cut loses a supporter,1.873,1.873,9,7,4,0.1111,9
boundary:query,1270,L322.lo.lo,dense,exception,contradicted; every cut loses a supporter,1.9969,1.9969,7,7,4,0.1111,9
boundary:query,1270,L116.lo.hi.lo.hi.lo.lo.hi.lo,dense,exception,contradicted; every cut loses a supporter,1.8671,1.8671,11,6,3,0.3333,9
boundary:query,1270,L116.hi.hi.lo.lo.lo.hi.hi.hi,dense,exception,contradicted; every cut loses a supporter,1.9464,1.9464,11,7,4,0.3636,11
boundary:query,1270,L116.hi.hi.hi.hi.lo,dense,exception,contradicted; every cut loses a supporter,1.9861,1.9861,14,7,4,0.3636,11
boundary:query,1270,L116.lo.hi.hi.hi.lo,dense,exception,contradicted; every cut loses a supporter,1.9464,1.9464,12,7,4,0.3636,11
boundary:query,1270,L153.hi.hi.hi.hi.lo,dense,exception,contradicted; every cut loses a supporter,1.9555,1.9555,12,7,4,0.3636,11
boundary:query,1270,L116.hi.lo.hi.hi.hi.lo,dense,exception,contradicted; every cut loses a supporter,1.9464,1.9464,12,7,4,0.3636,11
boundary:query,1270,L116.hi.hi.lo.hi.hi.lo,dense,exception,contradicted; every cut loses a supporter,1.9464,1.9464,13,7,4,0.3636,11
boundary:query,1270,L116.lo.lo.lo.hi,dense,exception,contradicted; every cut loses a supporter,1.8671,1.8671,8,7,3,0.2222,9
boundary:query,1270,L116.lo.hi.lo.lo.lo.hi,dense,exception,contradicted; every cut loses a supporter,1.8671,1.8671,9,7,3,0.3,10
boundary:query,1270,L322.hi.lo,dense,exception,contradicted; every cut loses a supporter,1.8726,1.8726,8,7,3,0.2222,9
boundary:query,1270,L322.hi.hi,dense,exception,contradicted; every cut loses a supporter,1.8726,1.8726,6,6,3,0.25,8
boundary:query,1270,L116.lo.lo.hi.lo.lo,dense,exception,contradicted; every cut loses a supporter,1.8671,1.8671,11,7,3,0.2222,9
boundary:query,1270,L116.lo.lo.hi.lo.hi,dense,exception,contradicted; every cut loses a supporter,1.8671,1.8671,6,6,3,0.25,8
boundary:query,1270,L116.hi.hi.lo.lo.lo.lo.hi,dense,exception,contradicted; every cut loses a supporter,1.8671,1.8671,11,7,3,0.2222,9
boundary:query,1270,L116.lo.hi.lo.lo.hi.lo.lo,dense,exception,contradicted; every cut loses a supporter,1.8671,1.8671,12,7,3,0.2222,9
boundary:query,1270,L116.lo.hi.lo.lo.hi.lo.hi,dense,exception,contradicted; every cut loses a supporter,1.8671,1.8671,6,6,3,0.25,8
boundary:query,1270,L304.hi.lo.lo,dense,exception,contradicted; every cut loses a supporter,1.8918,1.8918,8,6,3,0.25,8
boundary:query,1270,L261.lo.hi.lo,dense,exception,contradicted; every cut loses a supporter,1.873,1.873,8,7,3,0.2222,9
boundary:query,1270,L261.lo.hi.hi,dense,exception,contradicted; every cut loses a supporter,1.873,1.873,6,6,3,0.25,8
boundary:query,1270,L322.lo.hi.lo,dense,exception,contradicted; every cut loses a supporter,1.8726,1.8726,8,7,3,0.2222,9
boundary:query,1270,L322.lo.hi.hi,dense,exception,contradicted; every cut loses a supporter,1.8726,1.8726,6,6,3,0.25,8
boundary:query,1270,L261.lo.lo,dense,split,4 exceptions; cut f:query_len_tokens at 9,,1.873,9,7,4,0.1111,9
boundary:query,1270,L261.lo.lo.lo,dense,create,split of L261.lo.lo,,1.8333,8,0,0,0.0,0
boundary:query,1270,L261.lo.lo.hi,dense,create,split of L261.lo.lo,,1.7937,1,0,0,0.0,0
boundary:query,1270,L322.lo.lo,dense,split,4 exceptions; cut f:query_len_tokens at 9,,1.9969,7,7,4,0.1111,9
boundary:query,1270,L322.lo.lo.lo,dense,create,split of L322.lo.lo,,1.9572,6,0,0,0.0,0
boundary:query,1270,L322.lo.lo.hi,dense,create,split of L322.lo.lo,,1.7932,1,0,0,0.0,0
boundary:query,1270,L116.hi.hi.lo.lo.lo.hi.hi.hi,dense,split,4 exceptions; cut f:query_len_tokens at 13,,1.9464,11,7,4,0.3636,11
boundary:query,1270,L116.hi.hi.lo.lo.lo.hi.hi.hi.lo,dense,create,split of L116.hi.hi.lo.lo.lo.hi.hi.hi,,1.9067,6,0,0,0.0,0
boundary:query,1270,L116.hi.hi.lo.lo.lo.hi.hi.hi.hi,dense,create,split of L116.hi.hi.lo.lo.lo.hi.hi.hi,,1.7877,5,0,0,0.0,0
boundary:query,1270,L116.hi.hi.hi.hi.lo,dense,split,4 exceptions; cut f:query_len_tokens at 14,,1.9861,14,7,4,0.3636,11
boundary:query,1270,L116.hi.hi.hi.hi.lo.lo,dense,create,split of L116.hi.hi.hi.hi.lo,,1.9464,11,0,0,0.0,0
boundary:query,1270,L116.hi.hi.hi.hi.lo.hi,dense,create,split of L116.hi.hi.hi.hi.lo,,1.7877,3,0,0,0.0,0
boundary:query,1270,L116.lo.hi.hi.hi.lo,dense,split,4 exceptions; cut f:query_len_tokens at 13.5,,1.9464,12,7,4,0.3636,11
boundary:query,1270,L116.lo.hi.hi.hi.lo.lo,dense,create,split of L116.lo.hi.hi.hi.lo,,1.9266,6,0,0,0.0,0
boundary:query,1270,L116.lo.hi.hi.hi.lo.hi,dense,create,split of L116.lo.hi.hi.hi.lo,,1.7679,6,0,0,0.0,0
boundary:query,1270,L153.hi.hi.hi.hi.lo,dense,split,4 exceptions; cut f:query_len_tokens at 13.5,,1.9555,12,7,4,0.3636,11
boundary:query,1270,L153.hi.hi.hi.hi.lo.lo,dense,create,split of L153.hi.hi.hi.hi.lo,,1.9357,6,0,0,0.0,0
boundary:query,1270,L153.hi.hi.hi.hi.lo.hi,dense,create,split of L153.hi.hi.hi.hi.lo,,1.777,6,0,0,0.0,0
boundary:query,1270,L116.hi.lo.hi.hi.hi.lo,dense,split,4 exceptions; cut f:query_len_tokens at 13.5,,1.9464,12,7,4,0.3636,11
boundary:query,1270,L116.hi.lo.hi.hi.hi.lo.lo,dense,create,split of L116.hi.lo.hi.hi.hi.lo,,1.9266,6,0,0,0.0,0
boundary:query,1270,L116.hi.lo.hi.hi.hi.lo.hi,dense,create,split of L116.hi.lo.hi.hi.hi.lo,,1.7679,6,0,0,0.0,0
boundary:query,1270,L116.hi.hi.lo.hi.hi.lo,dense,split,4 exceptions; cut f:query_len_tokens at 14,,1.9464,13,7,4,0.3636,11
boundary:query,1270,L116.hi.hi.lo.hi.hi.lo.lo,dense,create,split of L116.hi.hi.lo.hi.hi.lo,,1.9464,13,0,0,0.0,0
boundary:query,1271,L394.lo,hybrid,retire,utility <= 0,,1.8288,2,5,0,0.0,5
boundary:query,1274,L457,dense,retire,utility <= 0,,2.0003,1,5,0,0.0,5
boundary:query,1274,L458,hybrid,retire,utility <= 0,,2.0003,1,5,0,0.0,5
boundary:query,1276,L304.hi.lo.hi,dense,expand,arm beat the default just outside the box,1.8527,1.9123,7,5,1,0.1667,6
boundary:query,1276,L116.hi.hi.hi.hi.lo.hi,dense,expand,arm beat the default just outside the box,1.7883,1.828,4,0,0,0.0,0
boundary:query,1276,L551,dense,create,"default missed, dense hit",,2.0,1,0,0,0.0,0
boundary:query,1277,L116.hi.hi.lo.hi.lo.hi.hi,dense,expand,arm beat the default just outside the box,1.8283,1.868,5,3,0,0.0,3
boundary:query,1277,L116.lo.hi.lo.hi.lo.hi.lo.hi,dense,expand,arm beat the default just outside the box,1.8283,1.868,7,3,0,0.0,3
boundary:query,1277,L116.hi.hi.lo.lo.lo.hi.hi.lo.hi,dense,expand,arm beat the default just outside the box,1.8283,1.868,3,4,0,0.2,5
boundary:query,1277,L116.lo.hi.lo.hi.lo.hi.hi.lo,dense,expand,arm beat the default just outside the box,1.9474,1.9871,12,2,0,0.0,2
boundary:query,1277,L116.lo.hi.lo.hi.lo.lo.hi.hi.lo,dense,expand,arm beat the default just outside the box,1.9275,1.9871,7,1,0,0.0,1
boundary:query,1277,L116.lo.hi.lo.hi.lo.lo.hi.hi.hi,dense,expand,arm beat the default just outside the box,1.7687,1.8084,6,1,0,0.0,1
boundary:query,1277,L116.hi.hi.lo.lo.lo.hi.hi.hi.hi,dense,expand,arm beat the default just outside the box,1.7886,1.8283,6,0,0,0.0,0
boundary:query,1277,L116.hi.hi.hi.hi.lo.lo,dense,expand,arm beat the default just outside the box,1.9474,1.9871,12,0,0,0.0,0
boundary:query,1277,L116.lo.hi.hi.hi.lo.lo,dense,expand,arm beat the default just outside the box,1.9275,1.9871,7,0,0,0.0,0
boundary:query,1277,L116.lo.hi.hi.hi.lo.hi,dense,expand,arm beat the default just outside the box,1.7687,1.8084,7,0,0,0.0,0
boundary:query,1277,L153.hi.hi.hi.hi.lo.lo,dense,expand,arm beat the default just outside the box,1.9367,1.9962,7,0,0,0.0,0
boundary:query,1277,L153.hi.hi.hi.hi.lo.hi,dense,expand,arm beat the default just outside the box,1.7779,1.8176,7,0,0,0.0,0
boundary:query,1277,L116.hi.lo.hi.hi.hi.lo.lo,dense,expand,arm beat the default just outside the box,1.9275,1.9871,7,0,0,0.0,0
boundary:query,1277,L116.hi.lo.hi.hi.hi.lo.hi,dense,expand,arm beat the default just outside the box,1.7687,1.8084,7,0,0,0.0,0
boundary:query,1277,L116.hi.hi.lo.hi.hi.lo.lo,dense,expand,arm beat the default just outside the box,1.9474,1.9871,14,0,0,0.0,0
boundary:query,1278,L156,hybrid,expand,arm beat the default just outside the box,1.9169,1.9566,5,10,3,0.1538,13
boundary:query,1278,L552,dense,create,"default missed, dense hit",,2.0,1,0,0,0.0,0
boundary:query,1278,L553,hybrid,create,"default missed, hybrid hit",,2.0,1,0,0,0.0,0
boundary:query,1279,L10.hi,hybrid,exception,contradicted; every cut loses a supporter,2.2033,2.2033,4,7,3,0.125,8
boundary:query,1279,L288,dense,exception,contradicted; every cut loses a supporter,1.9173,1.9173,5,7,2,0.2,10
boundary:query,1280,L198.hi.lo,hybrid,exception,contradicted; every cut loses a supporter,1.8362,1.8362,7,7,3,0.2222,9
boundary:query,1280,L305.lo,hybrid,exception,contradicted; every cut loses a supporter,1.8332,1.8332,8,7,3,0.2222,9
boundary:query,1280,L116.hi.hi.hi.hi.hi,dense,exception,contradicted; every cut loses a supporter,1.8284,1.8284,6,6,3,0.3333,9
boundary:query,1280,L116.lo.hi.hi.hi.hi,dense,exception,contradicted; every cut loses a supporter,1.8284,1.8284,8,6,3,0.4,10
boundary:query,1280,L153.hi.hi.hi.hi.hi,dense,exception,contradicted; every cut loses a supporter,1.8375,1.8375,8,6,3,0.4,10
boundary:query,1280,L116.hi.lo.hi.hi.hi.hi,dense,exception,contradicted; every cut loses a supporter,1.8284,1.8284,8,6,3,0.4,10
boundary:query,1280,L116.hi.hi.lo.hi.hi.hi,dense,exception,contradicted; every cut loses a supporter,1.8284,1.8284,8,6,3,0.4,10
boundary:query,1280,L304.hi.lo.hi,dense,exception,contradicted; every cut loses a supporter,1.9126,1.9126,8,6,2,0.25,8
boundary:query,1280,L116.hi.hi.lo.lo.lo.hi.hi.lo.hi,dense,exception,contradicted; every cut loses a supporter,1.8681,1.8681,3,5,1,0.1667,6
boundary:query,1282,L116.lo.lo.lo.lo,dense,expand,arm beat the default just outside the box,1.7889,1.8286,8,1,0,0.5,2
boundary:query,1282,L116.lo.hi.lo.lo.lo.lo,dense,expand,arm beat the default just outside the box,1.7889,1.8286,10,1,0,0.5,2
boundary:query,1282,L116.hi.hi.lo.lo.lo.lo.lo,dense,expand,arm beat the default just outside the box,1.7889,1.8286,11,1,0,0.5,2
boundary:query,1282,L304.hi.lo.hi,dense,expand,arm beat the default just outside the box,1.9129,1.9527,9,6,2,0.25,8
boundary:query,1282,L116.hi.hi.lo.hi.lo.hi.hi,dense,expand,arm beat the default just outside the box,1.8684,1.9081,6,4,0,0.0,4
boundary:query,1282,L116.lo.hi.lo.hi.lo.hi.lo.hi,dense,expand,arm beat the default just outside the box,1.8684,1.9081,8,4,0,0.0,4
boundary:query,1282,L116.hi.hi.lo.lo.lo.hi.hi.lo.hi,dense,expand,arm beat the default just outside the box,1.8684,1.9081,4,5,1,0.1667,6
boundary:query,1282,L261.lo.lo.hi,dense,expand,arm beat the default just outside the box,1.7948,1.8346,2,0,0,0.0,0
boundary:query,1282,L322.lo.lo.hi,dense,expand,arm beat the default just outside the box,1.7944,1.8341,2,0,0,0.0,0
boundary:query,1282,L554,hybrid,create,"default missed, hybrid hit",,2.0,1,0,0,0.0,0
boundary:query,1283,L317.hi,dense,expand,arm beat the default just outside the box,1.9592,1.9989,4,0,0,0.0,0
boundary:query,1283,L318.hi,hybrid,expand,arm beat the default just outside the box,1.9592,1.9989,4,0,0,0.0,0
boundary:query,1284,L304.hi.lo.hi,dense,exception,contradicted; every cut loses a supporter,1.9529,1.9529,9,7,3,0.2222,9
boundary:query,1284,L116.hi.hi.lo.hi.lo.hi.lo,dense,exception,contradicted; every cut loses a supporter,1.9083,1.9083,7,5,1,0.2857,7
boundary:query,1284,L116.lo.hi.lo.hi.lo.hi.lo.lo,dense,exception,contradicted; every cut loses a supporter,1.8884,1.8884,9,5,1,0.2857,7
boundary:query,1284,L116.hi.hi.lo.lo.lo.hi.hi.lo.lo,dense,exception,contradicted; every cut loses a supporter,1.8685,1.8685,10,5,1,0.2857,7
boundary:query,1284,L116.hi.hi.lo.lo.lo.hi.hi.lo.hi,dense,exception,contradicted; every cut loses a supporter,1.9083,1.9083,4,6,2,0.1429,7
boundary:query,1284,L116.hi.hi.lo.hi.lo.hi.hi,dense,retire,utility <= 0,,1.9083,6,5,0,0.0,5
boundary:query,1284,L116.lo.hi.lo.hi.lo.hi.lo.hi,dense,retire,utility <= 0,,1.9083,8,5,0,0.0,5
boundary:query,1285,L118.lo.hi,dense,exception,contradicted; every cut loses a supporter,1.8659,1.8659,8,5,3,0.4444,9
boundary:query,1285,L272.hi,dense,exception,contradicted; every cut loses a supporter,1.9142,1.9142,7,6,3,0.4,10
boundary:query,1285,L5.hi.hi,dense,exception,contradicted; every cut loses a supporter,2.6842,2.6842,8,4,2,0.4286,7
boundary:query,1285,L477,hybrid,narrow,contradicted; cut f:query_len_tokens,1.9167,1.8314,2,7,1,0.125,8
boundary:query,1287,L401.hi,hybrid,exception,contradicted; every cut loses a supporter,1.8735,1.8735,4,5,2,0.2857,7
boundary:query,1288,L116.hi.hi.lo.hi.lo.hi.lo,dense,exception,contradicted; every cut loses a supporter,1.908,1.908,7,6,2,0.25,8
boundary:query,1288,L116.lo.hi.lo.hi.lo.hi.lo.lo,dense,exception,contradicted; every cut loses a supporter,1.8881,1.8881,9,6,2,0.25,8
boundary:query,1288,L116.hi.hi.lo.lo.lo.hi.hi.lo.lo,dense,exception,contradicted; every cut loses a supporter,1.8682,1.8682,10,6,2,0.25,8
boundary:query,1288,L116.lo.hi.lo.hi.lo.hi.hi.lo,dense,exception,contradicted; every cut loses a supporter,1.9875,1.9875,13,5,1,0.1667,6
boundary:query,1289,L19.lo,dense,expand,arm beat the default just outside the box,1.8608,1.9006,11,6,3,0.3333,9
boundary:query,1289,L59.hi,dense,expand,arm beat the default just outside the box,1.8759,1.9033,9,2,0,0.5,4
boundary:query,1289,L229.lo,dense,expand,arm beat the default just outside the box,1.7945,1.8343,4,0,0,0.0,0
boundary:query,1289,L19.hi.lo,dense,expand,arm beat the default just outside the box,1.7813,1.8211,7,0,0,0.0,0
boundary:query,1289,L507,dense,expand,arm beat the default just outside the box,2.0011,2.0348,2,0,0,0.0,0
boundary:query,1290,L401.hi,hybrid,exception,contradicted; every cut loses a supporter,1.8737,1.8737,4,6,3,0.25,8
boundary:query,1291,L304.hi.lo.hi,dense,exception,contradicted; every cut loses a supporter,1.9528,1.9528,9,8,4,0.2,10
boundary:query,1291,L116.hi.hi.lo.hi.lo.hi.lo,dense,exception,contradicted; every cut loses a supporter,1.9081,1.9081,7,7,3,0.2222,9
boundary:query,1291,L116.lo.hi.lo.hi.lo.hi.lo.lo,dense,exception,contradicted; every cut loses a supporter,1.8883,1.8883,9,7,3,0.2222,9
boundary:query,1291,L116.hi.hi.lo.lo.lo.hi.hi.lo.lo,dense,exception,contradicted; every cut loses a supporter,1.8684,1.8684,10,7,3,0.2222,9
boundary:query,1291,L116.hi.hi.lo.lo.lo.hi.hi.lo.hi,dense,exception,contradicted; every cut loses a supporter,1.9081,1.9081,4,7,3,0.125,8
boundary:query,1291,L116.lo.hi.lo.hi.lo.hi.hi.lo,dense,exception,contradicted; every cut loses a supporter,1.9877,1.9877,13,6,2,0.1429,7
boundary:query,1291,L116.lo.hi.lo.hi.lo.lo.hi.hi.lo,dense,exception,contradicted; every cut loses a supporter,1.9877,1.9877,8,5,1,0.1667,6
boundary:query,1291,L304.hi.lo.hi,dense,split,4 exceptions; cut f:query_len_tokens at 14,,1.9528,9,8,4,0.2,10
boundary:query,1291,L304.hi.lo.hi.lo,dense,create,split of L304.hi.lo.hi,,1.8732,7,0,0,0.0,0
boundary:query,1291,L304.hi.lo.hi.hi,dense,create,split of L304.hi.lo.hi,,1.8334,2,0,0,0.0,0
boundary:query,1292,L533,dense,expand,arm beat the default just outside the box,2.0014,2.0353,2,0,0,0.0,0
boundary:query,1292,L534,hybrid,expand,arm beat the default just outside the box,2.0014,2.0353,2,0,0,0.0,0
boundary:query,1292,L557,dense,create,"default missed, dense hit",,2.0,1,0,0,0.0,0
boundary:query,1292,L558,hybrid,create,"default missed, hybrid hit",,2.0,1,0,0,0.0,0
boundary:query,1294,L10.hi,hybrid,expand,arm beat the default just outside the box,2.2041,2.2439,5,7,3,0.125,8
boundary:query,1294,L89.lo,hybrid,expand,arm beat the default just outside the box,1.8671,1.9069,5,7,3,0.125,8
boundary:query,1294,L559,hybrid,create,"default missed, hybrid hit",,2.0,1,0,0,0.0,0
boundary:query,1295,L116.hi.hi.lo.lo.lo.hi.hi.lo.hi,dense,exception,contradicted; every cut loses a supporter,1.9083,1.9083,4,8,4,0.1111,9
boundary:query,1295,L116.lo.hi.lo.hi.lo.hi.hi.lo,dense,exception,contradicted; every cut loses a supporter,1.9879,1.9879,13,7,3,0.125,8
boundary:query,1295,L116.lo.hi.lo.hi.lo.lo.hi.hi.lo,dense,exception,contradicted; every cut loses a supporter,1.9879,1.9879,8,6,2,0.1429,7
boundary:query,1295,L116.hi.hi.hi.hi.lo.lo,dense,exception,contradicted; every cut loses a supporter,1.9879,1.9879,13,5,1,0.1667,6
boundary:query,1295,L116.lo.hi.hi.hi.lo.lo,dense,exception,contradicted; every cut loses a supporter,1.9879,1.9879,8,5,1,0.1667,6
boundary:query,1295,L153.hi.hi.hi.hi.lo.lo,dense,exception,contradicted; every cut loses a supporter,1.997,1.997,8,5,1,0.1667,6
boundary:query,1295,L116.hi.lo.hi.hi.hi.lo.lo,dense,exception,contradicted; every cut loses a supporter,1.9879,1.9879,8,5,1,0.1667,6
boundary:query,1295,L116.hi.hi.lo.hi.hi.lo.lo,dense,exception,contradicted; every cut loses a supporter,1.9879,1.9879,15,5,1,0.1667,6
boundary:query,1295,L116.hi.hi.lo.lo.lo.hi.hi.lo.hi,dense,split,4 exceptions; cut f:query_len_tokens at 13,,1.9083,4,8,4,0.1111,9
boundary:query,1295,L116.hi.hi.lo.lo.lo.hi.hi.lo.hi.lo,dense,create,split of L116.hi.hi.lo.lo.lo.hi.hi.lo.hi,,1.8287,2,0,0,0.0,0
boundary:query,1295,L116.hi.hi.lo.lo.lo.hi.hi.lo.hi.hi,dense,create,split of L116.hi.hi.lo.lo.lo.hi.hi.lo.hi,,1.8287,2,0,0,0.0,0
boundary:query,1297,L272.hi,dense,expand,arm beat the default just outside the box,1.9139,1.9538,8,6,3,0.4,10
boundary:query,1297,L562,dense,create,"default missed, dense hit",,2.0,1,0,0,0.0,0
boundary:query,1298,L505,dense,exception,contradicted; every cut loses a supporter,2.0349,2.0349,5,3,1,0.5,6
boundary:query,1298,L506,hybrid,exception,contradicted; every cut loses a supporter,2.0349,2.0349,3,5,1,0.1667,6
boundary:query,1301,L12.lo.hi.hi.hi.lo.lo.lo,dense,exception,contradicted; every cut loses a supporter,1.7289,1.7289,11,3,1,0.5,6
boundary:query,1301,L12.lo.hi.hi.hi.lo.lo.hi,dense,exception,contradicted; every cut loses a supporter,1.8086,1.8086,10,4,1,0.3333,6
boundary:query,1301,L12.hi.hi.hi.hi.lo.lo.lo,dense,exception,contradicted; every cut loses a supporter,1.7289,1.7289,11,3,1,0.5,6
boundary:query,1301,L12.hi.hi.hi.hi.lo.lo.hi,dense,exception,contradicted; every cut loses a supporter,1.8086,1.8086,10,4,1,0.3333,6
boundary:query,1301,L6.lo.hi.hi.hi.lo.lo.lo,dense,exception,contradicted; every cut loses a supporter,2.2179,2.2179,11,3,1,0.5,6
boundary:query,1301,L6.lo.hi.hi.hi.lo.lo.hi,dense,exception,contradicted; every cut loses a supporter,2.2976,2.2976,10,4,1,0.3333,6
boundary:query,1301,L535,hybrid,retire,utility <= 0,,2.0011,1,5,0,0.0,5
boundary:query,1302,L116.lo.hi.lo.hi.lo.lo.hi.lo,dense,exception,contradicted; every cut loses a supporter,1.8678,1.8678,11,7,4,0.3,10
boundary:query,1302,L116.lo.lo.lo.hi,dense,exception,contradicted; every cut loses a supporter,1.8678,1.8678,8,8,4,0.2,10
boundary:query,1302,L116.lo.hi.lo.lo.lo.hi,dense,exception,contradicted; every cut loses a supporter,1.8678,1.8678,9,8,4,0.2727,11
boundary:query,1302,L322.hi.lo,dense,exception,contradicted; every cut loses a supporter,1.8733,1.8733,8,8,4,0.2,10
boundary:query,1302,L322.hi.hi,dense,exception,contradicted; every cut loses a supporter,1.8733,1.8733,6,7,4,0.2222,9
boundary:query,1302,L116.lo.lo.hi.lo.lo,dense,exception,contradicted; every cut loses a supporter,1.8678,1.8678,11,8,4,0.2,10
boundary:query,1302,L116.lo.lo.hi.lo.hi,dense,exception,contradicted; every cut loses a supporter,1.8678,1.8678,6,7,4,0.2222,9
boundary:query,1302,L116.hi.hi.lo.lo.lo.lo.hi,dense,exception,contradicted; every cut loses a supporter,1.8678,1.8678,11,8,4,0.2,10
boundary:query,1302,L116.lo.hi.lo.lo.hi.lo.lo,dense,exception,contradicted; every cut loses a supporter,1.8678,1.8678,12,8,4,0.2,10
boundary:query,1302,L116.lo.hi.lo.lo.hi.lo.hi,dense,exception,contradicted; every cut loses a supporter,1.8678,1.8678,6,7,4,0.2222,9
boundary:query,1302,L304.hi.lo.lo,dense,exception,contradicted; every cut loses a supporter,1.8926,1.8926,8,7,4,0.2222,9
boundary:query,1302,L261.lo.hi.lo,dense,exception,contradicted; every cut loses a supporter,1.8738,1.8738,8,8,4,0.2,10
boundary:query,1302,L261.lo.hi.hi,dense,exception,contradicted; every cut loses a supporter,1.8738,1.8738,6,7,4,0.2222,9
boundary:query,1302,L322.lo.hi.lo,dense,exception,contradicted; every cut loses a supporter,1.8733,1.8733,8,8,4,0.2,10
boundary:query,1302,L322.lo.hi.hi,dense,exception,contradicted; every cut loses a supporter,1.8733,1.8733,6,7,4,0.2222,9
boundary:query,1302,L116.hi.hi.lo.hi.lo.hi.lo,dense,exception,contradicted; every cut loses a supporter,1.9076,1.9076,7,8,4,0.2,10
boundary:query,1302,L116.lo.hi.lo.hi.lo.hi.lo.lo,dense,exception,contradicted; every cut loses a supporter,1.8877,1.8877,9,8,4,0.2,10
boundary:query,1302,L116.hi.hi.lo.lo.lo.hi.hi.lo.lo,dense,exception,contradicted; every cut loses a supporter,1.8678,1.8678,10,8,4,0.2,10
boundary:query,1302,L116.lo.hi.lo.hi.lo.hi.hi.lo,dense,exception,contradicted; every cut loses a supporter,1.9872,1.9872,13,8,4,0.1111,9
boundary:query,1302,L116.lo.hi.lo.hi.lo.lo.hi.hi.lo,dense,exception,contradicted; every cut loses a supporter,1.9872,1.9872,8,7,3,0.125,8
boundary:query,1302,L116.hi.hi.hi.hi.lo.lo,dense,exception,contradicted; every cut loses a supporter,1.9872,1.9872,13,6,2,0.1429,7
boundary:query,1302,L116.lo.hi.hi.hi.lo.lo,dense,exception,contradicted; every cut loses a supporter,1.9872,1.9872,8,6,2,0.1429,7
boundary:query,1302,L153.hi.hi.hi.hi.lo.lo,dense,exception,contradicted; every cut loses a supporter,1.9964,1.9964,8,6,2,0.1429,7
boundary:query,1302,L116.hi.lo.hi.hi.hi.lo.lo,dense,exception,contradicted; every cut loses a supporter,1.9872,1.9872,8,6,2,0.1429,7
boundary:query,1302,L116.hi.hi.lo.hi.hi.lo.lo,dense,exception,contradicted; every cut loses a supporter,1.9872,1.9872,15,6,2,0.1429,7
boundary:query,1302,L116.lo.hi.lo.hi.lo.lo.hi.lo,dense,split,4 exceptions; cut f:query_len_tokens at 12,,1.8678,11,7,4,0.3,10
boundary:query,1302,L116.lo.hi.lo.hi.lo.lo.hi.lo.lo,dense,create,split of L116.lo.hi.lo.hi.lo.lo.hi.lo,,1.8678,11,0,0,0.0,0
boundary:query,1302,L116.lo.lo.lo.hi,dense,split,4 exceptions; cut f:query_len_tokens at 11,,1.8678,8,8,4,0.2,10
boundary:query,1302,L116.lo.lo.lo.hi.lo,dense,create,split of L116.lo.lo.lo.hi,,1.8279,5,0,0,0.0,0
boundary:query,1302,L116.lo.lo.lo.hi.hi,dense,create,split of L116.lo.lo.lo.hi,,1.7881,3,0,0,0.0,0
boundary:query,1302,L116.lo.hi.lo.lo.lo.hi,dense,split,4 exceptions; cut f:query_len_tokens at 11,,1.8678,9,8,4,0.2727,11
boundary:query,1302,L116.lo.hi.lo.lo.lo.hi.lo,dense,create,split of L116.lo.hi.lo.lo.lo.hi,,1.8279,6,0,0,0.0,0
boundary:query,1302,L116.lo.hi.lo.lo.lo.hi.hi,dense,create,split of L116.lo.hi.lo.lo.lo.hi,,1.7881,3,0,0,0.0,0
boundary:query,1302,L322.hi.lo,dense,split,4 exceptions; cut f:query_len_tokens at 10,,1.8733,8,8,4,0.2,10
boundary:query,1302,L322.hi.lo.lo,dense,create,split of L322.hi.lo,,1.7937,5,0,0,0.0,0
boundary:query,1302,L322.hi.lo.hi,dense,create,split of L322.hi.lo,,1.8335,3,0,0,0.0,0
boundary:query,1302,L322.hi.hi,dense,split,4 exceptions; cut f:query_len_tokens at 12,,1.8733,6,7,4,0.2222,9
boundary:query,1302,L322.hi.hi.lo,dense,create,split of L322.hi.hi,,1.8733,6,0,0,0.0,0
boundary:query,1302,L116.lo.lo.hi.lo.lo,dense,split,4 exceptions; cut f:query_len_tokens at 10,,1.8678,11,8,4,0.2,10
boundary:query,1302,L116.lo.lo.hi.lo.lo.lo,dense,create,split of L116.lo.lo.hi.lo.lo,,1.7881,6,0,0,0.0,0
boundary:query,1302,L116.lo.lo.hi.lo.lo.hi,dense,create,split of L116.lo.lo.hi.lo.lo,,1.8279,5,0,0,0.0,0
boundary:query,1302,L116.lo.lo.hi.lo.hi,dense,split,4 exceptions; cut f:query_len_tokens at 12,,1.8678,6,7,4,0.2222,9
boundary:query,1302,L116.lo.lo.hi.lo.hi.lo,dense,create,split of L116.lo.lo.hi.lo.hi,,1.8678,6,0,0,0.0,0
boundary:query,1302,L116.hi.hi.lo.lo.lo.lo.hi,dense,split,4 exceptions; cut f:query_len_tokens at 10,,1.8678,11,8,4,0.2,10
boundary:query,1302,L116.hi.hi.lo.lo.lo.lo.hi.lo,dense,create,split of L116.hi.hi.lo.lo.lo.lo.hi,,1.7881,6,0,0,0.0,0
boundary:query,1302,L116.hi.hi.lo.lo.lo.lo.hi.hi,dense,create,split of L116.hi.hi.lo.lo.lo.lo.hi,,1.8279,5,0,0,0.0,0
boundary:query,1302,L116.lo.hi.lo.lo.hi.lo.lo,dense,split,4 exceptions; cut f:query_len_tokens at 10.5,,1.8678,12,8,4,0.2,10
boundary:query,1302,L116.lo.hi.lo.lo.hi.lo.lo.lo,dense,create,split of L116.lo.hi.lo.lo.hi.lo.lo,,1.808,6,0,0,0.0,0
boundary:query,1302,L116.lo.hi.lo.lo.hi.lo.lo.hi,dense,create,split of L116.lo.hi.lo.lo.hi.lo.lo,,1.808,6,0,0,0.0,0
boundary:query,1302,L116.lo.hi.lo.lo.hi.lo.hi,dense,split,4 exceptions; cut f:query_len_tokens at 12,,1.8678,6,7,4,0.2222,9
boundary:query,1302,L116.lo.hi.lo.lo.hi.lo.hi.lo,dense,create,split of L116.lo.hi.lo.lo.hi.lo.hi,,1.8678,6,0,0,0.0,0
boundary:query,1302,L304.hi.lo.lo,dense,split,4 exceptions; cut f:query_len_tokens at 11.5,,1.8926,8,7,4,0.2222,9
boundary:query,1302,L304.hi.lo.lo.lo,dense,create,split of L304.hi.lo.lo,,1.8528,4,0,0,0.0,0
boundary:query,1302,L304.hi.lo.lo.hi,dense,create,split of L304.hi.lo.lo,,1.793,4,0,0,0.0,0
boundary:query,1302,L261.lo.hi.lo,dense,split,4 exceptions; cut f:query_len_tokens at 10,,1.8738,8,8,4,0.2,10
boundary:query,1302,L261.lo.hi.lo.lo,dense,create,split of L261.lo.hi.lo,,1.7941,5,0,0,0.0,0
boundary:query,1302,L261.lo.hi.lo.hi,dense,create,split of L261.lo.hi.lo,,1.8339,3,0,0,0.0,0
boundary:query,1302,L261.lo.hi.hi,dense,split,4 exceptions; cut f:query_len_tokens at 12,,1.8738,6,7,4,0.2222,9
boundary:query,1302,L261.lo.hi.hi.lo,dense,create,split of L261.lo.hi.hi,,1.8738,6,0,0,0.0,0
boundary:query,1302,L322.lo.hi.lo,dense,split,4 exceptions; cut f:query_len_tokens at 10,,1.8733,8,8,4,0.2,10
boundary:query,1302,L322.lo.hi.lo.lo,dense,create,split of L322.lo.hi.lo,,1.7937,5,0,0,0.0,0
boundary:query,1302,L322.lo.hi.lo.hi,dense,create,split of L322.lo.hi.lo,,1.8335,3,0,0,0.0,0
boundary:query,1302,L322.lo.hi.hi,dense,split,4 exceptions; cut f:query_len_tokens at 12,,1.8733,6,7,4,0.2222,9
boundary:query,1302,L322.lo.hi.hi.lo,dense,create,split of L322.lo.hi.hi,,1.8733,6,0,0,0.0,0
boundary:query,1302,L443.lo,hybrid,retire,utility <= 0,,1.8309,2,5,0,0.0,5
boundary:query,1302,L116.hi.hi.lo.hi.lo.hi.lo,dense,split,4 exceptions; cut f:query_len_tokens at 11,,1.9076,7,8,4,0.2,10
boundary:query,1302,L116.hi.hi.lo.hi.lo.hi.lo.lo,dense,create,split of L116.hi.hi.lo.hi.lo.hi.lo,,1.8279,4,0,0,0.0,0
boundary:query,1302,L116.hi.hi.lo.hi.lo.hi.lo.hi,dense,create,split of L116.hi.hi.lo.hi.lo.hi.lo,,1.8279,3,0,0,0.0,0
boundary:query,1302,L116.lo.hi.lo.hi.lo.hi.lo.lo,dense,split,4 exceptions; cut f:query_len_tokens at 11,,1.8877,9,8,4,0.2,10
boundary:query,1302,L116.lo.hi.lo.hi.lo.hi.lo.lo.lo,dense,create,split of L116.lo.hi.lo.hi.lo.hi.lo.lo,,1.8279,6,0,0,0.0,0
boundary:query,1302,L116.lo.hi.lo.hi.lo.hi.lo.lo.hi,dense,create,split of L116.lo.hi.lo.hi.lo.hi.lo.lo,,1.808,3,0,0,0.0,0
boundary:query,1302,L116.hi.hi.lo.lo.lo.hi.hi.lo.lo,dense,split,4 exceptions; cut f:query_len_tokens at 11,,1.8678,10,8,4,0.2,10
boundary:query,1302,L116.hi.hi.lo.lo.lo.hi.hi.lo.lo.lo,dense,create,split of L116.hi.hi.lo.lo.lo.hi.hi.lo.lo,,1.8279,6,0,0,0.0,0
boundary:query,1302,L116.hi.hi.lo.lo.lo.hi.hi.lo.lo.hi,dense,create,split of L116.hi.hi.lo.lo.lo.hi.hi.lo.lo,,1.7881,4,0,0,0.0,0
boundary:query,1302,L116.lo.hi.lo.hi.lo.hi.hi.lo,dense,split,4 exceptions; cut f:query_len_tokens at 14,,1.9872,13,8,4,0.1111,9
boundary:query,1302,L116.lo.hi.lo.hi.lo.hi.hi.lo.lo,dense,create,split of L116.lo.hi.lo.hi.lo.hi.hi.lo,,1.9474,12,0,0,0.0,0
boundary:query,1302,L116.lo.hi.lo.hi.lo.hi.hi.lo.hi,dense,create,split of L116.lo.hi.lo.hi.lo.hi.hi.lo,,1.7881,1,0,0,0.0,0
boundary:query,1302,L554,hybrid,retire,utility <= 0,,1.9998,1,5,0,0.0,5
boundary:query,1303,L118.lo.lo,dense,exception,contradicted; every cut loses a supporter,1.8652,1.8652,12,5,3,0.5,10
boundary:query,1303,L272.lo,dense,exception,contradicted; every cut loses a supporter,1.8738,1.8738,10,5,3,0.5,10
boundary:query,1303,L5.hi.lo,dense,exception,contradicted; every cut loses a supporter,2.6836,2.6836,10,5,3,0.5,10
boundary:query,1303,L5.hi.hi,dense,exception,contradicted; every cut loses a supporter,2.6836,2.6836,8,5,3,0.375,8
boundary:query,1305,L12.lo.hi.hi.hi.lo.lo.hi,dense,exception,contradicted; every cut loses a supporter,1.8083,1.8083,10,5,2,0.2857,7
boundary:query,1305,L12.hi.hi.hi.hi.lo.lo.hi,dense,exception,contradicted; every cut loses a supporter,1.8083,1.8083,10,5,2,0.2857,7
boundary:query,1305,L6.lo.hi.hi.hi.lo.lo.hi,dense,exception,contradicted; every cut loses a supporter,2.2979,2.2979,10,5,2,0.2857,7
boundary:query,1307,L198.hi.lo,hybrid,expand,arm beat the default just outside the box,1.8358,1.8757,8,7,3,0.2222,9
boundary:query,1307,L305.lo,hybrid,expand,arm beat the default just outside the box,1.8329,1.8727,9,7,3,0.2222,9
boundary:query,1307,L116.lo.hi.lo.hi.lo.lo.hi.hi.lo,dense,expand,arm beat the default just outside the box,1.9872,2.027,9,7,3,0.125,8
boundary:query,1307,L116.lo.hi.lo.hi.lo.lo.hi.hi.hi,dense,expand,arm beat the default just outside the box,1.808,1.8478,7,3,0,0.0,3
boundary:query,1307,L116.hi.hi.lo.lo.lo.hi.hi.hi.hi,dense,expand,arm beat the default just outside the box,1.8279,1.8678,7,2,0,0.0,2
boundary:query,1307,L116.hi.hi.hi.hi.lo.lo,dense,expand,arm beat the default just outside the box,1.9872,2.027,14,6,2,0.1429,7
boundary:query,1307,L116.lo.hi.hi.hi.lo.lo,dense,expand,arm beat the default just outside the box,1.9872,2.027,9,6,2,0.1429,7
boundary:query,1307,L116.lo.hi.hi.hi.lo.hi,dense,expand,arm beat the default just outside the box,1.808,1.8478,8,2,0,0.0,2
boundary:query,1307,L153.hi.hi.hi.hi.lo.lo,dense,expand,arm beat the default just outside the box,1.9964,2.0362,9,6,2,0.1429,7
boundary:query,1307,L153.hi.hi.hi.hi.lo.hi,dense,expand,arm beat the default just outside the box,1.8172,1.857,8,2,0,0.0,2
boundary:query,1307,L116.hi.lo.hi.hi.hi.lo.lo,dense,expand,arm beat the default just outside the box,1.9872,2.027,9,6,2,0.1429,7
boundary:query,1307,L116.hi.lo.hi.hi.hi.lo.hi,dense,expand,arm beat the default just outside the box,1.808,1.8478,8,2,0,0.0,2
boundary:query,1307,L116.hi.hi.lo.hi.hi.lo.lo,dense,expand,arm beat the default just outside the box,1.9872,2.027,16,6,2,0.1429,7
boundary:query,1307,L116.hi.hi.lo.lo.lo.hi.hi.lo.hi.hi,dense,expand,arm beat the default just outside the box,1.8279,1.8678,3,0,0,0.0,0
boundary:query,1307,L116.lo.hi.lo.hi.lo.hi.hi.lo.hi,dense,expand,arm beat the default just outside the box,1.7881,1.8279,2,0,0,0.0,0
boundary:query,1307,L595,hybrid,create,"default missed, hybrid hit",,2.0,1,0,0,0.0,0
boundary:query,1308,L596,dense,create,"default missed, dense hit",,2.0,1,0,0,0.0,0
boundary:query,1308,L597,hybrid,create,"default missed, hybrid hit",,2.0,1,0,0,0.0,0
boundary:query,1309,L116.lo.hi.lo.hi.lo.lo.hi.hi.lo,dense,exception,contradicted; every cut loses a supporter,2.0274,2.0274,9,8,4,0.1111,9
boundary:query,1309,L116.hi.hi.lo.lo.lo.hi.hi.hi.lo,dense,exception,contradicted; every cut loses a supporter,1.9079,1.9079,7,5,1,0.1667,6
boundary:query,1309,L116.hi.hi.hi.hi.lo.lo,dense,exception,contradicted; every cut loses a supporter,2.0274,2.0274,14,7,3,0.125,8
boundary:query,1309,L116.lo.hi.hi.hi.lo.lo,dense,exception,contradicted; every cut loses a supporter,2.0274,2.0274,9,7,3,0.125,8
boundary:query,1309,L153.hi.hi.hi.hi.lo.lo,dense,exception,contradicted; every cut loses a supporter,2.0365,2.0365,9,7,3,0.125,8
boundary:query,1309,L116.hi.lo.hi.hi.hi.lo.lo,dense,exception,contradicted; every cut loses a supporter,2.0274,2.0274,9,7,3,0.125,8
boundary:query,1309,L116.hi.hi.lo.hi.hi.lo.lo,dense,exception,contradicted; every cut loses a supporter,2.0274,2.0274,16,7,3,0.125,8
boundary:query,1309,L551,dense,narrow,contradicted; cut f:query_len_tokens,2.0009,1.995,3,4,0,0.3333,6
boundary:query,1309,L116.lo.hi.lo.hi.lo.lo.hi.hi.lo,dense,split,4 exceptions; cut f:query_len_tokens at 12,,2.0274,9,8,4,0.1111,9
boundary:query,1309,L116.lo.hi.lo.hi.lo.lo.hi.hi.lo.lo,dense,create,split of L116.lo.hi.lo.hi.lo.lo.hi.hi.lo,,1.868,6,0,0,0.0,0
boundary:query,1309,L116.lo.hi.lo.hi.lo.lo.hi.hi.lo.hi,dense,create,split of L116.lo.hi.lo.hi.lo.lo.hi.hi.lo,,1.9079,3,0,0,0.0,0
boundary:query,1310,L518,hybrid,retire,utility <= 0,,2.0007,1,5,0,0.0,5
boundary:query,1311,L116.lo.lo.lo.lo,dense,exception,contradicted; every cut loses a supporter,1.8281,1.8281,8,5,1,0.0,6
boundary:query,1311,L116.lo.hi.lo.lo.lo.lo,dense,exception,contradicted; every cut loses a supporter,1.8281,1.8281,10,5,1,0.0,6
boundary:query,1311,L116.hi.hi.lo.lo.lo.lo.lo,dense,exception,contradicted; every cut loses a supporter,1.8281,1.8281,11,5,1,0.0,6
boundary:query,1311,L116.hi.hi.lo.lo.lo.hi.hi.hi.lo,dense,exception,contradicted; every cut loses a supporter,1.9078,1.9078,7,6,2,0.0,7
boundary:query,1311,L116.lo.lo.lo.lo,dense,retire,utility <= 0,,1.8281,8,5,1,0.0,6
boundary:query,1311,L116.lo.hi.lo.lo.lo.lo,dense,retire,utility <= 0,,1.8281,10,5,1,0.0,6
boundary:query,1311,L116.hi.hi.lo.lo.lo.lo.lo,dense,retire,utility <= 0,,1.8281,11,5,1,0.0,6
boundary:query,1311,L116.hi.hi.lo.lo.lo.hi.hi.hi.lo,dense,retire,utility <= 0,,1.9078,7,6,2,0.0,7
boundary:query,1312,L218.lo,hybrid,expand,arm beat the default just outside the box,1.8159,1.8757,4,1,0,0.0,1
boundary:query,1312,L367.lo,hybrid,expand,arm beat the default just outside the box,1.8097,1.8695,4,1,0,0.0,1
boundary:query,1314,L116.hi.hi.hi.hi.lo.hi,dense,narrow,contradicted; cut f:query_len_tokens,1.8279,1.8279,6,4,0,0.3333,6
boundary:query,1314,L551,dense,narrow,contradicted; cut f:query_len_tokens,1.9949,1.955,3,5,0,0.2857,7
boundary:query,1315,L116.hi.hi.hi.hi.lo.lo,dense,exception,contradicted; every cut loses a supporter,2.0275,2.0275,14,8,4,0.0,9
boundary:query,1315,L116.hi.hi.hi.hi.lo.hi,dense,exception,contradicted; every cut loses a supporter,1.8282,1.8282,6,5,1,0.1429,7
boundary:query,1315,L116.lo.hi.hi.hi.lo.lo,dense,exception,contradicted; every cut loses a supporter,2.0275,2.0275,9,8,4,0.0,9
boundary:query,1315,L153.hi.hi.hi.hi.lo.lo,dense,exception,contradicted; every cut loses a supporter,2.0367,2.0367,9,8,4,0.0,9
boundary:query,1315,L116.hi.lo.hi.hi.hi.lo.lo,dense,exception,contradicted; every cut loses a supporter,2.0275,2.0275,9,8,4,0.0,9
boundary:query,1315,L116.hi.hi.lo.hi.hi.lo.lo,dense,exception,contradicted; every cut loses a supporter,2.0275,2.0275,16,8,4,0.0,9
boundary:query,1315,L551,dense,exception,contradicted; every cut loses a supporter,1.9553,1.9553,3,6,1,0.125,8
boundary:query,1315,L116.lo.hi.lo.hi.lo.lo.hi.hi.hi,dense,retire,utility <= 0,,1.8481,7,5,0,-0.2,5
boundary:query,1315,L116.hi.hi.lo.lo.lo.hi.hi.hi.hi,dense,retire,utility <= 0,,1.8681,7,5,0,-0.2,5
boundary:query,1315,L116.hi.hi.hi.hi.lo.lo,dense,split,4 exceptions; cut f:query_len_tokens at 13.5,,2.0275,14,8,4,0.0,9
boundary:query,1315,L116.hi.hi.hi.hi.lo.lo.lo,dense,create,split of L116.hi.hi.hi.hi.lo.lo,,1.9278,7,0,0,0.0,0
boundary:query,1315,L116.hi.hi.hi.hi.lo.lo.hi,dense,create,split of L116.hi.hi.hi.hi.lo.lo,,1.8481,7,0,0,0.0,0
boundary:query,1315,L116.lo.hi.hi.hi.lo.lo,dense,split,4 exceptions; cut f:query_len_tokens at 12,,2.0275,9,8,4,0.0,9
boundary:query,1315,L116.lo.hi.hi.hi.lo.lo.lo,dense,create,split of L116.lo.hi.hi.hi.lo.lo,,1.8681,6,0,0,0.0,0
boundary:query,1315,L116.lo.hi.hi.hi.lo.lo.hi,dense,create,split of L116.lo.hi.hi.hi.lo.lo,,1.9079,3,0,0,0.0,0
boundary:query,1315,L153.hi.hi.hi.hi.lo.lo,dense,split,4 exceptions; cut f:query_len_tokens at 12,,2.0367,9,8,4,0.0,9
boundary:query,1315,L153.hi.hi.hi.hi.lo.lo.lo,dense,create,split of L153.hi.hi.hi.hi.lo.lo,,1.8772,6,0,0,0.0,0
boundary:query,1315,L153.hi.hi.hi.hi.lo.lo.hi,dense,create,split of L153.hi.hi.hi.hi.lo.lo,,1.9171,3,0,0,0.0,0
boundary:query,1315,L116.hi.lo.hi.hi.hi.lo.lo,dense,split,4 exceptions; cut f:query_len_tokens at 12,,2.0275,9,8,4,0.0,9
boundary:query,1315,L116.hi.lo.hi.hi.hi.lo.lo.lo,dense,create,split of L116.hi.lo.hi.hi.hi.lo.lo,,1.8681,6,0,0,0.0,0
boundary:query,1315,L116.hi.lo.hi.hi.hi.lo.lo.hi,dense,create,split of L116.hi.lo.hi.hi.hi.lo.lo,,1.9079,3,0,0,0.0,0
boundary:query,1315,L116.hi.hi.lo.hi.hi.lo.lo,dense,split,4 exceptions; cut f:query_len_tokens at 14,,2.0275,16,8,4,0.0,9
boundary:query,1315,L116.hi.hi.lo.hi.hi.lo.lo.lo,dense,create,split of L116.hi.hi.lo.hi.hi.lo.lo,,1.9478,14,0,0,0.0,0
boundary:query,1315,L116.hi.hi.lo.hi.hi.lo.lo.hi,dense,create,split of L116.hi.hi.lo.hi.hi.lo.lo,,1.8282,2,0,0,0.0,0
boundary:query,1315,L304.hi.lo.hi.hi,dense,retire,utility <= 0,,1.8332,3,4,0,0.0,5
boundary:query,1317,L54.lo,hybrid,exception,contradicted; every cut loses a supporter,1.8624,1.8624,6,5,1,0.2857,7
boundary:query,1317,L54.hi,hybrid,exception,contradicted; every cut loses a supporter,1.9023,1.9023,6,8,2,0.1,10
boundary:query,1317,L229.hi,dense,expand,arm beat the default just outside the box,1.9979,2.0378,4,1,0,0.5,2
boundary:query,1317,L19.hi.hi,dense,expand,arm beat the default just outside the box,1.8602,1.9001,4,1,0,0.5,2
boundary:query,1318,L557,dense,expand,arm beat the default just outside the box,2.0005,2.0346,2,0,0,0.0,0
boundary:query,1318,L558,hybrid,expand,arm beat the default just outside the box,2.0005,2.0346,2,0,0,0.0,0
boundary:query,1319,L56.lo.hi,hybrid,exception,contradicted; every cut loses a supporter,1.8443,1.8443,7,4,1,0.5,8
boundary:query,1319,L317.hi,dense,expand,arm beat the default just outside the box,1.9993,2.0392,5,1,0,0.0,1
boundary:query,1320,L345,hybrid,exception,contradicted; every cut loses a supporter,1.9115,1.9115,6,9,4,0.1667,12
boundary:query,1320,L349,dense,exception,contradicted; every cut loses a supporter,1.911,1.911,7,7,4,0.2727,11
boundary:query,1320,L505,dense,exception,contradicted; every cut loses a supporter,2.0356,2.0356,5,4,2,0.2857,7
boundary:query,1320,L506,hybrid,exception,contradicted; every cut loses a supporter,2.0356,2.0356,3,6,2,0.0,7
boundary:query,1320,L345,hybrid,split,4 exceptions; cut f:query_len_tokens at 14,,1.9115,6,9,4,0.1667,12
boundary:query,1320,L345.lo,hybrid,create,split of L345,,1.8316,4,0,0,0.0,0
boundary:query,1320,L345.hi,hybrid,create,split of L345,,1.8316,2,0,0,0.0,0
boundary:query,1320,L349,dense,split,4 exceptions; cut f:query_len_tokens at 14,,1.911,7,7,4,0.2727,11
boundary:query,1320,L349.lo,dense,create,split of L349,,1.8311,5,0,0,0.0,0
boundary:query,1320,L349.hi,dense,create,split of L349,,1.8311,2,0,0,0.0,0
boundary:query,1320,L506,hybrid,retire,utility <= 0,,2.0356,3,6,2,0.0,7
boundary:query,1325,L322.hi.lo.lo,dense,expand,arm beat the default just outside the box,1.7934,1.8334,6,1,0,-1.0,1
boundary:query,1325,L116.lo.lo.hi.lo.lo.lo,dense,expand,arm beat the default just outside the box,1.7878,1.8278,7,1,0,-1.0,1
boundary:query,1325,L116.hi.hi.lo.lo.lo.lo.hi.lo,dense,expand,arm beat the default just outside the box,1.7878,1.8278,7,1,0,-1.0,1
boundary:query,1325,L116.lo.hi.lo.lo.hi.lo.lo.lo,dense,expand,arm beat the default just outside the box,1.8078,1.8278,7,1,0,-1.0,1
boundary:query,1325,L304.hi.lo.lo.hi,dense,expand,arm beat the default just outside the box,1.7928,1.8128,5,0,0,0.0,0
boundary:query,1325,L261.lo.hi.lo.lo,dense,expand,arm beat the default just outside the box,1.7939,1.8338,6,1,0,-1.0,1
boundary:query,1325,L322.lo.hi.lo.lo,dense,expand,arm beat the default just outside the box,1.7934,1.8334,6,1,0,-1.0,1
boundary:query,1325,L116.lo.hi.lo.hi.lo.lo.hi.hi.lo.hi,dense,expand,arm beat the default just outside the box,1.9077,1.9477,4,3,0,-0.3333,3
boundary:query,1325,L116.lo.hi.hi.hi.lo.lo.hi,dense,expand,arm beat the default just outside the box,1.9077,1.9477,4,1,0,0.0,1
boundary:query,1325,L153.hi.hi.hi.hi.lo.lo.hi,dense,expand,arm beat the default just outside the box,1.9169,1.9569,4,1,0,0.0,1
boundary:query,1325,L116.hi.lo.hi.hi.hi.lo.lo.hi,dense,expand,arm beat the default just outside the box,1.9077,1.9477,4,1,0,0.0,1
boundary:query,1325,L261.lo.lo.hi,dense,retire,utility <= 0,,1.8338,3,4,0,0.0,5
boundary:query,1325,L322.lo.lo.hi,dense,retire,utility <= 0,,1.8334,3,4,0,0.0,5
boundary:query,1325,L116.lo.hi.lo.hi.lo.hi.hi.lo.lo,dense,retire,utility <= 0,,1.9477,13,4,0,0.0,5
boundary:query,1326,L55.hi.lo,dense,exception,contradicted; every cut loses a supporter,1.9039,1.9039,11,5,2,0.4444,9
boundary:query,1326,L55.hi.hi,dense,exception,contradicted; every cut loses a supporter,1.824,1.824,7,5,2,0.4444,9
boundary:query,1326,L55.lo.hi,dense,exception,contradicted; every cut loses a supporter,1.824,1.824,6,5,2,0.4444,9
boundary:query,1326,L56.lo.hi,hybrid,exception,contradicted; every cut loses a supporter,1.844,1.844,7,5,2,0.4444,9
boundary:query,1326,L11.hi.lo,dense,exception,contradicted; every cut loses a supporter,1.7528,1.7528,12,3,1,0.5,6
boundary:query,1327,L304.hi.lo.hi.lo,dense,exception,contradicted; every cut loses a supporter,1.8729,1.8729,8,5,1,0.1667,6
boundary:query,1332,L304.hi.lo.hi.lo,dense,exception,contradicted; every cut loses a supporter,1.8725,1.8725,8,6,2,0.1429,7
boundary:query,1332,L116.lo.hi.hi.hi.lo.hi,dense,retire,utility <= 0,,1.8475,8,5,0,-0.2,5
boundary:query,1332,L153.hi.hi.hi.hi.lo.hi,dense,retire,utility <= 0,,1.8567,8,5,0,-0.2,5
boundary:query,1332,L116.hi.lo.hi.hi.hi.lo.hi,dense,retire,utility <= 0,,1.8475,8,5,0,-0.2,5
boundary:query,1332,L116.hi.hi.lo.lo.lo.hi.hi.lo.hi.hi,dense,retire,utility <= 0,,1.8675,3,5,0,-0.2,5
boundary:query,1332,L595,hybrid,retire,utility <= 0,,2.0003,1,5,0,0.0,5
boundary:query,1332,L116.lo.hi.lo.hi.lo.lo.hi.hi.lo.hi,dense,retire,utility <= 0,,1.9475,4,5,0,-0.2,5
boundary:query,1334,L551,dense,narrow,contradicted; cut f:query_len_tokens,1.955,1.8692,3,7,1,0.1111,9
boundary:query,1335,L198.hi.lo,hybrid,expand,arm beat the default just outside the box,1.8758,1.9158,9,7,3,0.2222,9
boundary:query,1335,L305.lo,hybrid,expand,arm beat the default just outside the box,1.8728,1.9128,10,7,3,0.2222,9
boundary:query,1335,L116.lo.lo.lo.hi.lo,dense,expand,arm beat the default just outside the box,1.8279,1.8679,7,2,0,0.0,3
boundary:query,1335,L116.lo.hi.lo.lo.lo.hi.lo,dense,expand,arm beat the default just outside the box,1.8279,1.8679,8,2,0,0.0,3
boundary:query,1335,L322.hi.lo.lo,dense,expand,arm beat the default just outside the box,1.8335,1.8735,7,2,0,-0.5,2
boundary:query,1335,L116.lo.lo.hi.lo.lo.lo,dense,expand,arm beat the default just outside the box,1.8279,1.8679,8,2,0,-0.5,2
boundary:query,1335,L116.hi.hi.lo.lo.lo.lo.hi.lo,dense,expand,arm beat the default just outside the box,1.8279,1.8679,8,2,0,-0.5,2
boundary:query,1335,L116.lo.hi.lo.lo.hi.lo.lo.lo,dense,expand,arm beat the default just outside the box,1.8279,1.8679,8,2,0,-0.5,2
boundary:query,1335,L304.hi.lo.lo.lo,dense,expand,arm beat the default just outside the box,1.8529,1.8728,6,2,0,0.0,3
boundary:query,1335,L261.lo.hi.lo.lo,dense,expand,arm beat the default just outside the box,1.834,1.8739,7,2,0,-0.5,2
boundary:query,1335,L322.lo.hi.lo.lo,dense,expand,arm beat the default just outside the box,1.8335,1.8735,7,2,0,-0.5,2
boundary:query,1335,L116.hi.hi.lo.hi.lo.hi.lo.lo,dense,expand,arm beat the default just outside the box,1.8279,1.8679,6,2,0,0.0,3
boundary:query,1335,L116.lo.hi.lo.hi.lo.hi.lo.lo.lo,dense,expand,arm beat the default just outside the box,1.8279,1.8679,8,2,0,0.0,3
boundary:query,1335,L116.hi.hi.lo.lo.lo.hi.hi.lo.lo.lo,dense,expand,arm beat the default just outside the box,1.8279,1.8679,8,2,0,0.0,3
boundary:query,1335,L116.hi.hi.hi.hi.lo.lo.hi,dense,expand,arm beat the default just outside the box,1.8479,1.9079,8,1,0,0.0,1
boundary:query,1335,L614,hybrid,create,"default missed, hybrid hit",,2.0,1,0,0,0.0,0
boundary:query,1339,L198.hi.lo,hybrid,exception,contradicted; every cut loses a supporter,1.916,1.916,9,8,4,0.2,10
boundary:query,1339,L305.lo,hybrid,exception,contradicted; every cut loses a supporter,1.913,1.913,10,8,4,0.2,10
boundary:query,1339,L304.hi.lo.hi.lo,dense,exception,contradicted; every cut loses a supporter,1.8731,1.8731,9,7,3,0.2222,9
boundary:query,1339,L116.hi.hi.lo.lo.lo.hi.hi.lo.hi.lo,dense,exception,contradicted; every cut loses a supporter,1.8281,1.8281,4,4,1,0.3333,6
boundary:query,1339,L116.hi.hi.lo.hi.lo.hi.lo.hi,dense,exception,contradicted; every cut loses a supporter,1.8281,1.8281,5,4,1,0.3333,6
boundary:query,1339,L116.hi.hi.lo.hi.hi.lo.lo.lo,dense,exception,contradicted; every cut loses a supporter,1.9481,1.9481,16,4,1,0.3333,6
boundary:query,1339,L198.hi.lo,hybrid,split,4 exceptions; cut f:query_len_tokens at 14,,1.916,9,8,4,0.2,10
boundary:query,1339,L198.hi.lo.lo,hybrid,create,split of L198.hi.lo,,1.836,5,0,0,0.0,0
boundary:query,1339,L198.hi.lo.hi,hybrid,create,split of L198.hi.lo,,1.836,4,0,0,0.0,0
boundary:query,1339,L305.lo,hybrid,split,4 exceptions; cut f:query_len_tokens at 14.5,,1.913,10,8,4,0.2,10
boundary:query,1339,L305.lo.lo,hybrid,create,split of L305.lo,,1.8531,5,0,0,0.0,0
boundary:query,1339,L305.lo.hi,hybrid,create,split of L305.lo,,1.8131,5,0,0,0.0,0
boundary:query,1340,L116.lo.hi.lo.hi.lo.lo.hi.lo.lo,dense,exception,contradicted; every cut loses a supporter,1.8684,1.8684,13,4,1,0.1667,6
boundary:query,1340,L322.hi.hi.lo,dense,exception,contradicted; every cut loses a supporter,1.8739,1.8739,8,4,1,0.1667,6
boundary:query,1340,L116.lo.lo.hi.lo.hi.lo,dense,exception,contradicted; every cut loses a supporter,1.8684,1.8684,8,4,1,0.1667,6
boundary:query,1340,L116.lo.hi.lo.lo.hi.lo.hi.lo,dense,exception,contradicted; every cut loses a supporter,1.8684,1.8684,8,4,1,0.1667,6
boundary:query,1340,L261.lo.hi.hi.lo,dense,exception,contradicted; every cut loses a supporter,1.8744,1.8744,8,4,1,0.1667,6
boundary:query,1340,L322.lo.hi.hi.lo,dense,exception,contradicted; every cut loses a supporter,1.8739,1.8739,8,4,1,0.1667,6
boundary:query,1340,L116.lo.hi.lo.hi.lo.lo.hi.hi.lo.lo,dense,exception,contradicted; every cut loses a supporter,1.8684,1.8684,8,4,1,0.1667,6
boundary:query,1340,L116.hi.hi.hi.hi.lo.lo.lo,dense,exception,contradicted; every cut loses a supporter,1.9283,1.9283,9,4,1,0.3333,6
boundary:query,1340,L116.hi.hi.lo.hi.hi.lo.lo.lo,dense,exception,contradicted; every cut loses a supporter,1.9483,1.9483,16,5,2,0.2857,7
boundary:query,1340,L116.lo.lo.lo.hi.lo,dense,retire,utility <= 0,,1.8684,7,4,0,0.0,5
boundary:query,1340,L116.lo.hi.lo.lo.lo.hi.lo,dense,retire,utility <= 0,,1.8684,8,4,0,0.0,5
boundary:query,1340,L304.hi.lo.lo.lo,dense,retire,utility <= 0,,1.8733,6,4,0,0.0,5
boundary:query,1340,L116.hi.hi.lo.hi.lo.hi.lo.lo,dense,retire,utility <= 0,,1.8684,6,4,0,0.0,5
boundary:query,1340,L116.lo.hi.lo.hi.lo.hi.lo.lo.lo,dense,retire,utility <= 0,,1.8684,8,4,0,0.0,5
boundary:query,1340,L116.hi.hi.lo.lo.lo.hi.hi.lo.lo.lo,dense,retire,utility <= 0,,1.8684,8,4,0,0.0,5
boundary:query,1343,L261.lo.lo.lo,dense,retire,utility <= 0,,1.8342,9,4,0,0.0,5
boundary:query,1343,L322.lo.lo.lo,dense,retire,utility <= 0,,1.9589,7,4,0,0.0,5
boundary:query,1343,L619,hybrid,create,"default missed, hybrid hit",,2.0,1,0,0,0.0,0
boundary:query,1345,L116.lo.hi.hi.hi.lo.lo.lo,dense,exception,contradicted; every cut loses a supporter,1.8681,1.8681,8,4,1,0.1667,6
boundary:query,1345,L153.hi.hi.hi.hi.lo.lo.lo,dense,exception,contradicted; every cut loses a supporter,1.8772,1.8772,8,4,1,0.1667,6
boundary:query,1345,L116.hi.lo.hi.hi.hi.lo.lo.lo,dense,exception,contradicted; every cut loses a supporter,1.8681,1.8681,8,4,1,0.1667,6
boundary:query,1345,L322.hi.lo.lo,dense,retire,utility <= 0,,1.8737,7,5,0,-0.4,5
boundary:query,1345,L116.lo.lo.hi.lo.lo.lo,dense,retire,utility <= 0,,1.8681,8,5,0,-0.4,5
boundary:query,1345,L116.hi.hi.lo.lo.lo.lo.hi.lo,dense,retire,utility <= 0,,1.8681,8,5,0,-0.4,5
boundary:query,1345,L116.lo.hi.lo.lo.hi.lo.lo.lo,dense,retire,utility <= 0,,1.8681,8,5,0,-0.4,5
boundary:query,1345,L261.lo.hi.lo.lo,dense,retire,utility <= 0,,1.8741,7,5,0,-0.4,5
boundary:query,1345,L322.lo.hi.lo.lo,dense,retire,utility <= 0,,1.8737,7,5,0,-0.4,5
boundary:query,1346,L304.hi.lo.hi.lo,dense,expand,arm beat the default just outside the box,1.8733,1.9132,10,7,3,0.2222,9
boundary:query,1346,L116.hi.hi.lo.lo.lo.hi.hi.lo.hi.lo,dense,expand,arm beat the default just outside the box,1.8285,1.8683,5,4,1,0.3333,6
boundary:query,1346,L116.lo.lo.lo.hi.hi,dense,expand,arm beat the default just outside the box,1.7886,1.8285,6,2,0,0.5,4
boundary:query,1346,L116.lo.hi.lo.lo.lo.hi.hi,dense,expand,arm beat the default just outside the box,1.7886,1.8285,6,2,0,0.5,4
boundary:query,1346,L116.lo.hi.lo.lo.hi.lo.lo.hi,dense,expand,arm beat the default just outside the box,1.8085,1.8285,9,2,0,0.5,4
boundary:query,1346,L304.hi.lo.lo.hi,dense,expand,arm beat the default just outside the box,1.8135,1.8533,7,2,0,0.3333,3
boundary:query,1346,L116.hi.hi.lo.hi.lo.hi.lo.hi,dense,expand,arm beat the default just outside the box,1.8285,1.8683,6,4,1,0.3333,6
boundary:query,1346,L116.lo.hi.lo.hi.lo.hi.lo.lo.hi,dense,expand,arm beat the default just outside the box,1.8085,1.8484,6,2,0,0.5,4
boundary:query,1346,L116.hi.hi.lo.lo.lo.hi.hi.lo.lo.hi,dense,expand,arm beat the default just outside the box,1.7886,1.8285,7,2,0,0.5,4
boundary:query,1346,L116.lo.hi.hi.hi.lo.lo.hi,dense,expand,arm beat the default just outside the box,1.9481,1.988,6,4,0,0.2,5
boundary:query,1346,L153.hi.hi.hi.hi.lo.lo.hi,dense,expand,arm beat the default just outside the box,1.9572,1.9971,6,4,0,0.2,5
boundary:query,1346,L116.hi.lo.hi.hi.hi.lo.lo.hi,dense,expand,arm beat the default just outside the box,1.9481,1.988,6,4,0,0.2,5
boundary:query,1349,L351.hi,dense,exception,contradicted; every cut loses a supporter,1.8716,1.8716,6,4,1,0.4286,7
boundary:query,1349,L5.lo.hi,dense,exception,contradicted; every cut loses a supporter,2.6437,2.6437,7,4,1,0.4286,7
boundary:query,1352,L514,dense,retire,utility <= 0,,2.0003,2,4,0,0.0,5
boundary:query,1355,L596,dense,retire,utility <= 0,,1.9999,1,5,0,0.0,5
boundary:query,1355,L597,hybrid,retire,utility <= 0,,1.9999,1,5,0,0.0,5
boundary:query,1356,L505,dense,exception,contradicted; every cut loses a supporter,2.0349,2.0349,5,5,3,0.25,8
boundary:query,1356,L12.lo.hi.hi.hi.lo.lo.lo,dense,exception,contradicted; every cut loses a supporter,1.729,1.729,11,4,2,0.4286,7
boundary:query,1356,L12.lo.hi.hi.hi.lo.lo.hi,dense,exception,contradicted; every cut loses a supporter,1.8088,1.8088,10,6,3,0.25,8
boundary:query,1356,L12.hi.hi.hi.hi.lo.lo.lo,dense,exception,contradicted; every cut loses a supporter,1.729,1.729,11,4,2,0.4286,7
boundary:query,1356,L12.hi.hi.hi.hi.lo.lo.hi,dense,exception,contradicted; every cut loses a supporter,1.8088,1.8088,10,6,3,0.25,8
boundary:query,1356,L6.lo.hi.hi.hi.lo.lo.lo,dense,exception,contradicted; every cut loses a supporter,2.2145,2.2145,11,4,2,0.4286,7
boundary:query,1356,L6.lo.hi.hi.hi.lo.lo.hi,dense,exception,contradicted; every cut loses a supporter,2.2943,2.2943,10,6,3,0.25,8
boundary:query,1358,L12.lo.hi.hi.hi.hi,dense,exception,contradicted; every cut loses a supporter,1.7686,1.7686,13,5,1,0.5,10
boundary:query,1358,L12.hi.hi.hi.hi.hi,dense,exception,contradicted; every cut loses a supporter,1.7686,1.7686,13,5,1,0.5,10
boundary:query,1358,L6.lo.hi.hi.hi.hi,dense,exception,contradicted; every cut loses a supporter,2.2546,2.2546,13,5,1,0.5,10
boundary:query,1358,L12.lo.hi.hi.hi.lo.lo.hi,dense,exception,contradicted; every cut loses a supporter,1.8085,1.8085,10,7,4,0.2222,9
boundary:query,1358,L12.hi.hi.hi.hi.lo.lo.hi,dense,exception,contradicted; every cut loses a supporter,1.8085,1.8085,10,7,4,0.2222,9
boundary:query,1358,L6.lo.hi.hi.hi.lo.lo.hi,dense,exception,contradicted; every cut loses a supporter,2.2944,2.2944,10,7,4,0.2222,9
boundary:query,1358,L12.lo.hi.hi.hi.lo.lo.hi,dense,split,4 exceptions; cut f:query_len_tokens at 18,,1.8085,10,7,4,0.2222,9
boundary:query,1358,L12.lo.hi.hi.hi.lo.lo.hi.lo,dense,create,split of L12.lo.hi.hi.hi.lo.lo.hi,,1.7686,8,0,0,0.0,0
boundary:query,1358,L12.lo.hi.hi.hi.lo.lo.hi.hi,dense,create,split of L12.lo.hi.hi.hi.lo.lo.hi,,1.6889,2,0,0,0.0,0
boundary:query,1358,L12.hi.hi.hi.hi.lo.lo.hi,dense,split,4 exceptions; cut f:query_len_tokens at 18,,1.8085,10,7,4,0.2222,9
boundary:query,1358,L12.hi.hi.hi.hi.lo.lo.hi.lo,dense,create,split of L12.hi.hi.hi.hi.lo.lo.hi,,1.7686,8,0,0,0.0,0
boundary:query,1358,L12.hi.hi.hi.hi.lo.lo.hi.hi,dense,create,split of L12.hi.hi.hi.hi.lo.lo.hi,,1.6889,2,0,0,0.0,0
boundary:query,1358,L6.lo.hi.hi.hi.lo.lo.hi,dense,split,4 exceptions; cut f:query_len_tokens at 18,,2.2944,10,7,4,0.2222,9
boundary:query,1358,L6.lo.hi.hi.hi.lo.lo.hi.lo,dense,create,split of L6.lo.hi.hi.hi.lo.lo.hi,,2.2546,8,0,0,0.0,0
boundary:query,1358,L6.lo.hi.hi.hi.lo.lo.hi.hi,dense,create,split of L6.lo.hi.hi.hi.lo.lo.hi,,2.1749,2,0,0,0.0,0
boundary:query,1359,L401.hi,hybrid,expand,arm beat the default just outside the box,1.8727,1.9126,5,6,3,0.25,8
boundary:query,1359,L345.lo,hybrid,expand,arm beat the default just outside the box,1.8307,1.8706,5,0,0,0.0,0
boundary:query,1359,L349.lo,dense,expand,arm beat the default just outside the box,1.8302,1.8701,6,0,0,0.0,0
boundary:query,1360,L288,dense,exception,contradicted; every cut loses a supporter,1.9165,1.9165,6,8,3,0.25,12
boundary:query,1361,L116.hi.hi.lo.lo.lo.hi.hi.lo.hi.lo,dense,exception,contradicted; every cut loses a supporter,1.8669,1.8669,5,5,2,0.2857,7
boundary:query,1361,L116.lo.hi.lo.hi.lo.lo.hi.lo.lo,dense,exception,contradicted; every cut loses a supporter,1.8669,1.8669,14,5,2,0.25,8
boundary:query,1361,L322.hi.lo.hi,dense,exception,contradicted; every cut loses a supporter,1.8327,1.8327,6,3,1,0.5,6
boundary:query,1361,L322.hi.hi.lo,dense,exception,contradicted; every cut loses a supporter,1.8725,1.8725,9,5,2,0.25,8
boundary:query,1361,L116.lo.lo.hi.lo.lo.hi,dense,exception,contradicted; every cut loses a supporter,1.827,1.827,8,3,1,0.5,6
boundary:query,1361,L116.lo.lo.hi.lo.hi.lo,dense,exception,contradicted; every cut loses a supporter,1.8669,1.8669,9,5,2,0.25,8
boundary:query,1361,L116.hi.hi.lo.lo.lo.lo.hi.hi,dense,exception,contradicted; every cut loses a supporter,1.827,1.827,8,3,1,0.5,6
boundary:query,1361,L116.lo.hi.lo.lo.hi.lo.hi.lo,dense,exception,contradicted; every cut loses a supporter,1.8669,1.8669,9,5,2,0.25,8
boundary:query,1361,L261.lo.hi.lo.hi,dense,exception,contradicted; every cut loses a supporter,1.8331,1.8331,6,3,1,0.5,6
boundary:query,1361,L261.lo.hi.hi.lo,dense,exception,contradicted; every cut loses a supporter,1.873,1.873,9,5,2,0.25,8
boundary:query,1361,L322.lo.hi.lo.hi,dense,exception,contradicted; every cut loses a supporter,1.8327,1.8327,6,3,1,0.5,6
boundary:query,1361,L322.lo.hi.hi.lo,dense,exception,contradicted; every cut loses a supporter,1.8725,1.8725,9,5,2,0.25,8
boundary:query,1361,L116.hi.hi.lo.hi.lo.hi.lo.hi,dense,exception,contradicted; every cut loses a supporter,1.8669,1.8669,6,5,2,0.2857,7
boundary:query,1361,L116.lo.hi.lo.hi.lo.lo.hi.hi.lo.lo,dense,exception,contradicted; every cut loses a supporter,1.8669,1.8669,9,5,2,0.25,8
boundary:query,1361,L116.hi.hi.hi.hi.lo.lo.lo,dense,exception,contradicted; every cut loses a supporter,1.9267,1.9267,10,5,2,0.375,8
boundary:query,1361,L116.lo.hi.hi.hi.lo.lo.lo,dense,exception,contradicted; every cut loses a supporter,1.8669,1.8669,9,5,2,0.25,8
boundary:query,1361,L116.lo.hi.hi.hi.lo.lo.hi,dense,exception,contradicted; every cut loses a supporter,1.9865,1.9865,6,5,1,0.1667,6
boundary:query,1361,L153.hi.hi.hi.hi.lo.lo.lo,dense,exception,contradicted; every cut loses a supporter,1.876,1.876,9,5,2,0.25,8
boundary:query,1361,L153.hi.hi.hi.hi.lo.lo.hi,dense,exception,contradicted; every cut loses a supporter,1.9957,1.9957,6,5,1,0.1667,6
boundary:query,1361,L116.hi.lo.hi.hi.hi.lo.lo.lo,dense,exception,contradicted; every cut loses a supporter,1.8669,1.8669,9,5,2,0.25,8
boundary:query,1361,L116.hi.lo.hi.hi.hi.lo.lo.hi,dense,exception,contradicted; every cut loses a supporter,1.9865,1.9865,6,5,1,0.1667,6
boundary:query,1361,L116.hi.hi.lo.hi.hi.lo.lo.lo,dense,exception,contradicted; every cut loses a supporter,1.9467,1.9467,17,6,3,0.3333,9
boundary:query,1363,L116.lo.hi.lo.hi.lo.lo.hi.lo.lo,dense,expand,arm beat the default just outside the box,1.867,1.9069,15,5,2,0.25,8
boundary:query,1363,L322.hi.hi.lo,dense,expand,arm beat the default just outside the box,1.8726,1.9125,10,5,2,0.25,8
boundary:query,1363,L116.lo.lo.hi.lo.hi.lo,dense,expand,arm beat the default just outside the box,1.867,1.9069,10,5,2,0.25,8
boundary:query,1363,L116.lo.hi.lo.lo.hi.lo.hi.lo,dense,expand,arm beat the default just outside the box,1.867,1.9069,10,5,2,0.25,8
boundary:query,1363,L261.lo.hi.hi.lo,dense,expand,arm beat the default just outside the box,1.8731,1.9129,10,5,2,0.25,8
boundary:query,1363,L322.lo.hi.hi.lo,dense,expand,arm beat the default just outside the box,1.8726,1.9125,10,5,2,0.25,8
boundary:query,1363,L116.lo.hi.lo.hi.lo.lo.hi.hi.lo.lo,dense,expand,arm beat the default just outside the box,1.867,1.9069,10,5,2,0.25,8
boundary:query,1363,L116.hi.hi.hi.hi.lo.lo.lo,dense,expand,arm beat the default just outside the box,1.9268,1.9666,11,5,2,0.375,8
boundary:query,1363,L116.lo.hi.hi.hi.lo.lo.lo,dense,expand,arm beat the default just outside the box,1.867,1.9069,10,5,2,0.25,8
boundary:query,1363,L153.hi.hi.hi.hi.lo.lo.lo,dense,expand,arm beat the default just outside the box,1.8761,1.916,10,5,2,0.25,8
boundary:query,1363,L116.hi.lo.hi.hi.hi.lo.lo.lo,dense,expand,arm beat the default just outside the box,1.867,1.9069,10,5,2,0.25,8
boundary:query,1363,L116.hi.hi.lo.hi.hi.lo.lo.lo,dense,expand,arm beat the default just outside the box,1.9467,1.9866,18,6,3,0.3333,9
boundary:query,1363,L614,hybrid,expand,arm beat the default just outside the box,1.9987,2.0335,3,4,0,0.2,5
boundary:query,1363,L626,dense,create,"default missed, dense hit",,2.0,1,0,0,0.0,0
boundary:query,1365,L56.lo.hi,hybrid,exception,contradicted; every cut loses a supporter,1.8432,1.8432,7,6,3,0.4,10
boundary:query,1365,L11.hi.lo,dense,exception,contradicted; every cut loses a supporter,1.7526,1.7526,12,4,2,0.4286,7
boundary:query,1365,L317.lo,dense,exception,contradicted; every cut loses a supporter,1.8338,1.8338,7,3,1,0.5,6
boundary:query,1365,L318.lo,hybrid,exception,contradicted; every cut loses a supporter,1.8338,1.8338,6,4,1,0.3333,6
boundary:query,1367,L304.hi.lo.hi.lo,dense,exception,contradicted; every cut loses a supporter,1.9119,1.9119,10,8,4,0.2,10
boundary:query,1367,L116.hi.hi.lo.lo.lo.hi.hi.lo.hi.lo,dense,exception,contradicted; every cut loses a supporter,1.867,1.867,5,6,3,0.25,8
boundary:query,1367,L116.lo.hi.lo.hi.lo.lo.hi.lo.lo,dense,exception,contradicted; every cut loses a supporter,1.9069,1.9069,15,6,3,0.2222,9
boundary:query,1367,L116.lo.lo.lo.hi.hi,dense,exception,contradicted; every cut loses a supporter,1.8272,1.8272,6,4,1,0.3333,6
boundary:query,1367,L116.lo.hi.lo.lo.lo.hi.hi,dense,exception,contradicted; every cut loses a supporter,1.8272,1.8272,6,4,1,0.3333,6
boundary:query,1367,L322.hi.lo.hi,dense,exception,contradicted; every cut loses a supporter,1.8328,1.8328,6,4,2,0.4286,7
boundary:query,1367,L322.hi.hi.lo,dense,exception,contradicted; every cut loses a supporter,1.9125,1.9125,10,6,3,0.2222,9
boundary:query,1367,L116.lo.lo.hi.lo.lo.hi,dense,exception,contradicted; every cut loses a supporter,1.8272,1.8272,8,4,2,0.4286,7
boundary:query,1367,L116.lo.lo.hi.lo.hi.lo,dense,exception,contradicted; every cut loses a supporter,1.9069,1.9069,10,6,3,0.2222,9
boundary:query,1367,L116.hi.hi.lo.lo.lo.lo.hi.hi,dense,exception,contradicted; every cut loses a supporter,1.8272,1.8272,8,4,2,0.4286,7
boundary:query,1367,L116.lo.hi.lo.lo.hi.lo.lo.hi,dense,exception,contradicted; every cut loses a supporter,1.8272,1.8272,9,4,1,0.3333,6
boundary:query,1367,L116.lo.hi.lo.lo.hi.lo.hi.lo,dense,exception,contradicted; every cut loses a supporter,1.9069,1.9069,10,6,3,0.2222,9
boundary:query,1367,L261.lo.hi.lo.hi,dense,exception,contradicted; every cut loses a supporter,1.8332,1.8332,6,4,2,0.4286,7
boundary:query,1367,L261.lo.hi.hi.lo,dense,exception,contradicted; every cut loses a supporter,1.9129,1.9129,10,6,3,0.2222,9
boundary:query,1367,L322.lo.hi.lo.hi,dense,exception,contradicted; every cut loses a supporter,1.8328,1.8328,6,4,2,0.4286,7
boundary:query,1367,L322.lo.hi.hi.lo,dense,exception,contradicted; every cut loses a supporter,1.9125,1.9125,10,6,3,0.2222,9
boundary:query,1367,L116.hi.hi.lo.hi.lo.hi.lo.hi,dense,exception,contradicted; every cut loses a supporter,1.867,1.867,6,6,3,0.25,8
boundary:query,1367,L116.lo.hi.lo.hi.lo.hi.lo.lo.hi,dense,exception,contradicted; every cut loses a supporter,1.8471,1.8471,6,4,1,0.3333,6
boundary:query,1367,L116.hi.hi.lo.lo.lo.hi.hi.lo.lo.hi,dense,exception,contradicted; every cut loses a supporter,1.8272,1.8272,7,4,1,0.3333,6
boundary:query,1367,L116.lo.hi.lo.hi.lo.lo.hi.hi.lo.lo,dense,exception,contradicted; every cut loses a supporter,1.9069,1.9069,10,6,3,0.2222,9
boundary:query,1367,L116.hi.hi.hi.hi.lo.lo.lo,dense,exception,contradicted; every cut loses a supporter,1.9667,1.9667,11,6,3,0.3333,9
boundary:query,1367,L116.lo.hi.hi.hi.lo.lo.lo,dense,exception,contradicted; every cut loses a supporter,1.9069,1.9069,10,6,3,0.2222,9
boundary:query,1367,L116.lo.hi.hi.hi.lo.lo.hi,dense,exception,contradicted; every cut loses a supporter,1.9866,1.9866,6,6,2,0.1429,7
boundary:query,1367,L153.hi.hi.hi.hi.lo.lo.lo,dense,exception,contradicted; every cut loses a supporter,1.916,1.916,10,6,3,0.2222,9
boundary:query,1367,L153.hi.hi.hi.hi.lo.lo.hi,dense,exception,contradicted; every cut loses a supporter,1.9957,1.9957,6,6,2,0.1429,7
boundary:query,1367,L116.hi.lo.hi.hi.hi.lo.lo.lo,dense,exception,contradicted; every cut loses a supporter,1.9069,1.9069,10,6,3,0.2222,9
boundary:query,1367,L116.hi.lo.hi.hi.hi.lo.lo.hi,dense,exception,contradicted; every cut loses a supporter,1.9866,1.9866,6,6,2,0.1429,7
boundary:query,1367,L116.hi.hi.lo.hi.hi.lo.lo.lo,dense,exception,contradicted; every cut loses a supporter,1.9866,1.9866,18,7,4,0.3,10
boundary:query,1367,L614,hybrid,exception,contradicted; every cut loses a supporter,2.0335,2.0335,3,5,1,0.1667,6
boundary:query,1367,L304.hi.lo.hi.lo,dense,split,4 exceptions; cut f:query_len_tokens at 12,,1.9119,10,8,4,0.2,10
boundary:query,1367,L304.hi.lo.hi.lo.lo,dense,create,split of L304.hi.lo.hi.lo,,1.8321,6,0,0,0.0,0
boundary:query,1367,L304.hi.lo.hi.lo.hi,dense,create,split of L304.hi.lo.hi.lo,,1.8321,4,0,0,0.0,0
boundary:query,1367,L116.hi.hi.lo.hi.hi.lo.lo.lo,dense,split,4 exceptions; cut f:query_len_tokens at 12,,1.9866,18,7,4,0.3,10
boundary:query,1367,L116.hi.hi.lo.hi.hi.lo.lo.lo.lo,dense,create,split of L116.hi.hi.lo.hi.hi.lo.lo.lo,,1.9069,10,0,0,0.0,0
boundary:query,1367,L116.hi.hi.lo.hi.hi.lo.lo.lo.hi,dense,create,split of L116.hi.hi.lo.hi.hi.lo.lo.lo,,1.8272,8,0,0,0.0,0
boundary:query,1368,L318.lo,hybrid,exception,contradicted; every cut loses a supporter,1.8339,1.8339,6,5,2,0.2857,7
boundary:query,1369,L116.hi.hi.hi.hi.lo.lo.hi,dense,expand,arm beat the default just outside the box,1.907,1.9469,9,2,0,0.0,2
boundary:query,1369,L198.hi.lo.lo,hybrid,expand,arm beat the default just outside the box,1.8352,1.875,6,0,0,0.0,0
boundary:query,1369,L305.lo.lo,hybrid,expand,arm beat the default just outside the box,1.8522,1.892,6,0,0,0.0,0
boundary:query,1369,L619,hybrid,expand,arm beat the default just outside the box,1.9987,2.0335,4,3,0,0.4,5
boundary:query,1369,L304.hi.lo.hi.lo.hi,dense,expand,arm beat the default just outside the box,1.8322,1.8721,5,0,0,0.0,0
boundary:query,1369,L116.hi.hi.lo.hi.hi.lo.lo.lo.hi,dense,expand,arm beat the default just outside the box,1.8273,1.8671,9,0,0,0.0,0
boundary:query,1371,L116.hi.hi.lo.lo.lo.hi.hi.lo.hi.lo,dense,narrow,contradicted; cut f:query_len_tokens,1.8671,1.8671,5,7,3,0.2222,9
boundary:query,1371,L116.hi.hi.lo.hi.lo.hi.lo.hi,dense,narrow,contradicted; cut f:query_len_tokens,1.8671,1.8671,6,7,3,0.2222,9
boundary:query,1371,L116.hi.hi.hi.hi.lo.lo.lo,dense,exception,contradicted; every cut loses a supporter,1.9668,1.9668,11,7,4,0.3,10
boundary:query,1371,L116.lo.hi.hi.hi.lo.lo.hi,dense,exception,contradicted; every cut loses a supporter,1.9868,1.9868,6,7,3,0.125,8
boundary:query,1371,L153.hi.hi.hi.hi.lo.lo.hi,dense,exception,contradicted; every cut loses a supporter,1.9959,1.9959,6,7,3,0.125,8
boundary:query,1371,L116.hi.lo.hi.hi.hi.lo.lo.hi,dense,exception,contradicted; every cut loses a supporter,1.9868,1.9868,6,7,3,0.125,8
boundary:query,1371,L614,hybrid,narrow,contradicted; cut f:query_len_tokens,2.0338,1.9489,4,6,1,0.25,8
boundary:query,1371,L116.hi.hi.hi.hi.lo.lo.lo,dense,split,4 exceptions; cut f:query_len_tokens at 11,,1.9668,11,7,4,0.3,10
boundary:query,1371,L116.hi.hi.hi.hi.lo.lo.lo.lo,dense,create,split of L116.hi.hi.hi.hi.lo.lo.lo,,1.8671,7,0,0,0.0,0
boundary:query,1371,L116.hi.hi.hi.hi.lo.lo.lo.hi,dense,create,split of L116.hi.hi.hi.hi.lo.lo.lo,,1.8471,4,0,0,0.0,0
boundary:query,1372,L218.hi,hybrid,exception,contradicted; every cut loses a supporter,1.8549,1.8549,4,5,1,0.0,6
boundary:query,1372,L351.hi,dense,exception,contradicted; every cut loses a supporter,1.8704,1.8704,6,5,2,0.25,8
boundary:query,1372,L5.lo.hi,dense,exception,contradicted; every cut loses a supporter,2.642,2.642,7,5,2,0.25,8
boundary:query,1372,L367.hi,hybrid,exception,contradicted; every cut loses a supporter,1.8089,1.8089,4,5,1,0.0,6
boundary:query,1372,L218.lo,hybrid,retire,utility <= 0,,1.8749,4,5,0,-0.2,5
boundary:query,1372,L218.hi,hybrid,retire,utility <= 0,,1.8549,4,5,1,0.0,6
boundary:query,1372,L367.lo,hybrid,retire,utility <= 0,,1.8687,4,5,0,-0.2,5
boundary:query,1372,L367.hi,hybrid,retire,utility <= 0,,1.8089,4,5,1,0.0,6
boundary:query,1374,L152,hybrid,exception,contradicted; every cut loses a supporter,2.0016,2.0016,5,7,4,0.3636,11
boundary:query,1374,L6.hi.hi.hi.hi,dense,exception,contradicted; every cut loses a supporter,2.3045,2.3045,12,5,4,0.5833,12
boundary:query,1374,L91.hi.hi,dense,exception,contradicted; every cut loses a supporter,1.8565,1.8565,9,6,4,0.3636,11
boundary:query,1374,L6.hi.hi.lo.hi.hi,dense,exception,contradicted; every cut loses a supporter,2.2539,2.2539,9,6,4,0.3636,11
boundary:query,1374,L6.lo.lo.hi.hi.hi,dense,exception,contradicted; every cut loses a supporter,2.2539,2.2539,8,6,2,0.3333,9
boundary:query,1374,L91.lo.hi.hi.hi,dense,exception,contradicted; every cut loses a supporter,1.8565,1.8565,8,6,2,0.3333,9
boundary:query,1374,L226.hi,hybrid,exception,contradicted; every cut loses a supporter,1.9571,1.9571,5,6,3,0.25,8
boundary:query,1374,L12.lo.hi.hi.hi.hi,dense,exception,contradicted; every cut loses a supporter,1.7678,1.7678,13,6,2,0.4545,11
boundary:query,1374,L12.hi.hi.hi.hi.hi,dense,exception,contradicted; every cut loses a supporter,1.7678,1.7678,13,6,2,0.4545,11
boundary:query,1374,L6.lo.hi.hi.hi.hi,dense,exception,contradicted; every cut loses a supporter,2.2539,2.2539,13,6,2,0.4545,11
boundary:query,1374,L152,hybrid,split,4 exceptions; cut f:query_len_tokens at 21,,2.0016,5,7,4,0.3636,11
boundary:query,1374,L152.lo,hybrid,create,split of L152,,1.8793,4,0,0,0.0,0
boundary:query,1374,L152.hi,hybrid,create,split of L152,,1.8793,1,0,0,0.0,0
boundary:query,1374,L6.hi.hi.hi.hi,dense,split,4 exceptions; cut f:query_len_tokens at 19.5,,2.3045,12,5,4,0.5833,12
boundary:query,1374,L6.hi.hi.hi.hi.lo,dense,create,split of L6.hi.hi.hi.hi,,2.1942,6,0,0,0.0,0
boundary:query,1374,L6.hi.hi.hi.hi.hi,dense,create,split of L6.hi.hi.hi.hi,,2.2448,6,0,0,0.0,0
boundary:query,1374,L91.hi.hi,dense,split,4 exceptions; cut f:query_len_tokens at 19,,1.8565,9,6,4,0.3636,11
boundary:query,1374,L91.hi.hi.lo,dense,create,split of L91.hi.hi,,1.7769,5,0,0,0.0,0
boundary:query,1374,L91.hi.hi.hi,dense,create,split of L91.hi.hi,,1.8167,4,0,0,0.0,0
boundary:query,1374,L6.hi.hi.lo.hi.hi,dense,split,4 exceptions; cut f:query_len_tokens at 19,,2.2539,9,6,4,0.3636,11
boundary:query,1374,L6.hi.hi.lo.hi.hi.lo,dense,create,split of L6.hi.hi.lo.hi.hi,,2.1743,5,0,0,0.0,0
boundary:query,1374,L6.hi.hi.lo.hi.hi.hi,dense,create,split of L6.hi.hi.lo.hi.hi,,2.2141,4,0,0,0.0,0
boundary:query,1377,L116.lo.hi.hi.hi.lo.lo.hi,dense,exception,contradicted; every cut loses a supporter,1.9856,1.9856,6,8,4,0.1111,9
boundary:query,1377,L153.hi.hi.hi.hi.lo.lo.hi,dense,exception,contradicted; every cut loses a supporter,1.9947,1.9947,6,8,4,0.1111,9
boundary:query,1377,L116.hi.lo.hi.hi.hi.lo.lo.hi,dense,exception,contradicted; every cut loses a supporter,1.9856,1.9856,6,8,4,0.1111,9
boundary:query,1377,L116.lo.hi.hi.hi.lo.lo.hi,dense,split,4 exceptions; cut f:query_len_tokens at 12.5,,1.9856,6,8,4,0.1111,9
boundary:query,1377,L116.lo.hi.hi.hi.lo.lo.hi.lo,dense,create,split of L116.lo.hi.hi.hi.lo.lo.hi,,1.8463,3,0,0,0.0,0
boundary:query,1377,L116.lo.hi.hi.hi.lo.lo.hi.hi,dense,create,split of L116.lo.hi.hi.hi.lo.lo.hi,,1.8861,3,0,0,0.0,0
boundary:query,1377,L153.hi.hi.hi.hi.lo.lo.hi,dense,split,4 exceptions; cut f:query_len_tokens at 12.5,,1.9947,6,8,4,0.1111,9
boundary:query,1377,L153.hi.hi.hi.hi.lo.lo.hi.lo,dense,create,split of L153.hi.hi.hi.hi.lo.lo.hi,,1.8554,3,0,0,0.0,0
boundary:query,1377,L153.hi.hi.hi.hi.lo.lo.hi.hi,dense,create,split of L153.hi.hi.hi.hi.lo.lo.hi,,1.8952,3,0,0,0.0,0
boundary:query,1377,L116.hi.lo.hi.hi.hi.lo.lo.hi,dense,split,4 exceptions; cut f:query_len_tokens at 12.5,,1.9856,6,8,4,0.1111,9
boundary:query,1377,L116.hi.lo.hi.hi.hi.lo.lo.hi.lo,dense,create,split of L116.hi.lo.hi.hi.hi.lo.lo.hi,,1.8463,3,0,0,0.0,0
boundary:query,1377,L116.hi.lo.hi.hi.hi.lo.lo.hi.hi,dense,create,split of L116.hi.lo.hi.hi.hi.lo.lo.hi,,1.8861,3,0,0,0.0,0
boundary:query,1380,L614,hybrid,exception,contradicted; every cut loses a supporter,1.9481,1.9481,4,7,2,0.2222,9
boundary:query,1380,L619,hybrid,exception,contradicted; every cut loses a supporter,2.0326,2.0326,4,4,1,0.3333,6
boundary:query,1381,L562,dense,retire,utility <= 0,,1.9984,2,4,0,0.0,5
boundary:query,1382,L118.lo.lo,dense,exception,contradicted; every cut loses a supporter,1.8635,1.8635,13,6,4,0.5,12
boundary:query,1382,L118.lo.hi,dense,exception,contradicted; every cut loses a supporter,1.8635,1.8635,9,6,4,0.4545,11
boundary:query,1382,L272.lo,dense,exception,contradicted; every cut loses a supporter,1.8721,1.8721,11,6,4,0.5,12
boundary:query,1382,L272.hi,dense,exception,contradicted; every cut loses a supporter,1.9518,1.9518,9,7,4,0.4167,12
boundary:query,1382,L5.hi.lo,dense,exception,contradicted; every cut loses a supporter,2.6801,2.6801,11,6,4,0.5,12
boundary:query,1382,L5.hi.hi,dense,exception,contradicted; every cut loses a supporter,2.6801,2.6801,9,6,4,0.4,10
boundary:query,1382,L351.hi,dense,exception,contradicted; every cut loses a supporter,1.8694,1.8694,6,6,3,0.2222,9
boundary:query,1382,L5.lo.hi,dense,exception,contradicted; every cut loses a supporter,2.6403,2.6403,7,6,3,0.2222,9
boundary:query,1382,L118.lo.lo,dense,split,4 exceptions; cut f:query_len_tokens at 9,,1.8635,13,6,4,0.5,12
boundary:query,1382,L118.lo.lo.lo,dense,create,split of L118.lo.lo,,1.8237,10,0,0,0.0,0
boundary:query,1382,L118.lo.lo.hi,dense,create,split of L118.lo.lo,,1.7839,3,0,0,0.0,0
boundary:query,1382,L118.lo.hi,dense,split,4 exceptions; cut f:query_len_tokens at 10,,1.8635,9,6,4,0.4545,11
boundary:query,1382,L118.lo.hi.lo,dense,create,split of L118.lo.hi,,1.8237,8,0,0,0.0,0
boundary:query,1382,L118.lo.hi.hi,dense,create,split of L118.lo.hi,,1.7839,1,0,0,0.0,0
boundary:query,1382,L272.lo,dense,split,4 exceptions; cut f:query_len_tokens at 8,,1.8721,11,6,4,0.5,12
boundary:query,1382,L272.lo.lo,dense,create,split of L272.lo,,1.7925,6,0,0,0.0,0
boundary:query,1382,L272.lo.hi,dense,create,split of L272.lo,,1.8323,5,0,0,0.0,0
boundary:query,1382,L272.hi,dense,split,4 exceptions; cut f:query_len_tokens at 10,,1.9518,9,7,4,0.4167,12
boundary:query,1382,L272.hi.lo,dense,create,split of L272.hi,,1.8323,7,0,0,0.0,0
boundary:query,1382,L272.hi.hi,dense,create,split of L272.hi,,1.8721,2,0,0,0.0,0
boundary:query,1382,L5.hi.lo,dense,split,4 exceptions; cut f:query_len_tokens at 8,,2.6801,11,6,4,0.5,12
boundary:query,1382,L5.hi.lo.lo,dense,create,split of L5.hi.lo,,2.6005,6,0,0,0.0,0
boundary:query,1382,L5.hi.lo.hi,dense,create,split of L5.hi.lo,,2.6403,5,0,0,0.0,0
boundary:query,1382,L5.hi.hi,dense,split,4 exceptions; cut f:query_len_tokens at 10,,2.6801,9,6,4,0.4,10
boundary:query,1382,L5.hi.hi.lo,dense,create,split of L5.hi.hi,,2.6403,8,0,0,0.0,0
boundary:query,1382,L5.hi.hi.hi,dense,create,split of L5.hi.hi,,2.6005,1,0,0,0.0,0
boundary:query,1383,L659,dense,create,"default missed, dense hit",,2.0,1,0,0,0.0,0
boundary:query,1386,L156,hybrid,exception,contradicted; every cut loses a supporter,1.953,1.953,5,11,4,0.1429,14
boundary:query,1386,L156,hybrid,split,4 exceptions; cut f:query_len_tokens at 14,,1.953,5,11,4,0.1429,14
boundary:query,1386,L156.lo,hybrid,create,split of L156,,1.8738,4,0,0,0.0,0
boundary:query,1386,L156.hi,hybrid,create,split of L156,,1.8343,1,0,0,0.0,0
boundary:query,1387,L217,hybrid,retire,utility <= 0,,1.9965,1,5,0,0.0,5
boundary:query,1389,L505,dense,exception,contradicted; every cut loses a supporter,2.0303,2.0303,5,6,4,0.2222,9
boundary:query,1389,L505,dense,split,4 exceptions; cut f:query_len_tokens at 15,,2.0303,5,6,4,0.2222,9
boundary:query,1389,L505.lo,dense,create,split of L505,,1.9907,4,0,0,0.0,0
boundary:query,1389,L505.hi,dense,create,split of L505,,1.7868,1,0,0,0.0,0
boundary:query,1391,L116.lo.lo.lo.hi.hi,dense,exception,contradicted; every cut loses a supporter,1.8247,1.8247,7,5,2,0.375,8
boundary:query,1391,L116.lo.hi.lo.lo.lo.hi.hi,dense,exception,contradicted; every cut loses a supporter,1.8247,1.8247,7,5,2,0.375,8
boundary:query,1391,L116.lo.hi.lo.lo.hi.lo.lo.hi,dense,exception,contradicted; every cut loses a supporter,1.8247,1.8247,10,5,2,0.375,8
boundary:query,1391,L304.hi.lo.lo.hi,dense,exception,contradicted; every cut loses a supporter,1.8495,1.8495,8,5,1,0.2857,7
boundary:query,1391,L116.lo.hi.lo.hi.lo.hi.lo.lo.hi,dense,exception,contradicted; every cut loses a supporter,1.8444,1.8444,7,5,2,0.375,8
boundary:query,1391,L116.hi.hi.lo.lo.lo.hi.hi.lo.lo.hi,dense,exception,contradicted; every cut loses a supporter,1.8247,1.8247,8,5,2,0.375,8
boundary:query,1391,L614,hybrid,exception,contradicted; every cut loses a supporter,1.9454,1.9454,4,8,3,0.1,10
boundary:query,1391,L619,hybrid,exception,contradicted; every cut loses a supporter,2.0293,2.0293,4,5,2,0.1429,7
boundary:query,1391,L116.hi.hi.hi.hi.lo.lo.hi,dense,retire,utility <= 0,,1.9433,9,5,0,0.0,5
boundary:query,1392,L116.hi.hi.hi.hi.lo.hi,dense,exception,contradicted; every cut loses a supporter,1.8249,1.8249,6,6,2,0.125,8
boundary:query,1392,L551,dense,exception,contradicted; every cut loses a supporter,1.8661,1.8661,3,8,2,0.1,10
boundary:query,1392,L116.lo.hi.lo.hi.lo.hi.hi.lo.hi,dense,retire,utility <= 0,,1.8249,2,5,0,-0.2,5
boundary:query,1394,L304.hi.lo.lo.hi,dense,exception,contradicted; every cut loses a supporter,1.8499,1.8499,8,6,2,0.25,8
boundary:query,1394,L619,hybrid,exception,contradicted; every cut loses a supporter,2.0297,2.0297,4,6,3,0.125,8
boundary:query,1396,L55.hi.lo,dense,exception,contradicted; every cut loses a supporter,1.8998,1.8998,12,6,3,0.3636,11
boundary:query,1396,L55.lo.lo,dense,exception,contradicted; every cut loses a supporter,2.0306,2.0306,15,5,2,0.4,10
boundary:query,1397,L116.lo.hi.lo.hi.lo.lo.hi.lo.lo,dense,exception,contradicted; every cut loses a supporter,1.9038,1.9038,15,7,4,0.2,10
boundary:query,1397,L116.lo.lo.lo.hi.hi,dense,exception,contradicted; every cut loses a supporter,1.8249,1.8249,7,6,3,0.3333,9
boundary:query,1397,L116.lo.hi.lo.lo.lo.hi.hi,dense,exception,contradicted; every cut loses a supporter,1.8249,1.8249,7,6,3,0.3333,9
boundary:query,1397,L322.hi.lo.hi,dense,exception,contradicted; every cut loses a supporter,1.8306,1.8306,6,5,3,0.375,8
boundary:query,1397,L322.hi.hi.lo,dense,exception,contradicted; every cut loses a supporter,1.9095,1.9095,10,7,4,0.2,10
boundary:query,1397,L116.lo.lo.hi.lo.lo.hi,dense,exception,contradicted; every cut loses a supporter,1.8249,1.8249,8,5,3,0.375,8
boundary:query,1397,L116.lo.lo.hi.lo.hi.lo,dense,exception,contradicted; every cut loses a supporter,1.9038,1.9038,10,7,4,0.2,10
boundary:query,1397,L116.hi.hi.lo.lo.lo.lo.hi.hi,dense,exception,contradicted; every cut loses a supporter,1.8249,1.8249,8,5,3,0.375,8
boundary:query,1397,L116.lo.hi.lo.lo.hi.lo.lo.hi,dense,exception,contradicted; every cut loses a supporter,1.8249,1.8249,10,6,3,0.3333,9
boundary:query,1397,L116.lo.hi.lo.lo.hi.lo.hi.lo,dense,exception,contradicted; every cut loses a supporter,1.9038,1.9038,10,7,4,0.2,10
boundary:query,1397,L304.hi.lo.lo.hi,dense,exception,contradicted; every cut loses a supporter,1.8497,1.8497,8,7,3,0.2222,9
boundary:query,1397,L261.lo.hi.lo.hi,dense,exception,contradicted; every cut loses a supporter,1.831,1.831,6,5,3,0.375,8
boundary:query,1397,L261.lo.hi.hi.lo,dense,exception,contradicted; every cut loses a supporter,1.9099,1.9099,10,7,4,0.2,10
boundary:query,1397,L322.lo.hi.lo.hi,dense,exception,contradicted; every cut loses a supporter,1.8306,1.8306,6,5,3,0.375,8
boundary:query,1397,L322.lo.hi.hi.lo,dense,exception,contradicted; every cut loses a supporter,1.9095,1.9095,10,7,4,0.2,10
boundary:query,1397,L116.lo.hi.lo.hi.lo.hi.lo.lo.hi,dense,exception,contradicted; every cut loses a supporter,1.8446,1.8446,7,6,3,0.3333,9
boundary:query,1397,L116.hi.hi.lo.lo.lo.hi.hi.lo.lo.hi,dense,exception,contradicted; every cut loses a supporter,1.8249,1.8249,8,6,3,0.3333,9
boundary:query,1397,L116.lo.hi.lo.hi.lo.lo.hi.hi.lo.lo,dense,exception,contradicted; every cut loses a supporter,1.9038,1.9038,10,7,4,0.2,10
boundary:query,1397,L116.lo.hi.hi.hi.lo.lo.lo,dense,exception,contradicted; every cut loses a supporter,1.9038,1.9038,10,7,4,0.2,10
boundary:query,1397,L153.hi.hi.hi.hi.lo.lo.lo,dense,exception,contradicted; every cut loses a supporter,1.9129,1.9129,10,7,4,0.2,10
boundary:query,1397,L116.hi.lo.hi.hi.hi.lo.lo.lo,dense,exception,contradicted; every cut loses a supporter,1.9038,1.9038,10,7,4,0.2,10
boundary:query,1397,L614,hybrid,exception,contradicted; every cut loses a supporter,1.9453,1.9453,4,9,4,0.0909,11
boundary:query,1397,L116.lo.hi.lo.hi.lo.lo.hi.lo.lo,dense,split,4 exceptions; cut f:query_len_tokens at 11,,1.9038,15,7,4,0.2,10
boundary:query,1397,L116.lo.hi.lo.hi.lo.lo.hi.lo.lo.lo,dense,create,split of L116.lo.hi.lo.hi.lo.lo.hi.lo.lo,,1.8644,8,0,0,0.0,0
boundary:query,1397,L116.lo.hi.lo.hi.lo.lo.hi.lo.lo.hi,dense,create,split of L116.lo.hi.lo.hi.lo.lo.hi.lo.lo,,1.7855,7,0,0,0.0,0
boundary:query,1397,L322.hi.hi.lo,dense,split,4 exceptions; cut f:query_len_tokens at 11.5,,1.9095,10,7,4,0.2,10
boundary:query,1397,L322.hi.hi.lo.lo,dense,create,split of L322.hi.hi.lo,,1.8897,5,0,0,0.0,0
boundary:query,1397,L322.hi.hi.lo.hi,dense,create,split of L322.hi.hi.lo,,1.7714,5,0,0,0.0,0
boundary:query,1397,L116.lo.lo.hi.lo.hi.lo,dense,split,4 exceptions; cut f:query_len_tokens at 11.5,,1.9038,10,7,4,0.2,10
boundary:query,1397,L116.lo.lo.hi.lo.hi.lo.lo,dense,create,split of L116.lo.lo.hi.lo.hi.lo,,1.8841,5,0,0,0.0,0
boundary:query,1397,L116.lo.lo.hi.lo.hi.lo.hi,dense,create,split of L116.lo.lo.hi.lo.hi.lo,,1.7658,5,0,0,0.0,0
boundary:query,1397,L116.lo.hi.lo.lo.hi.lo.hi.lo,dense,split,4 exceptions; cut f:query_len_tokens at 11.5,,1.9038,10,7,4,0.2,10
boundary:query,1397,L116.lo.hi.lo.lo.hi.lo.hi.lo.lo,dense,create,split of L116.lo.hi.lo.lo.hi.lo.hi.lo,,1.8841,5,0,0,0.0,0
boundary:query,1397,L116.lo.hi.lo.lo.hi.lo.hi.lo.hi,dense,create,split of L116.lo.hi.lo.lo.hi.lo.hi.lo,,1.7658,5,0,0,0.0,0
boundary:query,1397,L261.lo.hi.hi.lo,dense,split,4 exceptions; cut f:query_len_tokens at 11.5,,1.9099,10,7,4,0.2,10
boundary:query,1397,L261.lo.hi.hi.lo.lo,dense,create,split of L261.lo.hi.hi.lo,,1.8902,5,0,0,0.0,0
boundary:query,1397,L261.lo.hi.hi.lo.hi,dense,create,split of L261.lo.hi.hi.lo,,1.7718,5,0,0,0.0,0
boundary:query,1397,L322.lo.hi.hi.lo,dense,split,4 exceptions; cut f:query_len_tokens at 11.5,,1.9095,10,7,4,0.2,10
boundary:query,1397,L322.lo.hi.hi.lo.lo,dense,create,split of L322.lo.hi.hi.lo,,1.8897,5,0,0,0.0,0
boundary:query,1397,L322.lo.hi.hi.lo.hi,dense,create,split of L322.lo.hi.hi.lo,,1.7714,5,0,0,0.0,0
boundary:query,1397,L116.lo.hi.lo.hi.lo.lo.hi.hi.lo.lo,dense,split,4 exceptions; cut f:query_len_tokens at 11,,1.9038,10,7,4,0.2,10
boundary:query,1397,L116.lo.hi.lo.hi.lo.lo.hi.hi.lo.lo.lo,dense,create,split of L116.lo.hi.lo.hi.lo.lo.hi.hi.lo.lo,,1.8644,7,0,0,0.0,0
boundary:query,1397,L116.lo.hi.lo.hi.lo.lo.hi.hi.lo.lo.hi,dense,create,split of L116.lo.hi.lo.hi.lo.lo.hi.hi.lo.lo,,1.7855,3,0,0,0.0,0
boundary:query,1397,L116.lo.hi.hi.hi.lo.lo.lo,dense,split,4 exceptions; cut f:query_len_tokens at 11,,1.9038,10,7,4,0.2,10
boundary:query,1397,L116.lo.hi.hi.hi.lo.lo.lo.lo,dense,create,split of L116.lo.hi.hi.hi.lo.lo.lo,,1.8644,7,0,0,0.0,0
boundary:query,1397,L116.lo.hi.hi.hi.lo.lo.lo.hi,dense,create,split of L116.lo.hi.hi.hi.lo.lo.lo,,1.7855,3,0,0,0.0,0
boundary:query,1397,L153.hi.hi.hi.hi.lo.lo.lo,dense,split,4 exceptions; cut f:query_len_tokens at 11,,1.9129,10,7,4,0.2,10
boundary:query,1397,L153.hi.hi.hi.hi.lo.lo.lo.lo,dense,create,split of L153.hi.hi.hi.hi.lo.lo.lo,,1.8735,7,0,0,0.0,0
boundary:query,1397,L153.hi.hi.hi.hi.lo.lo.lo.hi,dense,create,split of L153.hi.hi.hi.hi.lo.lo.lo,,1.7946,3,0,0,0.0,0
boundary:query,1397,L116.hi.lo.hi.hi.hi.lo.lo.lo,dense,split,4 exceptions; cut f:query_len_tokens at 11,,1.9038,10,7,4,0.2,10
boundary:query,1397,L116.hi.lo.hi.hi.hi.lo.lo.lo.lo,dense,create,split of L116.hi.lo.hi.hi.hi.lo.lo.lo,,1.8644,7,0,0,0.0,0
boundary:query,1397,L116.hi.lo.hi.hi.hi.lo.lo.lo.hi,dense,create,split of L116.hi.lo.hi.hi.hi.lo.lo.lo,,1.7855,3,0,0,0.0,0
boundary:query,1397,L614,hybrid,split,4 exceptions; cut f:query_len_tokens at 10.5,,1.9453,4,9,4,0.0909,11
boundary:query,1397,L614.lo,hybrid,create,split of L614,,1.8467,2,0,0,0.0,0
boundary:query,1397,L614.hi,hybrid,create,split of L614,,1.8467,2,0,0,0.0,0
boundary:query,1398,L19.lo,dense,exception,contradicted; every cut loses a supporter,1.8958,1.8958,13,7,4,0.4167,12
boundary:query,1398,L59.hi,dense,exception,contradicted; every cut loses a supporter,1.8993,1.8993,11,3,1,0.5714,7
boundary:query,1398,L19.lo,dense,split,4 exceptions; cut f:query_len_tokens at 14,,1.8958,13,7,4,0.4167,12
boundary:query,1398,L19.lo.lo,dense,create,split of L19.lo,,1.817,11,0,0,0.0,0
boundary:query,1398,L19.lo.hi,dense,create,split of L19.lo,,1.817,2,0,0,0.0,0
boundary:query,1403,L116.hi.hi.hi.hi.hi,dense,expand,arm beat the default just outside the box,1.825,1.8645,7,6,3,0.3333,9
boundary:query,1403,L116.lo.hi.hi.hi.hi,dense,expand,arm beat the default just outside the box,1.825,1.8645,9,6,3,0.4,10
boundary:query,1403,L153.hi.hi.hi.hi.hi,dense,expand,arm beat the default just outside the box,1.8341,1.8736,9,6,3,0.4,10
boundary:query,1403,L116.hi.lo.hi.hi.hi.hi,dense,expand,arm beat the default just outside the box,1.825,1.8645,9,6,3,0.4,10
boundary:query,1403,L116.hi.hi.lo.hi.hi.hi,dense,expand,arm beat the default just outside the box,1.825,1.8645,9,6,3,0.4,10
boundary:query,1403,L116.hi.hi.hi.hi.lo.hi,dense,expand,arm beat the default just outside the box,1.825,1.8645,7,6,2,0.125,8
boundary:query,1403,L551,dense,expand,arm beat the default just outside the box,1.8661,1.9056,4,8,2,0.1,10
boundary:query,1403,L116.hi.hi.lo.lo.lo.hi.hi.lo.hi.lo,dense,expand,arm beat the default just outside the box,1.8645,1.8645,6,7,3,0.2222,9
boundary:query,1403,L116.lo.lo.lo.hi.hi,dense,expand,arm beat the default just outside the box,1.825,1.8645,8,6,3,0.3333,9
boundary:query,1403,L116.lo.hi.lo.lo.lo.hi.hi,dense,expand,arm beat the default just outside the box,1.825,1.8645,8,6,3,0.3333,9
boundary:query,1403,L322.hi.lo.hi,dense,expand,arm beat the default just outside the box,1.8307,1.8701,7,5,3,0.375,8
boundary:query,1403,L116.lo.lo.hi.lo.lo.hi,dense,expand,arm beat the default just outside the box,1.825,1.8645,9,5,3,0.375,8
boundary:query,1403,L116.hi.hi.lo.lo.lo.lo.hi.hi,dense,expand,arm beat the default just outside the box,1.825,1.8645,9,5,3,0.375,8
boundary:query,1403,L116.lo.hi.lo.lo.hi.lo.lo.hi,dense,expand,arm beat the default just outside the box,1.825,1.8645,11,6,3,0.3333,9
boundary:query,1403,L304.hi.lo.lo.hi,dense,expand,arm beat the default just outside the box,1.8498,1.8695,9,7,3,0.2222,9
boundary:query,1403,L261.lo.hi.lo.hi,dense,expand,arm beat the default just outside the box,1.8311,1.8706,7,5,3,0.375,8
boundary:query,1403,L322.lo.hi.lo.hi,dense,expand,arm beat the default just outside the box,1.8307,1.8701,7,5,3,0.375,8
boundary:query,1403,L116.hi.hi.lo.hi.lo.hi.lo.hi,dense,expand,arm beat the default just outside the box,1.8645,1.8645,7,7,3,0.2222,9
boundary:query,1403,L116.lo.hi.lo.hi.lo.hi.lo.lo.hi,dense,expand,arm beat the default just outside the box,1.8448,1.8645,8,6,3,0.3333,9
boundary:query,1403,L116.hi.hi.lo.lo.lo.hi.hi.lo.lo.hi,dense,expand,arm beat the default just outside the box,1.825,1.8645,9,6,3,0.3333,9
boundary:query,1403,L116.hi.hi.lo.hi.hi.lo.lo.hi,dense,expand,arm beat the default just outside the box,1.825,1.8645,3,3,0,0.0,3
boundary:query,1403,L198.hi.lo.hi,hybrid,expand,arm beat the default just outside the box,1.833,1.8724,5,2,0,0.0,2
boundary:query,1403,L305.lo.hi,hybrid,expand,arm beat the default just outside the box,1.8103,1.8695,6,1,0,0.0,1
boundary:query,1403,L304.hi.lo.hi.lo.lo,dense,expand,arm beat the default just outside the box,1.83,1.8695,8,3,0,0.25,4
boundary:query,1403,L116.hi.hi.lo.hi.hi.lo.lo.lo.lo,dense,expand,arm beat the default just outside the box,1.904,1.9435,12,4,0,0.2,5
boundary:query,1403,L116.lo.hi.hi.hi.lo.lo.hi.lo,dense,expand,arm beat the default just outside the box,1.8448,1.8645,4,3,0,0.0,3
boundary:query,1403,L153.hi.hi.hi.hi.lo.lo.hi.lo,dense,expand,arm beat the default just outside the box,1.8539,1.8736,4,3,0,0.0,3
boundary:query,1403,L116.hi.lo.hi.hi.hi.lo.lo.hi.lo,dense,expand,arm beat the default just outside the box,1.8448,1.8645,4,3,0,0.0,3
boundary:query,1403,L116.lo.hi.lo.hi.lo.lo.hi.lo.lo.hi,dense,expand,arm beat the default just outside the box,1.7856,1.825,8,0,0,0.0,0
boundary:query,1403,L322.hi.hi.lo.lo,dense,expand,arm beat the default just outside the box,1.8899,1.9491,6,0,0,0.0,0
boundary:query,1403,L322.hi.hi.lo.hi,dense,expand,arm beat the default just outside the box,1.7714,1.8109,6,0,0,0.0,0
boundary:query,1403,L116.lo.lo.hi.lo.hi.lo.lo,dense,expand,arm beat the default just outside the box,1.8843,1.9435,6,0,0,0.0,0
boundary:query,1403,L116.lo.lo.hi.lo.hi.lo.hi,dense,expand,arm beat the default just outside the box,1.7658,1.8053,6,0,0,0.0,0
boundary:query,1403,L116.lo.hi.lo.lo.hi.lo.hi.lo.lo,dense,expand,arm beat the default just outside the box,1.8843,1.9435,6,0,0,0.0,0
boundary:query,1403,L116.lo.hi.lo.lo.hi.lo.hi.lo.hi,dense,expand,arm beat the default just outside the box,1.7658,1.8053,6,0,0,0.0,0
boundary:query,1403,L261.lo.hi.hi.lo.lo,dense,expand,arm beat the default just outside the box,1.8903,1.9496,6,0,0,0.0,0
boundary:query,1403,L261.lo.hi.hi.lo.hi,dense,expand,arm beat the default just outside the box,1.7719,1.8114,6,0,0,0.0,0
boundary:query,1403,L322.lo.hi.hi.lo.lo,dense,expand,arm beat the default just outside the box,1.8899,1.9491,6,0,0,0.0,0
boundary:query,1403,L322.lo.hi.hi.lo.hi,dense,expand,arm beat the default just outside the box,1.7714,1.8109,6,0,0,0.0,0
boundary:query,1403,L116.lo.hi.lo.hi.lo.lo.hi.hi.lo.lo.hi,dense,expand,arm beat the default just outside the box,1.7856,1.825,4,0,0,0.0,0
boundary:query,1403,L116.lo.hi.hi.hi.lo.lo.lo.hi,dense,expand,arm beat the default just outside the box,1.7856,1.825,4,0,0,0.0,0
boundary:query,1403,L153.hi.hi.hi.hi.lo.lo.lo.hi,dense,expand,arm beat the default just outside the box,1.7947,1.8341,4,0,0,0.0,0
boundary:query,1403,L116.hi.lo.hi.hi.hi.lo.lo.lo.hi,dense,expand,arm beat the default just outside the box,1.7856,1.825,4,0,0,0.0,0
boundary:query,1403,L614.hi,hybrid,expand,arm beat the default just outside the box,1.8468,1.8468,3,0,0,0.0,0
boundary:query,1403,L198.hi.lo.lo,hybrid,retire,utility <= 0,,1.8724,7,4,0,0.0,5
boundary:query,1403,L305.lo.lo,hybrid,retire,utility <= 0,,1.8892,7,4,0,0.0,5
boundary:query,1406,L116.hi.hi.lo.lo.lo.hi.hi.lo.hi.lo,dense,expand,arm beat the default just outside the box,1.864,1.9034,7,7,3,0.2222,9
boundary:query,1406,L116.lo.lo.lo.hi.hi,dense,expand,arm beat the default just outside the box,1.864,1.9034,9,6,3,0.3333,9
boundary:query,1406,L116.lo.hi.lo.lo.lo.hi.hi,dense,expand,arm beat the default just outside the box,1.864,1.9034,9,6,3,0.3333,9
boundary:query,1406,L322.hi.lo.hi,dense,expand,arm beat the default just outside the box,1.8696,1.9091,8,5,3,0.375,8
boundary:query,1406,L116.lo.lo.hi.lo.lo.hi,dense,expand,arm beat the default just outside the box,1.864,1.9034,10,5,3,0.375,8
boundary:query,1406,L116.hi.hi.lo.lo.lo.lo.hi.hi,dense,expand,arm beat the default just outside the box,1.864,1.9034,10,5,3,0.375,8
boundary:query,1406,L116.lo.hi.lo.lo.hi.lo.lo.hi,dense,expand,arm beat the default just outside the box,1.864,1.9034,12,6,3,0.3333,9
boundary:query,1406,L304.hi.lo.lo.hi,dense,expand,arm beat the default just outside the box,1.8689,1.9084,10,7,3,0.2222,9
boundary:query,1406,L261.lo.hi.lo.hi,dense,expand,arm beat the default just outside the box,1.87,1.9095,8,5,3,0.375,8
boundary:query,1406,L322.lo.hi.lo.hi,dense,expand,arm beat the default just outside the box,1.8696,1.9091,8,5,3,0.375,8
boundary:query,1406,L116.hi.hi.lo.hi.lo.hi.lo.hi,dense,expand,arm beat the default just outside the box,1.864,1.9034,8,7,3,0.2222,9
boundary:query,1406,L116.lo.hi.lo.hi.lo.hi.lo.lo.hi,dense,expand,arm beat the default just outside the box,1.864,1.9034,9,6,3,0.3333,9
boundary:query,1406,L116.hi.hi.lo.lo.lo.hi.hi.lo.lo.hi,dense,expand,arm beat the default just outside the box,1.864,1.9034,10,6,3,0.3333,9
boundary:query,1406,L304.hi.lo.hi.lo.lo,dense,expand,arm beat the default just outside the box,1.8689,1.9084,9,3,0,0.25,4
boundary:query,1406,L116.lo.hi.hi.hi.lo.lo.hi.lo,dense,expand,arm beat the default just outside the box,1.864,1.9034,5,3,0,0.0,3
boundary:query,1406,L153.hi.hi.hi.hi.lo.lo.hi.lo,dense,expand,arm beat the default just outside the box,1.8731,1.9125,5,3,0,0.0,3
boundary:query,1406,L116.hi.lo.hi.hi.hi.lo.lo.hi.lo,dense,expand,arm beat the default just outside the box,1.864,1.9034,5,3,0,0.0,3
boundary:query,1407,L118.lo.lo.hi,dense,expand,arm beat the default just outside the box,1.7825,1.8219,4,0,0,0.0,0
boundary:query,1409,L477,hybrid,expand,arm beat the default just outside the box,1.827,1.827,3,7,1,0.125,8
boundary:query,1409,L351.hi,dense,expand,arm beat the default just outside the box,1.8669,1.8669,7,6,3,0.2222,9
boundary:query,1409,L5.lo.hi,dense,expand,arm beat the default just outside the box,2.6367,2.6761,8,6,3,0.2222,9
boundary:query,1409,L118.lo.lo.hi,dense,expand,arm beat the default just outside the box,1.8216,1.861,5,0,0,0.0,0
boundary:query,1409,L118.lo.hi.lo,dense,expand,arm beat the default just outside the box,1.8216,1.861,10,1,0,0.5,2
boundary:query,1409,L272.lo.hi,dense,expand,arm beat the default just outside the box,1.8302,1.8696,7,1,0,0.5,2
boundary:query,1409,L272.hi.lo,dense,expand,arm beat the default just outside the box,1.8302,1.8696,9,1,0,0.5,2
boundary:query,1409,L5.hi.lo.hi,dense,expand,arm beat the default just outside the box,2.6367,2.6761,7,1,0,0.5,2
boundary:query,1409,L5.hi.hi.lo,dense,expand,arm beat the default just outside the box,2.6367,2.6761,10,1,0,0.5,2
boundary:query,1409,L688,hybrid,create,"default missed, hybrid hit",,2.0,1,0,0,0.0,0
boundary:query,1410,L59.hi,dense,expand,arm beat the default just outside the box,1.8982,1.9376,12,3,1,0.5714,7
boundary:query,1410,L229.lo,dense,expand,arm beat the default just outside the box,1.8298,1.8692,7,1,0,0.6667,3
boundary:query,1410,L19.hi.lo,dense,expand,arm beat the default just outside the box,1.8158,1.8552,10,1,0,0.6667,3
boundary:query,1410,L507,dense,expand,arm beat the default just outside the box,2.0287,2.0681,5,1,0,0.6667,3
boundary:query,1410,L19.lo.hi,dense,expand,arm beat the default just outside the box,1.8158,1.8552,3,0,0,0.0,0
boundary:query,1411,L12.lo.hi.hi.hi.lo.lo.hi.lo,dense,retire,utility <= 0,,1.7645,9,4,0,-0.2,5
boundary:query,1411,L12.hi.hi.hi.hi.lo.lo.hi.lo,dense,retire,utility <= 0,,1.7645,9,4,0,-0.2,5
boundary:query,1411,L6.lo.hi.hi.hi.lo.lo.hi.lo,dense,retire,utility <= 0,,2.2495,9,4,0,-0.2,5
boundary:query,1412,L116.hi.hi.hi.hi.lo.hi,dense,exception,contradicted; every cut loses a supporter,1.8633,1.8633,7,7,3,0.1111,9
boundary:query,1412,L551,dense,exception,contradicted; every cut loses a supporter,1.9044,1.9044,4,9,3,0.0909,11
boundary:query,1412,L304.hi.lo.hi.lo.hi,dense,exception,contradicted; every cut loses a supporter,1.8684,1.8684,6,5,1,0.1667,6
boundary:query,1412,L116.hi.hi.lo.hi.hi.lo.lo.lo.hi,dense,exception,contradicted; every cut loses a supporter,1.8633,1.8633,10,5,1,0.1667,6
boundary:query,1413,L229.hi,dense,exception,contradicted; every cut loses a supporter,2.0309,2.0309,6,3,1,0.5,6
boundary:query,1416,L349.lo,dense,expand,arm beat the default just outside the box,1.8663,1.9057,7,1,0,0.0,1
boundary:query,1416,L505.lo,dense,expand,arm beat the default just outside the box,1.9894,2.0288,5,0,0,0.0,0
boundary:query,1416,L345.hi,hybrid,retire,utility <= 0,,1.8274,3,4,0,0.0,5
boundary:query,1419,L689,dense,create,"default missed, dense hit",,2.0,1,0,0,0.0,0
boundary:query,1421,L116.hi.hi.hi.hi.hi,dense,expand,arm beat the default just outside the box,1.8631,1.9025,8,6,3,0.3333,9
boundary:query,1421,L116.lo.hi.hi.hi.hi,dense,expand,arm beat the default just outside the box,1.8631,1.9025,10,6,3,0.4,10
boundary:query,1421,L153.hi.hi.hi.hi.hi,dense,expand,arm beat the default just outside the box,1.8722,1.9116,10,6,3,0.4,10
boundary:query,1421,L116.hi.lo.hi.hi.hi.hi,dense,expand,arm beat the default just outside the box,1.8631,1.9025,10,6,3,0.4,10
boundary:query,1421,L116.hi.hi.lo.hi.hi.hi,dense,expand,arm beat the default just outside the box,1.8631,1.9025,10,6,3,0.4,10
boundary:query,1421,L116.hi.hi.hi.hi.lo.hi,dense,expand,arm beat the default just outside the box,1.8631,1.9025,8,7,3,0.1111,9
boundary:query,1421,L551,dense,expand,arm beat the default just outside the box,1.9041,1.9435,5,9,3,0.0909,11
boundary:query,1421,L116.hi.hi.lo.hi.hi.lo.lo.hi,dense,expand,arm beat the default just outside the box,1.8631,1.9025,4,4,0,0.0,4
boundary:query,1421,L626,dense,expand,arm beat the default just outside the box,1.9947,2.0287,4,4,0,0.3333,6
boundary:query,1421,L116.hi.hi.hi.hi.lo.lo.lo.lo,dense,expand,arm beat the default just outside the box,1.8631,1.9025,9,3,0,0.25,4
boundary:query,1421,L116.lo.hi.hi.hi.lo.lo.hi.hi,dense,expand,arm beat the default just outside the box,1.8828,1.9025,5,2,0,0.3333,3
boundary:query,1421,L153.hi.hi.hi.hi.lo.lo.hi.hi,dense,expand,arm beat the default just outside the box,1.8919,1.9116,5,2,0,0.3333,3
boundary:query,1421,L116.hi.lo.hi.hi.hi.lo.lo.hi.hi,dense,expand,arm beat the default just outside the box,1.8828,1.9025,5,2,0,0.3333,3
boundary:query,1421,L116.lo.hi.lo.hi.lo.lo.hi.lo.lo.lo,dense,expand,arm beat the default just outside the box,1.8631,1.9025,10,0,0,1.0,1
boundary:query,1421,L116.lo.hi.lo.hi.lo.lo.hi.hi.lo.lo.lo,dense,expand,arm beat the default just outside the box,1.8631,1.9025,9,0,0,1.0,1
boundary:query,1421,L116.lo.hi.hi.hi.lo.lo.lo.lo,dense,expand,arm beat the default just outside the box,1.8631,1.9025,9,0,0,1.0,1
boundary:query,1421,L153.hi.hi.hi.hi.lo.lo.lo.lo,dense,expand,arm beat the default just outside the box,1.8722,1.9116,9,0,0,1.0,1
boundary:query,1421,L116.hi.lo.hi.hi.hi.lo.lo.lo.lo,dense,expand,arm beat the default just outside the box,1.8631,1.9025,9,0,0,1.0,1
boundary:query,1424,L8.lo.hi,dense,expand,arm beat the default just outside the box,2.1928,2.2323,5,5,2,0.1429,7
boundary:query,1425,L690,dense,create,"default missed, dense hit",,2.0,1,0,0,0.0,0
boundary:query,1427,L477,hybrid,exception,contradicted; every cut loses a supporter,1.8268,1.8268,3,8,2,0.1111,9
boundary:query,1427,L351.hi,dense,exception,contradicted; every cut loses a supporter,1.8668,1.8668,7,7,4,0.2,10
boundary:query,1427,L5.lo.hi,dense,exception,contradicted; every cut loses a supporter,2.6746,2.6746,8,7,4,0.2,10
boundary:query,1427,L351.hi,dense,split,4 exceptions; cut f:query_len_tokens at 9,,1.8668,7,7,4,0.2,10
boundary:query,1427,L351.hi.lo,dense,create,split of L351.hi,,1.7879,4,0,0,0.0,0
boundary:query,1427,L351.hi.hi,dense,create,split of L351.hi,,1.8273,3,0,0,0.0,0
boundary:query,1427,L5.lo.hi,dense,split,4 exceptions; cut f:query_len_tokens at 9,,2.6746,8,7,4,0.2,10
boundary:query,1427,L5.lo.hi.lo,dense,create,split of L5.lo.hi,,2.5957,5,0,0,0.0,0
boundary:query,1427,L5.lo.hi.hi,dense,create,split of L5.lo.hi,,2.6351,3,0,0,0.0,0
boundary:query,1429,L118.lo.lo.lo,dense,expand,arm beat the default just outside the box,1.821,1.8604,12,1,0,0.5,2
boundary:query,1429,L351.hi.lo,dense,expand,arm beat the default just outside the box,1.7875,1.8269,5,0,0,0.0,0
boundary:query,1429,L5.lo.hi.lo,dense,expand,arm beat the default just outside the box,2.595,2.6344,6,0,0,0.0,0
boundary:query,1430,L626,dense,exception,contradicted; every cut loses a supporter,2.0284,2.0284,4,5,1,0.2857,7
boundary:query,1430,L304.hi.lo.hi.lo.lo,dense,exception,contradicted; every cut loses a supporter,1.9072,1.9072,10,4,1,0.3333,6
boundary:query,1430,L116.hi.hi.lo.hi.hi.lo.lo.lo.lo,dense,exception,contradicted; every cut loses a supporter,1.9416,1.9416,14,5,1,0.375,8
boundary:query,1431,L349.hi,dense,exception,contradicted; every cut loses a supporter,1.8265,1.8265,4,4,1,0.1667,6
boundary:query,1432,L229.hi,dense,exception,contradicted; every cut loses a supporter,2.0305,2.0305,7,4,2,0.5,8
boundary:query,1432,L19.hi.hi,dense,exception,contradicted; every cut loses a supporter,1.8944,1.8944,7,3,1,0.5714,7
boundary:query,1433,L116.hi.hi.lo.lo.lo.hi.hi.lo.hi.lo,dense,exception,contradicted; every cut loses a supporter,1.9023,1.9023,7,8,4,0.2,10
boundary:query,1433,L116.lo.lo.lo.hi.hi,dense,exception,contradicted; every cut loses a supporter,1.9023,1.9023,9,7,4,0.3,10
boundary:query,1433,L116.lo.hi.lo.lo.lo.hi.hi,dense,exception,contradicted; every cut loses a supporter,1.9023,1.9023,9,7,4,0.3,10
boundary:query,1433,L322.hi.lo.hi,dense,exception,contradicted; every cut loses a supporter,1.908,1.908,8,6,4,0.3333,9
boundary:query,1433,L116.lo.lo.hi.lo.lo.hi,dense,exception,contradicted; every cut loses a supporter,1.9023,1.9023,10,6,4,0.3333,9
boundary:query,1433,L116.hi.hi.lo.lo.lo.lo.hi.hi,dense,exception,contradicted; every cut loses a supporter,1.9023,1.9023,10,6,4,0.3333,9
boundary:query,1433,L116.lo.hi.lo.lo.hi.lo.lo.hi,dense,exception,contradicted; every cut loses a supporter,1.9023,1.9023,12,7,4,0.3,10
boundary:query,1433,L304.hi.lo.lo.hi,dense,exception,contradicted; every cut loses a supporter,1.9073,1.9073,10,8,4,0.2,10
boundary:query,1433,L261.lo.hi.lo.hi,dense,exception,contradicted; every cut loses a supporter,1.9084,1.9084,8,6,4,0.3333,9
boundary:query,1433,L322.lo.hi.lo.hi,dense,exception,contradicted; every cut loses a supporter,1.908,1.908,8,6,4,0.3333,9
boundary:query,1433,L116.hi.hi.lo.hi.lo.hi.lo.hi,dense,exception,contradicted; every cut loses a supporter,1.9023,1.9023,8,8,4,0.2,10
boundary:query,1433,L116.lo.hi.lo.hi.lo.hi.lo.lo.hi,dense,exception,contradicted; every cut loses a supporter,1.9023,1.9023,9,7,4,0.3,10
boundary:query,1433,L116.hi.hi.lo.lo.lo.hi.hi.lo.lo.hi,dense,exception,contradicted; every cut loses a supporter,1.9023,1.9023,10,7,4,0.3,10
boundary:query,1433,L626,dense,exception,contradicted; every cut loses a supporter,2.0285,2.0285,4,6,2,0.25,8
boundary:query,1433,L304.hi.lo.hi.lo.lo,dense,exception,contradicted; every cut loses a supporter,1.9073,1.9073,10,5,2,0.2857,7
boundary:query,1433,L116.hi.hi.lo.hi.hi.lo.lo.lo.lo,dense,exception,contradicted; every cut loses a supporter,1.9417,1.9417,14,6,2,0.3333,9
boundary:query,1433,L116.hi.hi.hi.hi.lo.lo.lo.lo,dense,exception,contradicted; every cut loses a supporter,1.9023,1.9023,9,5,1,0.1667,6
boundary:query,1433,L116.lo.hi.hi.hi.lo.lo.hi.lo,dense,exception,contradicted; every cut loses a supporter,1.9023,1.9023,6,5,1,0.1667,6
boundary:query,1433,L153.hi.hi.hi.hi.lo.lo.hi.lo,dense,exception,contradicted; every cut loses a supporter,1.9114,1.9114,6,5,1,0.1667,6
boundary:query,1433,L116.hi.lo.hi.hi.hi.lo.lo.hi.lo,dense,exception,contradicted; every cut loses a supporter,1.9023,1.9023,6,5,1,0.1667,6
boundary:query,1433,L116.hi.hi.lo.lo.lo.hi.hi.lo.hi.lo,dense,split,4 exceptions; cut f:query_len_tokens at 11,,1.9023,7,8,4,0.2,10
boundary:query,1433,L116.hi.hi.lo.lo.lo.hi.hi.lo.hi.lo.lo,dense,create,split of L116.hi.hi.lo.lo.lo.hi.hi.lo.hi.lo,,1.8236,4,0,0,0.0,0
boundary:query,1433,L116.hi.hi.lo.lo.lo.hi.hi.lo.hi.lo.hi,dense,create,split of L116.hi.hi.lo.lo.lo.hi.hi.lo.hi.lo,,1.8236,3,0,0,0.0,0
boundary:query,1433,L116.lo.lo.lo.hi.hi,dense,split,4 exceptions; cut f:query_len_tokens at 12,,1.9023,9,7,4,0.3,10
boundary:query,1433,L116.lo.lo.lo.hi.hi.lo,dense,create,split of L116.lo.lo.lo.hi.hi,,1.863,8,0,0,0.0,0
boundary:query,1433,L116.lo.lo.lo.hi.hi.hi,dense,create,split of L116.lo.lo.lo.hi.hi,,1.7842,1,0,0,0.0,0
boundary:query,1433,L116.lo.hi.lo.lo.lo.hi.hi,dense,split,4 exceptions; cut f:query_len_tokens at 12,,1.9023,9,7,4,0.3,10
boundary:query,1433,L116.lo.hi.lo.lo.lo.hi.hi.lo,dense,create,split of L116.lo.hi.lo.lo.lo.hi.hi,,1.863,8,0,0,0.0,0
boundary:query,1433,L116.lo.hi.lo.lo.lo.hi.hi.hi,dense,create,split of L116.lo.hi.lo.lo.lo.hi.hi,,1.7842,1,0,0,0.0,0
boundary:query,1433,L322.hi.lo.hi,dense,split,4 exceptions; cut f:query_len_tokens at 11,,1.908,8,6,4,0.3333,9
boundary:query,1433,L322.hi.lo.hi.lo,dense,create,split of L322.hi.lo.hi,,1.8292,5,0,0,0.0,0
boundary:query,1433,L322.hi.lo.hi.hi,dense,create,split of L322.hi.lo.hi,,1.8292,3,0,0,0.0,0
boundary:query,1433,L116.lo.lo.hi.lo.lo.hi,dense,split,4 exceptions; cut f:query_len_tokens at 11,,1.9023,10,6,4,0.3333,9
boundary:query,1433,L116.lo.lo.hi.lo.lo.hi.lo,dense,create,split of L116.lo.lo.hi.lo.lo.hi,,1.8236,7,0,0,0.0,0
boundary:query,1433,L116.lo.lo.hi.lo.lo.hi.hi,dense,create,split of L116.lo.lo.hi.lo.lo.hi,,1.8236,3,0,0,0.0,0
boundary:query,1433,L116.hi.hi.lo.lo.lo.lo.hi.hi,dense,split,4 exceptions; cut f:query_len_tokens at 11.5,,1.9023,10,6,4,0.3333,9
boundary:query,1433,L116.hi.hi.lo.lo.lo.lo.hi.hi.lo,dense,create,split of L116.hi.hi.lo.lo.lo.lo.hi.hi,,1.8433,5,0,0,0.0,0
boundary:query,1433,L116.hi.hi.lo.lo.lo.lo.hi.hi.hi,dense,create,split of L116.hi.hi.lo.lo.lo.lo.hi.hi,,1.8039,5,0,0,0.0,0
boundary:query,1433,L116.lo.hi.lo.lo.hi.lo.lo.hi,dense,split,4 exceptions; cut f:query_len_tokens at 11,,1.9023,12,7,4,0.3,10
boundary:query,1433,L116.lo.hi.lo.lo.hi.lo.lo.hi.lo,dense,create,split of L116.lo.hi.lo.lo.hi.lo.lo.hi,,1.8236,9,0,0,0.0,0
boundary:query,1433,L116.lo.hi.lo.lo.hi.lo.lo.hi.hi,dense,create,split of L116.lo.hi.lo.lo.hi.lo.lo.hi,,1.8236,3,0,0,0.0,0
boundary:query,1433,L304.hi.lo.lo.hi,dense,split,4 exceptions; cut f:query_len_tokens at 12,,1.9073,10,8,4,0.2,10
boundary:query,1433,L304.hi.lo.lo.hi.lo,dense,create,split of L304.hi.lo.lo.hi,,1.8679,9,0,0,0.0,0
boundary:query,1433,L304.hi.lo.lo.hi.hi,dense,create,split of L304.hi.lo.lo.hi,,1.7892,1,0,0,0.0,0
boundary:query,1433,L261.lo.hi.lo.hi,dense,split,4 exceptions; cut f:query_len_tokens at 11,,1.9084,8,6,4,0.3333,9
boundary:query,1433,L261.lo.hi.lo.hi.lo,dense,create,split of L261.lo.hi.lo.hi,,1.8296,5,0,0,0.0,0
boundary:query,1433,L261.lo.hi.lo.hi.hi,dense,create,split of L261.lo.hi.lo.hi,,1.8296,3,0,0,0.0,0
boundary:query,1433,L322.lo.hi.lo.hi,dense,split,4 exceptions; cut f:query_len_tokens at 11,,1.908,8,6,4,0.3333,9
boundary:query,1433,L322.lo.hi.lo.hi.lo,dense,create,split of L322.lo.hi.lo.hi,,1.8292,5,0,0,0.0,0
boundary:query,1433,L322.lo.hi.lo.hi.hi,dense,create,split of L322.lo.hi.lo.hi,,1.8292,3,0,0,0.0,0
boundary:query,1433,L116.hi.hi.lo.hi.lo.hi.lo.hi,dense,split,4 exceptions; cut f:query_len_tokens at 12,,1.9023,8,8,4,0.2,10
boundary:query,1433,L116.hi.hi.lo.hi.lo.hi.lo.hi.lo,dense,create,split of L116.hi.hi.lo.hi.lo.hi.lo.hi,,1.863,7,0,0,0.0,0
boundary:query,1433,L116.hi.hi.lo.hi.lo.hi.lo.hi.hi,dense,create,split of L116.hi.hi.lo.hi.lo.hi.lo.hi,,1.7842,1,0,0,0.0,0
boundary:query,1433,L116.lo.hi.lo.hi.lo.hi.lo.lo.hi,dense,split,4 exceptions; cut f:query_len_tokens at 12,,1.9023,9,7,4,0.3,10
boundary:query,1433,L116.lo.hi.lo.hi.lo.hi.lo.lo.hi.lo,dense,create,split of L116.lo.hi.lo.hi.lo.hi.lo.lo.hi,,1.863,8,0,0,0.0,0
boundary:query,1433,L116.lo.hi.lo.hi.lo.hi.lo.lo.hi.hi,dense,create,split of L116.lo.hi.lo.hi.lo.hi.lo.lo.hi,,1.7842,1,0,0,0.0,0
boundary:query,1433,L116.hi.hi.lo.lo.lo.hi.hi.lo.lo.hi,dense,split,4 exceptions; cut f:query_len_tokens at 12,,1.9023,10,7,4,0.3,10
boundary:query,1433,L116.hi.hi.lo.lo.lo.hi.hi.lo.lo.hi.lo,dense,create,split of L116.hi.hi.lo.lo.lo.hi.hi.lo.lo.hi,,1.863,9,0,0,0.0,0
boundary:query,1433,L116.hi.hi.lo.lo.lo.hi.hi.lo.lo.hi.hi,dense,create,split of L116.hi.hi.lo.lo.lo.hi.hi.lo.lo.hi,,1.7842,1,0,0,0.0,0
boundary:query,1435,L559,hybrid,exception,contradicted; every cut loses a supporter,1.9935,1.9935,2,5,1,0.1667,6
boundary:query,1436,L351.lo,dense,exception,contradicted; every cut loses a supporter,1.8326,1.8326,7,4,1,0.4286,7
boundary:query,1436,L5.lo.lo,dense,exception,contradicted; every cut loses a supporter,2.5945,2.5945,9,4,1,0.4286,7
boundary:query,1437,L304.hi.lo.hi.lo.lo,dense,expand,arm beat the default just outside the box,1.9069,1.9463,11,5,2,0.2857,7
boundary:query,1437,L116.lo.hi.hi.hi.lo.lo.hi.lo,dense,expand,arm beat the default just outside the box,1.9019,1.9413,7,5,1,0.1667,6
boundary:query,1437,L153.hi.hi.hi.hi.lo.lo.hi.lo,dense,expand,arm beat the default just outside the box,1.911,1.9503,7,5,1,0.1667,6
boundary:query,1437,L116.hi.lo.hi.hi.hi.lo.lo.hi.lo,dense,expand,arm beat the default just outside the box,1.9019,1.9413,7,5,1,0.1667,6
boundary:query,1437,L116.hi.hi.lo.lo.lo.hi.hi.lo.hi.lo.lo,dense,expand,arm beat the default just outside the box,1.8231,1.8625,5,0,0,0.0,0
boundary:query,1437,L116.lo.lo.lo.hi.hi.lo,dense,expand,arm beat the default just outside the box,1.8625,1.9019,9,0,0,0.0,0
boundary:query,1437,L116.lo.hi.lo.lo.lo.hi.hi.lo,dense,expand,arm beat the default just outside the box,1.8625,1.9019,9,0,0,0.0,0
boundary:query,1437,L322.hi.lo.hi.lo,dense,expand,arm beat the default just outside the box,1.8288,1.8681,6,0,0,0.0,0
boundary:query,1437,L116.lo.lo.hi.lo.lo.hi.lo,dense,expand,arm beat the default just outside the box,1.8231,1.8625,8,0,0,0.0,0
boundary:query,1437,L116.hi.hi.lo.lo.lo.lo.hi.hi.lo,dense,expand,arm beat the default just outside the box,1.8428,1.8822,6,0,0,0.0,0
boundary:query,1437,L116.lo.hi.lo.lo.hi.lo.lo.hi.lo,dense,expand,arm beat the default just outside the box,1.8231,1.8625,10,0,0,0.0,0
boundary:query,1437,L304.hi.lo.lo.hi.lo,dense,expand,arm beat the default just outside the box,1.8675,1.9069,10,0,0,0.0,0
boundary:query,1437,L261.lo.hi.lo.hi.lo,dense,expand,arm beat the default just outside the box,1.8292,1.8686,6,0,0,0.0,0
boundary:query,1437,L322.lo.hi.lo.hi.lo,dense,expand,arm beat the default just outside the box,1.8288,1.8681,6,0,0,0.0,0
boundary:query,1437,L116.hi.hi.lo.hi.lo.hi.lo.hi.lo,dense,expand,arm beat the default just outside the box,1.8625,1.9019,8,0,0,0.0,0
boundary:query,1437,L116.lo.hi.lo.hi.lo.hi.lo.lo.hi.lo,dense,expand,arm beat the default just outside the box,1.8625,1.9019,9,0,0,0.0,0
boundary:query,1437,L116.hi.hi.lo.lo.lo.hi.hi.lo.lo.hi.lo,dense,expand,arm beat the default just outside the box,1.8625,1.9019,10,0,0,0.0,0
boundary:query,1439,L626,dense,exception,contradicted; every cut loses a supporter,2.0282,2.0282,5,7,3,0.2,10
boundary:query,1439,L304.hi.lo.hi.lo.lo,dense,exception,contradicted; every cut loses a supporter,1.9464,1.9464,11,6,3,0.125,8
boundary:query,1439,L304.hi.lo.hi.lo.hi,dense,exception,contradicted; every cut loses a supporter,1.8677,1.8677,7,6,2,0.125,8
boundary:query,1439,L116.hi.hi.lo.hi.hi.lo.lo.lo.lo,dense,exception,contradicted; every cut loses a supporter,1.9414,1.9414,15,7,3,0.2727,11
boundary:query,1439,L116.hi.hi.lo.hi.hi.lo.lo.lo.hi,dense,exception,contradicted; every cut loses a supporter,1.8626,1.8626,11,6,2,0.125,8
boundary:query,1439,L116.hi.hi.hi.hi.lo.lo.lo.lo,dense,exception,contradicted; every cut loses a supporter,1.902,1.902,10,6,2,0.125,8
boundary:query,1439,L116.lo.hi.hi.hi.lo.lo.hi.lo,dense,exception,contradicted; every cut loses a supporter,1.9414,1.9414,7,6,2,0.0,7
boundary:query,1439,L153.hi.hi.hi.hi.lo.lo.hi.lo,dense,exception,contradicted; every cut loses a supporter,1.9505,1.9505,7,6,2,0.0,7
boundary:query,1439,L116.hi.lo.hi.hi.hi.lo.lo.hi.lo,dense,exception,contradicted; every cut loses a supporter,1.9414,1.9414,7,6,2,0.0,7
boundary:query,1439,L322.hi.hi.lo.lo,dense,exception,contradicted; every cut loses a supporter,1.9471,1.9471,9,3,1,0.3333,6
boundary:query,1439,L116.lo.lo.hi.lo.hi.lo.lo,dense,exception,contradicted; every cut loses a supporter,1.9414,1.9414,9,3,1,0.3333,6
boundary:query,1439,L116.lo.hi.lo.lo.hi.lo.hi.lo.lo,dense,exception,contradicted; every cut loses a supporter,1.9414,1.9414,9,3,1,0.3333,6
boundary:query,1439,L261.lo.hi.hi.lo.lo,dense,exception,contradicted; every cut loses a supporter,1.9475,1.9475,9,3,1,0.3333,6
boundary:query,1439,L322.lo.hi.hi.lo.lo,dense,exception,contradicted; every cut loses a supporter,1.9471,1.9471,9,3,1,0.3333,6
boundary:query,1439,L116.lo.hi.hi.hi.lo.lo.hi.lo,dense,retire,utility <= 0,,1.9414,7,6,2,0.0,7
boundary:query,1439,L153.hi.hi.hi.hi.lo.lo.hi.lo,dense,retire,utility <= 0,,1.9505,7,6,2,0.0,7
boundary:query,1439,L116.hi.lo.hi.hi.hi.lo.lo.hi.lo,dense,retire,utility <= 0,,1.9414,7,6,2,0.0,7
boundary:query,1441,L226.hi,hybrid,narrow,contradicted; cut f:query_len_tokens,1.9518,1.9085,5,7,3,0.2222,9
boundary:query,1443,L533,dense,exception,contradicted; every cut loses a supporter,2.0276,2.0276,4,4,1,0.3333,6
boundary:query,1443,L534,hybrid,exception,contradicted; every cut loses a supporter,2.0276,2.0276,3,5,1,0.1667,6
boundary:query,1444,L8.lo.lo,dense,exception,contradicted; every cut loses a supporter,2.2293,2.2293,4,7,3,0.125,8
boundary:query,1445,L116.hi.hi.lo.hi.hi.lo.lo.hi,dense,retire,utility <= 0,,1.902,4,5,0,0.0,5
boundary:query,1446,L505.hi,dense,expand,arm beat the default just outside the box,1.7858,1.8251,3,3,0,0.0,4
boundary:query,1448,L401.hi,hybrid,exception,contradicted; every cut loses a supporter,1.9079,1.9079,5,7,4,0.2222,9
boundary:query,1448,L401.hi,hybrid,split,4 exceptions; cut f:query_len_tokens at 18,,1.9079,5,7,4,0.2222,9
boundary:query,1448,L401.hi.lo,hybrid,create,split of L401.hi,,1.8637,3,0,0,0.0,0
boundary:query,1448,L401.hi.hi,hybrid,create,split of L401.hi,,1.7899,2,0,0,0.0,0
boundary:query,1449,L614.hi,hybrid,expand,arm beat the default just outside the box,1.8454,1.9044,4,2,0,-0.5,2
boundary:query,1450,L118.lo.hi.lo,dense,exception,contradicted; every cut loses a supporter,1.8605,1.8605,11,4,1,0.3333,6
boundary:query,1450,L272.lo.hi,dense,exception,contradicted; every cut loses a supporter,1.8691,1.8691,8,4,1,0.3333,6
boundary:query,1450,L272.hi.lo,dense,exception,contradicted; every cut loses a supporter,1.8691,1.8691,10,4,1,0.3333,6
boundary:query,1450,L5.hi.lo.hi,dense,exception,contradicted; every cut loses a supporter,2.6736,2.6736,8,4,1,0.3333,6
boundary:query,1450,L5.hi.hi.lo,dense,exception,contradicted; every cut loses a supporter,2.6736,2.6736,11,4,1,0.3333,6
boundary:query,1451,L690,dense,retire,utility <= 0,,1.999,1,5,0,0.0,5
boundary:query,1455,L619,hybrid,exception,contradicted; every cut loses a supporter,2.0271,2.0271,5,7,4,0.2,10
boundary:query,1455,L626,dense,narrow,contradicted; cut f:query_len_tokens,2.0282,1.9442,5,8,3,0.1818,11
boundary:query,1455,L619,hybrid,split,4 exceptions; cut f:query_len_tokens at 8,,2.0271,5,7,4,0.2,10
boundary:query,1455,L619.lo,hybrid,create,split of L619,,1.9092,3,0,0,0.0,0
boundary:query,1455,L619.hi,hybrid,create,split of L619,,1.8648,2,0,0,0.0,0
boundary:query,1456,L216,dense,exception,contradicted; every cut loses a supporter,1.9937,1.9937,2,5,1,0.1667,6
boundary:query,1457,L725,dense,create,"default missed, dense hit",,2.0,1,0,0,0.0,0
boundary:query,1457,L726,hybrid,create,"default missed, hybrid hit",,2.0,1,0,0,0.0,0
boundary:query,1458,L116.hi.hi.hi.hi.hi,dense,exception,contradicted; every cut loses a supporter,1.9012,1.9012,8,7,4,0.2,10
boundary:query,1458,L116.lo.hi.hi.hi.hi,dense,exception,contradicted; every cut loses a supporter,1.9012,1.9012,10,7,4,0.2727,11
boundary:query,1458,L153.hi.hi.hi.hi.hi,dense,exception,contradicted; every cut loses a supporter,1.9103,1.9103,10,7,4,0.2727,11
boundary:query,1458,L116.hi.lo.hi.hi.hi.hi,dense,exception,contradicted; every cut loses a supporter,1.9012,1.9012,10,7,4,0.2727,11
boundary:query,1458,L116.hi.hi.lo.hi.hi.hi,dense,exception,contradicted; every cut loses a supporter,1.9012,1.9012,10,7,4,0.2727,11
boundary:query,1458,L116.hi.hi.hi.hi.lo.hi,dense,exception,contradicted; every cut loses a supporter,1.9012,1.9012,8,8,4,0.0,10
boundary:query,1458,L551,dense,exception,contradicted; every cut loses a supporter,1.9421,1.9421,5,10,4,0.0,12
boundary:query,1458,L626,dense,exception,contradicted; every cut loses a supporter,1.943,1.943,5,9,4,0.0833,12
boundary:query,1458,L304.hi.lo.hi.lo.lo,dense,exception,contradicted; every cut loses a supporter,1.9455,1.9455,11,7,4,0.0,9
boundary:query,1458,L304.hi.lo.hi.lo.hi,dense,exception,contradicted; every cut loses a supporter,1.8669,1.8669,7,7,3,0.0,9
boundary:query,1458,L116.hi.hi.lo.hi.hi.lo.lo.lo.lo,dense,exception,contradicted; every cut loses a supporter,1.9405,1.9405,15,8,4,0.1667,12
boundary:query,1458,L116.hi.hi.lo.hi.hi.lo.lo.lo.hi,dense,exception,contradicted; every cut loses a supporter,1.8619,1.8619,11,7,3,0.0,9
boundary:query,1458,L116.hi.hi.hi.hi.lo.lo.lo.lo,dense,exception,contradicted; every cut loses a supporter,1.9012,1.9012,10,7,3,0.0,9
boundary:query,1458,L116.hi.hi.hi.hi.lo.lo.lo.hi,dense,exception,contradicted; every cut loses a supporter,1.8423,1.8423,6,4,1,0.0,6
boundary:query,1458,L116.lo.hi.lo.hi.lo.lo.hi.lo.lo.lo,dense,exception,contradicted; every cut loses a supporter,1.9012,1.9012,12,4,1,0.1429,7
boundary:query,1458,L322.hi.hi.lo.lo,dense,exception,contradicted; every cut loses a supporter,1.9461,1.9461,10,4,2,0.25,8
boundary:query,1458,L116.lo.lo.hi.lo.hi.lo.lo,dense,exception,contradicted; every cut loses a supporter,1.9405,1.9405,10,4,2,0.25,8
boundary:query,1458,L116.lo.hi.lo.lo.hi.lo.hi.lo.lo,dense,exception,contradicted; every cut loses a supporter,1.9405,1.9405,10,4,2,0.25,8
boundary:query,1458,L261.lo.hi.hi.lo.lo,dense,exception,contradicted; every cut loses a supporter,1.9465,1.9465,10,4,2,0.25,8
boundary:query,1458,L322.lo.hi.hi.lo.lo,dense,exception,contradicted; every cut loses a supporter,1.9461,1.9461,10,4,2,0.25,8
boundary:query,1458,L116.lo.hi.lo.hi.lo.lo.hi.hi.lo.lo.lo,dense,exception,contradicted; every cut loses a supporter,1.9012,1.9012,11,4,1,0.1429,7
boundary:query,1458,L116.lo.hi.hi.hi.lo.lo.lo.lo,dense,exception,contradicted; every cut loses a supporter,1.9012,1.9012,11,4,1,0.1429,7
boundary:query,1458,L153.hi.hi.hi.hi.lo.lo.lo.lo,dense,exception,contradicted; every cut loses a supporter,1.9103,1.9103,11,4,1,0.1429,7
boundary:query,1458,L116.hi.lo.hi.hi.hi.lo.lo.lo.lo,dense,exception,contradicted; every cut loses a supporter,1.9012,1.9012,11,4,1,0.1429,7
boundary:query,1458,L116.hi.hi.hi.hi.hi,dense,split,4 exceptions; cut f:query_len_tokens at 14,,1.9012,8,7,4,0.2,10
boundary:query,1458,L116.hi.hi.hi.hi.hi.lo,dense,create,split of L116.hi.hi.hi.hi.hi,,1.8226,5,0,0,0.0,0
boundary:query,1458,L116.hi.hi.hi.hi.hi.hi,dense,create,split of L116.hi.hi.hi.hi.hi,,1.8226,3,0,0,0.0,0
boundary:query,1458,L116.lo.hi.hi.hi.hi,dense,split,4 exceptions; cut f:query_len_tokens at 14.5,,1.9012,10,7,4,0.2727,11
boundary:query,1458,L116.lo.hi.hi.hi.hi.lo,dense,create,split of L116.lo.hi.hi.hi.hi,,1.8423,5,0,0,0.0,0
boundary:query,1458,L116.lo.hi.hi.hi.hi.hi,dense,create,split of L116.lo.hi.hi.hi.hi,,1.803,5,0,0,0.0,0
boundary:query,1458,L153.hi.hi.hi.hi.hi,dense,split,4 exceptions; cut f:query_len_tokens at 14.5,,1.9103,10,7,4,0.2727,11
boundary:query,1458,L153.hi.hi.hi.hi.hi.lo,dense,create,split of L153.hi.hi.hi.hi.hi,,1.8514,5,0,0,0.0,0
boundary:query,1458,L153.hi.hi.hi.hi.hi.hi,dense,create,split of L153.hi.hi.hi.hi.hi,,1.8121,5,0,0,0.0,0
boundary:query,1458,L116.hi.lo.hi.hi.hi.hi,dense,split,4 exceptions; cut f:query_len_tokens at 14.5,,1.9012,10,7,4,0.2727,11
boundary:query,1458,L116.hi.lo.hi.hi.hi.hi.lo,dense,create,split of L116.hi.lo.hi.hi.hi.hi,,1.8423,5,0,0,0.0,0
boundary:query,1458,L116.hi.lo.hi.hi.hi.hi.hi,dense,create,split of L116.hi.lo.hi.hi.hi.hi,,1.803,5,0,0,0.0,0
boundary:query,1458,L116.hi.hi.lo.hi.hi.hi,dense,split,4 exceptions; cut f:query_len_tokens at 14.5,,1.9012,10,7,4,0.2727,11
boundary:query,1458,L116.hi.hi.lo.hi.hi.hi.lo,dense,create,split of L116.hi.hi.lo.hi.hi.hi,,1.8423,5,0,0,0.0,0
boundary:query,1458,L116.hi.hi.lo.hi.hi.hi.hi,dense,create,split of L116.hi.hi.lo.hi.hi.hi,,1.803,5,0,0,0.0,0
boundary:query,1458,L116.hi.hi.hi.hi.lo.hi,dense,split,4 exceptions; cut f:query_len_tokens at 15,,1.9012,8,8,4,0.0,10
boundary:query,1458,L116.hi.hi.hi.hi.lo.hi.lo,dense,create,split of L116.hi.hi.hi.hi.lo.hi,,1.8619,6,0,0,0.0,0
boundary:query,1458,L116.hi.hi.hi.hi.lo.hi.hi,dense,create,split of L116.hi.hi.hi.hi.lo.hi,,1.7834,2,0,0,0.0,0
boundary:query,1458,L551,dense,split,4 exceptions; cut f:query_len_tokens at 15,,1.9421,5,10,4,0.0,12
boundary:query,1458,L551.lo,dense,create,split of L551,,1.8635,3,0,0,0.0,0
boundary:query,1458,L551.hi,dense,create,split of L551,,1.8242,2,0,0,0.0,0
boundary:query,1458,L626,dense,split,4 exceptions; cut f:query_len_tokens at 9,,1.943,5,9,4,0.0833,12
boundary:query,1458,L626.lo,dense,create,split of L626,,1.8252,3,0,0,0.0,0
boundary:query,1458,L626.hi,dense,create,split of L626,,1.8645,2,0,0,0.0,0
boundary:query,1458,L304.hi.lo.hi.lo.lo,dense,split,4 exceptions; cut f:query_len_tokens at 11,,1.9455,11,7,4,0.0,9
boundary:query,1458,L304.hi.lo.hi.lo.lo.lo,dense,create,split of L304.hi.lo.hi.lo.lo,,1.8669,6,0,0,0.0,0
boundary:query,1458,L304.hi.lo.hi.lo.lo.hi,dense,create,split of L304.hi.lo.hi.lo.lo,,1.8276,5,0,0,0.0,0
boundary:query,1458,L304.hi.lo.hi.lo.hi,dense,retire,utility <= 0,,1.8669,7,7,3,0.0,9
boundary:query,1458,L116.hi.hi.lo.hi.hi.lo.lo.lo.lo,dense,split,4 exceptions; cut f:query_len_tokens at 11,,1.9405,15,8,4,0.1667,12
boundary:query,1458,L116.hi.hi.lo.hi.hi.lo.lo.lo.lo.lo,dense,create,split of L116.hi.hi.lo.hi.hi.lo.lo.lo.lo,,1.8619,10,0,0,0.0,0
boundary:query,1458,L116.hi.hi.lo.hi.hi.lo.lo.lo.lo.hi,dense,create,split of L116.hi.hi.lo.hi.hi.lo.lo.lo.lo,,1.8226,5,0,0,0.0,0
boundary:query,1458,L116.hi.hi.lo.hi.hi.lo.lo.lo.hi,dense,retire,utility <= 0,,1.8619,11,7,3,0.0,9
boundary:query,1458,L116.hi.hi.hi.hi.lo.lo.lo.lo,dense,retire,utility <= 0,,1.9012,10,7,3,0.0,9
boundary:query,1458,L116.hi.hi.hi.hi.lo.lo.lo.hi,dense,retire,utility <= 0,,1.8423,6,4,1,0.0,6
boundary:query,1458,L116.lo.hi.hi.hi.lo.lo.hi.hi,dense,retire,utility <= 0,,1.9012,5,4,0,0.0,5
boundary:query,1458,L153.hi.hi.hi.hi.lo.lo.hi.hi,dense,retire,utility <= 0,,1.9103,5,4,0,0.0,5
boundary:query,1458,L116.hi.lo.hi.hi.hi.lo.lo.hi.hi,dense,retire,utility <= 0,,1.9012,5,4,0,0.0,5
boundary:query,1459,L6.lo.lo.lo.lo.hi,dense,exception,contradicted; every cut loses a supporter,2.2084,2.2084,6,6,3,0.3,10
boundary:query,1459,L91.lo.lo.lo.hi,dense,exception,contradicted; every cut loses a supporter,1.8127,1.8127,6,6,3,0.3,10
boundary:query,1459,L6.hi.lo.lo.lo.lo.hi,dense,exception,contradicted; every cut loses a supporter,2.2084,2.2084,6,6,3,0.3,10
boundary:query,1459,L12.lo.hi.lo.lo.lo.hi,dense,exception,contradicted; every cut loses a supporter,1.7245,1.7245,14,6,3,0.3,10
boundary:query,1459,L12.hi.hi.lo.lo.lo.hi,dense,exception,contradicted; every cut loses a supporter,1.7245,1.7245,15,6,3,0.3,10
boundary:query,1459,L6.lo.hi.lo.lo.lo.hi,dense,exception,contradicted; every cut loses a supporter,2.2084,2.2084,15,6,3,0.3,10
boundary:query,1459,L12.lo.hi.hi.hi.lo.lo.lo,dense,exception,contradicted; every cut loses a supporter,1.7245,1.7245,12,5,3,0.4444,9
boundary:query,1459,L12.hi.hi.hi.hi.lo.lo.lo,dense,exception,contradicted; every cut loses a supporter,1.7245,1.7245,12,5,3,0.4444,9
boundary:query,1459,L6.lo.hi.hi.hi.lo.lo.lo,dense,exception,contradicted; every cut loses a supporter,2.2084,2.2084,12,5,3,0.4444,9
boundary:query,1459,L349.lo,dense,exception,contradicted; every cut loses a supporter,1.9043,1.9043,10,3,1,0.5,6
boundary:query,1459,L349.hi,dense,exception,contradicted; every cut loses a supporter,1.8258,1.8258,6,5,2,0.3333,9
boundary:query,1459,L505.hi,dense,exception,contradicted; every cut loses a supporter,1.8244,1.8244,4,4,1,0.1667,6
boundary:query,1459,L345.lo,hybrid,retire,utility <= 0,,1.8655,5,5,0,0.0,5
boundary:query,1460,L349.lo,dense,exception,contradicted; every cut loses a supporter,1.9043,1.9043,10,4,2,0.4286,7
boundary:query,1460,L505.lo,dense,exception,contradicted; every cut loses a supporter,2.0269,2.0269,8,3,1,0.5,6
boundary:query,1460,L505.hi,dense,exception,contradicted; every cut loses a supporter,1.8243,1.8243,4,5,2,0.1429,7
boundary:query,1461,L8.lo.hi,dense,expand,arm beat the default just outside the box,2.23,2.2693,6,5,2,0.1429,7
boundary:query,1461,L747,dense,create,"default missed, dense hit",,2.0,1,0,0,0.0,0
boundary:query,1463,L116.lo.hi.lo.hi.lo.lo.hi.lo.lo.lo,dense,exception,contradicted; every cut loses a supporter,1.9005,1.9005,12,5,2,0.125,8
boundary:query,1463,L322.hi.hi.lo.lo,dense,exception,contradicted; every cut loses a supporter,1.9452,1.9452,10,5,3,0.2222,9
boundary:query,1463,L116.lo.lo.hi.lo.hi.lo.lo,dense,exception,contradicted; every cut loses a supporter,1.9396,1.9396,10,5,3,0.2222,9
boundary:query,1463,L116.lo.hi.lo.lo.hi.lo.hi.lo.lo,dense,exception,contradicted; every cut loses a supporter,1.9396,1.9396,10,5,3,0.2222,9
boundary:query,1463,L261.lo.hi.hi.lo.lo,dense,exception,contradicted; every cut loses a supporter,1.9456,1.9456,10,5,3,0.2222,9
boundary:query,1463,L322.lo.hi.hi.lo.lo,dense,exception,contradicted; every cut loses a supporter,1.9452,1.9452,10,5,3,0.2222,9
boundary:query,1463,L116.lo.hi.lo.hi.lo.lo.hi.hi.lo.lo.lo,dense,exception,contradicted; every cut loses a supporter,1.9005,1.9005,11,5,2,0.125,8
boundary:query,1463,L116.lo.hi.hi.hi.lo.lo.lo.lo,dense,exception,contradicted; every cut loses a supporter,1.9005,1.9005,11,5,2,0.125,8
boundary:query,1463,L153.hi.hi.hi.hi.lo.lo.lo.lo,dense,exception,contradicted; every cut loses a supporter,1.9095,1.9095,11,5,2,0.125,8
boundary:query,1463,L116.hi.lo.hi.hi.hi.lo.lo.lo.lo,dense,exception,contradicted; every cut loses a supporter,1.9005,1.9005,11,5,2,0.125,8
boundary:query,1463,L614.lo,hybrid,exception,contradicted; every cut loses a supporter,1.8438,1.8438,4,4,1,0.3333,6
boundary:query,1464,L116.lo.hi.lo.hi.lo.lo.hi.lo.lo.lo,dense,exception,contradicted; every cut loses a supporter,1.9006,1.9006,12,6,3,0.1111,9
boundary:query,1464,L322.hi.hi.lo.lo,dense,exception,contradicted; every cut loses a supporter,1.9454,1.9454,10,6,4,0.2,10
boundary:query,1464,L116.lo.lo.hi.lo.hi.lo.lo,dense,exception,contradicted; every cut loses a supporter,1.9397,1.9397,10,6,4,0.2,10
boundary:query,1464,L116.lo.hi.lo.lo.hi.lo.hi.lo.lo,dense,exception,contradicted; every cut loses a supporter,1.9397,1.9397,10,6,4,0.2,10
boundary:query,1464,L261.lo.hi.hi.lo.lo,dense,exception,contradicted; every cut loses a supporter,1.9458,1.9458,10,6,4,0.2,10
boundary:query,1464,L322.lo.hi.hi.lo.lo,dense,exception,contradicted; every cut loses a supporter,1.9454,1.9454,10,6,4,0.2,10
boundary:query,1464,L116.lo.hi.lo.hi.lo.lo.hi.hi.lo.lo.lo,dense,exception,contradicted; every cut loses a supporter,1.9006,1.9006,11,6,3,0.1111,9
boundary:query,1464,L116.lo.hi.hi.hi.lo.lo.lo.lo,dense,exception,contradicted; every cut loses a supporter,1.9006,1.9006,11,6,3,0.1111,9
boundary:query,1464,L153.hi.hi.hi.hi.lo.lo.lo.lo,dense,exception,contradicted; every cut loses a supporter,1.9097,1.9097,11,6,3,0.1111,9
boundary:query,1464,L116.hi.lo.hi.hi.hi.lo.lo.lo.lo,dense,exception,contradicted; every cut loses a supporter,1.9006,1.9006,11,6,3,0.1111,9
boundary:query,1464,L614.lo,hybrid,exception,contradicted; every cut loses a supporter,1.844,1.844,4,5,2,0.2857,7
boundary:query,1464,L322.hi.hi.lo.lo,dense,split,4 exceptions; cut f:query_len_tokens at 9.5,,1.9454,10,6,4,0.2,10
boundary:query,1464,L322.hi.hi.lo.lo.lo,dense,create,split of L322.hi.hi.lo.lo,,1.8084,5,0,0,0.0,0
boundary:query,1464,L322.hi.hi.lo.lo.hi,dense,create,split of L322.hi.hi.lo.lo,,1.8867,5,0,0,0.0,0
boundary:query,1464,L116.lo.lo.hi.lo.hi.lo.lo,dense,split,4 exceptions; cut f:query_len_tokens at 9.5,,1.9397,10,6,4,0.2,10
boundary:query,1464,L116.lo.lo.hi.lo.hi.lo.lo.lo,dense,create,split of L116.lo.lo.hi.lo.hi.lo.lo,,1.8028,5,0,0,0.0,0
boundary:query,1464,L116.lo.lo.hi.lo.hi.lo.lo.hi,dense,create,split of L116.lo.lo.hi.lo.hi.lo.lo,,1.8811,5,0,0,0.0,0
boundary:query,1464,L116.lo.hi.lo.lo.hi.lo.hi.lo.lo,dense,split,4 exceptions; cut f:query_len_tokens at 9.5,,1.9397,10,6,4,0.2,10
boundary:query,1464,L116.lo.hi.lo.lo.hi.lo.hi.lo.lo.lo,dense,create,split of L116.lo.hi.lo.lo.hi.lo.hi.lo.lo,,1.8028,5,0,0,0.0,0
boundary:query,1464,L116.lo.hi.lo.lo.hi.lo.hi.lo.lo.hi,dense,create,split of L116.lo.hi.lo.lo.hi.lo.hi.lo.lo,,1.8811,5,0,0,0.0,0
boundary:query,1464,L261.lo.hi.hi.lo.lo,dense,split,4 exceptions; cut f:query_len_tokens at 9.5,,1.9458,10,6,4,0.2,10
boundary:query,1464,L261.lo.hi.hi.lo.lo.lo,dense,create,split of L261.lo.hi.hi.lo.lo,,1.8088,5,0,0,0.0,0
boundary:query,1464,L261.lo.hi.hi.lo.lo.hi,dense,create,split of L261.lo.hi.hi.lo.lo,,1.8871,5,0,0,0.0,0
boundary:query,1464,L322.lo.hi.hi.lo.lo,dense,split,4 exceptions; cut f:query_len_tokens at 9.5,,1.9454,10,6,4,0.2,10
boundary:query,1464,L322.lo.hi.hi.lo.lo.lo,dense,create,split of L322.lo.hi.hi.lo.lo,,1.8084,5,0,0,0.0,0
boundary:query,1464,L322.lo.hi.hi.lo.lo.hi,dense,create,split of L322.lo.hi.hi.lo.lo,,1.8867,5,0,0,0.0,0
boundary:query,1464,L116.lo.lo.lo.hi.hi.lo,dense,retire,utility <= 0,,1.9006,10,4,0,-0.2,5
boundary:query,1464,L116.lo.hi.lo.lo.lo.hi.hi.lo,dense,retire,utility <= 0,,1.9006,10,4,0,-0.2,5
boundary:query,1464,L304.hi.lo.lo.hi.lo,dense,retire,utility <= 0,,1.9056,11,4,0,-0.2,5
boundary:query,1464,L116.hi.hi.lo.hi.lo.hi.lo.hi.lo,dense,retire,utility <= 0,,1.9006,9,4,0,-0.2,5
boundary:query,1464,L116.lo.hi.lo.hi.lo.hi.lo.lo.hi.lo,dense,retire,utility <= 0,,1.9006,10,4,0,-0.2,5
boundary:query,1464,L116.hi.hi.lo.lo.lo.hi.hi.lo.lo.hi.lo,dense,retire,utility <= 0,,1.9006,11,4,0,-0.2,5
boundary:query,1465,L558,hybrid,retire,utility <= 0,,2.0248,2,5,0,0.0,5
boundary:query,1467,L758,dense,create,"default missed, dense hit",,2.0,1,0,0,0.0,0
boundary:query,1469,L559,hybrid,narrow,contradicted; cut f:query_len_tokens,1.9911,1.9464,2,6,1,0.1429,7
boundary:query,1469,L759,dense,create,"default missed, dense hit",,2.0,1,0,0,0.0,0
boundary:query,1470,L614.hi,hybrid,retire,utility <= 0,,1.9026,4,5,0,-0.4,5
boundary:query,1471,L557,dense,exception,contradicted; every cut loses a supporter,2.025,2.025,3,5,1,0.1667,6
boundary:query,1472,L760,dense,create,"default missed, dense hit",,2.0,1,0,0,0.0,0
boundary:query,1473,L349.lo,dense,exception,contradicted; every cut loses a supporter,1.9037,1.9037,10,5,3,0.375,8
boundary:query,1473,L349.hi,dense,exception,contradicted; every cut loses a supporter,1.8254,1.8254,6,6,3,0.3,10
boundary:query,1473,L505.lo,dense,exception,contradicted; every cut loses a supporter,2.0261,2.0261,8,4,2,0.4286,7
boundary:query,1473,L505.hi,dense,exception,contradicted; every cut loses a supporter,1.824,1.824,4,6,3,0.125,8
boundary:query,1474,L322.hi.hi.lo.hi,dense,expand,arm beat the default just outside the box,1.8085,1.8281,8,2,0,0.0,3
boundary:query,1474,L116.lo.lo.hi.lo.hi.lo.hi,dense,expand,arm beat the default just outside the box,1.8029,1.8225,8,2,0,0.0,3
boundary:query,1474,L116.lo.hi.lo.lo.hi.lo.hi.lo.hi,dense,expand,arm beat the default just outside the box,1.8029,1.8225,8,2,0,0.0,3
boundary:query,1474,L261.lo.hi.hi.lo.hi,dense,expand,arm beat the default just outside the box,1.8089,1.8285,8,2,0,0.0,3
boundary:query,1474,L322.lo.hi.hi.lo.hi,dense,expand,arm beat the default just outside the box,1.8085,1.8281,8,2,0,0.0,3
boundary:query,1474,L614.lo,hybrid,expand,arm beat the default just outside the box,1.8441,1.8637,5,5,2,0.2857,7
boundary:query,1474,L116.lo.lo.lo.hi.hi.hi,dense,expand,arm beat the default just outside the box,1.7833,1.8225,2,2,0,-0.5,2
boundary:query,1474,L116.lo.hi.lo.lo.lo.hi.hi.hi,dense,expand,arm beat the default just outside the box,1.7833,1.8225,2,2,0,-0.5,2
boundary:query,1474,L116.hi.hi.lo.lo.lo.lo.hi.hi.hi,dense,expand,arm beat the default just outside the box,1.8029,1.8225,6,2,0,-0.5,2
boundary:query,1474,L304.hi.lo.lo.hi.hi,dense,expand,arm beat the default just outside the box,1.7882,1.8274,2,2,0,-0.5,2
boundary:query,1474,L116.hi.hi.lo.hi.lo.hi.lo.hi.hi,dense,expand,arm beat the default just outside the box,1.7833,1.8225,2,2,0,-0.5,2
boundary:query,1474,L116.lo.hi.lo.hi.lo.hi.lo.lo.hi.hi,dense,expand,arm beat the default just outside the box,1.7833,1.8225,2,2,0,-0.5,2
boundary:query,1474,L116.hi.hi.lo.lo.lo.hi.hi.lo.lo.hi.hi,dense,expand,arm beat the default just outside the box,1.7833,1.8225,2,2,0,-0.5,2
boundary:query,1474,L116.hi.hi.hi.hi.hi.lo,dense,expand,arm beat the default just outside the box,1.8225,1.8617,6,1,0,0.0,1
boundary:query,1474,L116.lo.hi.hi.hi.hi.lo,dense,expand,arm beat the default just outside the box,1.8421,1.8813,6,1,0,0.0,1
boundary:query,1474,L153.hi.hi.hi.hi.hi.lo,dense,expand,arm beat the default just outside the box,1.8511,1.8903,6,1,0,0.0,1
boundary:query,1474,L116.hi.lo.hi.hi.hi.hi.lo,dense,expand,arm beat the default just outside the box,1.8421,1.8813,6,1,0,0.0,1
boundary:query,1474,L116.hi.hi.lo.hi.hi.hi.lo,dense,expand,arm beat the default just outside the box,1.8421,1.8813,6,1,0,0.0,1
boundary:query,1474,L116.hi.hi.hi.hi.lo.hi.lo,dense,expand,arm beat the default just outside the box,1.8617,1.9009,7,1,0,0.0,1
boundary:query,1474,L551.lo,dense,expand,arm beat the default just outside the box,1.8632,1.9024,4,1,0,0.0,1
boundary:query,1474,L322.hi.hi.lo.lo.lo,dense,expand,arm beat the default just outside the box,1.8085,1.8673,6,0,0,0.0,0
boundary:query,1474,L116.lo.lo.hi.lo.hi.lo.lo.lo,dense,expand,arm beat the default just outside the box,1.8029,1.8617,6,0,0,0.0,0
boundary:query,1474,L116.lo.hi.lo.lo.hi.lo.hi.lo.lo.lo,dense,expand,arm beat the default just outside the box,1.8029,1.8617,6,0,0,0.0,0
boundary:query,1474,L261.lo.hi.hi.lo.lo.lo,dense,expand,arm beat the default just outside the box,1.8089,1.8677,6,0,0,0.0,0
boundary:query,1474,L322.lo.hi.hi.lo.lo.lo,dense,expand,arm beat the default just outside the box,1.8085,1.8673,6,0,0,0.0,0
boundary:query,1474,L116.lo.hi.lo.hi.lo.lo.hi.lo.lo.hi,dense,retire,utility <= 0,,1.8225,10,3,0,0.0,5
boundary:query,1474,L116.lo.hi.lo.hi.lo.lo.hi.hi.lo.lo.hi,dense,retire,utility <= 0,,1.8225,6,3,0,0.0,5
boundary:query,1474,L116.lo.hi.hi.hi.lo.lo.lo.hi,dense,retire,utility <= 0,,1.8225,6,3,0,0.0,5
boundary:query,1474,L153.hi.hi.hi.hi.lo.lo.lo.hi,dense,retire,utility <= 0,,1.8315,6,3,0,0.0,5
boundary:query,1474,L116.hi.lo.hi.hi.hi.lo.lo.lo.hi,dense,retire,utility <= 0,,1.8225,6,3,0,0.0,5
boundary:query,1475,L116.hi.hi.lo.lo.lo.hi.hi.lo.hi.lo.lo,dense,exception,contradicted; every cut loses a supporter,1.8619,1.8619,7,4,1,0.1667,6
boundary:query,1475,L322.hi.lo.hi.lo,dense,exception,contradicted; every cut loses a supporter,1.8675,1.8675,8,4,1,0.1667,6
boundary:query,1475,L116.lo.lo.hi.lo.lo.hi.lo,dense,exception,contradicted; every cut loses a supporter,1.8619,1.8619,10,4,1,0.1667,6
boundary:query,1475,L116.hi.hi.lo.lo.lo.lo.hi.hi.lo,dense,exception,contradicted; every cut loses a supporter,1.8815,1.8815,8,4,1,0.1667,6
boundary:query,1475,L116.lo.hi.lo.lo.hi.lo.lo.hi.lo,dense,exception,contradicted; every cut loses a supporter,1.8619,1.8619,12,4,1,0.1667,6
boundary:query,1475,L261.lo.hi.lo.hi.lo,dense,exception,contradicted; every cut loses a supporter,1.8679,1.8679,8,4,1,0.1667,6
boundary:query,1475,L322.lo.hi.lo.hi.lo,dense,exception,contradicted; every cut loses a supporter,1.8675,1.8675,8,4,1,0.1667,6
boundary:query,1478,L229.hi,dense,exception,contradicted; every cut loses a supporter,2.0283,2.0283,7,5,3,0.4444,9
boundary:query,1480,L198.hi.lo.hi,hybrid,expand,arm beat the default just outside the box,1.8699,1.9091,6,4,0,0.0,4
boundary:query,1480,L305.lo.hi,hybrid,expand,arm beat the default just outside the box,1.867,1.9062,7,3,0,0.0,3
boundary:query,1480,L614.lo,hybrid,expand,arm beat the default just outside the box,1.864,1.9032,6,5,2,0.2857,7
boundary:query,1480,L116.hi.hi.lo.lo.lo.hi.hi.lo.hi.lo.lo,dense,expand,arm beat the default just outside the box,1.8621,1.9012,8,4,1,0.1667,6
boundary:query,1480,L322.hi.lo.hi.lo,dense,expand,arm beat the default just outside the box,1.8677,1.9068,9,4,1,0.1667,6
boundary:query,1480,L116.lo.lo.hi.lo.lo.hi.lo,dense,expand,arm beat the default just outside the box,1.8621,1.9012,11,4,1,0.1667,6
boundary:query,1480,L116.hi.hi.lo.lo.lo.lo.hi.hi.lo,dense,expand,arm beat the default just outside the box,1.8816,1.9012,9,4,1,0.1667,6
boundary:query,1480,L116.lo.hi.lo.lo.hi.lo.lo.hi.lo,dense,expand,arm beat the default just outside the box,1.8621,1.9012,13,4,1,0.1667,6
boundary:query,1480,L261.lo.hi.lo.hi.lo,dense,expand,arm beat the default just outside the box,1.8681,1.9072,9,4,1,0.1667,6
boundary:query,1480,L322.lo.hi.lo.hi.lo,dense,expand,arm beat the default just outside the box,1.8677,1.9068,9,4,1,0.1667,6
boundary:query,1480,L619.hi,hybrid,expand,arm beat the default just outside the box,1.8638,1.903,4,3,0,0.25,4
boundary:query,1480,L304.hi.lo.hi.lo.lo.lo,dense,expand,arm beat the default just outside the box,1.867,1.9062,8,3,0,0.25,4
boundary:query,1480,L116.hi.hi.lo.hi.hi.lo.lo.lo.lo.lo,dense,expand,arm beat the default just outside the box,1.8621,1.9012,12,3,0,0.25,4
boundary:query,1480,L322.hi.hi.lo.lo.lo,dense,expand,arm beat the default just outside the box,1.8677,1.9068,7,1,0,0.0,1
boundary:query,1480,L116.lo.lo.hi.lo.hi.lo.lo.lo,dense,expand,arm beat the default just outside the box,1.8621,1.9012,7,1,0,0.0,1
boundary:query,1480,L116.lo.hi.lo.lo.hi.lo.hi.lo.lo.lo,dense,expand,arm beat the default just outside the box,1.8621,1.9012,7,1,0,0.0,1
boundary:query,1480,L261.lo.hi.hi.lo.lo.lo,dense,expand,arm beat the default just outside the box,1.8681,1.9072,7,1,0,0.0,1
boundary:query,1480,L322.lo.hi.hi.lo.lo.lo,dense,expand,arm beat the default just outside the box,1.8677,1.9068,7,1,0,0.0,1
boundary:query,1480,L116.hi.hi.lo.lo.lo.hi.hi.lo.hi.lo.hi,dense,retire,utility <= 0,,1.8229,5,3,0,0.0,5
boundary:query,1480,L322.hi.lo.hi.hi,dense,retire,utility <= 0,,1.8285,5,3,0,0.0,5
boundary:query,1480,L116.lo.lo.hi.lo.lo.hi.hi,dense,retire,utility <= 0,,1.8229,5,3,0,0.0,5
boundary:query,1480,L116.lo.hi.lo.lo.hi.lo.lo.hi.hi,dense,retire,utility <= 0,,1.8229,5,3,0,0.0,5
boundary:query,1480,L261.lo.hi.lo.hi.hi,dense,retire,utility <= 0,,1.8289,5,3,0,0.0,5
boundary:query,1480,L322.lo.hi.lo.hi.hi,dense,retire,utility <= 0,,1.8285,5,3,0,0.0,5
boundary:query,1480,L761,hybrid,create,"default missed, hybrid hit",,2.0,1,0,0,0.0,0
boundary:query,1481,L688,hybrid,retire,utility <= 0,,1.9975,1,5,0,0.0,5
boundary:query,1482,L351.lo,dense,exception,contradicted; every cut loses a supporter,1.8319,1.8319,7,5,2,0.375,8
boundary:query,1482,L5.lo.lo,dense,exception,contradicted; every cut loses a supporter,2.5928,2.5928,9,5,2,0.375,8
boundary:query,1483,L614.lo,hybrid,exception,contradicted; every cut loses a supporter,1.9028,1.9028,6,6,3,0.25,8
boundary:query,1483,L116.hi.hi.lo.lo.lo.hi.hi.lo.hi.lo.lo,dense,exception,contradicted; every cut loses a supporter,1.9008,1.9008,8,5,2,0.1429,7
boundary:query,1483,L322.hi.lo.hi.lo,dense,exception,contradicted; every cut loses a supporter,1.9064,1.9064,9,5,2,0.1429,7
boundary:query,1483,L116.lo.lo.hi.lo.lo.hi.lo,dense,exception,contradicted; every cut loses a supporter,1.9008,1.9008,11,5,2,0.1429,7
boundary:query,1483,L116.hi.hi.lo.lo.lo.lo.hi.hi.lo,dense,exception,contradicted; every cut loses a supporter,1.9008,1.9008,9,5,2,0.1429,7
boundary:query,1483,L116.lo.hi.lo.lo.hi.lo.lo.hi.lo,dense,exception,contradicted; every cut loses a supporter,1.9008,1.9008,13,5,2,0.1429,7
boundary:query,1483,L261.lo.hi.lo.hi.lo,dense,exception,contradicted; every cut loses a supporter,1.9069,1.9069,9,5,2,0.1429,7
boundary:query,1483,L322.lo.hi.lo.hi.lo,dense,exception,contradicted; every cut loses a supporter,1.9064,1.9064,9,5,2,0.1429,7
boundary:query,1483,L626.hi,dense,exception,contradicted; every cut loses a supporter,1.8642,1.8642,4,4,1,0.3333,6
boundary:query,1483,L198.hi.lo.hi,hybrid,retire,utility <= 0,,1.9087,6,5,0,0.0,5
boundary:query,1484,L116.hi.hi.hi.hi.hi.hi,dense,expand,arm beat the default just outside the box,1.8227,1.8618,4,0,0,0.0,0
boundary:query,1484,L116.lo.hi.hi.hi.hi.hi,dense,expand,arm beat the default just outside the box,1.8031,1.8423,6,0,0,0.0,0
boundary:query,1484,L153.hi.hi.hi.hi.hi.hi,dense,expand,arm beat the default just outside the box,1.8122,1.8513,6,0,0,0.0,0
boundary:query,1484,L116.hi.lo.hi.hi.hi.hi.hi,dense,expand,arm beat the default just outside the box,1.8031,1.8423,6,0,0,0.0,0
boundary:query,1484,L116.hi.hi.lo.hi.hi.hi.hi,dense,expand,arm beat the default just outside the box,1.8031,1.8423,6,0,0,0.0,0
boundary:query,1484,L116.hi.hi.hi.hi.lo.hi.hi,dense,expand,arm beat the default just outside the box,1.7835,1.8227,3,0,0,0.0,0
boundary:query,1484,L551.hi,dense,expand,arm beat the default just outside the box,1.8243,1.8243,3,0,0,0.0,0
boundary:query,1484,L762,dense,create,"default missed, dense hit",,2.0,1,0,0,0.0,0
boundary:query,1485,L305.lo.hi,hybrid,retire,utility <= 0,,1.9062,7,5,0,0.0,5
boundary:query,1486,L351.lo,dense,expand,arm beat the default just outside the box,1.8322,1.8714,8,5,2,0.375,8
boundary:query,1486,L5.lo.lo,dense,expand,arm beat the default just outside the box,2.5938,2.6329,10,5,2,0.375,8
boundary:query,1486,L118.lo.hi.hi,dense,expand,arm beat the default just outside the box,1.7813,1.8204,4,1,0,0.6667,3
boundary:query,1486,L272.lo.lo,dense,expand,arm beat the default just outside the box,1.7899,1.829,8,3,0,0.25,4
boundary:query,1486,L272.hi.hi,dense,expand,arm beat the default just outside the box,1.8681,1.9073,5,2,0,0.5,4
boundary:query,1486,L5.hi.lo.lo,dense,expand,arm beat the default just outside the box,2.5938,2.6329,8,3,0,0.25,4
boundary:query,1486,L5.hi.hi.hi,dense,expand,arm beat the default just outside the box,2.5938,2.6329,4,1,0,0.6667,3
boundary:query,1488,L116.hi.hi.lo.lo.lo.hi.hi.lo.hi.lo.lo,dense,exception,contradicted; every cut loses a supporter,1.9009,1.9009,8,6,3,0.125,8
boundary:query,1488,L322.hi.lo.hi.lo,dense,exception,contradicted; every cut loses a supporter,1.9066,1.9066,9,6,3,0.125,8
boundary:query,1488,L116.lo.lo.hi.lo.lo.hi.lo,dense,exception,contradicted; every cut loses a supporter,1.9009,1.9009,11,6,3,0.125,8
boundary:query,1488,L116.hi.hi.lo.lo.lo.lo.hi.hi.lo,dense,exception,contradicted; every cut loses a supporter,1.9009,1.9009,9,6,3,0.125,8
boundary:query,1488,L116.lo.hi.lo.lo.hi.lo.lo.hi.lo,dense,exception,contradicted; every cut loses a supporter,1.9009,1.9009,13,6,3,0.125,8
boundary:query,1488,L261.lo.hi.lo.hi.lo,dense,exception,contradicted; every cut loses a supporter,1.907,1.907,9,6,3,0.125,8
boundary:query,1488,L322.lo.hi.lo.hi.lo,dense,exception,contradicted; every cut loses a supporter,1.9066,1.9066,9,6,3,0.125,8
boundary:query,1488,L619.hi,hybrid,narrow,contradicted; cut f:query_len_tokens,1.9028,1.9028,4,5,0,0.1667,6
boundary:query,1488,L304.hi.lo.hi.lo.lo.lo,dense,exception,contradicted; every cut loses a supporter,1.906,1.906,8,5,1,0.1667,6
boundary:query,1488,L116.hi.hi.lo.hi.hi.lo.lo.lo.lo.lo,dense,exception,contradicted; every cut loses a supporter,1.9009,1.9009,12,5,1,0.1667,6
boundary:query,1489,L16,dense,exception,contradicted; every cut loses a supporter,1.9777,1.9777,5,6,2,0.3333,9
boundary:query,1489,L216,dense,exception,contradicted; every cut loses a supporter,1.992,1.992,2,6,2,0.1429,7
boundary:query,1493,L6.lo.lo.hi.hi.hi,dense,exception,contradicted; every cut loses a supporter,2.2476,2.2476,8,7,3,0.3,10
boundary:query,1493,L91.lo.hi.hi.hi,dense,exception,contradicted; every cut loses a supporter,1.8514,1.8514,8,7,3,0.3,10
boundary:query,1493,L12.lo.hi.hi.hi.hi,dense,exception,contradicted; every cut loses a supporter,1.7633,1.7633,13,7,3,0.4167,12
boundary:query,1493,L12.hi.hi.hi.hi.hi,dense,exception,contradicted; every cut loses a supporter,1.7633,1.7633,13,7,3,0.4167,12
boundary:query,1493,L6.lo.hi.hi.hi.hi,dense,exception,contradicted; every cut loses a supporter,2.2476,2.2476,13,7,3,0.4167,12
boundary:query,1493,L12.lo.hi.hi.hi.lo.hi,dense,exception,contradicted; every cut loses a supporter,1.6852,1.6852,4,6,2,0.3333,9
boundary:query,1493,L12.hi.hi.hi.hi.lo.hi,dense,exception,contradicted; every cut loses a supporter,1.6852,1.6852,4,6,2,0.3333,9
boundary:query,1493,L6.lo.hi.hi.hi.lo.hi,dense,exception,contradicted; every cut loses a supporter,2.1695,2.1695,4,6,2,0.3333,9
boundary:query,1495,L322.hi.hi.lo.hi,dense,exception,contradicted; every cut loses a supporter,1.8281,1.8281,10,4,1,0.2857,7
boundary:query,1495,L116.lo.lo.hi.lo.hi.lo.hi,dense,exception,contradicted; every cut loses a supporter,1.8225,1.8225,10,4,1,0.2857,7
boundary:query,1495,L116.lo.hi.lo.lo.hi.lo.hi.lo.hi,dense,exception,contradicted; every cut loses a supporter,1.8225,1.8225,10,4,1,0.2857,7
boundary:query,1495,L261.lo.hi.hi.lo.hi,dense,exception,contradicted; every cut loses a supporter,1.8285,1.8285,10,4,1,0.2857,7
boundary:query,1495,L322.lo.hi.hi.lo.hi,dense,exception,contradicted; every cut loses a supporter,1.8281,1.8281,10,4,1,0.2857,7
boundary:query,1495,L116.lo.lo.lo.hi.hi.hi,dense,exception,contradicted; every cut loses a supporter,1.8225,1.8225,4,4,1,0.1667,6
boundary:query,1495,L116.lo.hi.lo.lo.lo.hi.hi.hi,dense,exception,contradicted; every cut loses a supporter,1.8225,1.8225,4,4,1,0.1667,6
boundary:query,1495,L116.hi.hi.lo.lo.lo.lo.hi.hi.hi,dense,exception,contradicted; every cut loses a supporter,1.8225,1.8225,8,4,1,0.1667,6
boundary:query,1495,L304.hi.lo.lo.hi.hi,dense,exception,contradicted; every cut loses a supporter,1.8274,1.8274,4,4,1,0.1667,6
boundary:query,1495,L116.hi.hi.lo.hi.lo.hi.lo.hi.hi,dense,exception,contradicted; every cut loses a supporter,1.8225,1.8225,4,4,1,0.1667,6
boundary:query,1495,L116.lo.hi.lo.hi.lo.hi.lo.lo.hi.hi,dense,exception,contradicted; every cut loses a supporter,1.8225,1.8225,4,4,1,0.1667,6
boundary:query,1495,L116.hi.hi.lo.lo.lo.hi.hi.lo.lo.hi.hi,dense,exception,contradicted; every cut loses a supporter,1.8225,1.8225,4,4,1,0.1667,6
boundary:query,1495,L619.hi,hybrid,exception,contradicted; every cut loses a supporter,1.9024,1.9024,5,6,1,0.25,8
boundary:query,1495,L116.hi.hi.hi.hi.lo.hi.lo,dense,exception,contradicted; every cut loses a supporter,1.9006,1.9006,9,4,1,0.3333,6
boundary:query,1495,L551.lo,dense,exception,contradicted; every cut loses a supporter,1.9022,1.9022,6,4,1,0.3333,6
boundary:query,1495,L304.hi.lo.hi.lo.lo.lo,dense,exception,contradicted; every cut loses a supporter,1.9056,1.9056,9,6,2,0.25,8
boundary:query,1495,L304.hi.lo.hi.lo.lo.hi,dense,exception,contradicted; every cut loses a supporter,1.8274,1.8274,8,3,1,0.5,6
boundary:query,1495,L116.hi.hi.lo.hi.hi.lo.lo.lo.lo.lo,dense,exception,contradicted; every cut loses a supporter,1.9006,1.9006,13,6,2,0.25,8
boundary:query,1495,L116.hi.hi.lo.hi.hi.lo.lo.lo.lo.hi,dense,exception,contradicted; every cut loses a supporter,1.8225,1.8225,8,3,1,0.5,6
boundary:query,1495,L322.hi.hi.lo.lo.hi,dense,exception,contradicted; every cut loses a supporter,1.8867,1.8867,8,4,1,0.4286,7
boundary:query,1495,L116.lo.lo.hi.lo.hi.lo.lo.hi,dense,exception,contradicted; every cut loses a supporter,1.8811,1.8811,8,4,1,0.4286,7
boundary:query,1495,L116.lo.hi.lo.lo.hi.lo.hi.lo.lo.hi,dense,exception,contradicted; every cut loses a supporter,1.8811,1.8811,8,4,1,0.4286,7
boundary:query,1495,L261.lo.hi.hi.lo.lo.hi,dense,exception,contradicted; every cut loses a supporter,1.8872,1.8872,8,4,1,0.4286,7
boundary:query,1495,L322.lo.hi.hi.lo.lo.hi,dense,exception,contradicted; every cut loses a supporter,1.8867,1.8867,8,4,1,0.4286,7
boundary:query,1497,L557,dense,expand,arm beat the default just outside the box,2.025,2.0641,4,5,1,0.1667,6
boundary:query,1498,L116.lo.hi.lo.hi.lo.lo.hi.lo.lo.lo,dense,expand,arm beat the default just outside the box,1.9012,1.9403,15,6,3,0.2727,11
boundary:query,1498,L116.lo.hi.lo.hi.lo.lo.hi.hi.lo.lo.lo,dense,expand,arm beat the default just outside the box,1.9012,1.9403,14,6,3,0.2727,11
boundary:query,1498,L116.lo.hi.hi.hi.lo.lo.lo.lo,dense,expand,arm beat the default just outside the box,1.9012,1.9403,14,6,3,0.2727,11
boundary:query,1498,L153.hi.hi.hi.hi.lo.lo.lo.lo,dense,expand,arm beat the default just outside the box,1.9102,1.9494,14,6,3,0.2727,11
boundary:query,1498,L116.hi.lo.hi.hi.hi.lo.lo.lo.lo,dense,expand,arm beat the default just outside the box,1.9012,1.9403,14,6,3,0.2727,11
boundary:query,1498,L614.lo,hybrid,expand,arm beat the default just outside the box,1.9032,1.9423,8,6,3,0.3333,9
boundary:query,1498,L116.hi.hi.lo.lo.lo.hi.hi.lo.hi.lo.lo,dense,expand,arm beat the default just outside the box,1.9012,1.9403,10,6,3,0.2222,9
boundary:query,1498,L322.hi.lo.hi.lo,dense,expand,arm beat the default just outside the box,1.9068,1.9459,11,6,3,0.2222,9
boundary:query,1498,L116.lo.lo.hi.lo.lo.hi.lo,dense,expand,arm beat the default just outside the box,1.9012,1.9403,13,6,3,0.2222,9
boundary:query,1498,L116.hi.hi.lo.lo.lo.lo.hi.hi.lo,dense,expand,arm beat the default just outside the box,1.9012,1.9403,11,6,3,0.2222,9
boundary:query,1498,L116.lo.hi.lo.lo.hi.lo.lo.hi.lo,dense,expand,arm beat the default just outside the box,1.9012,1.9403,15,6,3,0.2222,9
boundary:query,1498,L261.lo.hi.lo.hi.lo,dense,expand,arm beat the default just outside the box,1.9072,1.9463,11,6,3,0.2222,9
boundary:query,1498,L322.lo.hi.lo.hi.lo,dense,expand,arm beat the default just outside the box,1.9068,1.9459,11,6,3,0.2222,9
boundary:query,1498,L619.hi,hybrid,expand,arm beat the default just outside the box,1.9029,1.9421,6,6,1,0.25,8
boundary:query,1498,L116.hi.hi.hi.hi.hi.hi,dense,expand,arm beat the default just outside the box,1.862,1.9012,5,1,0,0.0,1
boundary:query,1498,L116.lo.hi.hi.hi.hi.hi,dense,expand,arm beat the default just outside the box,1.8425,1.9012,7,1,0,0.0,1
boundary:query,1498,L153.hi.hi.hi.hi.hi.hi,dense,expand,arm beat the default just outside the box,1.8515,1.9102,7,1,0,0.0,1
boundary:query,1498,L116.hi.lo.hi.hi.hi.hi.hi,dense,expand,arm beat the default just outside the box,1.8425,1.9012,7,1,0,0.0,1
boundary:query,1498,L116.hi.hi.lo.hi.hi.hi.hi,dense,expand,arm beat the default just outside the box,1.8425,1.9012,7,1,0,0.0,1
boundary:query,1498,L626.hi,dense,expand,arm beat the default just outside the box,1.8646,1.9037,6,4,1,0.4286,7
boundary:query,1498,L304.hi.lo.hi.lo.lo.lo,dense,expand,arm beat the default just outside the box,1.9061,1.9453,10,6,2,0.25,8
boundary:query,1498,L116.hi.hi.lo.hi.hi.lo.lo.lo.lo.lo,dense,expand,arm beat the default just outside the box,1.9012,1.9403,14,6,2,0.25,8
boundary:query,1498,L322.hi.hi.lo.lo.lo,dense,expand,arm beat the default just outside the box,1.9068,1.9459,9,4,0,0.2,5
boundary:query,1498,L116.lo.lo.hi.lo.hi.lo.lo.lo,dense,expand,arm beat the default just outside the box,1.9012,1.9403,9,4,0,0.2,5
boundary:query,1498,L116.lo.hi.lo.lo.hi.lo.hi.lo.lo.lo,dense,expand,arm beat the default just outside the box,1.9012,1.9403,9,4,0,0.2,5
boundary:query,1498,L261.lo.hi.hi.lo.lo.lo,dense,expand,arm beat the default just outside the box,1.9072,1.9463,9,4,0,0.2,5
boundary:query,1498,L322.lo.hi.hi.lo.lo.lo,dense,expand,arm beat the default just outside the box,1.9068,1.9459,9,4,0,0.2,5
boundary:query,1498,L762,dense,expand,arm beat the default just outside the box,2.0001,2.0317,2,1,0,0.0,1
boundary:query,1499,L8.lo.hi,dense,expand,arm beat the default just outside the box,2.2693,2.3084,7,5,2,0.1429,7
boundary:query,1499,L101.lo,hybrid,expand,arm beat the default just outside the box,1.8508,1.8899,6,5,2,0.1429,7
boundary:query,1499,L156.lo,hybrid,expand,arm beat the default just outside the box,1.8712,1.9103,5,2,0,0.0,2
boundary:query,1499,L763,hybrid,create,"default missed, hybrid hit",,2.0,1,0,0,0.0,0
