kind,policy,t,lesson,arm,op,reason,width_before,width_after,n_support,n_contra,n_exceptions,utility,gain_n
alias,boundary:query,3,L1,dense,create,"default missed, dense hit",,2.0,1,0,0,0.0,0
alias,boundary:query,3,L2,hybrid,create,"default missed, hybrid hit",,2.0,1,0,0,0.0,0
alias,boundary:query,12,L2,hybrid,expand,arm beat the default just outside the box,3.7796,3.7882,2,0,0,0.0,0
alias,boundary:query,12,L3,hybrid,create,"default missed, hybrid hit",,2.0,1,0,0,0.0,0
alias,boundary:query,13,L4,dense,create,"default missed, dense hit",,2.0,1,0,0,0.0,0
alias,boundary:query,13,L5,hybrid,create,"default missed, hybrid hit",,2.0,1,0,0,0.0,0
alias,boundary:query,23,L1,dense,expand,arm beat the default just outside the box,3.1222,3.1285,2,3,0,0.0,3
alias,boundary:query,23,L6,dense,create,"default missed, dense hit",,2.0,1,0,0,0.0,0
alias,boundary:query,24,L3,hybrid,retire,utility <= 0,,1.8354,1,5,0,0.0,5
alias,boundary:query,33,L2,hybrid,retire,utility <= 0,,3.1479,2,5,0,-0.2,5
alias,boundary:query,34,L1,dense,retire,utility <= 0,,3.1756,2,5,0,0.0,5
alias,boundary:query,38,L6,dense,expand,arm beat the default just outside the box,2.0356,2.1173,2,2,0,0.0,2
alias,boundary:query,38,L7,dense,create,"default missed, dense hit",,2.0,1,0,0,0.0,0
alias,boundary:query,39,L4,dense,narrow,contradicted; cut f:query_len_tokens,1.9832,1.8435,2,5,0,0.1667,6
alias,boundary:query,39,L5,hybrid,narrow,contradicted; cut f:query_len_tokens,1.9832,1.8435,3,4,0,0.3333,6
alias,boundary:query,41,L4,dense,narrow,contradicted; cut f:query_cap_spans,1.837,1.823,2,6,0,0.1429,7
alias,boundary:query,41,L5,hybrid,narrow,contradicted; cut f:query_cap_spans,1.837,1.823,3,5,0,0.2857,7
alias,boundary:query,42,L7,dense,expand,arm beat the default just outside the box,1.9848,1.9854,2,0,0,0.0,0
alias,boundary:query,42,L8,dense,create,"default missed, dense hit",,2.0,1,0,0,0.0,0
alias,boundary:query,45,L9,hybrid,create,"default missed, hybrid hit",,2.0,1,0,0,0.0,0
alias,boundary:query,46,L6,dense,retire,utility <= 0,,2.1248,2,5,0,-0.2,5
alias,boundary:query,50,L9,hybrid,expand,arm beat the default just outside the box,2.0117,2.0209,2,0,0,0.0,0
alias,boundary:query,50,L7,dense,retire,utility <= 0,,2.0031,3,4,0,0.0,5
alias,boundary:query,50,L10,hybrid,create,"default missed, hybrid hit",,2.0,1,0,0,0.0,0
alias,boundary:query,58,L9,hybrid,retire,utility <= 0,,2.0637,2,5,0,0.0,5
alias,boundary:query,60,L8,dense,expand,arm beat the default just outside the box,2.0739,2.0802,3,2,0,0.3333,3
alias,boundary:query,60,L11,dense,create,"default missed, dense hit",,2.0,1,0,0,0.0,0
alias,boundary:query,66,L12,hybrid,create,"default missed, hybrid hit",,2.0,1,0,0,0.0,0
alias,boundary:query,67,L4,dense,narrow,contradicted; cut f:query_len_tokens,1.9082,1.7237,2,7,0,0.125,8
alias,boundary:query,67,L5,hybrid,narrow,contradicted; cut f:query_len_tokens,1.9082,1.7237,3,6,0,0.25,8
alias,boundary:query,68,L11,dense,expand,arm beat the default just outside the box,2.016,2.0649,3,0,0,1.0,1
alias,boundary:query,68,L13,dense,create,"default missed, dense hit",,2.0,1,0,0,0.0,0
alias,boundary:query,70,L8,dense,narrow,contradicted; cut f:query_len_tokens,2.1103,2.0338,4,4,0,0.1667,6
alias,boundary:query,76,L8,dense,expand,arm beat the default just outside the box,2.0382,2.0382,5,4,0,0.1667,6
alias,boundary:query,76,L10,hybrid,expand,arm beat the default just outside the box,2.0911,2.1029,2,3,0,-0.3333,3
alias,boundary:query,76,L11,dense,expand,arm beat the default just outside the box,2.084,2.1023,4,1,0,0.5,2
alias,boundary:query,76,L12,hybrid,expand,arm beat the default just outside the box,2.0088,2.0302,2,0,0,0.0,0
alias,boundary:query,76,L13,dense,expand,arm beat the default just outside the box,2.0175,2.0678,2,1,0,0.0,1
alias,boundary:query,76,L14,dense,create,"default missed, dense hit",,2.0,1,0,0,0.0,0
alias,boundary:query,76,L15,hybrid,create,"default missed, hybrid hit",,2.0,1,0,0,0.0,0
alias,boundary:query,77,L4,dense,exception,contradicted; every cut loses a supporter,1.724,1.724,3,8,1,0.2,10
alias,boundary:query,77,L5,hybrid,exception,contradicted; every cut loses a supporter,1.724,1.724,4,7,1,0.3,10
alias,boundary:query,81,L8,dense,expand,arm beat the default just outside the box,2.0353,2.0644,6,4,0,0.1667,6
alias,boundary:query,81,L14,dense,expand,arm beat the default just outside the box,1.9978,2.0184,2,1,0,-1.0,1
alias,boundary:query,81,L15,hybrid,expand,arm beat the default just outside the box,1.9978,2.0184,2,1,0,0.0,1
alias,boundary:query,82,L11,dense,exception,contradicted; every cut loses a supporter,2.1064,2.1064,5,4,1,0.1667,6
alias,boundary:query,82,L13,dense,retire,utility <= 0,,2.0709,3,4,0,0.0,5
alias,boundary:query,85,L11,dense,exception,contradicted; every cut loses a supporter,2.1134,2.1134,6,5,2,0.25,8
alias,boundary:query,85,L10,hybrid,retire,utility <= 0,,2.1123,2,5,0,-0.2,5
alias,boundary:query,87,L8,dense,exception,contradicted; every cut loses a supporter,2.0884,2.0884,8,5,1,0.3333,9
alias,boundary:query,87,L11,dense,exception,contradicted; every cut loses a supporter,2.1275,2.1275,7,6,3,0.3,10
alias,boundary:query,87,L12,hybrid,exception,contradicted; every cut loses a supporter,2.0521,2.0521,4,4,1,0.3333,6
alias,boundary:query,87,L14,dense,exception,contradicted; every cut loses a supporter,2.0418,2.0418,4,4,1,0.1667,6
alias,boundary:query,87,L15,hybrid,exception,contradicted; every cut loses a supporter,2.0418,2.0418,3,5,1,0.1667,6
alias,boundary:query,90,L8,dense,expand,arm beat the default just outside the box,2.0707,2.1373,9,5,1,0.3333,9
alias,boundary:query,90,L14,dense,expand,arm beat the default just outside the box,2.0249,2.0459,5,4,1,0.1667,6
alias,boundary:query,90,L15,hybrid,expand,arm beat the default just outside the box,2.0249,2.0459,4,5,1,0.1667,6
alias,boundary:query,90,L16,dense,create,"default missed, dense hit",,2.0,1,0,0,0.0,0
alias,boundary:query,90,L17,hybrid,create,"default missed, hybrid hit",,2.0,1,0,0,0.0,0
alias,boundary:query,91,L16,dense,expand,arm beat the default just outside the box,2.0061,2.0325,2,0,0,0.0,0
alias,boundary:query,91,L17,hybrid,expand,arm beat the default just outside the box,2.0061,2.0325,2,0,0,0.0,0
alias,boundary:query,91,L18,dense,create,"default missed, dense hit",,2.0,1,0,0,0.0,0
alias,boundary:query,91,L19,hybrid,create,"default missed, hybrid hit",,2.0,1,0,0,0.0,0
alias,boundary:query,92,L14,dense,narrow,contradicted; cut f:query_len_tokens,2.056,2.0304,5,5,1,0.0,7
alias,boundary:query,92,L15,hybrid,narrow,contradicted; cut f:query_len_tokens,2.056,2.0304,4,6,1,0.0,7
alias,boundary:query,92,L14,dense,retire,utility <= 0,,2.0304,5,5,1,0.0,7
alias,boundary:query,92,L15,hybrid,retire,utility <= 0,,2.0304,4,6,1,0.0,7
alias,boundary:query,93,L8,dense,exception,contradicted; every cut loses a supporter,2.1513,2.1513,9,6,2,0.3,10
alias,boundary:query,95,L12,hybrid,exception,contradicted; every cut loses a supporter,2.0546,2.0546,4,5,2,0.2857,7
alias,boundary:query,95,L18,dense,expand,arm beat the default just outside the box,2.0133,2.0404,2,0,0,0.0,0
alias,boundary:query,97,L8,dense,exception,contradicted; every cut loses a supporter,2.1697,2.1697,10,7,3,0.3333,12
alias,boundary:query,97,L11,dense,exception,contradicted; every cut loses a supporter,2.1424,2.1424,8,7,4,0.3333,12
alias,boundary:query,97,L12,hybrid,exception,contradicted; every cut loses a supporter,2.0651,2.0651,4,6,3,0.25,8
alias,boundary:query,97,L11,dense,split,4 exceptions; cut f:query_cap_spans at 2,,2.1424,8,7,4,0.3333,12
alias,boundary:query,97,L11.lo,dense,create,split of L11,,1.967,8,0,0,0.0,0
alias,boundary:query,99,L16,dense,retire,utility <= 0,,2.0656,2,5,0,-0.2,5
alias,boundary:query,99,L17,hybrid,retire,utility <= 0,,2.0656,2,5,0,0.0,5
alias,boundary:query,101,L8,dense,exception,contradicted; every cut loses a supporter,2.1923,2.1923,10,8,4,0.3077,13
alias,boundary:query,101,L8,dense,split,4 exceptions; cut f:query_cap_spans at 1.5,,2.1923,10,8,4,0.3077,13
alias,boundary:query,101,L8.lo,dense,create,split of L8,,2.0932,5,0,0,0.0,0
alias,boundary:query,101,L8.hi,dense,create,split of L8,,1.8949,5,0,0,0.0,0
alias,boundary:query,101,L18,dense,retire,utility <= 0,,2.0719,2,5,0,0.0,5
alias,boundary:query,101,L19,hybrid,retire,utility <= 0,,2.044,1,5,0,0.0,5
alias,boundary:query,102,L23,dense,create,"default missed, dense hit",,2.0,1,0,0,0.0,0
alias,boundary:query,105,L5,hybrid,expand,arm beat the default just outside the box,1.7618,1.7618,5,7,1,0.3,10
alias,boundary:query,105,L24,hybrid,create,"default missed, hybrid hit",,2.0,1,0,0,0.0,0
alias,boundary:query,106,L25,hybrid,create,"default missed, hybrid hit",,2.0,1,0,0,0.0,0
alias,boundary:query,107,L25,hybrid,expand,arm beat the default just outside the box,2.0037,2.0374,2,0,0,0.0,0
alias,boundary:query,107,L26,hybrid,create,"default missed, hybrid hit",,2.0,1,0,0,0.0,0
alias,boundary:query,112,L11.lo,dense,exception,contradicted; every cut loses a supporter,1.9609,1.9609,10,4,1,0.3333,6
alias,boundary:query,115,L4,dense,exception,contradicted; every cut loses a supporter,1.7527,1.7527,3,9,2,0.1818,11
alias,boundary:query,115,L5,hybrid,exception,contradicted; every cut loses a supporter,1.7527,1.7527,5,8,2,0.2727,11
alias,boundary:query,117,L11.lo,dense,exception,contradicted; every cut loses a supporter,1.9451,1.9451,10,5,2,0.1429,7
alias,boundary:query,118,L25,hybrid,expand,arm beat the default just outside the box,2.0172,2.0628,4,3,0,0.25,4
alias,boundary:query,118,L27,hybrid,create,"default missed, hybrid hit",,2.0,1,0,0,0.0,0
alias,boundary:query,121,L12,hybrid,exception,contradicted; every cut loses a supporter,2.068,2.068,4,7,4,0.2222,9
alias,boundary:query,121,L11.lo,dense,exception,contradicted; every cut loses a supporter,1.9593,1.9593,11,6,3,0.2222,9
alias,boundary:query,121,L12,hybrid,split,4 exceptions; cut f:query_cap_spans at 2,,2.068,4,7,4,0.2222,9
alias,boundary:query,121,L12.lo,hybrid,create,split of L12,,1.8894,4,0,0,0.0,0
alias,boundary:query,122,L8.lo,dense,exception,contradicted; every cut loses a supporter,2.0746,2.0746,8,3,1,0.1667,6
alias,boundary:query,122,L25,hybrid,exception,contradicted; every cut loses a supporter,2.079,2.079,4,5,1,0.1667,6
alias,boundary:query,123,L29,dense,create,"default missed, dense hit",,2.0,1,0,0,0.0,0
alias,boundary:query,124,L23,dense,expand,arm beat the default just outside the box,1.9957,2.0721,3,1,0,0.5,2
alias,boundary:query,124,L26,hybrid,expand,arm beat the default just outside the box,2.0046,2.0217,4,3,0,0.4,5
alias,boundary:query,126,L29,dense,expand,arm beat the default just outside the box,1.9957,2.0309,3,0,0,1.0,1
alias,boundary:query,127,L27,hybrid,expand,arm beat the default just outside the box,2.0202,2.0556,4,2,0,0.5,4
alias,boundary:query,128,L11.lo,dense,exception,contradicted; every cut loses a supporter,1.9777,1.9777,13,7,4,0.3333,12
alias,boundary:query,128,L26,hybrid,exception,contradicted; every cut loses a supporter,2.0212,2.0212,5,4,1,0.4286,7
alias,boundary:query,128,L12.lo,hybrid,exception,contradicted; every cut loses a supporter,1.9063,1.9063,7,3,1,0.5,6
alias,boundary:query,128,L11.lo,dense,split,4 exceptions; cut f:query_cap_spans at 2,,1.9777,13,7,4,0.3333,12
alias,boundary:query,128,L11.lo.lo,dense,create,split of L11.lo,,1.9777,13,0,0,0.0,0
alias,boundary:query,131,L25,hybrid,exception,contradicted; every cut loses a supporter,2.0855,2.0855,5,6,2,0.25,8
alias,boundary:query,131,L29,dense,expand,arm beat the default just outside the box,2.0375,2.0731,5,2,0,0.5,4
alias,boundary:query,135,L8.lo,dense,exception,contradicted; every cut loses a supporter,2.0762,2.0762,10,4,2,0.3333,9
alias,boundary:query,135,L25,hybrid,exception,contradicted; every cut loses a supporter,2.0784,2.0784,5,7,3,0.2222,9
alias,boundary:query,136,L8.lo,dense,expand,arm beat the default just outside the box,2.0804,2.1378,11,4,2,0.3333,9
alias,boundary:query,137,L8.lo,dense,narrow,contradicted; cut f:query_len_tokens,2.1382,1.9737,11,5,2,0.3,10
alias,boundary:query,137,L25,hybrid,narrow,contradicted; cut f:query_len_tokens,2.083,2.0425,6,8,3,0.2727,11
alias,boundary:query,140,L26,hybrid,narrow,contradicted; cut f:query_len_tokens,2.0182,1.8928,5,5,1,0.375,8
alias,boundary:query,140,L12.lo,hybrid,narrow,contradicted; cut f:query_len_tokens,1.904,1.762,7,4,1,0.4286,7
alias,boundary:query,144,L23,dense,expand,arm beat the default just outside the box,2.0443,2.0762,5,3,0,0.4,5
alias,boundary:query,144,L27,hybrid,expand,arm beat the default just outside the box,2.0336,2.0662,6,3,0,0.5,6
alias,boundary:query,144,L11.lo.lo,dense,expand,arm beat the default just outside the box,1.9501,2.033,15,2,0,0.3333,3
alias,boundary:query,144,L31,dense,create,"default missed, dense hit",,2.0,1,0,0,0.0,0
alias,boundary:query,144,L32,hybrid,create,"default missed, hybrid hit",,2.0,1,0,0,0.0,0
alias,boundary:query,146,L27,hybrid,exception,contradicted; every cut loses a supporter,2.064,2.064,6,4,1,0.4286,7
alias,boundary:query,146,L29,dense,exception,contradicted; every cut loses a supporter,2.0484,2.0484,6,4,1,0.4286,7
alias,boundary:query,149,L26,hybrid,exception,contradicted; every cut loses a supporter,1.8629,1.8629,5,6,2,0.3333,9
alias,boundary:query,149,L12.lo,hybrid,exception,contradicted; every cut loses a supporter,1.7332,1.7332,7,5,2,0.375,8
alias,boundary:query,150,L8.lo,dense,expand,arm beat the default just outside the box,1.9426,1.9426,12,5,2,0.3,10
alias,boundary:query,150,L29,dense,expand,arm beat the default just outside the box,2.0375,2.0453,7,4,1,0.4286,7
alias,boundary:query,150,L33,dense,create,"default missed, dense hit",,2.0,1,0,0,0.0,0
alias,boundary:query,152,L8.lo,dense,expand,arm beat the default just outside the box,1.9437,2.0253,13,5,2,0.3,10
alias,boundary:query,152,L25,hybrid,expand,arm beat the default just outside the box,2.0103,2.0647,7,8,3,0.2727,11
alias,boundary:query,152,L29,dense,expand,arm beat the default just outside the box,2.0457,2.0806,8,4,1,0.4286,7
alias,boundary:query,152,L31,dense,expand,arm beat the default just outside the box,1.9877,2.0157,2,0,0,0.0,0
alias,boundary:query,152,L32,hybrid,expand,arm beat the default just outside the box,1.9877,2.0157,2,0,0,0.0,0
alias,boundary:query,153,L25,hybrid,exception,contradicted; every cut loses a supporter,2.0678,2.0678,7,9,4,0.25,12
alias,boundary:query,153,L27,hybrid,exception,contradicted; every cut loses a supporter,2.0563,2.0563,7,5,2,0.4444,9
alias,boundary:query,153,L25,hybrid,split,4 exceptions; cut f:query_cap_spans at 1,,2.0678,7,9,4,0.25,12
alias,boundary:query,153,L25.lo,hybrid,create,split of L25,,2.0678,7,0,0,0.0,0
alias,boundary:query,154,L29,dense,exception,contradicted; every cut loses a supporter,2.0856,2.0856,9,5,2,0.4444,9
alias,boundary:query,157,L8.lo,dense,exception,contradicted; every cut loses a supporter,2.0264,2.0264,14,6,3,0.25,12
alias,boundary:query,157,L23,dense,exception,contradicted; every cut loses a supporter,2.0613,2.0613,7,4,1,0.375,8
alias,boundary:query,157,L27,hybrid,exception,contradicted; every cut loses a supporter,2.0515,2.0515,7,6,3,0.3,10
alias,boundary:query,157,L29,dense,exception,contradicted; every cut loses a supporter,2.0775,2.0775,9,6,3,0.3,10
alias,boundary:query,157,L11.lo.lo,dense,exception,contradicted; every cut loses a supporter,2.025,2.025,17,5,1,0.25,8
alias,boundary:query,158,L11.lo.lo,dense,exception,contradicted; every cut loses a supporter,2.0283,2.0283,17,6,2,0.2222,9
alias,boundary:query,160,L23,dense,exception,contradicted; every cut loses a supporter,2.0711,2.0711,7,5,2,0.3333,9
alias,boundary:query,160,L27,hybrid,exception,contradicted; every cut loses a supporter,2.0613,2.0613,7,7,4,0.2727,11
alias,boundary:query,160,L29,dense,exception,contradicted; every cut loses a supporter,2.0875,2.0875,9,7,4,0.2727,11
alias,boundary:query,160,L11.lo.lo,dense,exception,contradicted; every cut loses a supporter,2.0347,2.0347,17,7,3,0.2,10
alias,boundary:query,160,L27,hybrid,split,4 exceptions; cut f:query_len_tokens at 19,,2.0613,7,7,4,0.2727,11
alias,boundary:query,160,L27.lo,hybrid,create,split of L27,,1.8734,4,0,0,0.0,0
alias,boundary:query,160,L27.hi,hybrid,create,split of L27,,1.8955,3,0,0,0.0,0
alias,boundary:query,160,L29,dense,split,4 exceptions; cut f:query_len_tokens at 15,,2.0875,9,7,4,0.2727,11
alias,boundary:query,160,L29.lo,dense,create,split of L29,,1.894,5,0,0,0.0,0
alias,boundary:query,160,L29.hi,dense,create,split of L29,,1.9217,4,0,0,0.0,0
alias,boundary:query,161,L39,dense,create,"default missed, dense hit",,2.0,1,0,0,0.0,0
alias,boundary:query,162,L25.lo,hybrid,retire,utility <= 0,,2.0705,7,5,0,-0.2,5
alias,boundary:query,163,L8.lo,dense,exception,contradicted; every cut loses a supporter,2.0351,2.0351,14,7,4,0.2308,13
alias,boundary:query,163,L8.lo,dense,split,4 exceptions; cut f:query_cap_spans at 1,,2.0351,14,7,4,0.2308,13
alias,boundary:query,163,L8.lo.lo,dense,create,split of L8.lo,,1.9412,14,0,0,0.0,0
alias,boundary:query,164,L26,hybrid,expand,arm beat the default just outside the box,1.8736,1.9014,6,6,2,0.3333,9
alias,boundary:query,164,L12.lo,hybrid,expand,arm beat the default just outside the box,1.7471,1.7749,8,5,2,0.375,8
alias,boundary:query,164,L31,dense,expand,arm beat the default just outside the box,2.026,2.053,4,2,0,0.3333,3
alias,boundary:query,164,L32,hybrid,expand,arm beat the default just outside the box,2.026,2.053,3,3,0,0.0,3
alias,boundary:query,164,L33,dense,expand,arm beat the default just outside the box,2.0113,2.0908,2,1,0,0.0,1
alias,boundary:query,164,L27.hi,hybrid,expand,arm beat the default just outside the box,1.8973,1.953,4,0,0,0.0,0
alias,boundary:query,164,L29.lo,dense,expand,arm beat the default just outside the box,1.8959,1.9516,6,1,0,0.0,1
alias,boundary:query,165,L23,dense,exception,contradicted; every cut loses a supporter,2.0765,2.0765,7,6,3,0.2,10
alias,boundary:query,165,L11.lo.lo,dense,exception,contradicted; every cut loses a supporter,2.0393,2.0393,17,8,4,0.0909,11
alias,boundary:query,165,L11.lo.lo,dense,split,4 exceptions; cut f:query_cap_spans at 1,,2.0393,17,8,4,0.0909,11
alias,boundary:query,165,L11.lo.lo.lo,dense,create,split of L11.lo.lo,,1.8505,9,0,0,0.0,0
alias,boundary:query,165,L11.lo.lo.hi,dense,create,split of L11.lo.lo,,2.0393,8,0,0,0.0,0
alias,boundary:query,166,L12.lo,hybrid,exception,contradicted; every cut loses a supporter,1.7783,1.7783,8,6,3,0.3333,9
alias,boundary:query,168,L26,hybrid,exception,contradicted; every cut loses a supporter,1.9116,1.9116,6,7,3,0.3,10
alias,boundary:query,168,L12.lo,hybrid,exception,contradicted; every cut loses a supporter,1.7839,1.7839,8,7,4,0.3,10
alias,boundary:query,168,L12.lo,hybrid,split,4 exceptions; cut f:query_len_tokens at 14.5,,1.7839,8,7,4,0.3,10
alias,boundary:query,168,L12.lo.lo,hybrid,create,split of L12.lo,,1.714,4,0,0,0.0,0
alias,boundary:query,168,L12.lo.hi,hybrid,create,split of L12.lo,,1.6301,4,0,0,0.0,0
alias,boundary:query,168,L31,dense,retire,utility <= 0,,2.0638,4,4,0,0.0,5
alias,boundary:query,168,L32,hybrid,retire,utility <= 0,,2.0638,3,5,0,0.0,5
alias,boundary:query,169,L29.hi,dense,narrow,contradicted; cut f:query_len_tokens,1.9375,1.9375,5,5,0,0.1667,6
alias,boundary:query,169,L29.lo,dense,retire,utility <= 0,,1.9655,6,5,0,0.0,5
alias,boundary:query,170,L27.lo,hybrid,exception,contradicted; every cut loses a supporter,1.8913,1.8913,5,5,1,0.1667,6
alias,boundary:query,170,L33,dense,retire,utility <= 0,,2.1088,2,5,0,0.0,5
alias,boundary:query,170,L11.lo.lo.hi,dense,retire,utility <= 0,,2.0545,8,5,0,0.0,5
alias,boundary:query,171,L29.hi,dense,narrow,contradicted; cut f:query_cap_spans,1.9419,1.9419,5,6,0,0.1429,7
alias,boundary:query,171,L8.lo.lo,dense,exception,contradicted; every cut loses a supporter,1.9629,1.9629,15,5,1,0.1667,6
alias,boundary:query,172,L8.lo.lo,dense,exception,contradicted; every cut loses a supporter,1.9655,1.9655,15,6,2,0.1429,7
alias,boundary:query,172,L11.lo.lo.lo,dense,retire,utility <= 0,,1.8686,9,5,0,0.0,5
alias,boundary:query,173,L23,dense,expand,arm beat the default just outside the box,2.1008,2.1574,8,6,3,0.2,10
alias,boundary:query,173,L29.hi,dense,expand,arm beat the default just outside the box,1.9479,1.9762,6,6,0,0.1429,7
alias,boundary:query,173,L12.lo.hi,hybrid,expand,arm beat the default just outside the box,1.6407,1.6549,5,1,0,0.0,1
alias,boundary:query,175,L27.lo,hybrid,exception,contradicted; every cut loses a supporter,1.8996,1.8996,5,6,2,0.1429,7
alias,boundary:query,176,L23,dense,expand,arm beat the default just outside the box,2.1572,2.1851,10,6,3,0.2727,11
alias,boundary:query,176,L26,hybrid,expand,arm beat the default just outside the box,1.9275,1.9604,7,7,3,0.3,10
alias,boundary:query,176,L29.hi,dense,expand,arm beat the default just outside the box,1.9785,2.0065,8,6,0,0.25,8
alias,boundary:query,176,L12.lo.hi,hybrid,expand,arm beat the default just outside the box,1.6588,1.6868,6,2,0,0.0,2
alias,boundary:query,177,L4,dense,expand,arm beat the default just outside the box,1.7799,1.8078,4,9,2,0.1818,11
alias,boundary:query,177,L5,hybrid,expand,arm beat the default just outside the box,1.7799,1.8078,6,8,2,0.2727,11
alias,boundary:query,178,L23,dense,expand,arm beat the default just outside the box,2.1815,2.213,11,6,3,0.2727,11
alias,boundary:query,178,L26,hybrid,expand,arm beat the default just outside the box,1.9559,1.9888,8,7,3,0.3,10
alias,boundary:query,178,L27.lo,hybrid,expand,arm beat the default just outside the box,1.8968,1.9289,7,6,2,0.25,8
alias,boundary:query,178,L27.hi,hybrid,expand,arm beat the default just outside the box,1.9752,2.0073,5,2,0,0.0,2
alias,boundary:query,178,L29.hi,dense,expand,arm beat the default just outside the box,2.0022,2.0022,9,6,0,0.25,8
alias,boundary:query,178,L45,dense,create,"default missed, dense hit",,2.0,1,0,0,0.0,0
alias,boundary:query,178,L46,hybrid,create,"default missed, hybrid hit",,2.0,1,0,0,0.0,0
alias,boundary:query,179,L24,hybrid,expand,arm beat the default just outside the box,2.0012,2.0341,4,2,0,0.5,4
alias,boundary:query,179,L39,dense,expand,arm beat the default just outside the box,2.0243,2.0457,3,0,0,1.0,1
alias,boundary:query,179,L47,dense,create,"default missed, dense hit",,2.0,1,0,0,0.0,0
alias,boundary:query,179,L48,hybrid,create,"default missed, hybrid hit",,2.0,1,0,0,0.0,0
alias,boundary:query,183,L23,dense,exception,contradicted; every cut loses a supporter,2.1865,2.1865,12,7,4,0.2308,13
alias,boundary:query,183,L29.hi,dense,exception,contradicted; every cut loses a supporter,1.9755,1.9755,10,7,1,0.2,10
alias,boundary:query,183,L8.lo.lo,dense,exception,contradicted; every cut loses a supporter,1.947,1.947,18,7,3,0.2727,11
alias,boundary:query,183,L23,dense,split,4 exceptions; cut f:query_len_tokens at 18,,2.1865,12,7,4,0.2308,13
alias,boundary:query,183,L23.lo,dense,create,split of L23,,1.8667,6,0,0,0.0,0
alias,boundary:query,183,L23.hi,dense,create,split of L23,,2.0461,6,0,0,0.0,0
alias,boundary:query,184,L27.lo,hybrid,exception,contradicted; every cut loses a supporter,1.9033,1.9033,8,7,3,0.3,10
alias,boundary:query,184,L29.hi,dense,exception,contradicted; every cut loses a supporter,1.977,1.977,10,8,2,0.1818,11
alias,boundary:query,185,L29.hi,dense,exception,contradicted; every cut loses a supporter,1.9789,1.9789,10,9,3,0.1667,12
alias,boundary:query,185,L27.hi,hybrid,retire,utility <= 0,,1.9839,5,5,0,-0.2,5
alias,boundary:query,186,L27.lo,hybrid,exception,contradicted; every cut loses a supporter,1.908,1.908,8,8,4,0.2727,11
alias,boundary:query,186,L29.hi,dense,exception,contradicted; every cut loses a supporter,1.982,1.982,10,10,4,0.1538,13
alias,boundary:query,186,L8.lo.lo,dense,exception,contradicted; every cut loses a supporter,1.9542,1.9542,18,8,4,0.25,12
alias,boundary:query,186,L27.lo,hybrid,split,4 exceptions; cut f:query_len_tokens at 15.5,,1.908,8,8,4,0.2727,11
alias,boundary:query,186,L27.lo.lo,hybrid,create,split of L27.lo,,1.8091,4,0,0,0.0,0
alias,boundary:query,186,L27.lo.hi,hybrid,create,split of L27.lo,,1.8374,4,0,0,0.0,0
alias,boundary:query,186,L29.hi,dense,split,4 exceptions; cut f:query_len_tokens at 16.5,,1.982,10,10,4,0.1538,13
alias,boundary:query,186,L29.hi.lo,dense,create,split of L29.hi,,1.8266,5,0,0,0.0,0
alias,boundary:query,186,L29.hi.hi,dense,create,split of L29.hi,,1.8831,5,0,0,0.0,0
alias,boundary:query,186,L8.lo.lo,dense,split,4 exceptions; cut f:query_len_tokens at 14,,1.9542,18,8,4,0.25,12
alias,boundary:query,186,L8.lo.lo.lo,dense,create,split of L8.lo.lo,,1.7281,10,0,0,0.0,0
alias,boundary:query,186,L8.lo.lo.hi,dense,create,split of L8.lo.lo,,1.8129,8,0,0,0.0,0
alias,boundary:query,189,L8.hi,dense,narrow,contradicted; cut f:query_len_tokens,1.8897,1.8613,7,4,0,0.3333,6
alias,boundary:query,189,L26,hybrid,exception,contradicted; every cut loses a supporter,1.9747,1.9747,9,8,4,0.3333,12
alias,boundary:query,189,L26,hybrid,split,4 exceptions; cut f:query_cap_spans at 1,,1.9747,9,8,4,0.3333,12
alias,boundary:query,189,L26.lo,hybrid,create,split of L26,,1.7908,8,0,0,0.0,0
alias,boundary:query,189,L26.hi,hybrid,create,split of L26,,1.7908,1,0,0,0.0,0
alias,boundary:query,190,L59,dense,create,"default missed, dense hit",,2.0,1,0,0,0.0,0
alias,boundary:query,190,L60,hybrid,create,"default missed, hybrid hit",,2.0,1,0,0,0.0,0
alias,boundary:query,194,L23.hi,dense,retire,utility <= 0,,2.0548,6,5,0,0.0,5
alias,boundary:query,195,L4,dense,expand,arm beat the default just outside the box,1.7838,1.8121,5,9,2,0.1818,11
alias,boundary:query,195,L5,hybrid,expand,arm beat the default just outside the box,1.7838,1.8121,7,8,2,0.2727,11
alias,boundary:query,197,L12.lo.lo,hybrid,exception,contradicted; every cut loses a supporter,1.7108,1.7108,6,4,1,0.3333,6
alias,boundary:query,198,L12.lo.hi,hybrid,retire,utility <= 0,,1.6708,6,5,0,0.0,5
alias,boundary:query,200,L8.hi,dense,expand,arm beat the default just outside the box,1.8597,1.8597,8,4,0,0.3333,6
alias,boundary:query,200,L29.hi.hi,dense,expand,arm beat the default just outside the box,1.8898,1.9039,6,3,0,0.0,3
alias,boundary:query,200,L59,dense,expand,arm beat the default just outside the box,2.0008,2.0202,2,0,0,0.0,0
alias,boundary:query,200,L27.lo.hi,hybrid,retire,utility <= 0,,1.8442,4,5,0,0.0,5
alias,boundary:query,202,L23.lo,dense,exception,contradicted; every cut loses a supporter,1.8827,1.8827,7,5,1,0.1667,6
alias,boundary:query,202,L26.hi,hybrid,retire,utility <= 0,,1.7933,1,5,0,0.0,5
alias,boundary:query,203,L4,dense,exception,contradicted; every cut loses a supporter,1.8209,1.8209,5,10,3,0.1667,12
alias,boundary:query,203,L5,hybrid,exception,contradicted; every cut loses a supporter,1.8209,1.8209,7,9,3,0.25,12
alias,boundary:query,203,L24,hybrid,exception,contradicted; every cut loses a supporter,2.0274,2.0274,6,3,1,0.5714,7
alias,boundary:query,205,L24,hybrid,exception,contradicted; every cut loses a supporter,2.0227,2.0227,6,4,2,0.5,8
alias,boundary:query,206,L26.lo,hybrid,retire,utility <= 0,,1.7851,8,5,0,0.0,5
alias,boundary:query,207,L29.hi.hi,dense,retire,utility <= 0,,1.9023,6,5,0,0.0,5
alias,boundary:query,207,L8.lo.lo.hi,dense,retire,utility <= 0,,1.8151,8,5,0,0.0,5
alias,boundary:query,208,L4,dense,exception,contradicted; every cut loses a supporter,1.8161,1.8161,5,11,4,0.1538,13
alias,boundary:query,208,L5,hybrid,exception,contradicted; every cut loses a supporter,1.8161,1.8161,7,10,4,0.2308,13
alias,boundary:query,208,L39,dense,exception,contradicted; every cut loses a supporter,2.0341,2.0341,5,3,1,0.5,6
alias,boundary:query,208,L4,dense,split,4 exceptions; cut f:query_cap_spans at 2,,1.8161,5,11,4,0.1538,13
alias,boundary:query,208,L4.lo,dense,create,split of L4,,1.8009,5,0,0,0.0,0
alias,boundary:query,208,L5,hybrid,split,4 exceptions; cut f:query_cap_spans at 1,,1.8161,7,10,4,0.2308,13
alias,boundary:query,208,L5.lo,hybrid,create,split of L5,,1.6146,4,0,0,0.0,0
alias,boundary:query,208,L5.hi,hybrid,create,split of L5,,1.6298,3,0,0,0.0,0
alias,boundary:query,209,L39,dense,exception,contradicted; every cut loses a supporter,2.0302,2.0302,5,4,2,0.4286,7
alias,boundary:query,211,L8.hi,dense,exception,contradicted; every cut loses a supporter,1.8497,1.8497,8,5,1,0.2857,7
alias,boundary:query,211,L23.lo,dense,exception,contradicted; every cut loses a supporter,1.8717,1.8717,7,6,2,0.1429,7
alias,boundary:query,212,L23.lo,dense,narrow,contradicted; cut f:query_len_tokens,1.8734,1.8734,7,7,2,0.125,8
alias,boundary:query,213,L12.lo.lo,hybrid,expand,arm beat the default just outside the box,1.7106,1.7249,7,4,1,0.3333,6
alias,boundary:query,213,L45,dense,expand,arm beat the default just outside the box,1.9879,2.0127,3,2,0,0.3333,3
alias,boundary:query,213,L46,hybrid,expand,arm beat the default just outside the box,1.9879,2.0127,3,2,0,0.3333,3
alias,boundary:query,213,L8.lo.lo.lo,dense,expand,arm beat the default just outside the box,1.7267,1.7553,11,4,0,0.0,4
alias,boundary:query,216,L64,dense,create,"default missed, dense hit",,2.0,1,0,0,0.0,0
alias,boundary:query,216,L65,hybrid,create,"default missed, hybrid hit",,2.0,1,0,0,0.0,0
alias,boundary:query,217,L8.hi,dense,exception,contradicted; every cut loses a supporter,1.8501,1.8501,8,6,2,0.25,8
alias,boundary:query,217,L12.lo.lo,hybrid,exception,contradicted; every cut loses a supporter,1.7226,1.7226,7,5,2,0.2857,7
alias,boundary:query,217,L23.lo,dense,exception,contradicted; every cut loses a supporter,1.8744,1.8744,7,8,3,0.1111,9
alias,boundary:query,217,L29.hi.lo,dense,exception,contradicted; every cut loses a supporter,1.8284,1.8284,7,5,1,0.2857,7
alias,boundary:query,218,L12.lo.lo,hybrid,exception,contradicted; every cut loses a supporter,1.7246,1.7246,7,6,3,0.25,8
alias,boundary:query,218,L29.hi.lo,dense,exception,contradicted; every cut loses a supporter,1.8306,1.8306,7,6,2,0.25,8
alias,boundary:query,218,L8.lo.lo.lo,dense,retire,utility <= 0,,1.755,11,5,0,0.0,5
alias,boundary:query,220,L45,dense,exception,contradicted; every cut loses a supporter,2.0178,2.0178,3,5,1,0.1667,6
alias,boundary:query,220,L46,hybrid,exception,contradicted; every cut loses a supporter,2.0178,2.0178,3,5,1,0.1667,6
alias,boundary:query,221,L45,dense,exception,contradicted; every cut loses a supporter,2.0202,2.0202,3,6,2,0.1429,7
alias,boundary:query,221,L46,hybrid,exception,contradicted; every cut loses a supporter,2.0202,2.0202,3,6,2,0.1429,7
alias,boundary:query,221,L23.lo,dense,exception,contradicted; every cut loses a supporter,1.8837,1.8837,7,9,4,0.1,10
alias,boundary:query,221,L27.lo.lo,hybrid,exception,contradicted; every cut loses a supporter,1.8194,1.8194,5,5,1,0.1667,6
alias,boundary:query,221,L29.hi.lo,dense,exception,contradicted; every cut loses a supporter,1.8373,1.8373,7,7,3,0.2222,9
alias,boundary:query,221,L23.lo,dense,split,4 exceptions; cut f:query_cap_spans at 1,,1.8837,7,9,4,0.1,10
alias,boundary:query,221,L23.lo.lo,dense,create,split of L23.lo,,1.6937,5,0,0,0.0,0
alias,boundary:query,221,L23.lo.hi,dense,create,split of L23.lo,,1.6937,2,0,0,0.0,0
alias,boundary:query,223,L59,dense,retire,utility <= 0,,2.0315,2,5,0,0.0,5
alias,boundary:query,224,L45,dense,narrow,contradicted; cut f:query_len_tokens,2.0267,1.9135,3,7,2,0.125,8
alias,boundary:query,224,L46,hybrid,narrow,contradicted; cut f:query_len_tokens,2.0267,1.9135,3,7,2,0.125,8
alias,boundary:query,225,L47,dense,expand,arm beat the default just outside the box,2.0033,2.0286,4,3,0,0.4,5
alias,boundary:query,225,L48,hybrid,expand,arm beat the default just outside the box,2.0033,2.0286,4,3,0,0.4,5
alias,boundary:query,229,L45,dense,narrow,contradicted; cut f:query_len_tokens,1.9134,1.8845,3,8,2,0.1111,9
alias,boundary:query,229,L46,hybrid,narrow,contradicted; cut f:query_len_tokens,1.9134,1.8845,3,8,2,0.1111,9
alias,boundary:query,232,L27.lo.lo,hybrid,expand,arm beat the default just outside the box,1.8275,1.885,6,5,1,0.1667,6
alias,boundary:query,232,L29.hi.lo,dense,expand,arm beat the default just outside the box,1.8454,1.903,8,7,3,0.2222,9
alias,boundary:query,232,L23.lo.hi,dense,expand,arm beat the default just outside the box,1.7017,1.7592,3,3,0,0.0,3
alias,boundary:query,233,L45,dense,exception,contradicted; every cut loses a supporter,1.888,1.888,3,9,3,0.1,10
alias,boundary:query,233,L46,hybrid,exception,contradicted; every cut loses a supporter,1.888,1.888,3,9,3,0.1,10
alias,boundary:query,233,L27.lo.lo,hybrid,exception,contradicted; every cut loses a supporter,1.8858,1.8858,6,6,2,0.1429,7
alias,boundary:query,233,L29.hi.lo,dense,exception,contradicted; every cut loses a supporter,1.9037,1.9037,8,8,4,0.2,10
alias,boundary:query,233,L29.hi.lo,dense,split,4 exceptions; cut f:query_cap_spans at 1,,1.9037,8,8,4,0.2,10
alias,boundary:query,233,L29.hi.lo.lo,dense,create,split of L29.hi.lo,,1.7136,5,0,0,0.0,0
alias,boundary:query,233,L29.hi.lo.hi,dense,create,split of L29.hi.lo,,1.7136,3,0,0,0.0,0
alias,boundary:query,235,L4.lo,dense,expand,arm beat the default just outside the box,1.8166,1.8453,7,2,0,0.3333,3
alias,boundary:query,235,L5.lo,hybrid,expand,arm beat the default just outside the box,1.6264,1.6552,6,1,0,0.5,2
alias,boundary:query,235,L5.hi,hybrid,expand,arm beat the default just outside the box,1.642,1.6707,5,2,0,0.3333,3
alias,boundary:query,236,L47,dense,exception,contradicted; every cut loses a supporter,2.0286,2.0286,5,4,1,0.4286,7
alias,boundary:query,236,L48,hybrid,exception,contradicted; every cut loses a supporter,2.0286,2.0286,5,4,1,0.4286,7
alias,boundary:query,237,L8.hi,dense,expand,arm beat the default just outside the box,1.8618,1.9195,10,6,2,0.3333,9
alias,boundary:query,237,L27.lo.lo,hybrid,expand,arm beat the default just outside the box,1.8787,1.9508,7,6,2,0.1429,7
alias,boundary:query,237,L60,hybrid,expand,arm beat the default just outside the box,2.0111,2.0275,2,1,0,0.0,1
alias,boundary:query,237,L23.lo.hi,dense,expand,arm beat the default just outside the box,1.7529,1.7529,4,3,0,0.0,3
alias,boundary:query,237,L29.hi.lo.hi,dense,expand,arm beat the default just outside the box,1.7062,1.7494,4,0,0,0.0,0
alias,boundary:query,237,L70,dense,create,"default missed, dense hit",,2.0,1,0,0,0.0,0
alias,boundary:query,237,L71,hybrid,create,"default missed, hybrid hit",,2.0,1,0,0,0.0,0
alias,boundary:query,243,L27.lo.lo,hybrid,exception,contradicted; every cut loses a supporter,1.9439,1.9439,7,7,3,0.125,8
alias,boundary:query,243,L23.lo.hi,dense,retire,utility <= 0,,1.7455,4,5,0,0.0,5
alias,boundary:query,244,L27.lo.lo,hybrid,exception,contradicted; every cut loses a supporter,1.9462,1.9462,7,8,4,0.1111,9
alias,boundary:query,244,L27.lo.lo,hybrid,split,4 exceptions; cut f:query_cap_spans at 1,,1.9462,7,8,4,0.1111,9
alias,boundary:query,244,L27.lo.lo.lo,hybrid,create,split of L27.lo.lo,,1.7546,4,0,0,0.0,0
alias,boundary:query,244,L27.lo.lo.hi,hybrid,create,split of L27.lo.lo,,1.7546,3,0,0,0.0,0
alias,boundary:query,244,L23.lo.lo,dense,retire,utility <= 0,,1.6904,5,5,0,0.0,5
alias,boundary:query,247,L29.hi.lo.lo,dense,expand,arm beat the default just outside the box,1.7056,1.7199,6,2,0,0.0,2
alias,boundary:query,247,L70,dense,expand,arm beat the default just outside the box,1.9991,2.0233,2,2,0,0.0,2
alias,boundary:query,248,L29.hi.lo.hi,dense,exception,contradicted; every cut loses a supporter,1.7499,1.7499,5,5,1,0.1667,6
alias,boundary:query,250,L29.hi.lo.hi,dense,exception,contradicted; every cut loses a supporter,1.7526,1.7526,5,6,2,0.1429,7
alias,boundary:query,251,L45,dense,exception,contradicted; every cut loses a supporter,1.8867,1.8867,3,10,4,0.0,11
alias,boundary:query,251,L46,hybrid,exception,contradicted; every cut loses a supporter,1.8867,1.8867,3,10,4,0.0,11
alias,boundary:query,251,L45,dense,split,4 exceptions; cut f:query_len_tokens at 15,,1.8867,3,10,4,0.0,11
alias,boundary:query,251,L45.lo,dense,create,split of L45,,1.8005,2,0,0,0.0,0
alias,boundary:query,251,L45.hi,dense,create,split of L45,,1.7734,1,0,0,0.0,0
alias,boundary:query,251,L46,hybrid,split,4 exceptions; cut f:query_len_tokens at 15,,1.8867,3,10,4,0.0,11
alias,boundary:query,251,L46.lo,hybrid,create,split of L46,,1.8005,2,0,0,0.0,0
alias,boundary:query,251,L46.hi,hybrid,create,split of L46,,1.7734,1,0,0,0.0,0
alias,boundary:query,251,L29.hi.lo.lo,dense,retire,utility <= 0,,1.725,6,5,0,-0.2,5
alias,boundary:query,251,L27.lo.lo.lo,hybrid,retire,utility <= 0,,1.7645,4,5,0,-0.2,5
alias,boundary:query,252,L78,dense,create,"default missed, dense hit",,2.0,1,0,0,0.0,0
alias,boundary:query,252,L79,hybrid,create,"default missed, hybrid hit",,2.0,1,0,0,0.0,0
alias,boundary:query,254,L70,dense,retire,utility <= 0,,2.0272,2,5,0,-0.2,5
alias,boundary:query,254,L27.lo.lo.hi,hybrid,retire,utility <= 0,,1.7623,3,5,0,0.0,5
alias,boundary:query,255,L29.hi.lo.hi,dense,exception,contradicted; every cut loses a supporter,1.7534,1.7534,5,7,3,0.0,8
alias,boundary:query,255,L29.hi.lo.hi,dense,retire,utility <= 0,,1.7534,5,7,3,0.0,8
alias,boundary:query,256,L24,hybrid,exception,contradicted; every cut loses a supporter,2.0397,2.0397,9,5,3,0.5833,12
alias,boundary:query,256,L47,dense,exception,contradicted; every cut loses a supporter,2.0322,2.0322,6,5,2,0.4444,9
alias,boundary:query,256,L48,hybrid,exception,contradicted; every cut loses a supporter,2.0322,2.0322,6,5,2,0.4444,9
alias,boundary:query,256,L4.lo,dense,exception,contradicted; every cut loses a supporter,1.8454,1.8454,8,4,1,0.3333,6
alias,boundary:query,256,L5.hi,hybrid,exception,contradicted; every cut loses a supporter,1.6683,1.6683,6,4,1,0.3333,6
alias,boundary:query,258,L71,hybrid,retire,utility <= 0,,2.0044,1,5,0,0.0,5
alias,boundary:query,260,L78,dense,expand,arm beat the default just outside the box,2.0017,2.0277,2,0,0,0.0,0
alias,boundary:query,260,L79,hybrid,expand,arm beat the default just outside the box,2.0017,2.0277,2,0,0,0.0,0
alias,boundary:query,260,L80,dense,create,"default missed, dense hit",,2.0,1,0,0,0.0,0
alias,boundary:query,260,L81,hybrid,create,"default missed, hybrid hit",,2.0,1,0,0,0.0,0
alias,boundary:query,263,L24,hybrid,exception,contradicted; every cut loses a supporter,2.0376,2.0376,9,6,4,0.5385,13
alias,boundary:query,263,L39,dense,exception,contradicted; every cut loses a supporter,2.0508,2.0508,8,5,3,0.5455,11
alias,boundary:query,263,L47,dense,exception,contradicted; every cut loses a supporter,2.0304,2.0304,6,6,3,0.4,10
alias,boundary:query,263,L48,hybrid,exception,contradicted; every cut loses a supporter,2.0304,2.0304,6,6,3,0.4,10
alias,boundary:query,263,L4.lo,dense,exception,contradicted; every cut loses a supporter,1.8429,1.8429,8,5,2,0.2857,7
alias,boundary:query,263,L5.hi,hybrid,exception,contradicted; every cut loses a supporter,1.6659,1.6659,6,5,2,0.2857,7
alias,boundary:query,263,L24,hybrid,split,4 exceptions; cut f:query_len_tokens at 10,,2.0376,9,6,4,0.5385,13
alias,boundary:query,263,L24.lo,hybrid,create,split of L24,,1.938,6,0,0,0.0,0
alias,boundary:query,263,L24.hi,hybrid,create,split of L24,,1.8221,3,0,0,0.0,0
alias,boundary:query,267,L8.hi,dense,exception,contradicted; every cut loses a supporter,1.9231,1.9231,10,7,3,0.3,10
alias,boundary:query,267,L12.lo.lo,hybrid,exception,contradicted; every cut loses a supporter,1.7345,1.7345,8,7,4,0.3,10
alias,boundary:query,267,L12.lo.lo,hybrid,split,4 exceptions; cut f:query_cap_spans at 1.5,,1.7345,8,7,4,0.3,10
alias,boundary:query,267,L12.lo.lo.lo,hybrid,create,split of L12.lo.lo,,1.6379,4,0,0,0.0,0
alias,boundary:query,267,L12.lo.lo.hi,hybrid,create,split of L12.lo.lo,,1.6379,4,0,0,0.0,0
alias,boundary:query,268,L45.lo,dense,expand,arm beat the default just outside the box,1.7993,1.8577,3,4,0,-0.25,4
alias,boundary:query,268,L46.lo,hybrid,expand,arm beat the default just outside the box,1.7993,1.8577,3,4,0,0.0,4
alias,boundary:query,269,L45.lo,dense,retire,utility <= 0,,1.8584,3,5,0,-0.2,5
alias,boundary:query,269,L46.lo,hybrid,retire,utility <= 0,,1.8584,3,5,0,0.0,5
alias,boundary:query,270,L45.hi,dense,retire,utility <= 0,,1.7729,2,4,0,0.0,5
alias,boundary:query,272,L86,dense,create,"default missed, dense hit",,2.0,1,0,0,0.0,0
alias,boundary:query,273,L39,dense,exception,contradicted; every cut loses a supporter,2.0604,2.0604,8,6,4,0.5,12
alias,boundary:query,273,L47,dense,exception,contradicted; every cut loses a supporter,2.0399,2.0399,6,7,4,0.3636,11
alias,boundary:query,273,L48,hybrid,exception,contradicted; every cut loses a supporter,2.0399,2.0399,6,7,4,0.3636,11
alias,boundary:query,273,L4.lo,dense,exception,contradicted; every cut loses a supporter,1.8502,1.8502,8,6,3,0.25,8
alias,boundary:query,273,L5.hi,hybrid,exception,contradicted; every cut loses a supporter,1.6727,1.6727,6,6,3,0.25,8
alias,boundary:query,273,L39,dense,split,4 exceptions; cut f:query_len_tokens at 10,,2.0604,8,6,4,0.5,12
alias,boundary:query,273,L39.lo,dense,create,split of L39,,1.8834,5,0,0,0.0,0
alias,boundary:query,273,L39.hi,dense,create,split of L39,,1.8834,3,0,0,0.0,0
alias,boundary:query,273,L47,dense,split,4 exceptions; cut f:query_len_tokens at 9.5,,2.0399,6,7,4,0.3636,11
alias,boundary:query,273,L47.lo,dense,create,split of L47,,1.8509,3,0,0,0.0,0
alias,boundary:query,273,L47.hi,dense,create,split of L47,,1.8802,3,0,0,0.0,0
alias,boundary:query,273,L48,hybrid,split,4 exceptions; cut f:query_len_tokens at 9.5,,2.0399,6,7,4,0.3636,11
alias,boundary:query,273,L48.lo,hybrid,create,split of L48,,1.8509,3,0,0,0.0,0
alias,boundary:query,273,L48.hi,hybrid,create,split of L48,,1.8802,3,0,0,0.0,0
alias,boundary:query,275,L46.hi,hybrid,exception,contradicted; every cut loses a supporter,1.7761,1.7761,3,5,1,0.2857,7
alias,boundary:query,279,L93,dense,create,"default missed, dense hit",,2.0,1,0,0,0.0,0
alias,boundary:query,282,L80,dense,expand,arm beat the default just outside the box,2.0104,2.047,2,0,0,0.0,0
alias,boundary:query,282,L81,hybrid,expand,arm beat the default just outside the box,2.0104,2.047,2,0,0,0.0,0
alias,boundary:query,282,L24.lo,hybrid,expand,arm beat the default just outside the box,1.951,2.0095,7,1,0,0.0,1
alias,boundary:query,282,L39.lo,dense,expand,arm beat the default just outside the box,1.888,1.9466,6,0,0,0.0,0
alias,boundary:query,282,L47.lo,dense,expand,arm beat the default just outside the box,1.8554,1.9286,4,0,0,0.0,0
alias,boundary:query,282,L48.lo,hybrid,expand,arm beat the default just outside the box,1.8554,1.9286,4,0,0,0.0,0
alias,boundary:query,283,L86,dense,expand,arm beat the default just outside the box,2.001,2.0372,2,4,0,0.0,4
alias,boundary:query,283,L93,dense,expand,arm beat the default just outside the box,2.0011,2.028,2,0,0,0.0,0
alias,boundary:query,283,L94,dense,create,"default missed, dense hit",,2.0,1,0,0,0.0,0
alias,boundary:query,285,L4.lo,dense,exception,contradicted; every cut loses a supporter,1.8521,1.8521,8,7,4,0.2222,9
alias,boundary:query,285,L5.hi,hybrid,exception,contradicted; every cut loses a supporter,1.6738,1.6738,6,7,4,0.2222,9
alias,boundary:query,285,L4.lo,dense,split,4 exceptions; cut f:query_len_tokens at 9.5,,1.8521,8,7,4,0.2222,9
alias,boundary:query,285,L4.lo.lo,dense,create,split of L4.lo,,1.75,4,0,0,0.0,0
alias,boundary:query,285,L4.lo.hi,dense,create,split of L4.lo,,1.7791,4,0,0,0.0,0
alias,boundary:query,285,L5.hi,hybrid,split,4 exceptions; cut f:query_cap_spans at 2,,1.6738,6,7,4,0.2222,9
alias,boundary:query,285,L5.hi.lo,hybrid,create,split of L5.hi,,1.6579,6,0,0,0.0,0
alias,boundary:query,286,L46.hi,hybrid,expand,arm beat the default just outside the box,1.7755,1.8339,4,5,1,0.2857,7
alias,boundary:query,286,L86,dense,expand,arm beat the default just outside the box,2.0335,2.0599,3,4,0,0.0,4
alias,boundary:query,286,L98,dense,create,"default missed, dense hit",,2.0,1,0,0,0.0,0
alias,boundary:query,286,L99,hybrid,create,"default missed, hybrid hit",,2.0,1,0,0,0.0,0
alias,boundary:query,287,L12.lo.lo.lo,hybrid,narrow,contradicted; cut f:query_len_tokens,1.6426,1.5841,5,5,0,0.1667,6
alias,boundary:query,287,L98,dense,expand,arm beat the default just outside the box,2.0015,2.0288,2,0,0,0.0,0
alias,boundary:query,288,L5.lo,hybrid,exception,contradicted; every cut loses a supporter,1.6566,1.6566,6,5,1,0.1667,6
alias,boundary:query,289,L93,dense,expand,arm beat the default just outside the box,2.0239,2.0617,3,0,0,0.0,0
alias,boundary:query,290,L5.lo,hybrid,exception,contradicted; every cut loses a supporter,1.654,1.654,6,6,2,0.1429,7
alias,boundary:query,291,L80,dense,expand,arm beat the default just outside the box,2.0343,2.0902,3,0,0,0.0,0
alias,boundary:query,291,L81,hybrid,expand,arm beat the default just outside the box,2.0343,2.0902,3,0,0,0.0,0
alias,boundary:query,291,L47.lo,dense,expand,arm beat the default just outside the box,1.9164,1.942,5,3,0,0.0,3
alias,boundary:query,291,L47.hi,dense,expand,arm beat the default just outside the box,1.8726,1.8982,5,2,0,0.3333,3
alias,boundary:query,291,L48.lo,hybrid,expand,arm beat the default just outside the box,1.9164,1.942,5,3,0,0.0,3
alias,boundary:query,291,L48.hi,hybrid,expand,arm beat the default just outside the box,1.8726,1.8982,5,2,0,0.3333,3
alias,boundary:query,291,L100,dense,create,"default missed, dense hit",,2.0,1,0,0,0.0,0
alias,boundary:query,291,L101,hybrid,create,"default missed, hybrid hit",,2.0,1,0,0,0.0,0
alias,boundary:query,292,L46.hi,hybrid,expand,arm beat the default just outside the box,1.8255,1.8547,5,5,1,0.2857,7
alias,boundary:query,292,L99,hybrid,expand,arm beat the default just outside the box,1.9916,2.0188,2,0,0,0.0,0
alias,boundary:query,293,L86,dense,narrow,contradicted; cut f:query_len_tokens,2.0529,2.0334,6,5,0,0.375,8
alias,boundary:query,294,L46.hi,hybrid,exception,contradicted; every cut loses a supporter,1.8578,1.8578,5,6,2,0.25,8
alias,boundary:query,294,L12.lo.lo.lo,hybrid,exception,contradicted; every cut loses a supporter,1.5761,1.5761,6,6,1,0.25,8
alias,boundary:query,294,L86,dense,exception,contradicted; every cut loses a supporter,2.0352,2.0352,6,6,1,0.3333,9
alias,boundary:query,295,L86,dense,exception,contradicted; every cut loses a supporter,2.0373,2.0373,6,7,2,0.3,10
alias,boundary:query,296,L86,dense,exception,contradicted; every cut loses a supporter,2.0389,2.0389,6,8,3,0.2727,11
alias,boundary:query,297,L24.lo,hybrid,retire,utility <= 0,,2.0008,7,5,0,0.0,5
alias,boundary:query,300,L46.hi,hybrid,exception,contradicted; every cut loses a supporter,1.8598,1.8598,5,7,3,0.2222,9
alias,boundary:query,300,L86,dense,exception,contradicted; every cut loses a supporter,2.0378,2.0378,6,9,4,0.1667,12
alias,boundary:query,300,L98,dense,narrow,contradicted; cut f:query_len_tokens,2.0246,1.9452,3,5,0,0.0,6
alias,boundary:query,300,L86,dense,split,4 exceptions; cut f:query_cap_spans at 1,,2.0378,6,9,4,0.1667,12
alias,boundary:query,300,L86.lo,dense,create,split of L86,,1.8428,4,0,0,0.0,0
alias,boundary:query,300,L86.hi,dense,create,split of L86,,1.8428,2,0,0,0.0,0
alias,boundary:query,300,L98,dense,retire,utility <= 0,,1.9452,3,5,0,0.0,6
alias,boundary:query,300,L99,hybrid,retire,utility <= 0,,2.0246,2,5,0,0.0,5
alias,boundary:query,304,L60,hybrid,narrow,contradicted; cut f:query_len_tokens,2.0389,2.0131,4,5,0,0.2857,7
alias,boundary:query,306,L46.hi,hybrid,exception,contradicted; every cut loses a supporter,1.8641,1.8641,5,8,4,0.2,10
alias,boundary:query,306,L46.hi,hybrid,split,4 exceptions; cut f:query_len_tokens at 15,,1.8641,5,8,4,0.2,10
alias,boundary:query,306,L46.hi.lo,hybrid,create,split of L46.hi,,1.776,3,0,0,0.0,0
alias,boundary:query,306,L46.hi.hi,hybrid,create,split of L46.hi,,1.776,2,0,0,0.0,0
alias,boundary:query,308,L80,dense,expand,arm beat the default just outside the box,2.1019,2.1288,4,0,0,0.0,0
alias,boundary:query,308,L81,hybrid,expand,arm beat the default just outside the box,2.1019,2.1288,4,0,0,0.0,0
alias,boundary:query,308,L4.lo.lo,dense,expand,arm beat the default just outside the box,1.7497,1.7938,5,2,0,0.0,2
alias,boundary:query,309,L86.lo,dense,retire,utility <= 0,,1.8478,4,5,0,-0.2,5
alias,boundary:query,311,L5.lo,hybrid,exception,contradicted; every cut loses a supporter,1.6571,1.6571,6,7,3,0.125,8
alias,boundary:query,311,L39.lo,dense,exception,contradicted; every cut loses a supporter,1.9449,1.9449,7,5,1,0.1667,6
alias,boundary:query,311,L47.lo,dense,exception,contradicted; every cut loses a supporter,1.9529,1.9529,6,5,1,0.1667,6
alias,boundary:query,311,L48.lo,hybrid,exception,contradicted; every cut loses a supporter,1.9529,1.9529,6,5,1,0.1667,6
alias,boundary:query,313,L94,dense,expand,arm beat the default just outside the box,1.997,2.0632,2,0,0,0.0,0
alias,boundary:query,313,L46.hi.hi,hybrid,expand,arm beat the default just outside the box,1.7744,1.8038,3,2,0,0.0,2
alias,boundary:query,313,L86.hi,dense,retire,utility <= 0,,1.846,3,4,0,0.0,5
alias,boundary:query,315,L12.lo.lo.lo,hybrid,exception,contradicted; every cut loses a supporter,1.582,1.582,6,7,2,0.2222,9
alias,boundary:query,316,L39.hi,dense,narrow,contradicted; cut f:query_len_tokens,1.8843,1.8833,5,4,0,0.3333,6
alias,boundary:query,319,L39.hi,dense,narrow,contradicted; cut f:query_len_tokens,1.8829,1.8236,5,5,0,0.2857,7
alias,boundary:query,319,L47.hi,dense,narrow,contradicted; cut f:query_len_tokens,1.9068,1.8491,6,4,0,0.3333,6
alias,boundary:query,319,L48.hi,hybrid,narrow,contradicted; cut f:query_len_tokens,1.9068,1.8491,6,4,0,0.3333,6
alias,boundary:query,322,L60,hybrid,exception,contradicted; every cut loses a supporter,2.0179,2.0179,4,6,1,0.25,8
alias,boundary:query,322,L8.hi,dense,expand,arm beat the default just outside the box,1.93,1.9598,11,7,3,0.3,10
alias,boundary:query,323,L60,hybrid,expand,arm beat the default just outside the box,2.0149,2.0444,5,6,1,0.25,8
alias,boundary:query,323,L94,dense,expand,arm beat the default just outside the box,2.0643,2.1307,4,2,0,0.3333,3
alias,boundary:query,323,L106,dense,create,"default missed, dense hit",,2.0,1,0,0,0.0,0
alias,boundary:query,323,L107,hybrid,create,"default missed, hybrid hit",,2.0,1,0,0,0.0,0
alias,boundary:query,327,L24.hi,hybrid,exception,contradicted; every cut loses a supporter,1.8276,1.8276,5,4,1,0.3333,6
alias,boundary:query,327,L39.hi,dense,exception,contradicted; every cut loses a supporter,1.8225,1.8225,5,6,1,0.25,8
alias,boundary:query,327,L47.hi,dense,exception,contradicted; every cut loses a supporter,1.8476,1.8476,6,5,1,0.2857,7
alias,boundary:query,327,L48.hi,hybrid,exception,contradicted; every cut loses a supporter,1.8476,1.8476,6,5,1,0.2857,7
alias,boundary:query,327,L5.hi.lo,hybrid,exception,contradicted; every cut loses a supporter,1.6532,1.6532,7,5,1,0.1667,6
alias,boundary:query,328,L46.hi.hi,hybrid,expand,arm beat the default just outside the box,1.8023,1.8023,4,4,0,0.0,4
alias,boundary:query,328,L108,hybrid,create,"default missed, hybrid hit",,2.0,1,0,0,0.0,0
alias,boundary:query,331,L94,dense,exception,contradicted; every cut loses a supporter,2.1229,2.1229,5,4,1,0.3333,6
alias,boundary:query,332,L12.lo.lo.lo,hybrid,expand,arm beat the default just outside the box,1.5805,1.6092,7,7,2,0.2222,9
alias,boundary:query,332,L46.hi.lo,hybrid,expand,arm beat the default just outside the box,1.7768,1.8056,5,3,0,-0.25,4
alias,boundary:query,333,L94,dense,exception,contradicted; every cut loses a supporter,2.1267,2.1267,6,5,2,0.375,8
alias,boundary:query,333,L46.hi.hi,hybrid,exception,contradicted; every cut loses a supporter,1.8071,1.8071,5,5,1,0.1667,6
alias,boundary:query,333,L46.hi.lo,hybrid,retire,utility <= 0,,1.8071,5,4,0,-0.2,5
alias,boundary:query,334,L8.hi,dense,exception,contradicted; every cut loses a supporter,1.9519,1.9519,11,8,4,0.1818,11
alias,boundary:query,334,L94,dense,exception,contradicted; every cut loses a supporter,2.1281,2.1281,6,6,3,0.2222,9
alias,boundary:query,334,L8.hi,dense,split,4 exceptions; cut f:query_len_tokens at 13,,1.9519,11,8,4,0.1818,11
alias,boundary:query,334,L8.hi.lo,dense,create,split of L8.hi,,1.7788,6,0,0,0.0,0
alias,boundary:query,334,L8.hi.hi,dense,create,split of L8.hi,,1.6708,5,0,0,0.0,0
alias,boundary:query,335,L46.hi.hi,hybrid,exception,contradicted; every cut loses a supporter,1.8085,1.8085,5,6,2,0.1429,7
alias,boundary:query,336,L94,dense,exception,contradicted; every cut loses a supporter,2.1295,2.1295,6,7,4,0.2,10
alias,boundary:query,336,L94,dense,split,4 exceptions; cut f:query_cap_spans at 1.5,,2.1295,6,7,4,0.2,10
alias,boundary:query,336,L94.lo,dense,create,split of L94,,1.8345,3,0,0,0.0,0
alias,boundary:query,336,L94.hi,dense,create,split of L94,,2.0312,3,0,0,0.0,0
alias,boundary:query,337,L4.lo.lo,dense,retire,utility <= 0,,1.7967,5,5,0,0.0,5
alias,boundary:query,338,L60,hybrid,narrow,contradicted; cut f:query_len_tokens,2.043,2.0176,5,7,1,0.2222,9
alias,boundary:query,339,L46.hi.hi,hybrid,exception,contradicted; every cut loses a supporter,1.8091,1.8091,5,7,3,0.125,8
alias,boundary:query,340,L108,hybrid,expand,arm beat the default just outside the box,2.0069,2.0362,3,2,0,0.3333,3
alias,boundary:query,340,L113,dense,create,"default missed, dense hit",,2.0,1,0,0,0.0,0
alias,boundary:query,343,L39.lo,dense,exception,contradicted; every cut loses a supporter,1.9465,1.9465,7,6,2,0.1429,7
alias,boundary:query,343,L47.lo,dense,exception,contradicted; every cut loses a supporter,1.9546,1.9546,6,6,2,0.1429,7
alias,boundary:query,343,L48.lo,hybrid,exception,contradicted; every cut loses a supporter,1.9546,1.9546,6,6,2,0.1429,7
alias,boundary:query,343,L5.hi.lo,hybrid,exception,contradicted; every cut loses a supporter,1.6587,1.6587,7,6,2,0.1429,7
alias,boundary:query,344,L108,hybrid,narrow,contradicted; cut f:query_len_tokens,2.0361,1.8984,3,5,0,0.1667,6
alias,boundary:query,345,L108,hybrid,exception,contradicted; every cut loses a supporter,1.9,1.9,3,6,1,0.1429,7
alias,boundary:query,346,L39.lo,dense,exception,contradicted; every cut loses a supporter,1.9465,1.9465,7,7,3,0.125,8
alias,boundary:query,346,L47.lo,dense,exception,contradicted; every cut loses a supporter,1.9547,1.9547,6,7,3,0.125,8
alias,boundary:query,346,L48.lo,hybrid,exception,contradicted; every cut loses a supporter,1.9547,1.9547,6,7,3,0.125,8
alias,boundary:query,346,L5.hi.lo,hybrid,exception,contradicted; every cut loses a supporter,1.658,1.658,7,7,3,0.125,8
alias,boundary:query,347,L78,dense,expand,arm beat the default just outside the box,2.0343,2.0981,3,0,0,0.0,0
alias,boundary:query,347,L79,hybrid,expand,arm beat the default just outside the box,2.0343,2.0981,3,0,0,0.0,0
alias,boundary:query,347,L24.hi,hybrid,expand,arm beat the default just outside the box,1.8314,1.8479,6,4,1,0.3333,6
alias,boundary:query,347,L39.lo,dense,expand,arm beat the default just outside the box,1.9436,2.0016,8,7,3,0.125,8
alias,boundary:query,347,L39.hi,dense,expand,arm beat the default just outside the box,1.8265,1.8265,6,6,1,0.25,8
alias,boundary:query,347,L47.lo,dense,expand,arm beat the default just outside the box,1.9519,2.0099,7,7,3,0.125,8
alias,boundary:query,347,L47.hi,dense,expand,arm beat the default just outside the box,1.8519,1.8519,7,5,1,0.2857,7
alias,boundary:query,347,L48.lo,hybrid,expand,arm beat the default just outside the box,1.9519,2.0099,7,7,3,0.125,8
alias,boundary:query,347,L48.hi,hybrid,expand,arm beat the default just outside the box,1.8519,1.8519,7,5,1,0.2857,7
alias,boundary:query,347,L4.lo.hi,dense,expand,arm beat the default just outside the box,1.7806,1.8096,6,4,0,0.2,5
alias,boundary:query,347,L5.hi.lo,hybrid,expand,arm beat the default just outside the box,1.6553,1.6843,8,7,3,0.125,8
alias,boundary:query,347,L100,dense,expand,arm beat the default just outside the box,2.0082,2.0358,2,0,0,0.0,0
alias,boundary:query,347,L101,hybrid,expand,arm beat the default just outside the box,2.0082,2.0358,2,0,0,0.0,0
alias,boundary:query,350,L94.lo,dense,retire,utility <= 0,,1.8331,3,5,0,0.0,5
alias,boundary:query,351,L108,hybrid,expand,arm beat the default just outside the box,1.8989,1.9285,4,6,1,0.1429,7
alias,boundary:query,351,L8.hi.lo,dense,expand,arm beat the default just outside the box,1.7786,1.8077,7,0,0,0.0,0
alias,boundary:query,352,L24.hi,hybrid,exception,contradicted; every cut loses a supporter,1.8501,1.8501,6,5,2,0.2857,7
alias,boundary:query,352,L39.lo,dense,exception,contradicted; every cut loses a supporter,2.0046,2.0046,8,8,4,0.1111,9
alias,boundary:query,352,L39.hi,dense,exception,contradicted; every cut loses a supporter,1.8288,1.8288,6,7,2,0.2222,9
alias,boundary:query,352,L47.lo,dense,exception,contradicted; every cut loses a supporter,2.013,2.013,7,8,4,0.1111,9
alias,boundary:query,352,L47.hi,dense,exception,contradicted; every cut loses a supporter,1.8544,1.8544,7,6,2,0.25,8
alias,boundary:query,352,L48.lo,hybrid,exception,contradicted; every cut loses a supporter,2.013,2.013,7,8,4,0.1111,9
alias,boundary:query,352,L48.hi,hybrid,exception,contradicted; every cut loses a supporter,1.8544,1.8544,7,6,2,0.25,8
alias,boundary:query,352,L4.lo.hi,dense,exception,contradicted; every cut loses a supporter,1.8121,1.8121,6,5,1,0.1667,6
alias,boundary:query,352,L5.hi.lo,hybrid,exception,contradicted; every cut loses a supporter,1.686,1.686,8,8,4,0.1111,9
alias,boundary:query,352,L39.lo,dense,split,4 exceptions; cut f:query_cap_spans at 1.5,,2.0046,8,8,4,0.1111,9
alias,boundary:query,352,L39.lo.lo,dense,create,split of L39.lo,,1.9051,4,0,0,0.0,0
alias,boundary:query,352,L39.lo.hi,dense,create,split of L39.lo,,1.7283,4,0,0,0.0,0
alias,boundary:query,352,L47.lo,dense,split,4 exceptions; cut f:query_cap_spans at 2,,2.013,7,8,4,0.1111,9
alias,boundary:query,352,L47.lo.lo,dense,create,split of L47.lo,,1.8141,6,0,0,0.0,0
alias,boundary:query,352,L47.lo.hi,dense,create,split of L47.lo,,1.8141,1,0,0,0.0,0
alias,boundary:query,352,L48.lo,hybrid,split,4 exceptions; cut f:query_cap_spans at 2,,2.013,7,8,4,0.1111,9
alias,boundary:query,352,L48.lo.lo,hybrid,create,split of L48.lo,,1.8141,6,0,0,0.0,0
alias,boundary:query,352,L48.lo.hi,hybrid,create,split of L48.lo,,1.8141,1,0,0,0.0,0
alias,boundary:query,352,L5.hi.lo,hybrid,split,4 exceptions; cut f:query_cap_spans at 2,,1.686,8,8,4,0.1111,9
alias,boundary:query,352,L5.hi.lo.lo,hybrid,create,split of L5.hi.lo,,1.686,8,0,0,0.0,0
alias,boundary:query,353,L24.hi,hybrid,narrow,contradicted; cut f:query_len_tokens,1.8469,1.8469,6,6,2,0.25,8
alias,boundary:query,353,L39.hi,dense,narrow,contradicted; cut f:query_len_tokens,1.8257,1.8257,6,8,2,0.2,10
alias,boundary:query,353,L47.hi,dense,exception,contradicted; every cut loses a supporter,1.8513,1.8513,7,7,3,0.2222,9
alias,boundary:query,353,L48.hi,hybrid,exception,contradicted; every cut loses a supporter,1.8513,1.8513,7,7,3,0.2222,9
alias,boundary:query,353,L4.lo.hi,dense,exception,contradicted; every cut loses a supporter,1.8093,1.8093,6,6,2,0.1429,7
alias,boundary:query,355,L46.hi.hi,hybrid,exception,contradicted; every cut loses a supporter,1.8054,1.8054,6,8,4,0.2,10
alias,boundary:query,355,L108,hybrid,exception,contradicted; every cut loses a supporter,1.9242,1.9242,4,7,2,0.125,8
alias,boundary:query,355,L46.hi.hi,hybrid,split,4 exceptions; cut f:query_cap_spans at 0.5,,1.8054,6,8,4,0.2,10
alias,boundary:query,355,L46.hi.hi.lo,hybrid,create,split of L46.hi.hi,,1.7059,3,0,0,0.0,0
alias,boundary:query,355,L46.hi.hi.hi,hybrid,create,split of L46.hi.hi,,1.5332,3,0,0,0.0,0
alias,boundary:query,356,L12.lo.lo.lo,hybrid,expand,arm beat the default just outside the box,1.6064,1.6356,8,7,2,0.2222,9
alias,boundary:query,356,L113,dense,expand,arm beat the default just outside the box,1.998,2.0287,2,2,0,0.0,2
alias,boundary:query,356,L123,dense,create,"default missed, dense hit",,2.0,1,0,0,0.0,0
alias,boundary:query,357,L80,dense,exception,contradicted; every cut loses a supporter,2.1245,2.1245,5,5,1,0.1667,6
alias,boundary:query,357,L81,hybrid,exception,contradicted; every cut loses a supporter,2.1245,2.1245,5,5,1,0.1667,6
alias,boundary:query,359,L93,dense,exception,contradicted; every cut loses a supporter,2.0602,2.0602,5,4,1,0.1667,6
alias,boundary:query,359,L108,hybrid,exception,contradicted; every cut loses a supporter,1.922,1.922,4,8,3,0.1111,9
alias,boundary:query,360,L5.lo,hybrid,expand,arm beat the default just outside the box,1.6508,1.6508,7,7,3,0.125,8
alias,boundary:query,360,L24.hi,hybrid,expand,arm beat the default just outside the box,1.8422,1.9344,7,6,2,0.25,8
alias,boundary:query,360,L39.hi,dense,expand,arm beat the default just outside the box,1.8211,1.9014,7,8,2,0.2,10
alias,boundary:query,360,L4.lo.hi,dense,expand,arm beat the default just outside the box,1.8047,1.8485,7,6,2,0.1429,7
alias,boundary:query,360,L39.lo.lo,dense,expand,arm beat the default just outside the box,1.8982,1.9202,5,0,0,0.0,0
alias,boundary:query,360,L124,dense,create,"default missed, dense hit",,2.0,1,0,0,0.0,0
alias,boundary:query,360,L125,hybrid,create,"default missed, hybrid hit",,2.0,1,0,0,0.0,0
alias,boundary:query,361,L108,hybrid,exception,contradicted; every cut loses a supporter,1.9192,1.9192,4,9,4,0.1,10
alias,boundary:query,361,L123,dense,expand,arm beat the default just outside the box,1.9943,2.0266,2,0,0,0.0,0
alias,boundary:query,361,L108,hybrid,split,4 exceptions; cut f:query_len_tokens at 15.5,,1.9192,4,9,4,0.1,10
alias,boundary:query,361,L108.lo,hybrid,create,split of L108,,1.8171,2,0,0,0.0,0
alias,boundary:query,361,L108.hi,hybrid,create,split of L108,,1.8244,2,0,0,0.0,0
alias,boundary:query,364,L113,dense,retire,utility <= 0,,2.0237,2,5,0,-0.2,5
alias,boundary:query,365,L93,dense,exception,contradicted; every cut loses a supporter,2.0593,2.0593,6,5,2,0.25,8
alias,boundary:query,368,L80,dense,exception,contradicted; every cut loses a supporter,2.12,2.12,6,6,2,0.25,8
alias,boundary:query,368,L81,hybrid,exception,contradicted; every cut loses a supporter,2.12,2.12,6,6,2,0.25,8
alias,boundary:query,368,L24.hi,hybrid,exception,contradicted; every cut loses a supporter,1.9335,1.9335,8,7,3,0.3,10
alias,boundary:query,368,L39.hi,dense,exception,contradicted; every cut loses a supporter,1.9006,1.9006,8,9,3,0.25,12
alias,boundary:query,368,L47.hi,dense,exception,contradicted; every cut loses a supporter,1.846,1.846,7,8,4,0.2,10
alias,boundary:query,368,L48.hi,hybrid,exception,contradicted; every cut loses a supporter,1.846,1.846,7,8,4,0.2,10
alias,boundary:query,368,L4.lo.hi,dense,exception,contradicted; every cut loses a supporter,1.8478,1.8478,7,7,3,0.125,8
alias,boundary:query,368,L47.hi,dense,split,4 exceptions; cut f:query_cap_spans at 2,,1.846,7,8,4,0.2,10
alias,boundary:query,368,L47.hi.lo,dense,create,split of L47.hi,,1.6476,6,0,0,0.0,0
alias,boundary:query,368,L47.hi.hi,dense,create,split of L47.hi,,1.6476,1,0,0,0.0,0
alias,boundary:query,368,L48.hi,hybrid,split,4 exceptions; cut f:query_cap_spans at 2,,1.846,7,8,4,0.2,10
alias,boundary:query,368,L48.hi.lo,hybrid,create,split of L48.hi,,1.6476,6,0,0,0.0,0
alias,boundary:query,368,L48.hi.hi,hybrid,create,split of L48.hi,,1.6476,1,0,0,0.0,0
alias,boundary:query,369,L12.lo.lo.lo,hybrid,expand,arm beat the default just outside the box,1.6292,1.6874,9,7,2,0.2222,9
alias,boundary:query,369,L46.hi.hi.hi,hybrid,expand,arm beat the default just outside the box,1.5284,1.5575,5,2,0,0.3333,3
alias,boundary:query,369,L108.hi,hybrid,expand,arm beat the default just outside the box,1.8244,1.8244,3,2,0,0.0,2
alias,boundary:query,369,L132,hybrid,create,"default missed, hybrid hit",,2.0,1,0,0,0.0,0
alias,boundary:query,370,L12.lo.lo.lo,hybrid,exception,contradicted; every cut loses a supporter,1.6885,1.6885,9,8,3,0.2,10
alias,boundary:query,370,L123,dense,retire,utility <= 0,,2.027,2,5,0,0.0,5
alias,boundary:query,373,L12.lo.lo.lo,hybrid,exception,contradicted; every cut loses a supporter,1.6916,1.6916,9,9,4,0.1818,11
alias,boundary:query,373,L46.hi.hi.hi,hybrid,exception,contradicted; every cut loses a supporter,1.5612,1.5612,5,5,1,0.1667,6
alias,boundary:query,373,L12.lo.lo.lo,hybrid,split,4 exceptions; cut f:query_len_tokens at 15,,1.6916,9,9,4,0.1818,11
alias,boundary:query,373,L12.lo.lo.lo.lo,hybrid,create,split of L12.lo.lo.lo,,1.5749,6,0,0,0.0,0
alias,boundary:query,373,L12.lo.lo.lo.hi,hybrid,create,split of L12.lo.lo.lo,,1.5749,3,0,0,0.0,0
alias,boundary:query,374,L12.lo.lo.hi,hybrid,narrow,contradicted; cut f:query_len_tokens,1.6342,1.6342,6,4,0,0.3333,6
alias,boundary:query,374,L8.hi.lo,dense,expand,arm beat the default just outside the box,1.8027,1.8319,9,1,0,0.5,2
alias,boundary:query,375,L132,hybrid,retire,utility <= 0,,2.0081,1,5,0,0.0,5
alias,boundary:query,376,L93,dense,exception,contradicted; every cut loses a supporter,2.0656,2.0656,6,6,3,0.2222,9
alias,boundary:query,376,L8.hi.hi,dense,exception,contradicted; every cut loses a supporter,1.6662,1.6662,8,4,1,0.4286,7
alias,boundary:query,376,L94.hi,dense,exception,contradicted; every cut loses a supporter,2.0324,2.0324,6,4,1,0.4286,7
alias,boundary:query,376,L108.hi,hybrid,retire,utility <= 0,,1.8324,3,5,0,0.0,5
alias,boundary:query,377,L80,dense,exception,contradicted; every cut loses a supporter,2.1272,2.1272,6,7,3,0.2222,9
alias,boundary:query,377,L81,hybrid,exception,contradicted; every cut loses a supporter,2.1272,2.1272,6,7,3,0.2222,9
alias,boundary:query,378,L80,dense,exception,contradicted; every cut loses a supporter,2.1227,2.1227,6,8,4,0.2,10
alias,boundary:query,378,L81,hybrid,exception,contradicted; every cut loses a supporter,2.1227,2.1227,6,8,4,0.2,10
alias,boundary:query,378,L100,dense,exception,contradicted; every cut loses a supporter,2.0319,2.0319,3,5,1,0.1667,6
alias,boundary:query,378,L101,hybrid,exception,contradicted; every cut loses a supporter,2.0319,2.0319,3,5,1,0.1667,6
alias,boundary:query,378,L80,dense,split,4 exceptions; cut f:query_cap_spans at 2,,2.1227,6,8,4,0.2,10
alias,boundary:query,378,L80.lo,dense,create,split of L80,,1.9247,5,0,0,0.0,0
alias,boundary:query,378,L80.hi,dense,create,split of L80,,1.9247,1,0,0,0.0,0
alias,boundary:query,378,L81,hybrid,split,4 exceptions; cut f:query_cap_spans at 2,,2.1227,6,8,4,0.2,10
alias,boundary:query,378,L81.lo,hybrid,create,split of L81,,1.9247,5,0,0,0.0,0
alias,boundary:query,378,L81.hi,hybrid,create,split of L81,,1.9247,1,0,0,0.0,0
alias,boundary:query,379,L93,dense,exception,contradicted; every cut loses a supporter,2.058,2.058,6,7,4,0.2,10
alias,boundary:query,379,L94.hi,dense,exception,contradicted; every cut loses a supporter,2.0255,2.0255,6,5,2,0.375,8
alias,boundary:query,379,L93,dense,split,4 exceptions; cut f:query_cap_spans at 2,,2.058,6,7,4,0.2,10
alias,boundary:query,379,L93.lo,dense,create,split of L93,,1.6894,5,0,0,0.0,0
alias,boundary:query,379,L93.hi,dense,create,split of L93,,2.058,1,0,0,0.0,0
alias,boundary:query,382,L94.hi,dense,exception,contradicted; every cut loses a supporter,2.0276,2.0276,6,6,3,0.3333,9
alias,boundary:query,383,L12.lo.lo.hi,hybrid,exception,contradicted; every cut loses a supporter,1.6334,1.6334,6,5,1,0.2857,7
alias,boundary:query,383,L8.hi.hi,dense,narrow,contradicted; cut f:query_len_tokens,1.6635,1.6635,8,5,1,0.375,8
alias,boundary:query,388,L24.hi,hybrid,exception,contradicted; every cut loses a supporter,1.9305,1.9305,8,8,4,0.2727,11
alias,boundary:query,388,L39.hi,dense,exception,contradicted; every cut loses a supporter,1.8975,1.8975,8,10,4,0.2308,13
alias,boundary:query,388,L100,dense,narrow,contradicted; cut f:query_len_tokens,2.0286,1.92,3,6,1,0.1429,7
alias,boundary:query,388,L101,hybrid,narrow,contradicted; cut f:query_len_tokens,2.0286,1.92,3,6,1,0.1429,7
alias,boundary:query,388,L47.lo.hi,dense,narrow,contradicted; cut f:query_len_tokens,1.8073,1.6625,2,5,0,0.1667,6
alias,boundary:query,388,L48.lo.hi,hybrid,narrow,contradicted; cut f:query_len_tokens,1.8073,1.6625,2,5,0,0.1667,6
alias,boundary:query,388,L24.hi,hybrid,split,4 exceptions; cut f:query_cap_spans at 2,,1.9305,8,8,4,0.2727,11
alias,boundary:query,388,L24.hi.lo,hybrid,create,split of L24.hi,,1.9305,8,0,0,0.0,0
alias,boundary:query,388,L39.hi,dense,split,4 exceptions; cut f:query_cap_spans at 2,,1.8975,8,10,4,0.2308,13
alias,boundary:query,388,L39.hi.lo,dense,create,split of L39.hi,,1.8975,8,0,0,0.0,0
alias,boundary:query,390,L106,dense,expand,arm beat the default just outside the box,1.9911,2.0887,2,0,0,0.0,0
alias,boundary:query,390,L107,hybrid,expand,arm beat the default just outside the box,1.9911,2.0887,2,0,0,0.0,0
alias,boundary:query,390,L8.hi.hi,dense,expand,arm beat the default just outside the box,1.6624,1.6916,9,5,1,0.375,8
alias,boundary:query,390,L143,hybrid,create,"default missed, hybrid hit",,2.0,1,0,0,0.0,0
alias,boundary:query,395,L143,hybrid,expand,arm beat the default just outside the box,1.9962,2.0243,2,0,0,0.0,0
alias,boundary:query,395,L144,dense,create,"default missed, dense hit",,2.0,1,0,0,0.0,0
alias,boundary:query,396,L46.hi.hi.hi,hybrid,exception,contradicted; every cut loses a supporter,1.5576,1.5576,7,6,2,0.3333,9
alias,boundary:query,396,L108.lo,hybrid,exception,contradicted; every cut loses a supporter,1.8105,1.8105,4,5,1,0.2857,7
alias,boundary:query,397,L100,dense,exception,contradicted; every cut loses a supporter,1.9162,1.9162,3,7,2,0.125,8
alias,boundary:query,397,L101,hybrid,exception,contradicted; every cut loses a supporter,1.9162,1.9162,3,7,2,0.125,8
alias,boundary:query,397,L47.lo.hi,dense,exception,contradicted; every cut loses a supporter,1.6587,1.6587,3,6,1,0.25,8
alias,boundary:query,397,L48.lo.hi,hybrid,exception,contradicted; every cut loses a supporter,1.6587,1.6587,3,6,1,0.25,8
alias,boundary:query,399,L47.lo.lo,dense,exception,contradicted; every cut loses a supporter,1.8027,1.8027,7,5,1,0.1667,6
alias,boundary:query,399,L48.lo.lo,hybrid,exception,contradicted; every cut loses a supporter,1.8027,1.8027,7,5,1,0.1667,6
alias,boundary:query,399,L5.hi.lo.lo,hybrid,exception,contradicted; every cut loses a supporter,1.6746,1.6746,9,5,1,0.1667,6
alias,boundary:query,400,L46.hi.hi.hi,hybrid,exception,contradicted; every cut loses a supporter,1.5546,1.5546,7,7,3,0.2,10
alias,boundary:query,401,L106,dense,expand,arm beat the default just outside the box,2.0861,2.1156,3,0,0,0.0,0
alias,boundary:query,401,L144,dense,expand,arm beat the default just outside the box,2.0006,2.0284,2,3,0,-0.3333,3
alias,boundary:query,402,L12.lo.lo.lo.lo,hybrid,exception,contradicted; every cut loses a supporter,1.5693,1.5693,8,4,1,0.3333,6
alias,boundary:query,403,L12.lo.lo.hi,hybrid,exception,contradicted; every cut loses a supporter,1.6289,1.6289,6,6,2,0.25,8
alias,boundary:query,403,L144,dense,retire,utility <= 0,,2.0304,2,5,0,-0.2,5
alias,boundary:query,409,L100,dense,narrow,contradicted; cut f:query_len_tokens,1.9173,1.8666,3,8,2,0.1111,9
alias,boundary:query,409,L101,hybrid,narrow,contradicted; cut f:query_len_tokens,1.9173,1.8666,3,8,2,0.1111,9
alias,boundary:query,411,L108.lo,hybrid,expand,arm beat the default just outside the box,1.8086,1.8235,5,5,1,0.2857,7
alias,boundary:query,411,L145,dense,create,"default missed, dense hit",,2.0,1,0,0,0.0,0
alias,boundary:query,412,L39.lo.hi,dense,exception,contradicted; every cut loses a supporter,1.7205,1.7205,5,5,1,0.1667,6
alias,boundary:query,412,L47.lo.lo,dense,exception,contradicted; every cut loses a supporter,1.8042,1.8042,7,6,2,0.1429,7
alias,boundary:query,412,L48.lo.lo,hybrid,exception,contradicted; every cut loses a supporter,1.8042,1.8042,7,6,2,0.1429,7
alias,boundary:query,412,L5.hi.lo.lo,hybrid,exception,contradicted; every cut loses a supporter,1.6753,1.6753,9,6,2,0.1429,7
alias,boundary:query,412,L81.lo,hybrid,retire,utility <= 0,,1.9226,5,5,0,0.0,5
alias,boundary:query,413,L64,dense,expand,arm beat the default just outside the box,2.0158,2.0193,3,1,0,0.5,2
alias,boundary:query,413,L146,dense,create,"default missed, dense hit",,2.0,1,0,0,0.0,0
alias,boundary:query,416,L108.lo,hybrid,exception,contradicted; every cut loses a supporter,1.8236,1.8236,5,6,2,0.25,8
alias,boundary:query,418,L5.lo,hybrid,expand,arm beat the default just outside the box,1.646,1.6757,8,7,3,0.125,8
alias,boundary:query,418,L4.lo.hi,dense,expand,arm beat the default just outside the box,1.8407,1.9001,8,7,3,0.125,8
alias,boundary:query,418,L24.hi.lo,hybrid,expand,arm beat the default just outside the box,1.926,1.9853,9,4,0,0.0,4
alias,boundary:query,418,L39.hi.lo,dense,expand,arm beat the default just outside the box,1.8933,1.9526,9,4,0,0.0,4
alias,boundary:query,419,L60,hybrid,exception,contradicted; every cut loses a supporter,2.007,2.007,5,8,2,0.2,10
alias,boundary:query,419,L143,hybrid,retire,utility <= 0,,2.0254,2,5,0,-0.2,5
alias,boundary:query,420,L60,hybrid,exception,contradicted; every cut loses a supporter,2.0071,2.0071,5,9,3,0.1818,11
alias,boundary:query,420,L94.hi,dense,exception,contradicted; every cut loses a supporter,2.0219,2.0219,6,7,4,0.3,10
alias,boundary:query,420,L94.hi,dense,split,4 exceptions; cut f:query_len_tokens at 17,,2.0219,6,7,4,0.3,10
alias,boundary:query,420,L94.hi.lo,dense,create,split of L94.hi,,1.6961,3,0,0,0.0,0
alias,boundary:query,420,L94.hi.hi,dense,create,split of L94.hi,,1.933,3,0,0,0.0,0
alias,boundary:query,421,L108.lo,hybrid,exception,contradicted; every cut loses a supporter,1.8239,1.8239,5,7,3,0.2222,9
alias,boundary:query,423,L8.hi.hi,dense,exception,contradicted; every cut loses a supporter,1.689,1.689,9,6,2,0.3333,9
alias,boundary:query,423,L108.lo,hybrid,exception,contradicted; every cut loses a supporter,1.8255,1.8255,5,8,4,0.2,10
alias,boundary:query,423,L93.hi,dense,narrow,contradicted; cut f:query_len_tokens,2.0555,1.937,3,4,0,0.3333,6
alias,boundary:query,423,L108.lo,hybrid,split,4 exceptions; cut f:query_cap_spans at 1,,1.8255,5,8,4,0.2,10
alias,boundary:query,423,L108.lo.lo,hybrid,create,split of L108.lo,,1.6303,4,0,0,0.0,0
alias,boundary:query,423,L108.lo.hi,hybrid,create,split of L108.lo,,1.6303,1,0,0,0.0,0
alias,boundary:query,427,L8.hi.lo,dense,narrow,contradicted; cut f:query_len_tokens,1.8326,1.6622,9,5,0,0.1667,6
alias,boundary:query,428,L60,hybrid,exception,contradicted; every cut loses a supporter,2.0104,2.0104,5,10,4,0.1667,12
alias,boundary:query,428,L60,hybrid,split,4 exceptions; cut f:query_cap_spans at 3,,2.0104,5,10,4,0.1667,12
alias,boundary:query,428,L60.lo,hybrid,create,split of L60,,1.8329,5,0,0,0.0,0
alias,boundary:query,429,L145,dense,retire,utility <= 0,,2.0028,1,5,0,-0.2,5
alias,boundary:query,431,L80.lo,dense,exception,contradicted; every cut loses a supporter,1.9271,1.9271,6,5,1,0.1667,6
alias,boundary:query,431,L47.hi.lo,dense,retire,utility <= 0,,1.6474,6,5,0,0.0,5
alias,boundary:query,431,L48.hi.lo,hybrid,retire,utility <= 0,,1.6474,6,5,0,0.0,5
alias,boundary:query,431,L24.hi.lo,hybrid,retire,utility <= 0,,1.9896,9,5,0,0.0,5
alias,boundary:query,431,L39.hi.lo,dense,retire,utility <= 0,,1.9567,9,5,0,0.0,5
alias,boundary:query,432,L124,dense,expand,arm beat the default just outside the box,1.9969,2.0274,3,0,0,1.0,1
alias,boundary:query,432,L125,hybrid,expand,arm beat the default just outside the box,1.9969,2.0274,3,0,0,1.0,1
alias,boundary:query,434,L106,dense,retire,utility <= 0,,2.1168,3,5,0,0.0,5
alias,boundary:query,434,L107,hybrid,retire,utility <= 0,,2.0873,2,5,0,0.0,5
alias,boundary:query,436,L12.lo.lo.lo.hi,hybrid,exception,contradicted; every cut loses a supporter,1.5709,1.5709,6,4,1,0.2857,7
alias,boundary:query,439,L12.lo.lo.lo.hi,hybrid,exception,contradicted; every cut loses a supporter,1.5729,1.5729,6,5,2,0.25,8
alias,boundary:query,442,L8.hi.hi,dense,exception,contradicted; every cut loses a supporter,1.6929,1.6929,9,7,3,0.3,10
alias,boundary:query,442,L93.lo,dense,exception,contradicted; every cut loses a supporter,1.6934,1.6934,7,4,1,0.3333,6
alias,boundary:query,442,L93.hi,dense,exception,contradicted; every cut loses a supporter,1.9407,1.9407,3,5,1,0.2857,7
alias,boundary:query,442,L94.hi.hi,dense,retire,utility <= 0,,1.9384,3,5,0,0.0,5
alias,boundary:query,445,L64,dense,expand,arm beat the default just outside the box,2.0267,2.1078,5,1,0,0.6667,3
alias,boundary:query,445,L146,dense,expand,arm beat the default just outside the box,2.0077,2.0361,3,0,0,1.0,1
alias,boundary:query,445,L60.lo,hybrid,retire,utility <= 0,,1.835,5,5,0,0.0,5
alias,boundary:query,446,L8.hi.lo,dense,expand,arm beat the default just outside the box,1.6659,1.6953,10,5,0,0.1667,6
alias,boundary:query,446,L93.hi,dense,expand,arm beat the default just outside the box,1.9429,1.9429,5,5,1,0.375,8
alias,boundary:query,447,L39.lo.hi,dense,exception,contradicted; every cut loses a supporter,1.7258,1.7258,5,6,2,0.1429,7
alias,boundary:query,447,L47.lo.lo,dense,exception,contradicted; every cut loses a supporter,1.8101,1.8101,8,7,3,0.2222,9
alias,boundary:query,447,L48.lo.lo,hybrid,exception,contradicted; every cut loses a supporter,1.8101,1.8101,8,7,3,0.2222,9
alias,boundary:query,447,L5.hi.lo.lo,hybrid,exception,contradicted; every cut loses a supporter,1.6817,1.6817,10,7,3,0.2222,9
alias,boundary:query,448,L5.lo,hybrid,exception,contradicted; every cut loses a supporter,1.6791,1.6791,8,8,4,0.1111,9
alias,boundary:query,448,L4.lo.hi,dense,exception,contradicted; every cut loses a supporter,1.904,1.904,9,8,4,0.2,10
alias,boundary:query,448,L39.lo.lo,dense,exception,contradicted; every cut loses a supporter,1.9187,1.9187,7,4,1,0.3333,6
alias,boundary:query,448,L5.lo,hybrid,split,4 exceptions; cut f:query_len_tokens at 8.5,,1.6791,8,8,4,0.1111,9
alias,boundary:query,448,L5.lo.lo,hybrid,create,split of L5.lo,,1.5474,4,0,0,0.0,0
alias,boundary:query,448,L5.lo.hi,hybrid,create,split of L5.lo,,1.6059,4,0,0,0.0,0
alias,boundary:query,448,L4.lo.hi,dense,split,4 exceptions; cut f:query_len_tokens at 10,,1.904,9,8,4,0.2,10
alias,boundary:query,448,L4.lo.hi.lo,dense,create,split of L4.lo.hi,,1.787,5,0,0,0.0,0
alias,boundary:query,448,L4.lo.hi.hi,dense,create,split of L4.lo.hi,,1.787,4,0,0,0.0,0
alias,boundary:query,449,L8.hi.lo,dense,exception,contradicted; every cut loses a supporter,1.6904,1.6904,10,6,1,0.1429,7
alias,boundary:query,449,L93.lo,dense,exception,contradicted; every cut loses a supporter,1.6909,1.6909,9,5,2,0.4444,9
alias,boundary:query,450,L146,dense,expand,arm beat the default just outside the box,2.0334,2.0737,4,0,0,1.0,1
alias,boundary:query,450,L108.lo.lo,hybrid,expand,arm beat the default just outside the box,1.6335,1.6921,6,2,0,0.3333,3
alias,boundary:query,450,L108.lo.hi,hybrid,expand,arm beat the default just outside the box,1.6335,1.6921,3,4,0,0.2,5
alias,boundary:query,450,L156,dense,create,"default missed, dense hit",,2.0,1,0,0,0.0,0
alias,boundary:query,450,L157,hybrid,create,"default missed, hybrid hit",,2.0,1,0,0,0.0,0
alias,boundary:query,451,L100,dense,exception,contradicted; every cut loses a supporter,1.8705,1.8705,3,9,3,0.1,10
alias,boundary:query,451,L101,hybrid,exception,contradicted; every cut loses a supporter,1.8705,1.8705,3,9,3,0.1,10
alias,boundary:query,451,L39.lo.hi,dense,exception,contradicted; every cut loses a supporter,1.7227,1.7227,5,7,3,0.125,8
alias,boundary:query,451,L47.lo.lo,dense,exception,contradicted; every cut loses a supporter,1.807,1.807,8,8,4,0.2,10
alias,boundary:query,451,L47.lo.hi,dense,narrow,contradicted; cut f:query_len_tokens,1.6619,1.6326,3,7,1,0.2222,9
alias,boundary:query,451,L48.lo.lo,hybrid,exception,contradicted; every cut loses a supporter,1.807,1.807,8,8,4,0.2,10
alias,boundary:query,451,L48.lo.hi,hybrid,narrow,contradicted; cut f:query_len_tokens,1.6619,1.6326,3,7,1,0.2222,9
alias,boundary:query,451,L5.hi.lo.lo,hybrid,exception,contradicted; every cut loses a supporter,1.6787,1.6787,10,8,4,0.2,10
alias,boundary:query,451,L47.hi.hi,dense,narrow,contradicted; cut f:query_cap_spans,1.6472,1.6472,2,5,0,0.1667,6
alias,boundary:query,451,L48.hi.hi,hybrid,narrow,contradicted; cut f:query_cap_spans,1.6472,1.6472,2,5,0,0.1667,6
alias,boundary:query,451,L80.lo,dense,exception,contradicted; every cut loses a supporter,1.9241,1.9241,6,6,2,0.1429,7
alias,boundary:query,451,L80.hi,dense,exception,contradicted; every cut loses a supporter,1.9241,1.9241,3,4,1,0.3333,6
alias,boundary:query,451,L81.hi,hybrid,narrow,contradicted; cut f:query_cap_spans,1.9241,1.9241,2,5,0,0.1667,6
alias,boundary:query,451,L47.lo.lo,dense,split,4 exceptions; cut f:query_cap_spans at 1.5,,1.807,8,8,4,0.2,10
alias,boundary:query,451,L47.lo.lo.lo,dense,create,split of L47.lo.lo,,1.709,4,0,0,0.0,0
alias,boundary:query,451,L47.lo.lo.hi,dense,create,split of L47.lo.lo,,1.709,4,0,0,0.0,0
alias,boundary:query,451,L48.lo.lo,hybrid,split,4 exceptions; cut f:query_cap_spans at 1.5,,1.807,8,8,4,0.2,10
alias,boundary:query,451,L48.lo.lo.lo,hybrid,create,split of L48.lo.lo,,1.709,4,0,0,0.0,0
alias,boundary:query,451,L48.lo.lo.hi,hybrid,create,split of L48.lo.lo,,1.709,4,0,0,0.0,0
alias,boundary:query,451,L5.hi.lo.lo,hybrid,split,4 exceptions; cut f:query_cap_spans at 2,,1.6787,10,8,4,0.2,10
alias,boundary:query,451,L5.hi.lo.lo.lo,hybrid,create,split of L5.hi.lo.lo,,1.6787,10,0,0,0.0,0
alias,boundary:query,454,L39.lo.lo,dense,narrow,contradicted; cut f:query_len_tokens,1.9148,1.9148,7,5,1,0.2857,7
alias,boundary:query,456,L39.lo.lo,dense,narrow,contradicted; cut f:query_len_tokens,1.9137,1.8843,7,6,1,0.25,8
alias,boundary:query,458,L5.lo.lo,hybrid,expand,arm beat the default just outside the box,1.54,1.6131,5,0,0,0.0,0
alias,boundary:query,458,L4.lo.hi.lo,dense,expand,arm beat the default just outside the box,1.7801,1.8093,6,0,0,0.0,0
alias,boundary:query,459,L108.lo.hi,hybrid,exception,contradicted; every cut loses a supporter,1.6832,1.6832,3,5,1,0.1667,6
alias,boundary:query,459,L146,dense,expand,arm beat the default just outside the box,2.0644,2.123,5,1,0,0.5,2
alias,boundary:query,459,L156,dense,expand,arm beat the default just outside the box,1.9908,2.0201,2,0,0,0.0,0
alias,boundary:query,460,L108.lo.hi,hybrid,exception,contradicted; every cut loses a supporter,1.6841,1.6841,3,6,2,0.1429,7
alias,boundary:query,461,L156,dense,expand,arm beat the default just outside the box,2.0225,2.0317,4,0,0,1.0,1
alias,boundary:query,461,L163,dense,create,"default missed, dense hit",,2.0,1,0,0,0.0,0
alias,boundary:query,462,L80.lo,dense,exception,contradicted; every cut loses a supporter,1.9167,1.9167,6,7,3,0.125,8
alias,boundary:query,462,L80.hi,dense,exception,contradicted; every cut loses a supporter,1.9167,1.9167,3,5,2,0.2857,7
alias,boundary:query,462,L4.lo.hi.hi,dense,exception,contradicted; every cut loses a supporter,1.7808,1.7808,5,5,1,0.1667,6
alias,boundary:query,464,L108.lo.lo,hybrid,narrow,contradicted; cut f:query_len_tokens,1.6817,1.6597,6,5,0,0.1667,6
alias,boundary:query,464,L108.lo.hi,hybrid,narrow,contradicted; cut f:query_len_tokens,1.6817,1.6597,3,7,2,0.125,8
alias,boundary:query,465,L80.lo,dense,exception,contradicted; every cut loses a supporter,1.9144,1.9144,6,8,4,0.1111,9
alias,boundary:query,465,L80.lo,dense,split,4 exceptions; cut f:query_len_tokens at 13,,1.9144,6,8,4,0.1111,9
alias,boundary:query,465,L80.lo.lo,dense,create,split of L80.lo,,1.5692,3,0,0,0.0,0
alias,boundary:query,465,L80.lo.hi,dense,create,split of L80.lo,,1.8556,3,0,0,0.0,0
alias,boundary:query,466,L8.hi.lo,dense,exception,contradicted; every cut loses a supporter,1.6782,1.6782,11,7,2,0.2222,9
alias,boundary:query,466,L93.lo,dense,exception,contradicted; every cut loses a supporter,1.68,1.68,10,6,3,0.4545,11
alias,boundary:query,466,L93.hi,dense,exception,contradicted; every cut loses a supporter,1.9293,1.9293,6,6,2,0.4,10
alias,boundary:query,467,L93.lo,dense,exception,contradicted; every cut loses a supporter,1.6809,1.6809,10,7,4,0.3333,12
alias,boundary:query,467,L93.hi,dense,exception,contradicted; every cut loses a supporter,1.9301,1.9301,6,7,3,0.2727,11
alias,boundary:query,467,L108.lo.hi,hybrid,exception,contradicted; every cut loses a supporter,1.6594,1.6594,3,8,3,0.1111,9
alias,boundary:query,467,L93.lo,dense,split,4 exceptions; cut f:query_len_tokens at 17.5,,1.6809,10,7,4,0.3333,12
alias,boundary:query,467,L93.lo.lo,dense,create,split of L93.lo,,1.4687,5,0,0,0.0,0
alias,boundary:query,467,L93.lo.hi,dense,create,split of L93.lo,,1.519,5,0,0,0.0,0
alias,boundary:query,468,L5.lo.hi,hybrid,expand,arm beat the default just outside the box,1.5952,1.6099,6,1,0,0.5,2
alias,boundary:query,468,L4.lo.hi.hi,dense,expand,arm beat the default just outside the box,1.7774,1.8362,6,5,1,0.1667,6
alias,boundary:query,470,L8.hi.lo,dense,exception,contradicted; every cut loses a supporter,1.6776,1.6776,11,8,3,0.2,10
alias,boundary:query,472,L12.lo.lo.lo.lo,hybrid,expand,arm beat the default just outside the box,1.5609,1.5609,10,4,1,0.4286,7
alias,boundary:query,472,L108.lo.lo,hybrid,expand,arm beat the default just outside the box,1.659,1.7178,7,5,0,0.1667,6
alias,boundary:query,472,L108.lo.hi,hybrid,expand,arm beat the default just outside the box,1.659,1.7178,4,8,3,0.1111,9
alias,boundary:query,472,L157,hybrid,expand,arm beat the default just outside the box,1.9898,2.0285,2,2,0,0.0,2
alias,boundary:query,472,L168,hybrid,create,"default missed, hybrid hit",,2.0,1,0,0,0.0,0
alias,boundary:query,475,L47.hi.hi,dense,expand,arm beat the default just outside the box,1.6359,1.6359,3,5,0,0.1667,6
alias,boundary:query,475,L48.hi.hi,hybrid,expand,arm beat the default just outside the box,1.6359,1.6359,3,5,0,0.1667,6
alias,boundary:query,475,L81.hi,hybrid,expand,arm beat the default just outside the box,1.9125,1.9125,3,5,0,0.1667,6
alias,boundary:query,475,L80.lo.hi,dense,expand,arm beat the default just outside the box,1.8539,1.9125,4,0,0,0.0,0
alias,boundary:query,476,L46.hi.hi.lo,hybrid,exception,contradicted; every cut loses a supporter,1.6874,1.6874,4,5,1,0.1667,6
alias,boundary:query,476,L108.lo.lo,hybrid,exception,contradicted; every cut loses a supporter,1.7158,1.7158,7,6,1,0.1429,7
alias,boundary:query,477,L146,dense,exception,contradicted; every cut loses a supporter,2.1203,2.1203,6,4,1,0.1667,6
alias,boundary:query,477,L108.lo.lo,hybrid,exception,contradicted; every cut loses a supporter,1.7167,1.7167,7,7,2,0.125,8
alias,boundary:query,477,L108.lo.hi,hybrid,exception,contradicted; every cut loses a supporter,1.7167,1.7167,4,9,4,0.1,10
alias,boundary:query,477,L108.lo.hi,hybrid,split,4 exceptions; cut f:query_len_tokens at 14.5,,1.7167,4,9,4,0.1,10
alias,boundary:query,477,L108.lo.hi.lo,hybrid,create,split of L108.lo.hi,,1.6138,2,0,0,0.0,0
alias,boundary:query,477,L108.lo.hi.hi,hybrid,create,split of L108.lo.hi,,1.6138,2,0,0,0.0,0
alias,boundary:query,477,L156,dense,retire,utility <= 0,,2.0264,4,4,0,0.0,5
alias,boundary:query,478,L146,dense,expand,arm beat the default just outside the box,2.1208,2.208,7,4,1,0.1667,6
alias,boundary:query,478,L157,hybrid,expand,arm beat the default just outside the box,2.027,2.0563,3,3,0,0.0,3
alias,boundary:query,478,L163,dense,expand,arm beat the default just outside the box,1.9952,2.025,2,2,0,0.0,2
alias,boundary:query,478,L168,hybrid,expand,arm beat the default just outside the box,1.9986,2.0284,2,0,0,0.0,0
alias,boundary:query,478,L171,dense,create,"default missed, dense hit",,2.0,1,0,0,0.0,0
alias,boundary:query,478,L172,hybrid,create,"default missed, hybrid hit",,2.0,1,0,0,0.0,0
alias,boundary:query,479,L146,dense,exception,contradicted; every cut loses a supporter,2.2089,2.2089,7,5,2,0.1429,7
alias,boundary:query,482,L64,dense,exception,contradicted; every cut loses a supporter,2.096,2.096,5,4,1,0.3333,6
alias,boundary:query,482,L146,dense,narrow,contradicted; cut f:query_len_tokens,2.2101,2.1037,7,6,2,0.125,8
alias,boundary:query,483,L108.lo.lo,hybrid,exception,contradicted; every cut loses a supporter,1.7197,1.7197,7,8,3,0.1111,9
alias,boundary:query,484,L80.hi,dense,exception,contradicted; every cut loses a supporter,1.9157,1.9157,3,6,3,0.25,8
alias,boundary:query,484,L81.hi,hybrid,narrow,contradicted; cut f:query_len_tokens,1.9157,1.7466,3,6,0,0.1429,7
alias,boundary:query,486,L146,dense,exception,contradicted; every cut loses a supporter,2.1021,2.1021,7,7,3,0.1111,9
alias,boundary:query,486,L157,hybrid,retire,utility <= 0,,2.057,3,5,0,0.0,5
alias,boundary:query,486,L163,dense,retire,utility <= 0,,2.0258,2,5,0,0.0,5
alias,boundary:query,487,L12.lo.lo.lo.lo,hybrid,exception,contradicted; every cut loses a supporter,1.563,1.563,10,5,2,0.375,8
alias,boundary:query,487,L146,dense,exception,contradicted; every cut loses a supporter,2.1034,2.1034,7,8,4,0.1,10
alias,boundary:query,487,L108.lo.lo,hybrid,exception,contradicted; every cut loses a supporter,1.7192,1.7192,7,9,4,0.1,10
alias,boundary:query,487,L146,dense,split,4 exceptions; cut f:query_len_tokens at 18,,2.1034,7,8,4,0.1,10
alias,boundary:query,487,L146.lo,dense,create,split of L146,,1.8389,4,0,0,0.0,0
alias,boundary:query,487,L146.hi,dense,create,split of L146,,1.9858,3,0,0,0.0,0
alias,boundary:query,487,L108.lo.lo,hybrid,split,4 exceptions; cut f:query_cap_spans at 1,,1.7192,7,9,4,0.1,10
alias,boundary:query,487,L108.lo.lo.lo,hybrid,create,split of L108.lo.lo,,1.7192,7,0,0,0.0,0
alias,boundary:query,487,L168,hybrid,retire,utility <= 0,,2.0305,2,5,0,0.0,5
alias,boundary:query,489,L171,dense,expand,arm beat the default just outside the box,2.0031,2.0418,2,2,0,0.0,2
alias,boundary:query,489,L146.lo,dense,expand,arm beat the default just outside the box,1.8399,1.8987,5,0,0,0.0,0
alias,boundary:query,490,L4.lo.hi.hi,dense,exception,contradicted; every cut loses a supporter,1.837,1.837,6,6,2,0.1429,7
alias,boundary:query,490,L5.hi.lo.lo.lo,hybrid,exception,contradicted; every cut loses a supporter,1.6707,1.6707,12,5,1,0.2857,7
alias,boundary:query,491,L4.lo.hi.hi,dense,exception,contradicted; every cut loses a supporter,1.8357,1.8357,6,7,3,0.125,8
alias,boundary:query,491,L5.hi.lo.lo.lo,hybrid,exception,contradicted; every cut loses a supporter,1.6692,1.6692,12,6,2,0.25,8
alias,boundary:query,491,L79,hybrid,retire,utility <= 0,,2.0826,3,5,0,0.0,5
alias,boundary:query,494,L47.hi.hi,dense,narrow,contradicted; cut f:query_len_tokens,1.6366,1.6072,3,6,0,0.1429,7
alias,boundary:query,494,L48.hi.hi,hybrid,narrow,contradicted; cut f:query_len_tokens,1.6366,1.6072,3,6,0,0.1429,7
alias,boundary:query,494,L81.hi,hybrid,narrow,contradicted; cut f:query_len_tokens,1.7449,1.5684,3,7,0,0.125,8
alias,boundary:query,494,L4.lo.hi.hi,dense,exception,contradicted; every cut loses a supporter,1.8359,1.8359,6,8,4,0.1111,9
alias,boundary:query,494,L47.lo.lo.hi,dense,exception,contradicted; every cut loses a supporter,1.6987,1.6987,5,5,1,0.1667,6
alias,boundary:query,494,L48.lo.lo.hi,hybrid,exception,contradicted; every cut loses a supporter,1.6987,1.6987,5,5,1,0.1667,6
alias,boundary:query,494,L5.hi.lo.lo.lo,hybrid,exception,contradicted; every cut loses a supporter,1.669,1.669,12,7,3,0.2222,9
alias,boundary:query,494,L4.lo.hi.hi,dense,split,4 exceptions; cut f:query_cap_spans at 1,,1.8359,6,8,4,0.1111,9
alias,boundary:query,494,L4.lo.hi.hi.lo,dense,create,split of L4.lo.hi.hi,,1.6396,4,0,0,0.0,0
alias,boundary:query,494,L4.lo.hi.hi.hi,dense,create,split of L4.lo.hi.hi,,1.6396,2,0,0,0.0,0
alias,boundary:query,495,L46.hi.hi.lo,hybrid,expand,arm beat the default just outside the box,1.6881,1.7176,5,5,1,0.1667,6
alias,boundary:query,495,L146.lo,dense,expand,arm beat the default just outside the box,1.8954,1.9249,6,1,0,-1.0,1
alias,boundary:query,497,L146.hi,dense,expand,arm beat the default just outside the box,1.9857,2.0152,5,3,0,-0.25,4
alias,boundary:query,498,L146.hi,dense,retire,utility <= 0,,2.016,5,4,0,-0.4,5
alias,boundary:query,499,L171,dense,narrow,contradicted; cut f:query_len_tokens,2.0423,2.0226,4,4,0,0.1667,6
alias,boundary:query,500,L171,dense,narrow,contradicted; cut f:query_len_tokens,2.0236,1.9351,4,5,0,0.0,7
alias,boundary:query,500,L171,dense,retire,utility <= 0,,1.9351,4,5,0,0.0,7
alias,boundary:query,501,L46.hi.hi.lo,hybrid,exception,contradicted; every cut loses a supporter,1.7216,1.7216,5,6,2,0.1429,7
alias,boundary:query,502,L80.lo.lo,dense,expand,arm beat the default just outside the box,1.5706,1.6296,5,1,0,0.5,2
alias,boundary:query,502,L80.lo.hi,dense,expand,arm beat the default just outside the box,1.9174,1.9764,5,3,0,0.0,3
alias,boundary:query,503,L108.lo.lo.lo,hybrid,retire,utility <= 0,,1.7196,8,4,0,0.0,5
alias,boundary:query,504,L146.lo,dense,retire,utility <= 0,,1.9295,7,4,0,0.0,5
alias,boundary:query,505,L46.hi.hi.lo,hybrid,expand,arm beat the default just outside the box,1.7216,1.7512,6,6,2,0.1429,7
alias,boundary:query,506,L47.hi.hi,dense,exception,contradicted; every cut loses a supporter,1.6093,1.6093,3,7,1,0.125,8
alias,boundary:query,506,L48.hi.hi,hybrid,exception,contradicted; every cut loses a supporter,1.6093,1.6093,3,7,1,0.125,8
alias,boundary:query,506,L81.hi,hybrid,exception,contradicted; every cut loses a supporter,1.5703,1.5703,3,8,1,0.1111,9
alias,boundary:query,506,L4.lo.hi.lo,dense,exception,contradicted; every cut loses a supporter,1.8093,1.8093,9,4,1,0.4286,7
alias,boundary:query,506,L47.lo.lo.hi,dense,exception,contradicted; every cut loses a supporter,1.7014,1.7014,5,6,2,0.1429,7
alias,boundary:query,506,L48.lo.lo.hi,hybrid,exception,contradicted; every cut loses a supporter,1.7014,1.7014,5,6,2,0.1429,7
alias,boundary:query,506,L5.hi.lo.lo.lo,hybrid,exception,contradicted; every cut loses a supporter,1.6716,1.6716,13,8,4,0.2727,11
alias,boundary:query,506,L5.hi.lo.lo.lo,hybrid,split,4 exceptions; cut f:query_len_tokens at 10,,1.6716,13,8,4,0.2727,11
alias,boundary:query,506,L5.hi.lo.lo.lo.lo,hybrid,create,split of L5.hi.lo.lo.lo,,1.5533,7,0,0,0.0,0
alias,boundary:query,506,L5.hi.lo.lo.lo.hi,hybrid,create,split of L5.hi.lo.lo.lo,,1.5829,6,0,0,0.0,0
alias,boundary:query,507,L124,dense,exception,contradicted; every cut loses a supporter,2.0203,2.0203,6,3,1,0.5714,7
alias,boundary:query,507,L125,hybrid,exception,contradicted; every cut loses a supporter,2.0203,2.0203,6,3,1,0.5714,7
alias,boundary:query,507,L4.lo.hi.lo,dense,exception,contradicted; every cut loses a supporter,1.8071,1.8071,9,5,2,0.375,8
alias,boundary:query,508,L64,dense,exception,contradicted; every cut loses a supporter,2.0955,2.0955,5,5,2,0.2857,7
alias,boundary:query,509,L64,dense,exception,contradicted; every cut loses a supporter,2.0952,2.0952,5,6,3,0.125,8
alias,boundary:query,511,L64,dense,narrow,contradicted; cut f:query_len_tokens,2.0933,1.9799,5,7,3,0.1111,9
alias,boundary:query,513,L180,dense,create,"default missed, dense hit",,2.0,1,0,0,0.0,0
alias,boundary:query,516,L80.lo.hi,dense,retire,utility <= 0,,1.9683,5,5,0,0.0,5
alias,boundary:query,517,L39.lo.lo,dense,exception,contradicted; every cut loses a supporter,1.8748,1.8748,9,7,2,0.3636,11
alias,boundary:query,517,L124,dense,exception,contradicted; every cut loses a supporter,2.0145,2.0145,6,4,2,0.5,8
alias,boundary:query,517,L125,hybrid,exception,contradicted; every cut loses a supporter,2.0145,2.0145,6,4,2,0.5,8
alias,boundary:query,517,L5.lo.hi,hybrid,exception,contradicted; every cut loses a supporter,1.6069,1.6069,7,4,1,0.3333,6
alias,boundary:query,517,L4.lo.hi.lo,dense,exception,contradicted; every cut loses a supporter,1.804,1.804,9,6,3,0.3333,9
alias,boundary:query,518,L108.lo.hi.hi,hybrid,retire,utility <= 0,,1.6109,2,5,0,0.0,5
alias,boundary:query,521,L5.lo.lo,hybrid,exception,contradicted; every cut loses a supporter,1.6047,1.6047,7,4,1,0.3333,6
alias,boundary:query,521,L47.lo.lo.lo,dense,exception,contradicted; every cut loses a supporter,1.6909,1.6909,6,4,1,0.3333,6
alias,boundary:query,521,L48.lo.lo.lo,hybrid,exception,contradicted; every cut loses a supporter,1.6909,1.6909,6,4,1,0.3333,6
alias,boundary:query,521,L80.lo.lo,dense,exception,contradicted; every cut loses a supporter,1.622,1.622,5,5,1,0.1667,6
alias,boundary:query,522,L12.lo.lo.lo.lo,hybrid,exception,contradicted; every cut loses a supporter,1.5547,1.5547,10,6,3,0.3333,9
alias,boundary:query,522,L108.lo.hi.lo,hybrid,retire,utility <= 0,,1.6088,2,5,0,-0.2,5
alias,boundary:query,523,L80.lo.lo,dense,exception,contradicted; every cut loses a supporter,1.621,1.621,5,6,2,0.1429,7
alias,boundary:query,523,L4.lo.hi.hi.hi,dense,exception,contradicted; every cut loses a supporter,1.6328,1.6328,3,5,1,0.1667,6
alias,boundary:query,524,L172,hybrid,exception,contradicted; every cut loses a supporter,1.9901,1.9901,4,4,1,0.4286,7
alias,boundary:query,527,L78,dense,expand,arm beat the default just outside the box,2.066,2.1239,5,4,0,0.2,5
alias,boundary:query,527,L5.lo.lo,hybrid,expand,arm beat the default just outside the box,1.5995,1.6284,8,4,1,0.3333,6
alias,boundary:query,527,L4.lo.hi.lo,dense,expand,arm beat the default just outside the box,1.7939,1.8229,10,6,3,0.3333,9
alias,boundary:query,527,L5.hi.lo.lo.lo.lo,hybrid,expand,arm beat the default just outside the box,1.5416,1.5995,8,3,0,0.0,3
alias,boundary:query,528,L93.hi,dense,exception,contradicted; every cut loses a supporter,1.9123,1.9123,6,8,4,0.1667,12
alias,boundary:query,528,L93.hi,dense,split,4 exceptions; cut f:query_len_tokens at 19,,1.9123,6,8,4,0.1667,12
alias,boundary:query,528,L93.hi.lo,dense,create,split of L93.hi,,1.7469,4,0,0,0.0,0
alias,boundary:query,528,L93.hi.hi,dense,create,split of L93.hi,,1.8254,2,0,0,0.0,0
alias,boundary:query,530,L78,dense,exception,contradicted; every cut loses a supporter,2.1232,2.1232,5,5,1,0.1667,6
alias,boundary:query,530,L80.hi,dense,exception,contradicted; every cut loses a supporter,1.8983,1.8983,3,7,4,0.2222,9
alias,boundary:query,530,L80.hi,dense,split,4 exceptions; cut f:query_cap_spans at 3,,1.8983,3,7,4,0.2222,9
alias,boundary:query,530,L80.hi.lo,dense,create,split of L80.hi,,1.8983,3,0,0,0.0,0
alias,boundary:query,531,L94.hi.lo,dense,narrow,contradicted; cut f:query_len_tokens,1.6778,1.6778,5,4,0,0.3333,6
alias,boundary:query,535,L172,hybrid,narrow,contradicted; cut f:query_len_tokens,1.9869,1.9383,4,5,1,0.375,8
alias,boundary:query,537,L172,hybrid,exception,contradicted; every cut loses a supporter,1.9394,1.9394,4,6,2,0.3333,9
alias,boundary:query,538,L124,dense,narrow,contradicted; cut f:query_len_tokens,2.0056,1.9847,7,5,2,0.5,10
alias,boundary:query,538,L125,hybrid,narrow,contradicted; cut f:query_len_tokens,2.0056,1.9847,7,5,2,0.5,10
alias,boundary:query,538,L5.lo.hi,hybrid,narrow,contradicted; cut f:query_len_tokens,1.6007,1.6007,8,5,1,0.375,8
alias,boundary:query,538,L4.lo.hi.hi.lo,dense,narrow,contradicted; cut f:query_len_tokens,1.6299,1.6007,6,5,0,0.2857,7
alias,boundary:query,541,L5.lo.lo,hybrid,exception,contradicted; every cut loses a supporter,1.6272,1.6272,9,5,2,0.375,8
alias,boundary:query,541,L47.lo.lo.lo,dense,exception,contradicted; every cut loses a supporter,1.6858,1.6858,7,5,2,0.375,8
alias,boundary:query,541,L48.lo.lo.lo,hybrid,exception,contradicted; every cut loses a supporter,1.6858,1.6858,7,5,2,0.375,8
alias,boundary:query,541,L80.lo.lo,dense,exception,contradicted; every cut loses a supporter,1.6147,1.6147,6,7,3,0.2222,9
alias,boundary:query,541,L4.lo.hi.hi.lo,dense,exception,contradicted; every cut loses a supporter,1.598,1.598,7,6,1,0.3333,9
alias,boundary:query,541,L4.lo.hi.hi.hi,dense,exception,contradicted; every cut loses a supporter,1.6272,1.6272,4,6,2,0.25,8
alias,boundary:query,542,L172,hybrid,expand,arm beat the default just outside the box,1.9355,1.9642,5,6,2,0.3333,9
alias,boundary:query,542,L184,dense,create,"default missed, dense hit",,2.0,1,0,0,0.0,0
alias,boundary:query,542,L185,hybrid,create,"default missed, hybrid hit",,2.0,1,0,0,0.0,0
alias,boundary:query,543,L39.lo.lo,dense,exception,contradicted; every cut loses a supporter,1.8632,1.8632,10,8,3,0.3846,13
alias,boundary:query,543,L124,dense,exception,contradicted; every cut loses a supporter,1.9811,1.9811,7,6,3,0.4545,11
alias,boundary:query,543,L125,hybrid,exception,contradicted; every cut loses a supporter,1.9811,1.9811,7,6,3,0.4545,11
alias,boundary:query,543,L5.lo.hi,hybrid,exception,contradicted; every cut loses a supporter,1.5973,1.5973,9,6,2,0.4,10
alias,boundary:query,543,L4.lo.hi.lo,dense,exception,contradicted; every cut loses a supporter,1.8208,1.8208,10,7,4,0.3,10
alias,boundary:query,543,L4.lo.hi.hi.lo,dense,exception,contradicted; every cut loses a supporter,1.5973,1.5973,7,7,2,0.3,10
alias,boundary:query,543,L4.lo.hi.hi.hi,dense,narrow,contradicted; cut f:query_len_tokens,1.6265,1.6265,4,7,2,0.2222,9
alias,boundary:query,543,L4.lo.hi.lo,dense,split,4 exceptions; cut f:query_cap_spans at 1,,1.8208,10,7,4,0.3,10
alias,boundary:query,543,L4.lo.hi.lo.lo,dense,create,split of L4.lo.hi.lo,,1.6265,7,0,0,0.0,0
alias,boundary:query,543,L4.lo.hi.lo.hi,dense,create,split of L4.lo.hi.lo,,1.6265,3,0,0,0.0,0
alias,boundary:query,543,L5.hi.lo.lo.lo.lo,hybrid,retire,utility <= 0,,1.5973,8,5,0,0.0,5
alias,boundary:query,545,L94.hi.lo,dense,exception,contradicted; every cut loses a supporter,1.6766,1.6766,5,5,1,0.2857,7
alias,boundary:query,545,L93.lo.lo,dense,retire,utility <= 0,,1.4568,5,5,0,0.0,5
alias,boundary:query,546,L46.hi.hi.lo,hybrid,exception,contradicted; every cut loses a supporter,1.7336,1.7336,6,7,3,0.125,8
alias,boundary:query,547,L172,hybrid,exception,contradicted; every cut loses a supporter,1.9653,1.9653,5,7,3,0.3,10
alias,boundary:query,548,L5.hi.lo.lo.lo.hi,hybrid,exception,contradicted; every cut loses a supporter,1.5687,1.5687,7,5,1,0.1667,6
alias,boundary:query,549,L184,dense,expand,arm beat the default just outside the box,2.0,2.0275,2,1,0,-1.0,1
alias,boundary:query,549,L185,hybrid,expand,arm beat the default just outside the box,2.0,2.0275,2,1,0,0.0,1
alias,boundary:query,549,L188,hybrid,create,"default missed, hybrid hit",,2.0,1,0,0,0.0,0
alias,boundary:query,552,L12.lo.lo.lo.lo,hybrid,expand,arm beat the default just outside the box,1.5492,1.6077,11,6,3,0.3333,9
alias,boundary:query,552,L180,dense,expand,arm beat the default just outside the box,1.9866,2.0165,3,3,0,0.25,4
alias,boundary:query,552,L188,hybrid,expand,arm beat the default just outside the box,2.0023,2.0299,2,0,0,0.0,0
alias,boundary:query,552,L189,dense,create,"default missed, dense hit",,2.0,1,0,0,0.0,0
alias,boundary:query,554,L5.hi.lo.lo.lo.hi,hybrid,exception,contradicted; every cut loses a supporter,1.5701,1.5701,7,6,2,0.1429,7
alias,boundary:query,555,L184,dense,retire,utility <= 0,,2.0306,2,5,0,-0.2,5
alias,boundary:query,555,L185,hybrid,retire,utility <= 0,,2.0306,2,5,0,0.0,5
alias,boundary:query,556,L39.lo.lo,dense,exception,contradicted; every cut loses a supporter,1.8656,1.8656,10,9,4,0.3571,14
alias,boundary:query,556,L124,dense,exception,contradicted; every cut loses a supporter,1.984,1.984,7,7,4,0.4167,12
alias,boundary:query,556,L125,hybrid,exception,contradicted; every cut loses a supporter,1.984,1.984,7,7,4,0.4167,12
alias,boundary:query,556,L5.lo.lo,hybrid,exception,contradicted; every cut loses a supporter,1.6279,1.6279,9,6,3,0.3333,9
alias,boundary:query,556,L5.lo.hi,hybrid,exception,contradicted; every cut loses a supporter,1.5986,1.5986,9,7,3,0.3636,11
alias,boundary:query,556,L4.lo.hi.hi.lo,dense,exception,contradicted; every cut loses a supporter,1.5986,1.5986,7,8,3,0.2727,11
alias,boundary:query,556,L39.lo.lo,dense,split,4 exceptions; cut f:query_len_tokens at 9,,1.8656,10,9,4,0.3571,14
alias,boundary:query,556,L39.lo.lo.lo,dense,create,split of L39.lo.lo,,1.7482,6,0,0,0.0,0
alias,boundary:query,556,L39.lo.lo.hi,dense,create,split of L39.lo.lo,,1.7178,4,0,0,0.0,0
alias,boundary:query,556,L124,dense,split,4 exceptions; cut f:query_len_tokens at 8,,1.984,7,7,4,0.4167,12
alias,boundary:query,556,L124.lo,dense,create,split of L124,,1.8373,4,0,0,0.0,0
alias,boundary:query,556,L124.hi,dense,create,split of L124,,1.8163,3,0,0,0.0,0
alias,boundary:query,556,L125,hybrid,split,4 exceptions; cut f:query_len_tokens at 8,,1.984,7,7,4,0.4167,12
alias,boundary:query,556,L125.lo,hybrid,create,split of L125,,1.8373,4,0,0,0.0,0
alias,boundary:query,556,L125.hi,hybrid,create,split of L125,,1.8163,3,0,0,0.0,0
alias,boundary:query,557,L172,hybrid,exception,contradicted; every cut loses a supporter,1.9663,1.9663,6,8,4,0.3333,12
alias,boundary:query,557,L172,hybrid,split,4 exceptions; cut f:query_len_tokens at 12.5,,1.9663,6,8,4,0.3333,12
alias,boundary:query,557,L172.lo,hybrid,create,split of L172,,1.8048,3,0,0,0.0,0
alias,boundary:query,557,L172.hi,hybrid,create,split of L172,,1.8439,3,0,0,0.0,0
alias,boundary:query,558,L64,dense,exception,contradicted; every cut loses a supporter,1.9658,1.9658,5,8,4,0.1,10
alias,boundary:query,558,L64,dense,split,4 exceptions; cut f:query_cap_spans at 1,,1.9658,5,8,4,0.1,10
alias,boundary:query,558,L64.lo,dense,create,split of L64,,1.7704,4,0,0,0.0,0
alias,boundary:query,558,L64.hi,dense,create,split of L64,,1.7928,1,0,0,0.0,0
alias,boundary:query,559,L188,hybrid,expand,arm beat the default just outside the box,2.0298,2.0972,3,3,0,0.0,3
alias,boundary:query,559,L64.lo,dense,expand,arm beat the default just outside the box,1.7709,1.8001,5,0,0,0.0,0
alias,boundary:query,559,L64.hi,dense,expand,arm beat the default just outside the box,1.7934,1.8226,2,0,0,0.0,0
alias,boundary:query,559,L200,dense,create,"default missed, dense hit",,2.0,1,0,0,0.0,0
alias,boundary:query,559,L201,hybrid,create,"default missed, hybrid hit",,2.0,1,0,0,0.0,0
alias,boundary:query,560,L93.hi.lo,dense,retire,utility <= 0,,1.7485,4,5,0,-0.2,5
alias,boundary:query,561,L180,dense,exception,contradicted; every cut loses a supporter,2.018,2.018,3,5,1,0.1667,6
alias,boundary:query,562,L12.lo.lo.lo.hi,hybrid,expand,arm beat the default just outside the box,1.55,1.5793,7,5,2,0.25,8
alias,boundary:query,562,L172.lo,hybrid,expand,arm beat the default just outside the box,1.8078,1.8518,4,1,0,0.0,1
alias,boundary:query,562,L200,dense,expand,arm beat the default just outside the box,2.0025,2.0698,2,0,0,0.0,0
alias,boundary:query,562,L201,hybrid,expand,arm beat the default just outside the box,2.0025,2.0698,2,0,0,0.0,0
alias,boundary:query,563,L188,hybrid,exception,contradicted; every cut loses a supporter,2.101,2.101,4,5,1,0.1667,6
alias,boundary:query,564,L188,hybrid,exception,contradicted; every cut loses a supporter,2.1021,2.1021,4,6,2,0.1429,7
alias,boundary:query,565,L8.hi.hi,dense,exception,contradicted; every cut loses a supporter,1.669,1.669,9,8,4,0.2727,11
alias,boundary:query,565,L94.hi.lo,dense,exception,contradicted; every cut loses a supporter,1.6824,1.6824,5,6,2,0.25,8
alias,boundary:query,565,L8.hi.hi,dense,split,4 exceptions; cut f:query_len_tokens at 15,,1.669,9,8,4,0.2727,11
alias,boundary:query,565,L8.hi.hi.lo,dense,create,split of L8.hi.hi,,1.5222,5,0,0,0.0,0
alias,boundary:query,565,L8.hi.hi.hi,dense,create,split of L8.hi.hi,,1.6103,4,0,0,0.0,0
alias,boundary:query,566,L12.lo.lo.lo.hi,hybrid,exception,contradicted; every cut loses a supporter,1.5818,1.5818,7,6,3,0.2222,9
alias,boundary:query,566,L180,dense,exception,contradicted; every cut loses a supporter,2.0227,2.0227,4,6,2,0.25,8
alias,boundary:query,568,L65,hybrid,exception,contradicted; every cut loses a supporter,2.0028,2.0028,3,4,1,0.3333,6
alias,boundary:query,568,L201,hybrid,retire,utility <= 0,,2.0747,2,5,0,0.0,5
alias,boundary:query,569,L65,hybrid,narrow,contradicted; cut f:query_len_tokens,2.0012,1.888,3,5,1,0.2857,7
alias,boundary:query,571,L188,hybrid,exception,contradicted; every cut loses a supporter,2.1018,2.1018,4,7,3,0.125,8
alias,boundary:query,571,L172.hi,hybrid,exception,contradicted; every cut loses a supporter,1.8494,1.8494,4,5,1,0.1667,6
alias,boundary:query,572,L180,dense,narrow,contradicted; cut f:query_len_tokens,2.0215,1.884,4,7,2,0.2222,9
alias,boundary:query,573,L200,dense,narrow,contradicted; cut f:query_len_tokens,2.0723,1.9644,3,5,0,0.0,6
alias,boundary:query,573,L200,dense,retire,utility <= 0,,1.9644,3,5,0,0.0,6
alias,boundary:query,574,L188,hybrid,exception,contradicted; every cut loses a supporter,2.1028,2.1028,4,8,4,0.1111,9
alias,boundary:query,574,L188,hybrid,split,4 exceptions; cut f:query_len_tokens at 14,,2.1028,4,8,4,0.1111,9
alias,boundary:query,574,L188.lo,hybrid,create,split of L188,,1.8696,3,0,0,0.0,0
alias,boundary:query,574,L188.hi,hybrid,create,split of L188,,1.9368,1,0,0,0.0,0
alias,boundary:query,575,L172.hi,hybrid,exception,contradicted; every cut loses a supporter,1.8516,1.8516,4,6,2,0.1429,7
alias,boundary:query,576,L46.hi.hi.hi,hybrid,expand,arm beat the default just outside the box,1.5417,1.5709,8,7,3,0.2,10
alias,boundary:query,576,L12.lo.lo.lo.hi,hybrid,expand,arm beat the default just outside the box,1.5834,1.6126,8,6,3,0.2222,9
alias,boundary:query,576,L172.hi,hybrid,expand,arm beat the default just outside the box,1.8524,1.9107,5,6,2,0.1429,7
alias,boundary:query,576,L64.lo,dense,expand,arm beat the default just outside the box,1.806,1.8644,6,2,0,-0.5,2
alias,boundary:query,576,L64.hi,dense,expand,arm beat the default just outside the box,1.8287,1.887,3,2,0,-0.5,2
alias,boundary:query,576,L206,dense,create,"default missed, dense hit",,2.0,1,0,0,0.0,0
distractor_para,boundary:query,12,L1,dense,create,"default missed, dense hit",,2.0,1,0,0,0.0,0
distractor_para,boundary:query,12,L2,hybrid,create,"default missed, hybrid hit",,2.0,1,0,0,0.0,0
distractor_para,boundary:query,19,L3,dense,create,"default missed, dense hit",,2.0,1,0,0,0.0,0
distractor_para,boundary:query,19,L4,hybrid,create,"default missed, hybrid hit",,2.0,1,0,0,0.0,0
distractor_para,boundary:query,26,L5,dense,create,"default missed, dense hit",,2.0,1,0,0,0.0,0
distractor_para,boundary:query,26,L6,hybrid,create,"default missed, hybrid hit",,2.0,1,0,0,0.0,0
distractor_para,boundary:query,28,L7,dense,create,"default missed, dense hit",,2.0,1,0,0,0.0,0
distractor_para,boundary:query,28,L8,hybrid,create,"default missed, hybrid hit",,2.0,1,0,0,0.0,0
distractor_para,boundary:query,30,L1,dense,expand,arm beat the default just outside the box,2.0716,2.0907,3,4,0,0.2,5
distractor_para,boundary:query,30,L3,dense,expand,arm beat the default just outside the box,1.8781,1.9781,2,1,0,-1.0,1
distractor_para,boundary:query,30,L5,dense,expand,arm beat the default just outside the box,1.854,1.9244,2,0,0,0.0,0
distractor_para,boundary:query,30,L9,dense,create,"default missed, dense hit",,2.0,1,0,0,0.0,0
distractor_para,boundary:query,32,L1,dense,exception,contradicted; every cut loses a supporter,2.1305,2.1305,3,5,1,0.1667,6
distractor_para,boundary:query,32,L2,hybrid,exception,contradicted; every cut loses a supporter,2.1108,2.1108,2,5,1,0.1667,6
distractor_para,boundary:query,34,L1,dense,expand,arm beat the default just outside the box,2.148,2.1678,4,5,1,0.1667,6
distractor_para,boundary:query,34,L2,hybrid,expand,arm beat the default just outside the box,2.1282,2.148,3,5,1,0.1667,6
distractor_para,boundary:query,34,L3,dense,expand,arm beat the default just outside the box,2.0259,2.066,3,2,0,-1.0,2
distractor_para,boundary:query,34,L4,hybrid,expand,arm beat the default just outside the box,1.9247,2.0259,2,2,0,-0.5,2
distractor_para,boundary:query,34,L10,dense,create,"default missed, dense hit",,2.0,1,0,0,0.0,0
distractor_para,boundary:query,34,L11,hybrid,create,"default missed, hybrid hit",,2.0,1,0,0,0.0,0
distractor_para,boundary:query,36,L1,dense,exception,contradicted; every cut loses a supporter,2.0585,2.0585,4,6,2,0.1429,7
distractor_para,boundary:query,37,L1,dense,narrow,contradicted; cut f:query_len_tokens,2.071,2.0163,4,7,2,0.125,8
distractor_para,boundary:query,38,L1,dense,narrow,contradicted; cut f:query_len_tokens,2.0281,1.9998,4,8,2,0.1111,9
distractor_para,boundary:query,40,L1,dense,narrow,contradicted; cut f:query_len_tokens,2.03,2.0013,4,9,2,0.0,10
distractor_para,boundary:query,40,L2,hybrid,narrow,contradicted; cut f:query_len_tokens,2.0944,1.9808,3,6,1,0.1429,7
distractor_para,boundary:query,40,L1,dense,retire,utility <= 0,,2.0013,4,9,2,0.0,10
distractor_para,boundary:query,40,L3,dense,retire,utility <= 0,,2.032,3,5,0,-0.6,5
distractor_para,boundary:query,42,L2,hybrid,exception,contradicted; every cut loses a supporter,2.0007,2.0007,3,7,2,0.125,8
distractor_para,boundary:query,44,L2,hybrid,exception,contradicted; every cut loses a supporter,2.0168,2.0168,3,8,3,0.1111,9
distractor_para,boundary:query,45,L2,hybrid,expand,arm beat the default just outside the box,2.0314,2.0608,4,8,3,0.1111,9
distractor_para,boundary:query,45,L9,dense,expand,arm beat the default just outside the box,2.0555,2.0792,2,3,0,0.0,3
distractor_para,boundary:query,45,L10,dense,expand,arm beat the default just outside the box,2.0053,2.0354,2,2,0,0.0,2
distractor_para,boundary:query,45,L11,hybrid,expand,arm beat the default just outside the box,2.0053,2.0354,2,2,0,0.0,2
distractor_para,boundary:query,45,L4,hybrid,retire,utility <= 0,,2.0372,3,4,0,0.0,5
distractor_para,boundary:query,45,L12,dense,create,"default missed, dense hit",,2.0,1,0,0,0.0,0
distractor_para,boundary:query,47,L12,dense,expand,arm beat the default just outside the box,1.9338,1.9725,2,0,0,0.0,0
distractor_para,boundary:query,49,L2,hybrid,exception,contradicted; every cut loses a supporter,1.9478,1.9478,4,9,4,0.1,10
distractor_para,boundary:query,49,L2,hybrid,split,4 exceptions; cut f:query_len_tokens at 13.5,,1.9478,4,9,4,0.1,10
distractor_para,boundary:query,49,L2.lo,hybrid,create,split of L2,,1.8719,2,0,0,0.0,0
distractor_para,boundary:query,49,L2.hi,hybrid,create,split of L2,,1.7517,2,0,0,0.0,0
distractor_para,boundary:query,50,L12,dense,expand,arm beat the default just outside the box,1.9402,1.9805,3,1,0,0.0,1
distractor_para,boundary:query,52,L9,dense,retire,utility <= 0,,1.9866,2,5,0,0.0,5
distractor_para,boundary:query,53,L10,dense,exception,contradicted; every cut loses a supporter,1.9482,1.9482,4,4,1,0.3333,6
distractor_para,boundary:query,53,L11,hybrid,narrow,contradicted; cut f:query_len_tokens,1.9482,1.9152,3,5,0,0.1667,6
distractor_para,boundary:query,54,L5,dense,retire,utility <= 0,,1.908,2,5,0,0.0,5
distractor_para,boundary:query,56,L2.hi,hybrid,expand,arm beat the default just outside the box,1.7147,1.7447,3,0,0,0.0,0
distractor_para,boundary:query,57,L10,dense,exception,contradicted; every cut loses a supporter,1.914,1.914,5,5,2,0.375,8
distractor_para,boundary:query,57,L11,hybrid,narrow,contradicted; cut f:query_len_tokens,1.8808,1.8508,4,6,0,0.25,8
distractor_para,boundary:query,58,L10,dense,exception,contradicted; every cut loses a supporter,1.9191,1.9191,5,6,3,0.3333,9
distractor_para,boundary:query,58,L11,hybrid,exception,contradicted; every cut loses a supporter,1.8554,1.8554,4,7,1,0.2222,9
distractor_para,boundary:query,59,L2.hi,hybrid,expand,arm beat the default just outside the box,1.7597,1.7749,4,1,0,0.0,1
distractor_para,boundary:query,61,L10,dense,exception,contradicted; every cut loses a supporter,1.9387,1.9387,6,7,4,0.3636,11
distractor_para,boundary:query,61,L11,hybrid,exception,contradicted; every cut loses a supporter,1.8737,1.8737,5,8,2,0.2727,11
distractor_para,boundary:query,61,L12,dense,exception,contradicted; every cut loses a supporter,1.976,1.976,5,5,1,0.2857,7
distractor_para,boundary:query,61,L10,dense,split,4 exceptions; cut f:query_cap_spans at 0,,1.9387,6,7,4,0.3636,11
distractor_para,boundary:query,61,L10.lo,dense,create,split of L10,,1.7398,5,0,0,0.0,0
distractor_para,boundary:query,61,L10.hi,dense,create,split of L10,,1.769,1,0,0,0.0,0
distractor_para,boundary:query,62,L7,dense,expand,arm beat the default just outside the box,1.9483,1.9681,2,2,0,0.0,2
distractor_para,boundary:query,62,L8,hybrid,expand,arm beat the default just outside the box,1.9483,1.9681,2,2,0,0.0,2
distractor_para,boundary:query,62,L17,dense,create,"default missed, dense hit",,2.0,1,0,0,0.0,0
distractor_para,boundary:query,62,L18,hybrid,create,"default missed, hybrid hit",,2.0,1,0,0,0.0,0
distractor_para,boundary:query,63,L6,hybrid,expand,arm beat the default just outside the box,1.8092,1.8224,2,0,0,0.0,0
distractor_para,boundary:query,63,L12,dense,expand,arm beat the default just outside the box,1.9473,1.9846,6,5,1,0.2857,7
distractor_para,boundary:query,63,L2.hi,hybrid,expand,arm beat the default just outside the box,1.7546,1.8056,5,2,0,0.0,2
distractor_para,boundary:query,63,L19,dense,create,"default missed, dense hit",,2.0,1,0,0,0.0,0
distractor_para,boundary:query,63,L20,hybrid,create,"default missed, hybrid hit",,2.0,1,0,0,0.0,0
distractor_para,boundary:query,64,L11,hybrid,narrow,contradicted; cut f:query_len_tokens,1.8542,1.8197,5,9,2,0.25,12
distractor_para,boundary:query,64,L12,dense,narrow,contradicted; cut f:query_len_tokens,1.9935,1.9104,6,6,1,0.25,8
distractor_para,boundary:query,66,L11,hybrid,exception,contradicted; every cut loses a supporter,1.836,1.836,5,10,3,0.2308,13
distractor_para,boundary:query,66,L12,dense,exception,contradicted; every cut loses a supporter,1.928,1.928,6,7,2,0.1111,9
distractor_para,boundary:query,68,L11,hybrid,narrow,contradicted; cut f:query_len_tokens,1.8425,1.7788,5,11,3,0.2143,14
distractor_para,boundary:query,68,L12,dense,exception,contradicted; every cut loses a supporter,1.9349,1.9349,6,8,3,0.1,10
distractor_para,boundary:query,71,L12,dense,exception,contradicted; every cut loses a supporter,1.9468,1.9468,6,9,4,0.0909,11
distractor_para,boundary:query,71,L12,dense,split,4 exceptions; cut f:query_cap_spans at 0,,1.9468,6,9,4,0.0909,11
distractor_para,boundary:query,71,L12.lo,dense,create,split of L12,,1.5393,4,0,0,0.0,0
distractor_para,boundary:query,71,L12.hi,dense,create,split of L12,,1.9468,2,0,0,0.0,0
distractor_para,boundary:query,73,L2.hi,hybrid,retire,utility <= 0,,1.8442,5,5,0,0.0,5
distractor_para,boundary:query,74,L10.hi,dense,retire,utility <= 0,,1.7818,1,5,0,-0.4,5
distractor_para,boundary:query,78,L12.hi,dense,retire,utility <= 0,,1.9665,2,5,0,-0.4,5
distractor_para,boundary:query,80,L19,dense,expand,arm beat the default just outside the box,2.0785,2.1105,2,2,0,0.0,2
distractor_para,boundary:query,80,L23,dense,create,"default missed, dense hit",,2.0,1,0,0,0.0,0
distractor_para,boundary:query,81,L17,dense,expand,arm beat the default just outside the box,2.0372,2.0687,2,0,0,0.0,0
distractor_para,boundary:query,81,L18,hybrid,expand,arm beat the default just outside the box,2.0372,2.0687,2,0,0,0.0,0
distractor_para,boundary:query,81,L24,dense,create,"default missed, dense hit",,2.0,1,0,0,0.0,0
distractor_para,boundary:query,81,L25,hybrid,create,"default missed, hybrid hit",,2.0,1,0,0,0.0,0
distractor_para,boundary:query,84,L20,hybrid,expand,arm beat the default just outside the box,2.0537,2.0855,2,2,0,0.0,2
distractor_para,boundary:query,84,L19,dense,retire,utility <= 0,,2.0855,3,4,0,-0.2,5
distractor_para,boundary:query,84,L26,hybrid,create,"default missed, hybrid hit",,2.0,1,0,0,0.0,0
distractor_para,boundary:query,87,L11,hybrid,exception,contradicted; every cut loses a supporter,1.8039,1.8039,5,12,4,0.2,15
distractor_para,boundary:query,87,L11,hybrid,split,4 exceptions; cut f:query_cap_spans at 0,,1.8039,5,12,4,0.2,15
distractor_para,boundary:query,87,L11.lo,hybrid,create,split of L11,,1.6019,4,0,0,0.0,0
distractor_para,boundary:query,87,L11.hi,hybrid,create,split of L11,,1.6316,1,0,0,0.0,0
distractor_para,boundary:query,89,L20,hybrid,retire,utility <= 0,,2.0774,2,5,0,0.0,5
distractor_para,boundary:query,89,L23,dense,retire,utility <= 0,,1.9713,2,4,0,-0.2,5
distractor_para,boundary:query,91,L29,dense,create,"default missed, dense hit",,2.0,1,0,0,0.0,0
distractor_para,boundary:query,98,L26,hybrid,expand,arm beat the default just outside the box,1.9686,2.0185,2,4,0,0.0,4
distractor_para,boundary:query,98,L11.hi,hybrid,expand,arm beat the default just outside the box,1.5966,1.6566,2,4,0,0.0,4
distractor_para,boundary:query,98,L29,dense,expand,arm beat the default just outside the box,1.9696,2.0285,2,0,0,0.0,0
distractor_para,boundary:query,98,L30,dense,create,"default missed, dense hit",,2.0,1,0,0,0.0,0
distractor_para,boundary:query,99,L2.lo,hybrid,exception,contradicted; every cut loses a supporter,1.858,1.858,4,5,1,0.2857,7
distractor_para,boundary:query,99,L26,hybrid,retire,utility <= 0,,2.0225,2,5,0,0.0,5
distractor_para,boundary:query,99,L11.hi,hybrid,retire,utility <= 0,,1.6596,2,5,0,0.0,5
distractor_para,boundary:query,100,L10.lo,dense,retire,utility <= 0,,1.7295,5,5,0,-0.4,5
distractor_para,boundary:query,102,L30,dense,expand,arm beat the default just outside the box,2.0189,2.0324,3,0,0,1.0,1
distractor_para,boundary:query,103,L6,hybrid,retire,utility <= 0,,1.8474,2,5,0,0.0,5
distractor_para,boundary:query,106,L2.lo,hybrid,exception,contradicted; every cut loses a supporter,1.873,1.873,4,6,2,0.25,8
distractor_para,boundary:query,110,L30,dense,expand,arm beat the default just outside the box,2.027,2.0602,4,1,0,0.5,2
distractor_para,boundary:query,111,L29,dense,narrow,contradicted; cut f:query_len_tokens,2.0458,1.9794,5,3,0,0.1667,6
distractor_para,boundary:query,112,L29,dense,exception,contradicted; every cut loses a supporter,1.9833,1.9833,5,4,1,0.1429,7
distractor_para,boundary:query,113,L31,dense,create,"default missed, dense hit",,2.0,1,0,0,0.0,0
distractor_para,boundary:query,113,L32,hybrid,create,"default missed, hybrid hit",,2.0,1,0,0,0.0,0
distractor_para,boundary:query,114,L29,dense,narrow,contradicted; cut f:query_len_tokens,1.9863,1.9266,5,5,1,0.0,8
distractor_para,boundary:query,114,L29,dense,retire,utility <= 0,,1.9266,5,5,1,0.0,8
distractor_para,boundary:query,116,L33,dense,create,"default missed, dense hit",,2.0,1,0,0,0.0,0
distractor_para,boundary:query,117,L7,dense,retire,utility <= 0,,1.9957,2,5,0,0.0,5
distractor_para,boundary:query,117,L8,hybrid,retire,utility <= 0,,1.9957,2,5,0,0.0,5
distractor_para,boundary:query,119,L2.lo,hybrid,exception,contradicted; every cut loses a supporter,1.8672,1.8672,4,7,3,0.2222,9
distractor_para,boundary:query,119,L30,dense,expand,arm beat the default just outside the box,2.0665,2.1,5,3,0,0.25,4
distractor_para,boundary:query,119,L33,dense,expand,arm beat the default just outside the box,1.9832,2.0532,2,0,0,0.0,0
distractor_para,boundary:query,119,L12.lo,dense,retire,utility <= 0,,1.544,5,4,0,-0.2,5
distractor_para,boundary:query,120,L33,dense,expand,arm beat the default just outside the box,2.0533,2.0972,3,0,0,0.0,0
distractor_para,boundary:query,120,L34,dense,create,"default missed, dense hit",,2.0,1,0,0,0.0,0
distractor_para,boundary:query,122,L24,dense,expand,arm beat the default just outside the box,1.9863,2.016,2,0,0,0.0,0
distractor_para,boundary:query,122,L25,hybrid,expand,arm beat the default just outside the box,1.9863,2.016,2,0,0,0.0,0
distractor_para,boundary:query,128,L30,dense,narrow,contradicted; cut f:query_len_tokens,2.0355,1.9024,5,5,0,0.0,6
distractor_para,boundary:query,128,L30,dense,retire,utility <= 0,,1.9024,5,5,0,0.0,6
distractor_para,boundary:query,132,L2.lo,hybrid,exception,contradicted; every cut loses a supporter,1.8039,1.8039,4,8,4,0.2,10
distractor_para,boundary:query,132,L2.lo,hybrid,split,4 exceptions; cut f:query_cap_spans at 1,,1.8039,4,8,4,0.2,10
distractor_para,boundary:query,132,L2.lo.lo,hybrid,create,split of L2.lo,,1.6303,4,0,0,0.0,0
distractor_para,boundary:query,136,L33,dense,exception,contradicted; every cut loses a supporter,2.0361,2.0361,4,5,1,0.1667,6
distractor_para,boundary:query,138,L33,dense,exception,contradicted; every cut loses a supporter,2.0443,2.0443,4,6,2,0.1429,7
distractor_para,boundary:query,138,L2.lo.lo,hybrid,expand,arm beat the default just outside the box,1.646,1.6898,5,2,0,0.0,2
distractor_para,boundary:query,138,L36,hybrid,create,"default missed, hybrid hit",,2.0,1,0,0,0.0,0
distractor_para,boundary:query,139,L33,dense,exception,contradicted; every cut loses a supporter,2.0488,2.0488,4,7,3,0.125,8
distractor_para,boundary:query,142,L33,dense,exception,contradicted; every cut loses a supporter,2.0409,2.0409,4,8,4,0.1111,9
distractor_para,boundary:query,142,L33,dense,split,4 exceptions; cut f:query_len_tokens at 22,,2.0409,4,8,4,0.1111,9
distractor_para,boundary:query,142,L33.lo,dense,create,split of L33,,1.895,2,0,0,0.0,0
distractor_para,boundary:query,142,L33.hi,dense,create,split of L33,,1.7783,2,0,0,0.0,0
distractor_para,boundary:query,144,L36,hybrid,expand,arm beat the default just outside the box,2.0033,2.0329,2,2,0,0.0,2
distractor_para,boundary:query,144,L33.lo,dense,expand,arm beat the default just outside the box,1.8991,1.9244,3,1,0,0.0,1
distractor_para,boundary:query,144,L39,dense,create,"default missed, dense hit",,2.0,1,0,0,0.0,0
distractor_para,boundary:query,144,L40,hybrid,create,"default missed, hybrid hit",,2.0,1,0,0,0.0,0
distractor_para,boundary:query,146,L2.lo.lo,hybrid,expand,arm beat the default just outside the box,1.7019,1.7608,6,4,0,-0.25,4
distractor_para,boundary:query,146,L40,hybrid,expand,arm beat the default just outside the box,2.0081,2.0323,2,0,0,0.0,0
distractor_para,boundary:query,147,L2.lo.lo,hybrid,retire,utility <= 0,,1.764,6,5,0,-0.4,5
distractor_para,boundary:query,147,L36,hybrid,retire,utility <= 0,,2.0454,3,4,0,-0.2,5
distractor_para,boundary:query,148,L33.lo,dense,retire,utility <= 0,,1.94,3,5,0,-0.4,5
distractor_para,boundary:query,151,L17,dense,exception,contradicted; every cut loses a supporter,2.0118,2.0118,5,3,1,0.5,6
distractor_para,boundary:query,151,L18,hybrid,exception,contradicted; every cut loses a supporter,2.0118,2.0118,5,3,1,0.5,6
distractor_para,boundary:query,153,L39,dense,expand,arm beat the default just outside the box,1.9947,2.0192,2,0,0,0.0,0
distractor_para,boundary:query,153,L41,dense,create,"default missed, dense hit",,2.0,1,0,0,0.0,0
distractor_para,boundary:query,154,L40,hybrid,retire,utility <= 0,,2.0233,3,4,0,0.0,5
distractor_para,boundary:query,155,L17,dense,narrow,contradicted; cut f:query_len_tokens,2.0076,1.9055,5,4,1,0.4286,7
distractor_para,boundary:query,155,L18,hybrid,narrow,contradicted; cut f:query_len_tokens,2.0076,1.9055,5,4,1,0.4286,7
distractor_para,boundary:query,155,L24,dense,narrow,contradicted; cut f:query_len_tokens,1.9719,1.8992,4,4,0,0.3333,6
distractor_para,boundary:query,155,L25,hybrid,narrow,contradicted; cut f:query_len_tokens,1.9719,1.8992,4,4,0,0.3333,6
distractor_para,boundary:query,164,L42,hybrid,create,"default missed, hybrid hit",,2.0,1,0,0,0.0,0
distractor_para,boundary:query,165,L39,dense,retire,utility <= 0,,2.0245,3,4,0,0.0,5
distractor_para,boundary:query,166,L24,dense,exception,contradicted; every cut loses a supporter,1.9023,1.9023,4,5,1,0.2857,7
distractor_para,boundary:query,166,L25,hybrid,exception,contradicted; every cut loses a supporter,1.9023,1.9023,4,5,1,0.2857,7
distractor_para,boundary:query,168,L11.lo,hybrid,exception,contradicted; every cut loses a supporter,1.5364,1.5364,5,5,1,0.1667,6
distractor_para,boundary:query,173,L41,dense,expand,arm beat the default just outside the box,2.0057,2.0487,3,4,0,0.2,5
distractor_para,boundary:query,173,L43,dense,create,"default missed, dense hit",,2.0,1,0,0,0.0,0
distractor_para,boundary:query,174,L41,dense,exception,contradicted; every cut loses a supporter,2.0523,2.0523,3,5,1,0.1667,6
distractor_para,boundary:query,175,L41,dense,narrow,contradicted; cut f:query_len_tokens,2.0554,1.9785,3,6,1,0.1429,7
distractor_para,boundary:query,175,L42,hybrid,retire,utility <= 0,,2.0101,1,5,0,0.0,5
distractor_para,boundary:query,176,L11.lo,hybrid,exception,contradicted; every cut loses a supporter,1.5507,1.5507,5,6,2,0.1429,7
distractor_para,boundary:query,178,L41,dense,exception,contradicted; every cut loses a supporter,1.9797,1.9797,3,7,2,0.125,8
distractor_para,boundary:query,180,L41,dense,expand,arm beat the default just outside the box,1.9851,2.0127,4,7,2,0.125,8
distractor_para,boundary:query,180,L43,dense,expand,arm beat the default just outside the box,2.0132,2.0422,2,1,0,0.0,1
distractor_para,boundary:query,180,L44,dense,create,"default missed, dense hit",,2.0,1,0,0,0.0,0
distractor_para,boundary:query,184,L41,dense,exception,contradicted; every cut loses a supporter,2.021,2.021,4,8,3,0.0,9
distractor_para,boundary:query,184,L41,dense,retire,utility <= 0,,2.021,4,8,3,0.0,9
distractor_para,boundary:query,188,L17,dense,expand,arm beat the default just outside the box,1.931,1.9622,6,4,1,0.4286,7
distractor_para,boundary:query,188,L18,hybrid,expand,arm beat the default just outside the box,1.931,1.9622,6,4,1,0.4286,7
distractor_para,boundary:query,188,L45,dense,create,"default missed, dense hit",,2.0,1,0,0,0.0,0
distractor_para,boundary:query,188,L46,hybrid,create,"default missed, hybrid hit",,2.0,1,0,0,0.0,0
distractor_para,boundary:query,191,L43,dense,expand,arm beat the default just outside the box,2.0297,2.0425,3,4,0,-0.25,4
distractor_para,boundary:query,191,L44,dense,expand,arm beat the default just outside the box,1.9877,2.0164,2,2,0,-0.5,2
distractor_para,boundary:query,191,L47,dense,create,"default missed, dense hit",,2.0,1,0,0,0.0,0
distractor_para,boundary:query,191,L48,hybrid,create,"default missed, hybrid hit",,2.0,1,0,0,0.0,0
distractor_para,boundary:query,192,L43,dense,retire,utility <= 0,,2.0456,4,4,0,0.0,5
distractor_para,boundary:query,194,L47,dense,expand,arm beat the default just outside the box,2.0074,2.0364,3,1,0,0.5,2
distractor_para,boundary:query,194,L49,dense,create,"default missed, dense hit",,2.0,1,0,0,0.0,0
distractor_para,boundary:query,195,L44,dense,retire,utility <= 0,,2.0261,3,4,0,0.0,5
distractor_para,boundary:query,199,L17,dense,exception,contradicted; every cut loses a supporter,1.9586,1.9586,6,5,2,0.375,8
distractor_para,boundary:query,199,L18,hybrid,exception,contradicted; every cut loses a supporter,1.9586,1.9586,6,5,2,0.375,8
distractor_para,boundary:query,204,L47,dense,exception,contradicted; every cut loses a supporter,2.0469,2.0469,3,5,1,0.1667,6
distractor_para,boundary:query,206,L48,hybrid,exception,contradicted; every cut loses a supporter,2.0228,2.0228,2,5,1,0.1667,6
distractor_para,boundary:query,210,L47,dense,narrow,contradicted; cut f:query_len_tokens,2.0535,2.0063,3,6,1,0.1429,7
distractor_para,boundary:query,211,L17,dense,exception,contradicted; every cut loses a supporter,1.9672,1.9672,6,6,3,0.3333,9
distractor_para,boundary:query,211,L18,hybrid,exception,contradicted; every cut loses a supporter,1.9672,1.9672,6,6,3,0.3333,9
distractor_para,boundary:query,211,L24,dense,exception,contradicted; every cut loses a supporter,1.9286,1.9286,4,6,2,0.25,8
distractor_para,boundary:query,211,L25,hybrid,exception,contradicted; every cut loses a supporter,1.9286,1.9286,4,6,2,0.25,8
distractor_para,boundary:query,212,L45,dense,expand,arm beat the default just outside the box,1.9953,2.0238,2,1,0,0.0,1
distractor_para,boundary:query,212,L46,hybrid,expand,arm beat the default just outside the box,1.9953,2.0238,2,1,0,0.0,1
distractor_para,boundary:query,212,L50,dense,create,"default missed, dense hit",,2.0,1,0,0,0.0,0
distractor_para,boundary:query,212,L51,hybrid,create,"default missed, hybrid hit",,2.0,1,0,0,0.0,0
distractor_para,boundary:query,213,L49,dense,expand,arm beat the default just outside the box,1.9972,2.0271,2,1,0,0.0,1
distractor_para,boundary:query,216,L47,dense,narrow,contradicted; cut f:query_len_tokens,1.9736,1.9568,4,7,1,0.2222,9
distractor_para,boundary:query,217,L34,dense,exception,contradicted; every cut loses a supporter,1.9442,1.9442,2,5,1,0.1667,6
distractor_para,boundary:query,218,L48,hybrid,narrow,contradicted; cut f:query_len_tokens,1.9938,1.9771,3,6,1,0.25,8
distractor_para,boundary:query,218,L47,dense,expand,arm beat the default just outside the box,1.9595,1.9897,5,7,1,0.2222,9
distractor_para,boundary:query,218,L49,dense,expand,arm beat the default just outside the box,2.0163,2.061,3,2,0,0.0,2
distractor_para,boundary:query,222,L31,dense,expand,arm beat the default just outside the box,1.9419,1.966,2,3,0,-1.0,3
distractor_para,boundary:query,222,L32,hybrid,expand,arm beat the default just outside the box,1.9419,1.966,2,3,0,-0.6667,3
distractor_para,boundary:query,222,L34,dense,expand,arm beat the default just outside the box,1.9411,1.9689,4,5,1,0.2857,7
distractor_para,boundary:query,222,L33.hi,dense,expand,arm beat the default just outside the box,1.7693,1.7956,4,3,0,0.25,4
distractor_para,boundary:query,222,L47,dense,expand,arm beat the default just outside the box,1.9841,2.0739,8,7,1,0.3636,11
distractor_para,boundary:query,222,L48,hybrid,expand,arm beat the default just outside the box,1.9716,2.0613,5,6,1,0.3333,9
distractor_para,boundary:query,222,L52,dense,create,"default missed, dense hit",,2.0,1,0,0,0.0,0
distractor_para,boundary:query,222,L53,hybrid,create,"default missed, hybrid hit",,2.0,1,0,0,0.0,0
distractor_para,boundary:query,223,L48,hybrid,expand,arm beat the default just outside the box,2.0627,2.0919,6,6,1,0.3333,9
distractor_para,boundary:query,223,L54,hybrid,create,"default missed, hybrid hit",,2.0,1,0,0,0.0,0
distractor_para,boundary:query,224,L34,dense,exception,contradicted; every cut loses a supporter,1.9721,1.9721,4,6,2,0.125,8
distractor_para,boundary:query,224,L47,dense,exception,contradicted; every cut loses a supporter,2.0773,2.0773,9,8,2,0.3077,13
distractor_para,boundary:query,224,L48,hybrid,exception,contradicted; every cut loses a supporter,2.0941,2.0941,6,7,2,0.3,10
distractor_para,boundary:query,224,L49,dense,exception,contradicted; every cut loses a supporter,2.059,2.059,6,3,1,0.3333,6
distractor_para,boundary:query,224,L33.hi,dense,retire,utility <= 0,,1.7982,4,4,0,0.0,5
distractor_para,boundary:query,225,L31,dense,expand,arm beat the default just outside the box,1.9649,1.9769,3,3,0,-1.0,3
distractor_para,boundary:query,225,L32,hybrid,expand,arm beat the default just outside the box,1.9649,1.9769,3,3,0,-0.6667,3
distractor_para,boundary:query,225,L52,dense,expand,arm beat the default just outside the box,1.9997,2.0306,2,0,0,0.0,0
distractor_para,boundary:query,225,L53,hybrid,expand,arm beat the default just outside the box,1.9997,2.0306,2,0,0,0.0,0
distractor_para,boundary:query,225,L55,dense,create,"default missed, dense hit",,2.0,1,0,0,0.0,0
distractor_para,boundary:query,225,L56,hybrid,create,"default missed, hybrid hit",,2.0,1,0,0,0.0,0
distractor_para,boundary:query,226,L34,dense,exception,contradicted; every cut loses a supporter,1.9689,1.9689,4,7,3,0.1111,9
distractor_para,boundary:query,226,L47,dense,exception,contradicted; every cut loses a supporter,2.0739,2.0739,9,9,3,0.2857,14
distractor_para,boundary:query,226,L48,hybrid,exception,contradicted; every cut loses a supporter,2.0906,2.0906,6,8,3,0.2727,11
distractor_para,boundary:query,227,L47,dense,exception,contradicted; every cut loses a supporter,2.075,2.075,9,10,4,0.2667,15
distractor_para,boundary:query,227,L48,hybrid,exception,contradicted; every cut loses a supporter,2.0917,2.0917,6,9,4,0.25,12
distractor_para,boundary:query,227,L49,dense,exception,contradicted; every cut loses a supporter,2.0568,2.0568,6,4,2,0.2857,7
distractor_para,boundary:query,227,L47,dense,split,4 exceptions; cut f:query_len_tokens at 15,,2.075,9,10,4,0.2667,15
distractor_para,boundary:query,227,L47.lo,dense,create,split of L47,,1.8037,5,0,0,0.0,0
distractor_para,boundary:query,227,L47.hi,dense,create,split of L47,,1.9846,4,0,0,0.0,0
distractor_para,boundary:query,227,L48,hybrid,split,4 exceptions; cut f:query_len_tokens at 16,,2.0917,6,9,4,0.25,12
distractor_para,boundary:query,227,L48.lo,hybrid,create,split of L48,,1.8505,3,0,0,0.0,0
distractor_para,boundary:query,227,L48.hi,hybrid,create,split of L48,,1.9544,3,0,0,0.0,0
distractor_para,boundary:query,228,L49,dense,exception,contradicted; every cut loses a supporter,2.0596,2.0596,6,5,3,0.25,8
distractor_para,boundary:query,229,L49,dense,expand,arm beat the default just outside the box,2.0593,2.0738,7,5,3,0.25,8
distractor_para,boundary:query,229,L61,dense,create,"default missed, dense hit",,2.0,1,0,0,0.0,0
distractor_para,boundary:query,230,L54,hybrid,expand,arm beat the default just outside the box,2.0054,2.036,2,1,0,0.0,1
distractor_para,boundary:query,230,L47.lo,dense,expand,arm beat the default just outside the box,1.8084,1.8084,6,0,0,0.0,0
distractor_para,boundary:query,230,L61,dense,expand,arm beat the default just outside the box,2.0022,2.0315,2,0,0,0.0,0
distractor_para,boundary:query,232,L31,dense,retire,utility <= 0,,1.9767,3,5,0,-0.6,5
distractor_para,boundary:query,232,L32,hybrid,retire,utility <= 0,,1.9767,3,5,0,-0.4,5
distractor_para,boundary:query,233,L52,dense,expand,arm beat the default just outside the box,2.0304,2.0615,3,2,0,0.0,2
distractor_para,boundary:query,233,L53,hybrid,expand,arm beat the default just outside the box,2.0304,2.0615,3,2,0,0.0,2
distractor_para,boundary:query,233,L62,dense,create,"default missed, dense hit",,2.0,1,0,0,0.0,0
distractor_para,boundary:query,233,L63,hybrid,create,"default missed, hybrid hit",,2.0,1,0,0,0.0,0
distractor_para,boundary:query,234,L54,hybrid,expand,arm beat the default just outside the box,2.0299,2.1048,3,1,0,0.0,1
distractor_para,boundary:query,234,L47.hi,dense,expand,arm beat the default just outside the box,1.984,2.014,5,2,0,0.0,2
distractor_para,boundary:query,234,L48.hi,hybrid,expand,arm beat the default just outside the box,1.9541,1.984,4,2,0,0.0,2
distractor_para,boundary:query,235,L49,dense,exception,contradicted; every cut loses a supporter,2.0724,2.0724,8,6,4,0.3,10
distractor_para,boundary:query,235,L49,dense,split,4 exceptions; cut f:query_len_tokens at 15,,2.0724,8,6,4,0.3,10
distractor_para,boundary:query,235,L49.lo,dense,create,split of L49,,1.8624,6,0,0,0.0,0
distractor_para,boundary:query,235,L49.hi,dense,create,split of L49,,1.8924,2,0,0,0.0,0
distractor_para,boundary:query,237,L24,dense,narrow,contradicted; cut f:query_len_tokens,1.9,1.8871,4,7,2,0.2222,9
distractor_para,boundary:query,237,L25,hybrid,narrow,contradicted; cut f:query_len_tokens,1.9,1.8871,4,7,2,0.2222,9
distractor_para,boundary:query,240,L54,hybrid,retire,utility <= 0,,2.0959,3,5,0,0.0,5
distractor_para,boundary:query,242,L11.lo,hybrid,exception,contradicted; every cut loses a supporter,1.523,1.523,5,7,3,0.125,8
distractor_para,boundary:query,243,L48.hi,hybrid,expand,arm beat the default just outside the box,1.9687,1.999,5,4,0,0.0,4
distractor_para,boundary:query,243,L61,dense,expand,arm beat the default just outside the box,2.0105,2.0248,4,2,0,0.3333,3
distractor_para,boundary:query,243,L47.hi,dense,retire,utility <= 0,,1.999,6,4,0,0.0,5
distractor_para,boundary:query,244,L48.hi,hybrid,retire,utility <= 0,,2.0004,5,5,0,0.0,5
distractor_para,boundary:query,247,L49.hi,dense,expand,arm beat the default just outside the box,1.8694,1.9302,4,2,0,0.0,3
distractor_para,boundary:query,249,L47.lo,dense,exception,contradicted; every cut loses a supporter,1.7838,1.7838,9,3,1,0.5,6
distractor_para,boundary:query,249,L48.lo,hybrid,exception,contradicted; every cut loses a supporter,1.8311,1.8311,6,5,1,0.375,8
distractor_para,boundary:query,249,L49.lo,dense,exception,contradicted; every cut loses a supporter,1.8412,1.8412,9,3,1,0.5,6
distractor_para,boundary:query,250,L66,hybrid,create,"default missed, hybrid hit",,2.0,1,0,0,0.0,0
distractor_para,boundary:query,251,L47.lo,dense,exception,contradicted; every cut loses a supporter,1.7862,1.7862,9,4,2,0.4286,7
distractor_para,boundary:query,251,L48.lo,hybrid,exception,contradicted; every cut loses a supporter,1.8337,1.8337,6,6,2,0.3333,9
distractor_para,boundary:query,251,L61,dense,exception,contradicted; every cut loses a supporter,2.0262,2.0262,6,4,1,0.4286,7
distractor_para,boundary:query,251,L49.lo,dense,exception,contradicted; every cut loses a supporter,1.8439,1.8439,9,4,2,0.4286,7
distractor_para,boundary:query,252,L49.hi,dense,exception,contradicted; every cut loses a supporter,1.9365,1.9365,5,4,1,0.1667,6
distractor_para,boundary:query,254,L52,dense,narrow,contradicted; cut f:query_len_tokens,2.0532,2.0068,4,5,0,0.1667,6
distractor_para,boundary:query,254,L53,hybrid,narrow,contradicted; cut f:query_len_tokens,2.0532,2.0068,4,5,0,0.1667,6
distractor_para,boundary:query,256,L47.lo,dense,expand,arm beat the default just outside the box,1.7911,1.8527,11,4,2,0.5,8
distractor_para,boundary:query,256,L48.lo,hybrid,expand,arm beat the default just outside the box,1.8389,1.8697,8,6,2,0.4,10
distractor_para,boundary:query,256,L61,dense,expand,arm beat the default just outside the box,2.0335,2.0951,7,4,1,0.4286,7
distractor_para,boundary:query,256,L49.lo,dense,expand,arm beat the default just outside the box,1.8496,1.9112,10,4,2,0.4286,7
distractor_para,boundary:query,256,L67,dense,create,"default missed, dense hit",,2.0,1,0,0,0.0,0
distractor_para,boundary:query,257,L61,dense,narrow,contradicted; cut f:query_len_tokens,2.0956,1.9565,7,5,1,0.375,8
distractor_para,boundary:query,258,L47.lo,dense,exception,contradicted; every cut loses a supporter,1.8548,1.8548,11,5,3,0.4444,9
distractor_para,boundary:query,258,L48.lo,hybrid,exception,contradicted; every cut loses a supporter,1.8718,1.8718,8,7,3,0.3636,11
distractor_para,boundary:query,258,L61,dense,exception,contradicted; every cut loses a supporter,1.9575,1.9575,7,6,2,0.3333,9
distractor_para,boundary:query,258,L49.lo,dense,exception,contradicted; every cut loses a supporter,1.9132,1.9132,10,5,3,0.375,8
distractor_para,boundary:query,259,L48.lo,hybrid,exception,contradicted; every cut loses a supporter,1.8739,1.8739,8,8,4,0.3333,12
distractor_para,boundary:query,259,L67,dense,expand,arm beat the default just outside the box,2.0043,2.0341,2,1,0,0.0,1
distractor_para,boundary:query,259,L48.lo,hybrid,split,4 exceptions; cut f:query_cap_spans at 1,,1.8739,8,8,4,0.3333,12
distractor_para,boundary:query,259,L48.lo.lo,hybrid,create,split of L48.lo,,1.6771,7,0,0,0.0,0
distractor_para,boundary:query,259,L48.lo.hi,hybrid,create,split of L48.lo,,1.6771,1,0,0,0.0,0
distractor_para,boundary:query,260,L49.hi,dense,exception,contradicted; every cut loses a supporter,1.9483,1.9483,6,5,2,0.25,8
distractor_para,boundary:query,262,L45,dense,retire,utility <= 0,,2.0042,2,5,0,0.0,5
distractor_para,boundary:query,262,L46,hybrid,retire,utility <= 0,,2.0042,2,5,0,0.0,5
distractor_para,boundary:query,263,L61,dense,exception,contradicted; every cut loses a supporter,1.9559,1.9559,8,7,3,0.3636,11
distractor_para,boundary:query,263,L49.hi,dense,exception,contradicted; every cut loses a supporter,1.9424,1.9424,6,6,3,0.2222,9
distractor_para,boundary:query,266,L47.lo,dense,exception,contradicted; every cut loses a supporter,1.854,1.854,12,6,4,0.4545,11
distractor_para,boundary:query,266,L61,dense,exception,contradicted; every cut loses a supporter,1.9579,1.9579,8,8,4,0.3333,12
distractor_para,boundary:query,266,L49.lo,dense,exception,contradicted; every cut loses a supporter,1.9133,1.9133,11,6,4,0.4,10
distractor_para,boundary:query,266,L47.lo,dense,split,4 exceptions; cut f:query_cap_spans at 1,,1.854,12,6,4,0.4545,11
distractor_para,boundary:query,266,L47.lo.lo,dense,create,split of L47.lo,,1.6584,11,0,0,0.0,0
distractor_para,boundary:query,266,L47.lo.hi,dense,create,split of L47.lo,,1.6584,1,0,0,0.0,0
distractor_para,boundary:query,266,L61,dense,split,4 exceptions; cut f:query_len_tokens at 14,,1.9579,8,8,4,0.3333,12
distractor_para,boundary:query,266,L61.lo,dense,create,split of L61,,1.8649,4,0,0,0.0,0
distractor_para,boundary:query,266,L61.hi,dense,create,split of L61,,1.7718,4,0,0,0.0,0
distractor_para,boundary:query,266,L49.lo,dense,split,4 exceptions; cut f:query_cap_spans at 1,,1.9133,11,6,4,0.4,10
distractor_para,boundary:query,266,L49.lo.lo,dense,create,split of L49.lo,,1.9133,11,0,0,0.0,0
distractor_para,boundary:query,266,L67,dense,retire,utility <= 0,,2.0325,2,5,0,0.0,5
distractor_para,boundary:query,267,L48.lo.lo,hybrid,retire,utility <= 0,,1.6772,7,5,0,0.0,5
distractor_para,boundary:query,268,L49.hi,dense,exception,contradicted; every cut loses a supporter,1.9485,1.9485,6,7,4,0.2,10
distractor_para,boundary:query,268,L49.hi,dense,split,4 exceptions; cut f:query_len_tokens at 16,,1.9485,6,7,4,0.2,10
distractor_para,boundary:query,268,L49.hi.lo,dense,create,split of L49.hi,,1.7619,3,0,0,0.0,0
distractor_para,boundary:query,268,L49.hi.hi,dense,create,split of L49.hi,,1.8552,3,0,0,0.0,0
distractor_para,boundary:query,269,L52,dense,narrow,contradicted; cut f:query_len_tokens,2.0145,1.9523,4,6,0,0.1429,7
distractor_para,boundary:query,269,L53,hybrid,narrow,contradicted; cut f:query_len_tokens,2.0145,1.9523,4,6,0,0.1429,7
distractor_para,boundary:query,271,L66,hybrid,expand,arm beat the default just outside the box,2.0194,2.0492,3,4,0,0.2,5
distractor_para,boundary:query,271,L49.hi.hi,dense,expand,arm beat the default just outside the box,1.8573,1.9196,4,1,0,-1.0,1
distractor_para,boundary:query,272,L66,hybrid,exception,contradicted; every cut loses a supporter,2.0516,2.0516,3,5,1,0.1667,6
distractor_para,boundary:query,272,L48.lo.hi,hybrid,narrow,contradicted; cut f:query_len_tokens,1.6833,1.6833,2,5,0,0.1667,6
distractor_para,boundary:query,273,L66,hybrid,exception,contradicted; every cut loses a supporter,2.0539,2.0539,3,6,2,0.1429,7
distractor_para,boundary:query,273,L48.lo.hi,hybrid,exception,contradicted; every cut loses a supporter,1.6849,1.6849,2,6,1,0.1429,7
distractor_para,boundary:query,274,L61.lo,dense,expand,arm beat the default just outside the box,1.8771,1.9084,6,1,0,0.5,2
distractor_para,boundary:query,274,L77,hybrid,create,"default missed, hybrid hit",,2.0,1,0,0,0.0,0
distractor_para,boundary:query,276,L48.lo.hi,hybrid,narrow,contradicted; cut f:query_len_tokens,1.6801,1.6488,2,7,1,0.125,8
distractor_para,boundary:query,277,L17,dense,narrow,contradicted; cut f:query_len_tokens,1.9352,1.9039,6,7,3,0.3,10
distractor_para,boundary:query,277,L18,hybrid,narrow,contradicted; cut f:query_len_tokens,1.9352,1.9039,6,7,3,0.3,10
distractor_para,boundary:query,278,L34,dense,exception,contradicted; every cut loses a supporter,1.9671,1.9671,5,8,4,0.1818,11
distractor_para,boundary:query,278,L52,dense,exception,contradicted; every cut loses a supporter,1.9495,1.9495,4,7,1,0.125,8
distractor_para,boundary:query,278,L53,hybrid,exception,contradicted; every cut loses a supporter,1.9495,1.9495,4,7,1,0.125,8
distractor_para,boundary:query,278,L34,dense,split,4 exceptions; cut f:query_len_tokens at 24,,1.9671,5,8,4,0.1818,11
distractor_para,boundary:query,278,L34.lo,dense,create,split of L34,,1.7,3,0,0,0.0,0
distractor_para,boundary:query,278,L34.hi,dense,create,split of L34,,1.8873,2,0,0,0.0,0
distractor_para,boundary:query,280,L47.lo.lo,dense,exception,contradicted; every cut loses a supporter,1.6503,1.6503,13,5,1,0.2857,7
distractor_para,boundary:query,280,L47.lo.hi,dense,exception,contradicted; every cut loses a supporter,1.6503,1.6503,4,5,1,0.375,8
distractor_para,boundary:query,280,L61.hi,dense,exception,contradicted; every cut loses a supporter,1.7644,1.7644,6,4,1,0.3333,6
distractor_para,boundary:query,280,L49.lo.lo,dense,exception,contradicted; every cut loses a supporter,1.907,1.907,13,5,1,0.2857,7
distractor_para,boundary:query,280,L49.hi.hi,dense,retire,utility <= 0,,1.907,5,4,0,0.0,5
distractor_para,boundary:query,281,L66,hybrid,narrow,contradicted; cut f:query_len_tokens,2.0379,1.9922,3,7,2,0.125,8
distractor_para,boundary:query,283,L61.lo,dense,expand,arm beat the default just outside the box,1.893,1.9554,7,1,0,0.5,2
distractor_para,boundary:query,283,L49.hi.lo,dense,expand,arm beat the default just outside the box,1.7547,1.7859,6,2,0,0.5,4
distractor_para,boundary:query,283,L80,dense,create,"default missed, dense hit",,2.0,1,0,0,0.0,0
distractor_para,boundary:query,285,L80,dense,expand,arm beat the default just outside the box,2.0032,2.034,2,1,0,-1.0,1
distractor_para,boundary:query,287,L66,hybrid,narrow,contradicted; cut f:query_len_tokens,2.0004,1.9233,3,8,2,0.1111,9
distractor_para,boundary:query,287,L48.lo.hi,hybrid,narrow,contradicted; cut f:query_len_tokens,1.6447,1.6274,2,8,1,0.1111,9
distractor_para,boundary:query,287,L47.lo.lo,dense,exception,contradicted; every cut loses a supporter,1.6587,1.6587,13,6,2,0.25,8
distractor_para,boundary:query,287,L47.lo.hi,dense,narrow,contradicted; cut f:query_len_tokens,1.6587,1.6587,5,6,1,0.4,10
distractor_para,boundary:query,287,L49.lo.lo,dense,exception,contradicted; every cut loses a supporter,1.9166,1.9166,13,6,2,0.25,8
distractor_para,boundary:query,288,L81,hybrid,create,"default missed, hybrid hit",,2.0,1,0,0,0.0,0
distractor_para,boundary:query,291,L47.lo.lo,dense,exception,contradicted; every cut loses a supporter,1.6546,1.6546,13,7,3,0.2222,9
distractor_para,boundary:query,291,L47.lo.hi,dense,exception,contradicted; every cut loses a supporter,1.6546,1.6546,5,7,2,0.3636,11
distractor_para,boundary:query,291,L61.hi,dense,exception,contradicted; every cut loses a supporter,1.7682,1.7682,6,5,2,0.2857,7
distractor_para,boundary:query,291,L49.lo.lo,dense,exception,contradicted; every cut loses a supporter,1.9122,1.9122,13,7,3,0.2222,9
distractor_para,boundary:query,291,L77,hybrid,retire,utility <= 0,,1.9861,1,5,0,0.0,5
distractor_para,boundary:query,291,L80,dense,retire,utility <= 0,,2.0329,2,5,0,-0.4,5
distractor_para,boundary:query,292,L62,dense,retire,utility <= 0,,1.9991,2,4,0,-0.2,5
distractor_para,boundary:query,293,L49.hi.lo,dense,exception,contradicted; every cut loses a supporter,1.7896,1.7896,6,4,1,0.3333,6
distractor_para,boundary:query,294,L50,dense,exception,contradicted; every cut loses a supporter,1.9807,1.9807,3,4,1,0.3333,6
distractor_para,boundary:query,294,L51,hybrid,exception,contradicted; every cut loses a supporter,1.9807,1.9807,3,4,1,0.3333,6
distractor_para,boundary:query,295,L52,dense,exception,contradicted; every cut loses a supporter,1.9453,1.9453,4,8,2,0.1111,9
distractor_para,boundary:query,295,L53,hybrid,exception,contradicted; every cut loses a supporter,1.9453,1.9453,4,8,2,0.1111,9
distractor_para,boundary:query,296,L61.lo,dense,exception,contradicted; every cut loses a supporter,1.9559,1.9559,7,5,1,0.1667,6
distractor_para,boundary:query,298,L52,dense,expand,arm beat the default just outside the box,1.9496,1.9811,5,8,2,0.1111,9
distractor_para,boundary:query,298,L53,hybrid,expand,arm beat the default just outside the box,1.9496,1.9811,5,8,2,0.1111,9
distractor_para,boundary:query,298,L55,dense,expand,arm beat the default just outside the box,1.9983,2.0743,2,0,0,0.0,0
distractor_para,boundary:query,298,L56,hybrid,expand,arm beat the default just outside the box,1.9983,2.0743,2,0,0,0.0,0
distractor_para,boundary:query,298,L63,hybrid,expand,arm beat the default just outside the box,1.9986,2.0433,3,4,0,0.2,5
distractor_para,boundary:query,298,L34.lo,dense,expand,arm beat the default just outside the box,1.699,1.713,4,2,0,-0.5,2
distractor_para,boundary:query,298,L81,hybrid,expand,arm beat the default just outside the box,1.9977,2.028,2,0,0,0.0,0
distractor_para,boundary:query,298,L82,dense,create,"default missed, dense hit",,2.0,1,0,0,0.0,0
distractor_para,boundary:query,298,L83,hybrid,create,"default missed, hybrid hit",,2.0,1,0,0,0.0,0
distractor_para,boundary:query,299,L66,hybrid,exception,contradicted; every cut loses a supporter,1.9202,1.9202,3,9,3,0.1,10
distractor_para,boundary:query,299,L47.lo.lo,dense,exception,contradicted; every cut loses a supporter,1.6556,1.6556,13,8,4,0.2,10
distractor_para,boundary:query,299,L61.lo,dense,exception,contradicted; every cut loses a supporter,1.959,1.959,7,6,2,0.1429,7
distractor_para,boundary:query,299,L61.hi,dense,exception,contradicted; every cut loses a supporter,1.7697,1.7697,6,6,3,0.25,8
distractor_para,boundary:query,299,L49.lo.lo,dense,exception,contradicted; every cut loses a supporter,1.914,1.914,13,8,4,0.2,10
distractor_para,boundary:query,299,L49.hi.lo,dense,exception,contradicted; every cut loses a supporter,1.7878,1.7878,6,5,2,0.2857,7
distractor_para,boundary:query,299,L47.lo.lo,dense,split,4 exceptions; cut f:query_cap_spans at 1,,1.6556,13,8,4,0.2,10
distractor_para,boundary:query,299,L47.lo.lo.lo,dense,create,split of L47.lo.lo,,1.6556,13,0,0,0.0,0
distractor_para,boundary:query,299,L49.lo.lo,dense,split,4 exceptions; cut f:query_cap_spans at 1,,1.914,13,8,4,0.2,10
distractor_para,boundary:query,299,L49.lo.lo.lo,dense,create,split of L49.lo.lo,,1.914,13,0,0,0.0,0
distractor_para,boundary:query,300,L82,dense,expand,arm beat the default just outside the box,2.0029,2.0568,2,0,0,0.0,0
distractor_para,boundary:query,300,L83,hybrid,expand,arm beat the default just outside the box,2.0029,2.0568,2,0,0,0.0,0
distractor_para,boundary:query,300,L86,hybrid,create,"default missed, hybrid hit",,2.0,1,0,0,0.0,0
distractor_para,boundary:query,301,L61.lo,dense,exception,contradicted; every cut loses a supporter,1.9628,1.9628,8,7,3,0.1111,9
distractor_para,boundary:query,301,L49.hi.lo,dense,exception,contradicted; every cut loses a supporter,1.7911,1.7911,7,6,3,0.2222,9
distractor_para,boundary:query,303,L86,hybrid,expand,arm beat the default just outside the box,1.9999,2.0313,2,1,0,0.0,1
distractor_para,boundary:query,304,L82,dense,expand,arm beat the default just outside the box,2.0579,2.0893,3,0,0,0.0,0
distractor_para,boundary:query,304,L83,hybrid,expand,arm beat the default just outside the box,2.0579,2.0893,3,0,0,0.0,0
distractor_para,boundary:query,304,L86,hybrid,expand,arm beat the default just outside the box,2.0327,2.0641,3,1,0,0.0,1
distractor_para,boundary:query,306,L47.lo.hi,dense,expand,arm beat the default just outside the box,1.6543,1.6858,7,7,2,0.4167,12
distractor_para,boundary:query,306,L87,dense,create,"default missed, dense hit",,2.0,1,0,0,0.0,0
distractor_para,boundary:query,308,L52,dense,exception,contradicted; every cut loses a supporter,1.9824,1.9824,5,9,3,0.1,10
distractor_para,boundary:query,308,L53,hybrid,exception,contradicted; every cut loses a supporter,1.9824,1.9824,5,9,3,0.1,10
distractor_para,boundary:query,308,L63,hybrid,narrow,contradicted; cut f:query_len_tokens,2.0439,1.9014,3,5,0,0.1667,6
distractor_para,boundary:query,310,L47.lo.lo.lo,dense,retire,utility <= 0,,1.659,15,3,0,0.0,5
distractor_para,boundary:query,310,L49.lo.lo.lo,dense,retire,utility <= 0,,1.9182,15,3,0,0.0,5
distractor_para,boundary:query,310,L86,hybrid,retire,utility <= 0,,2.065,3,5,0,-0.2,5
distractor_para,boundary:query,312,L61.lo,dense,exception,contradicted; every cut loses a supporter,1.9649,1.9649,9,8,4,0.1818,11
distractor_para,boundary:query,312,L61.lo,dense,split,4 exceptions; cut f:query_len_tokens at 14,,1.9649,9,8,4,0.1818,11
distractor_para,boundary:query,312,L61.lo.lo,dense,create,split of L61.lo,,1.8707,5,0,0,0.0,0
distractor_para,boundary:query,312,L61.lo.hi,dense,create,split of L61.lo,,1.7766,4,0,0,0.0,0
distractor_para,boundary:query,313,L82,dense,retire,utility <= 0,,2.0938,3,5,0,-0.2,5
distractor_para,boundary:query,313,L83,hybrid,retire,utility <= 0,,2.0938,3,5,0,-0.2,5
distractor_para,boundary:query,314,L87,dense,expand,arm beat the default just outside the box,2.0111,2.0429,2,0,0,0.0,0
distractor_para,boundary:query,314,L61.lo.lo,dense,expand,arm beat the default just outside the box,1.8742,1.9057,6,0,0,0.0,0
distractor_para,boundary:query,316,L52,dense,exception,contradicted; every cut loses a supporter,1.9911,1.9911,5,10,4,0.0,11
distractor_para,boundary:query,316,L53,hybrid,exception,contradicted; every cut loses a supporter,1.9911,1.9911,5,10,4,0.0909,11
distractor_para,boundary:query,316,L52,dense,split,4 exceptions; cut f:query_cap_spans at 2,,1.9911,5,10,4,0.0,11
distractor_para,boundary:query,316,L52.lo,dense,create,split of L52,,1.792,4,0,0,0.0,0
distractor_para,boundary:query,316,L52.hi,dense,create,split of L52,,1.792,1,0,0,0.0,0
distractor_para,boundary:query,316,L53,hybrid,split,4 exceptions; cut f:query_cap_spans at 2,,1.9911,5,10,4,0.0909,11
distractor_para,boundary:query,316,L53.lo,hybrid,create,split of L53,,1.792,4,0,0,0.0,0
distractor_para,boundary:query,316,L53.hi,hybrid,create,split of L53,,1.792,1,0,0,0.0,0
distractor_para,boundary:query,321,L48.lo.hi,hybrid,narrow,contradicted; cut f:query_len_tokens,1.6341,1.6029,3,9,1,0.1818,11
distractor_para,boundary:query,321,L47.lo.hi,dense,exception,contradicted; every cut loses a supporter,1.6966,1.6966,7,8,3,0.3846,13
distractor_para,boundary:query,322,L63,hybrid,exception,contradicted; every cut loses a supporter,1.9103,1.9103,3,6,1,0.1429,7
distractor_para,boundary:query,323,L61.lo.hi,dense,narrow,contradicted; cut f:query_len_tokens,1.7822,1.7822,6,4,0,0.3333,6
distractor_para,boundary:query,324,L87,dense,exception,contradicted; every cut loses a supporter,2.0452,2.0452,3,5,1,0.1667,6
distractor_para,boundary:query,325,L87,dense,narrow,contradicted; cut f:query_len_tokens,2.0453,1.9734,3,6,1,0.0,7
distractor_para,boundary:query,325,L87,dense,retire,utility <= 0,,1.9734,3,6,1,0.0,7
distractor_para,boundary:query,326,L61.lo.hi,dense,exception,contradicted; every cut loses a supporter,1.7854,1.7854,6,5,1,0.2857,7
distractor_para,boundary:query,327,L47.lo.hi,dense,expand,arm beat the default just outside the box,1.7025,1.7337,8,8,3,0.3846,13
distractor_para,boundary:query,327,L94,dense,create,"default missed, dense hit",,2.0,1,0,0,0.0,0
distractor_para,boundary:query,327,L95,hybrid,create,"default missed, hybrid hit",,2.0,1,0,0,0.0,0
distractor_para,boundary:query,328,L63,hybrid,exception,contradicted; every cut loses a supporter,1.9174,1.9174,3,7,2,0.125,8
distractor_para,boundary:query,330,L63,hybrid,exception,contradicted; every cut loses a supporter,1.9104,1.9104,3,8,3,0.1111,9
distractor_para,boundary:query,330,L34.hi,dense,retire,utility <= 0,,1.8965,2,5,0,0.0,5
distractor_para,boundary:query,331,L94,dense,expand,arm beat the default just outside the box,1.9955,2.0161,2,0,0,0.0,0
distractor_para,boundary:query,332,L66,hybrid,narrow,contradicted; cut f:query_len_tokens,1.9332,1.902,4,10,3,0.1667,12
distractor_para,boundary:query,336,L94,dense,expand,arm beat the default just outside the box,2.0229,2.054,3,0,0,0.0,0
distractor_para,boundary:query,336,L95,hybrid,expand,arm beat the default just outside the box,2.0022,2.0334,2,0,0,0.0,0
distractor_para,boundary:query,336,L96,hybrid,create,"default missed, hybrid hit",,2.0,1,0,0,0.0,0
distractor_para,boundary:query,337,L61.lo.lo,dense,exception,contradicted; every cut loses a supporter,1.9149,1.9149,8,5,1,0.2857,7
distractor_para,boundary:query,337,L61.lo.hi,dense,exception,contradicted; every cut loses a supporter,1.7898,1.7898,7,6,2,0.3333,9
distractor_para,boundary:query,338,L61.lo.lo,dense,exception,contradicted; every cut loses a supporter,1.9165,1.9165,8,6,2,0.125,8
distractor_para,boundary:query,345,L34.lo,dense,retire,utility <= 0,,1.7384,4,5,0,-0.4,5
distractor_para,boundary:query,345,L52.lo,dense,retire,utility <= 0,,1.8101,4,5,0,-0.2,5
distractor_para,boundary:query,345,L53.lo,hybrid,retire,utility <= 0,,1.8101,4,5,0,0.0,5
distractor_para,boundary:query,346,L47.lo.hi,dense,exception,contradicted; every cut loses a supporter,1.745,1.745,9,9,4,0.4,15
distractor_para,boundary:query,346,L47.lo.hi,dense,split,4 exceptions; cut f:query_cap_spans at 2,,1.745,9,9,4,0.4,15
distractor_para,boundary:query,346,L47.lo.hi.lo,dense,create,split of L47.lo.hi,,1.745,9,0,0,0.0,0
distractor_para,boundary:query,347,L94,dense,retire,utility <= 0,,2.0659,3,5,0,-0.2,5
distractor_para,boundary:query,347,L95,hybrid,retire,utility <= 0,,2.0451,2,5,0,-0.2,5
distractor_para,boundary:query,349,L96,hybrid,retire,utility <= 0,,2.0065,1,5,0,-0.2,5
distractor_para,boundary:query,350,L48.lo.hi,hybrid,expand,arm beat the default just outside the box,1.6157,1.6472,4,9,1,0.1818,11
distractor_para,boundary:query,352,L47.lo.hi.lo,dense,retire,utility <= 0,,1.7441,9,5,0,-0.2,5
distractor_para,boundary:query,353,L50,dense,exception,contradicted; every cut loses a supporter,2.0058,2.0058,3,5,2,0.2857,7
distractor_para,boundary:query,353,L51,hybrid,exception,contradicted; every cut loses a supporter,2.0058,2.0058,3,5,2,0.2857,7
distractor_para,boundary:query,354,L48.lo.hi,hybrid,exception,contradicted; every cut loses a supporter,1.6442,1.6442,4,10,2,0.1667,12
distractor_para,boundary:query,354,L81,hybrid,exception,contradicted; every cut loses a supporter,2.0513,2.0513,4,4,1,0.3333,6
distractor_para,boundary:query,357,L17,dense,exception,contradicted; every cut loses a supporter,1.9254,1.9254,6,8,4,0.2727,11
distractor_para,boundary:query,357,L18,hybrid,exception,contradicted; every cut loses a supporter,1.9254,1.9254,6,8,4,0.2727,11
distractor_para,boundary:query,357,L17,dense,split,4 exceptions; cut f:query_cap_spans at 2,,1.9254,6,8,4,0.2727,11
distractor_para,boundary:query,357,L17.lo,dense,create,split of L17,,1.7251,5,0,0,0.0,0
distractor_para,boundary:query,357,L17.hi,dense,create,split of L17,,1.7251,1,0,0,0.0,0
distractor_para,boundary:query,357,L18,hybrid,split,4 exceptions; cut f:query_cap_spans at 2,,1.9254,6,8,4,0.2727,11
distractor_para,boundary:query,357,L18.lo,hybrid,create,split of L18,,1.7251,5,0,0,0.0,0
distractor_para,boundary:query,357,L18.hi,hybrid,create,split of L18,,1.7251,1,0,0,0.0,0
distractor_para,boundary:query,358,L61.lo.lo,dense,exception,contradicted; every cut loses a supporter,1.9165,1.9165,8,7,3,0.1111,9
distractor_para,boundary:query,358,L66,hybrid,expand,arm beat the default just outside the box,1.9098,1.9731,5,10,3,0.1667,12
distractor_para,boundary:query,358,L48.lo.hi,hybrid,expand,arm beat the default just outside the box,1.6419,1.7051,5,10,2,0.1667,12
distractor_para,boundary:query,358,L102,hybrid,create,"default missed, hybrid hit",,2.0,1,0,0,0.0,0
distractor_para,boundary:query,359,L24,dense,narrow,contradicted; cut f:query_len_tokens,1.9012,1.8695,4,8,2,0.2,10
distractor_para,boundary:query,359,L25,hybrid,narrow,contradicted; cut f:query_len_tokens,1.9012,1.8695,4,8,2,0.2,10
distractor_para,boundary:query,361,L81,hybrid,exception,contradicted; every cut loses a supporter,2.045,2.045,4,5,2,0.2857,7
distractor_para,boundary:query,366,L48.lo.hi,hybrid,exception,contradicted; every cut loses a supporter,1.7054,1.7054,5,11,3,0.1538,13
distractor_para,boundary:query,367,L103,dense,create,"default missed, dense hit",,2.0,1,0,0,0.0,0
distractor_para,boundary:query,368,L48.lo.hi,hybrid,exception,contradicted; every cut loses a supporter,1.7077,1.7077,5,12,4,0.1429,14
distractor_para,boundary:query,368,L48.lo.hi,hybrid,split,4 exceptions; cut f:query_cap_spans at 2,,1.7077,5,12,4,0.1429,14
distractor_para,boundary:query,368,L48.lo.hi.lo,hybrid,create,split of L48.lo.hi,,1.7077,5,0,0,0.0,0
distractor_para,boundary:query,369,L55,dense,expand,arm beat the default just outside the box,2.1015,2.1333,3,3,0,-0.3333,3
distractor_para,boundary:query,369,L56,hybrid,expand,arm beat the default just outside the box,2.1015,2.1333,3,3,0,0.0,3
distractor_para,boundary:query,369,L63,hybrid,expand,arm beat the default just outside the box,1.9255,1.9573,4,8,3,0.1111,9
distractor_para,boundary:query,369,L52.hi,dense,expand,arm beat the default just outside the box,1.8066,1.8384,2,2,0,0.0,2
distractor_para,boundary:query,369,L53.hi,hybrid,expand,arm beat the default just outside the box,1.8066,1.8384,2,2,0,0.0,2
distractor_para,boundary:query,370,L61.hi,dense,exception,contradicted; every cut loses a supporter,1.7939,1.7939,7,7,4,0.3,10
distractor_para,boundary:query,370,L49.hi.lo,dense,exception,contradicted; every cut loses a supporter,1.8119,1.8119,8,7,4,0.2727,11
distractor_para,boundary:query,370,L61.lo.hi,dense,exception,contradicted; every cut loses a supporter,1.7939,1.7939,7,7,3,0.3,10
distractor_para,boundary:query,370,L102,hybrid,expand,arm beat the default just outside the box,2.0054,2.0626,2,2,0,0.0,2
distractor_para,boundary:query,370,L61.hi,dense,split,4 exceptions; cut f:query_cap_spans at 1,,1.7939,7,7,4,0.3,10
distractor_para,boundary:query,370,L61.hi.lo,dense,create,split of L61.hi,,1.7939,7,0,0,0.0,0
distractor_para,boundary:query,370,L49.hi.lo,dense,split,4 exceptions; cut f:query_len_tokens at 15,,1.8119,8,7,4,0.2727,11
distractor_para,boundary:query,370,L49.hi.lo.lo,dense,create,split of L49.hi.lo,,1.7482,6,0,0,0.0,0
distractor_para,boundary:query,370,L49.hi.lo.hi,dense,create,split of L49.hi.lo,,1.7482,2,0,0,0.0,0
distractor_para,boundary:query,371,L61.lo.hi,dense,expand,arm beat the default just outside the box,1.7952,1.7952,8,7,3,0.3,10
distractor_para,boundary:query,371,L103,dense,expand,arm beat the default just outside the box,2.0051,2.0393,3,0,0,1.0,1
distractor_para,boundary:query,371,L49.hi.lo.hi,dense,expand,arm beat the default just outside the box,1.7495,1.7814,3,0,0,0.0,0
distractor_para,boundary:query,372,L81,hybrid,narrow,contradicted; cut f:query_len_tokens,2.0563,1.9825,5,6,2,0.3333,9
distractor_para,boundary:query,374,L50,dense,narrow,contradicted; cut f:query_len_tokens,2.0062,1.9277,3,6,2,0.25,8
distractor_para,boundary:query,374,L51,hybrid,narrow,contradicted; cut f:query_len_tokens,2.0062,1.9277,3,6,2,0.25,8
distractor_para,boundary:query,375,L66,hybrid,exception,contradicted; every cut loses a supporter,1.9742,1.9742,6,11,4,0.2143,14
distractor_para,boundary:query,375,L66,hybrid,split,4 exceptions; cut f:query_cap_spans at 0,,1.9742,6,11,4,0.2143,14
distractor_para,boundary:query,375,L66.lo,hybrid,create,split of L66,,1.7736,4,0,0,0.0,0
distractor_para,boundary:query,375,L66.hi,hybrid,create,split of L66,,1.8042,2,0,0,0.0,0
distractor_para,boundary:query,378,L49.hi.lo.lo,dense,expand,arm beat the default just outside the box,1.7408,1.8043,8,0,0,1.0,1
distractor_para,boundary:query,381,L103,dense,exception,contradicted; every cut loses a supporter,2.033,2.033,4,4,1,0.3333,6
distractor_para,boundary:query,382,L61.lo.lo,dense,exception,contradicted; every cut loses a supporter,1.917,1.917,8,8,4,0.1,10
distractor_para,boundary:query,382,L102,hybrid,exception,contradicted; every cut loses a supporter,2.0582,2.0582,4,5,1,0.1429,7
distractor_para,boundary:query,382,L61.lo.lo,dense,split,4 exceptions; cut f:query_cap_spans at 1,,1.917,8,8,4,0.1,10
distractor_para,boundary:query,382,L61.lo.lo.lo,dense,create,split of L61.lo.lo,,1.917,8,0,0,0.0,0
distractor_para,boundary:query,383,L49.hi.lo.lo,dense,expand,arm beat the default just outside the box,1.8093,1.8411,9,1,0,0.5,2
distractor_para,boundary:query,383,L61.lo.lo.lo,dense,expand,arm beat the default just outside the box,1.9185,1.9503,9,0,0,0.0,0
distractor_para,boundary:query,384,L103,dense,exception,contradicted; every cut loses a supporter,2.0364,2.0364,5,5,2,0.375,8
distractor_para,boundary:query,385,L102,hybrid,narrow,contradicted; cut f:query_len_tokens,2.061,1.957,5,6,1,0.2222,9
distractor_para,boundary:query,386,L55,dense,retire,utility <= 0,,2.1336,4,4,0,0.0,5
distractor_para,boundary:query,387,L102,hybrid,exception,contradicted; every cut loses a supporter,1.9595,1.9595,5,7,2,0.2,10
distractor_para,boundary:query,387,L103,dense,exception,contradicted; every cut loses a supporter,2.0388,2.0388,6,6,3,0.4,10
distractor_para,boundary:query,387,L48.lo.hi.lo,hybrid,exception,contradicted; every cut loses a supporter,1.7099,1.7099,8,4,1,0.4286,7
distractor_para,boundary:query,389,L81,hybrid,expand,arm beat the default just outside the box,1.9782,2.0418,7,6,2,0.4,10
distractor_para,boundary:query,390,L102,hybrid,exception,contradicted; every cut loses a supporter,1.9561,1.9561,5,8,3,0.1818,11
distractor_para,boundary:query,390,L103,dense,exception,contradicted; every cut loses a supporter,2.0353,2.0353,6,7,4,0.3636,11
distractor_para,boundary:query,390,L48.lo.hi.lo,hybrid,exception,contradicted; every cut loses a supporter,1.7062,1.7062,8,5,2,0.375,8
distractor_para,boundary:query,390,L103,dense,split,4 exceptions; cut f:query_len_tokens at 15.5,,2.0353,6,7,4,0.3636,11
distractor_para,boundary:query,390,L103.lo,dense,create,split of L103,,1.8839,3,0,0,0.0,0
distractor_para,boundary:query,390,L103.hi,dense,create,split of L103,,1.8521,3,0,0,0.0,0
distractor_para,boundary:query,392,L24,dense,expand,arm beat the default just outside the box,1.87,1.87,5,8,2,0.2,10
distractor_para,boundary:query,392,L25,hybrid,expand,arm beat the default just outside the box,1.87,1.87,5,8,2,0.2,10
distractor_para,boundary:query,392,L50,dense,expand,arm beat the default just outside the box,1.9197,1.9197,4,6,2,0.25,8
distractor_para,boundary:query,392,L51,hybrid,expand,arm beat the default just outside the box,1.9197,1.9197,4,6,2,0.25,8
distractor_para,boundary:query,392,L17.lo,dense,expand,arm beat the default just outside the box,1.7183,1.7495,6,1,0,0.0,1
distractor_para,boundary:query,392,L17.hi,dense,expand,arm beat the default just outside the box,1.7183,1.7495,2,1,0,0.0,1
distractor_para,boundary:query,392,L18.lo,hybrid,expand,arm beat the default just outside the box,1.7183,1.7495,6,1,0,0.0,1
distractor_para,boundary:query,392,L18.hi,hybrid,expand,arm beat the default just outside the box,1.7183,1.7495,2,1,0,0.0,1
distractor_para,boundary:query,392,L113,dense,create,"default missed, dense hit",,2.0,1,0,0,0.0,0
distractor_para,boundary:query,392,L114,hybrid,create,"default missed, hybrid hit",,2.0,1,0,0,0.0,0
distractor_para,boundary:query,393,L61.lo.hi,dense,exception,contradicted; every cut loses a supporter,1.7851,1.7851,8,8,4,0.2727,11
distractor_para,boundary:query,393,L102,hybrid,exception,contradicted; every cut loses a supporter,1.9465,1.9465,5,9,4,0.1667,12
distractor_para,boundary:query,393,L66.hi,hybrid,narrow,contradicted; cut f:query_cap_spans,1.795,1.795,4,4,0,0.1667,6
distractor_para,boundary:query,393,L61.lo.hi,dense,split,4 exceptions; cut f:query_cap_spans at 1,,1.7851,8,8,4,0.2727,11
distractor_para,boundary:query,393,L61.lo.hi.lo,dense,create,split of L61.lo.hi,,1.7851,8,0,0,0.0,0
distractor_para,boundary:query,393,L102,hybrid,split,4 exceptions; cut f:query_cap_spans at 1,,1.9465,5,9,4,0.1667,12
distractor_para,boundary:query,393,L102.lo,hybrid,create,split of L102,,1.779,5,0,0,0.0,0
distractor_para,boundary:query,394,L56,hybrid,narrow,contradicted; cut f:query_len_tokens,2.1149,2.0984,5,5,0,0.2857,7
distractor_para,boundary:query,395,L49.hi.lo.lo,dense,exception,contradicted; every cut loses a supporter,1.8342,1.8342,9,5,1,0.1667,6
distractor_para,boundary:query,395,L66.hi,hybrid,exception,contradicted; every cut loses a supporter,1.7943,1.7943,4,5,1,0.1429,7
distractor_para,boundary:query,395,L61.lo.lo.lo,dense,retire,utility <= 0,,1.9406,9,5,0,0.0,5
distractor_para,boundary:query,397,L49.hi.lo.lo,dense,exception,contradicted; every cut loses a supporter,1.8286,1.8286,9,6,2,0.1429,7
distractor_para,boundary:query,399,L49.hi.lo.lo,dense,exception,contradicted; every cut loses a supporter,1.8294,1.8294,9,7,3,0.125,8
distractor_para,boundary:query,399,L66.lo,hybrid,retire,utility <= 0,,1.7597,4,5,0,-0.2,5
distractor_para,boundary:query,400,L66.hi,hybrid,narrow,contradicted; cut f:query_len_tokens,1.7916,1.7606,4,6,1,0.125,8
distractor_para,boundary:query,401,L66.hi,hybrid,exception,contradicted; every cut loses a supporter,1.7618,1.7618,4,7,2,0.1111,9
distractor_para,boundary:query,401,L103.hi,dense,expand,arm beat the default just outside the box,1.8427,1.8582,4,1,0,0.0,1
distractor_para,boundary:query,403,L11.lo,hybrid,expand,arm beat the default just outside the box,1.5401,1.5711,6,7,3,0.125,8
distractor_para,boundary:query,403,L63,hybrid,expand,arm beat the default just outside the box,1.9448,1.9759,6,8,3,0.2,10
distractor_para,boundary:query,403,L66.hi,hybrid,expand,arm beat the default just outside the box,1.7634,1.8255,5,7,2,0.1111,9
distractor_para,boundary:query,403,L117,dense,create,"default missed, dense hit",,2.0,1,0,0,0.0,0
distractor_para,boundary:query,403,L118,hybrid,create,"default missed, hybrid hit",,2.0,1,0,0,0.0,0
distractor_para,boundary:query,404,L63,hybrid,expand,arm beat the default just outside the box,1.9773,2.0084,7,8,3,0.2,10
distractor_para,boundary:query,404,L48.lo.hi.lo,hybrid,expand,arm beat the default just outside the box,1.699,1.7612,9,5,2,0.375,8
distractor_para,boundary:query,404,L61.hi.lo,dense,expand,arm beat the default just outside the box,1.786,1.8482,11,3,0,0.5,6
distractor_para,boundary:query,404,L49.hi.lo.hi,dense,expand,arm beat the default just outside the box,1.7723,1.8345,6,3,0,0.4,5
distractor_para,boundary:query,404,L61.lo.hi.lo,dense,expand,arm beat the default just outside the box,1.786,1.8482,10,1,0,0.5,2
distractor_para,boundary:query,404,L102.lo,hybrid,expand,arm beat the default just outside the box,1.7796,1.8417,6,4,0,0.0,4
distractor_para,boundary:query,404,L117,dense,expand,arm beat the default just outside the box,2.0014,2.0358,2,0,0,0.0,0
distractor_para,boundary:query,404,L118,hybrid,expand,arm beat the default just outside the box,2.0014,2.0358,2,0,0,0.0,0
distractor_para,boundary:query,405,L63,hybrid,exception,contradicted; every cut loses a supporter,2.0094,2.0094,7,9,4,0.1818,11
distractor_para,boundary:query,405,L48.lo.hi.lo,hybrid,exception,contradicted; every cut loses a supporter,1.7621,1.7621,9,6,3,0.3333,9
distractor_para,boundary:query,405,L63,hybrid,split,4 exceptions; cut f:query_len_tokens at 20,,2.0094,7,9,4,0.1818,11
distractor_para,boundary:query,405,L63.lo,hybrid,create,split of L63,,1.7605,4,0,0,0.0,0
distractor_para,boundary:query,405,L63.hi,hybrid,create,split of L63,,1.9783,3,0,0,0.0,0
distractor_para,boundary:query,406,L103.hi,dense,retire,utility <= 0,,1.8626,5,4,0,0.0,5
distractor_para,boundary:query,407,L48.lo.hi.lo,hybrid,exception,contradicted; every cut loses a supporter,1.7643,1.7643,9,7,4,0.3,10
distractor_para,boundary:query,407,L61.hi.lo,dense,exception,contradicted; every cut loses a supporter,1.8513,1.8513,11,4,1,0.2857,7
distractor_para,boundary:query,407,L49.hi.lo.hi,dense,exception,contradicted; every cut loses a supporter,1.8375,1.8375,6,4,1,0.1667,6
distractor_para,boundary:query,407,L66.hi,hybrid,exception,contradicted; every cut loses a supporter,1.8301,1.8301,6,8,3,0.1818,11
distractor_para,boundary:query,407,L48.lo.hi.lo,hybrid,split,4 exceptions; cut f:query_len_tokens at 14,,1.7643,9,7,4,0.3,10
distractor_para,boundary:query,407,L48.lo.hi.lo.lo,hybrid,create,split of L48.lo.hi.lo,,1.6084,5,0,0,0.0,0
distractor_para,boundary:query,407,L48.lo.hi.lo.hi,hybrid,create,split of L48.lo.hi.lo,,1.6708,4,0,0,0.0,0
distractor_para,boundary:query,407,L102.lo,hybrid,retire,utility <= 0,,1.8452,6,5,0,0.0,5
distractor_para,boundary:query,412,L49.hi.lo.lo,dense,exception,contradicted; every cut loses a supporter,1.8429,1.8429,10,8,4,0.1,10
distractor_para,boundary:query,412,L49.hi.lo.lo,dense,split,4 exceptions; cut f:query_cap_spans at 1,,1.8429,10,8,4,0.1,10
distractor_para,boundary:query,412,L49.hi.lo.lo.lo,dense,create,split of L49.hi.lo.lo,,1.8429,10,0,0,0.0,0
distractor_para,boundary:query,412,L61.lo.hi.lo,dense,retire,utility <= 0,,1.8567,10,4,0,-0.2,5
distractor_para,boundary:query,413,L61.hi.lo,dense,exception,contradicted; every cut loses a supporter,1.858,1.858,11,5,2,0.25,8
distractor_para,boundary:query,413,L49.hi.lo.hi,dense,exception,contradicted; every cut loses a supporter,1.8441,1.8441,6,5,2,0.1429,7
distractor_para,boundary:query,414,L61.hi.lo,dense,exception,contradicted; every cut loses a supporter,1.8583,1.8583,11,6,3,0.2222,9
distractor_para,boundary:query,414,L49.hi.lo.hi,dense,exception,contradicted; every cut loses a supporter,1.8445,1.8445,6,6,3,0.125,8
distractor_para,boundary:query,414,L66.hi,hybrid,exception,contradicted; every cut loses a supporter,1.8376,1.8376,6,9,4,0.1667,12
distractor_para,boundary:query,414,L66.hi,hybrid,split,4 exceptions; cut f:query_cap_spans at 1,,1.8376,6,9,4,0.1667,12
distractor_para,boundary:query,414,L66.hi.lo,hybrid,create,split of L66.hi,,1.8376,6,0,0,0.0,0
distractor_para,boundary:query,414,L117,dense,retire,utility <= 0,,2.0478,2,5,0,-0.4,5
distractor_para,boundary:query,414,L118,hybrid,retire,utility <= 0,,2.0478,2,5,0,-0.2,5
distractor_para,boundary:query,417,L61.hi.lo,dense,exception,contradicted; every cut loses a supporter,1.8583,1.8583,11,7,4,0.2,10
distractor_para,boundary:query,417,L49.hi.lo.hi,dense,exception,contradicted; every cut loses a supporter,1.8444,1.8444,6,7,4,0.1111,9
distractor_para,boundary:query,417,L61.hi.lo,dense,split,4 exceptions; cut f:query_cap_spans at 1,,1.8583,11,7,4,0.2,10
distractor_para,boundary:query,417,L61.hi.lo.lo,dense,create,split of L61.hi.lo,,1.8583,11,0,0,0.0,0
distractor_para,boundary:query,417,L49.hi.lo.hi,dense,split,4 exceptions; cut f:query_cap_spans at 1,,1.8444,6,7,4,0.1111,9
distractor_para,boundary:query,417,L49.hi.lo.hi.lo,dense,create,split of L49.hi.lo.hi,,1.8444,6,0,0,0.0,0
distractor_para,boundary:query,418,L48.lo.hi.lo.hi,hybrid,retire,utility <= 0,,1.6784,4,5,0,-0.2,5
distractor_para,boundary:query,421,L24,dense,exception,contradicted; every cut loses a supporter,1.8771,1.8771,5,9,3,0.1818,11
distractor_para,boundary:query,421,L25,hybrid,exception,contradicted; every cut loses a supporter,1.8771,1.8771,5,9,3,0.1818,11
distractor_para,boundary:query,423,L103.lo,dense,exception,contradicted; every cut loses a supporter,1.8833,1.8833,4,5,1,0.1667,6
distractor_para,boundary:query,424,L50,dense,exception,contradicted; every cut loses a supporter,1.9221,1.9221,4,7,3,0.2222,9
distractor_para,boundary:query,424,L51,hybrid,exception,contradicted; every cut loses a supporter,1.9221,1.9221,4,7,3,0.2222,9
distractor_para,boundary:query,426,L61.hi.lo.lo,dense,expand,arm beat the default just outside the box,1.8509,1.882,12,1,0,0.0,1
distractor_para,boundary:query,426,L49.hi.lo.hi.lo,dense,expand,arm beat the default just outside the box,1.8371,1.8682,7,1,0,0.0,1
distractor_para,boundary:query,431,L103.lo,dense,exception,contradicted; every cut loses a supporter,1.8786,1.8786,4,6,2,0.1429,7
distractor_para,boundary:query,431,L66.hi.lo,hybrid,exception,contradicted; every cut loses a supporter,1.8289,1.8289,7,5,1,0.1667,6
distractor_para,boundary:query,431,L49.hi.lo.lo.lo,dense,retire,utility <= 0,,1.8366,11,4,0,0.0,5
distractor_para,boundary:query,432,L48.lo.hi.lo.lo,hybrid,retire,utility <= 0,,1.6084,5,5,0,0.0,5
distractor_para,boundary:query,435,L63.hi,hybrid,retire,utility <= 0,,1.9767,4,4,0,0.0,5
distractor_para,boundary:query,435,L127,dense,create,"default missed, dense hit",,2.0,1,0,0,0.0,0
distractor_para,boundary:query,436,L63.lo,hybrid,expand,arm beat the default just outside the box,1.7607,1.8227,5,3,0,0.0,3
distractor_para,boundary:query,436,L66.hi.lo,hybrid,expand,arm beat the default just outside the box,1.8261,1.8881,8,5,1,0.1667,6
distractor_para,boundary:query,436,L128,hybrid,create,"default missed, hybrid hit",,2.0,1,0,0,0.0,0
distractor_para,boundary:query,440,L63.lo,hybrid,exception,contradicted; every cut loses a supporter,1.8267,1.8267,6,5,1,0.1667,6
distractor_para,boundary:query,440,L66.hi.lo,hybrid,exception,contradicted; every cut loses a supporter,1.8917,1.8917,9,6,2,0.25,8
distractor_para,boundary:query,442,L127,dense,expand,arm beat the default just outside the box,2.0069,2.0425,4,0,0,1.0,2
distractor_para,boundary:query,442,L128,hybrid,expand,arm beat the default just outside the box,2.0059,2.0416,3,1,0,0.5,2
distractor_para,boundary:query,445,L63.lo,hybrid,expand,arm beat the default just outside the box,1.8189,1.8808,8,5,1,0.2857,7
distractor_para,boundary:query,445,L128,hybrid,expand,arm beat the default just outside the box,2.0322,2.0669,4,1,0,0.5,2
distractor_para,boundary:query,446,L61.hi.lo.lo,dense,expand,arm beat the default just outside the box,1.8774,1.9393,14,4,0,0.2,5
distractor_para,boundary:query,446,L49.hi.lo.hi.lo,dense,expand,arm beat the default just outside the box,1.8636,1.9255,9,4,0,0.2,5
distractor_para,boundary:query,446,L129,dense,create,"default missed, dense hit",,2.0,1,0,0,0.0,0
distractor_para,boundary:query,446,L130,hybrid,create,"default missed, hybrid hit",,2.0,1,0,0,0.0,0
distractor_para,boundary:query,447,L56,hybrid,exception,contradicted; every cut loses a supporter,2.0983,2.0983,7,6,1,0.4,10
distractor_para,boundary:query,447,L81,hybrid,exception,contradicted; every cut loses a supporter,2.0293,2.0293,8,7,3,0.4167,12
distractor_para,boundary:query,447,L52.hi,dense,exception,contradicted; every cut loses a supporter,1.8268,1.8268,6,4,1,0.5,8
distractor_para,boundary:query,447,L53.hi,hybrid,exception,contradicted; every cut loses a supporter,1.8268,1.8268,6,4,1,0.5,8
distractor_para,boundary:query,448,L103.lo,dense,narrow,contradicted; cut f:query_len_tokens,1.8745,1.8667,4,7,2,0.125,8
distractor_para,boundary:query,452,L63.lo,hybrid,exception,contradicted; every cut loses a supporter,1.8802,1.8802,8,6,2,0.25,8
distractor_para,boundary:query,452,L66.hi.lo,hybrid,exception,contradicted; every cut loses a supporter,1.8876,1.8876,10,7,3,0.3,10
distractor_para,boundary:query,452,L61.hi.lo.lo,dense,exception,contradicted; every cut loses a supporter,1.9375,1.9375,14,5,1,0.1667,6
distractor_para,boundary:query,452,L49.hi.lo.hi.lo,dense,exception,contradicted; every cut loses a supporter,1.9238,1.9238,9,5,1,0.1667,6
distractor_para,boundary:query,453,L61.hi.lo.lo,dense,exception,contradicted; every cut loses a supporter,1.9387,1.9387,14,6,2,0.1429,7
distractor_para,boundary:query,453,L49.hi.lo.hi.lo,dense,exception,contradicted; every cut loses a supporter,1.9249,1.9249,9,6,2,0.1429,7
distractor_para,boundary:query,455,L63.lo,hybrid,expand,arm beat the default just outside the box,1.8834,1.9453,9,6,2,0.25,8
distractor_para,boundary:query,455,L128,hybrid,expand,arm beat the default just outside the box,2.0695,2.1198,5,3,0,0.25,4
distractor_para,boundary:query,457,L128,hybrid,exception,contradicted; every cut loses a supporter,2.1228,2.1228,5,5,1,0.1667,6
distractor_para,boundary:query,457,L129,dense,narrow,contradicted; cut f:query_len_tokens,2.004,1.9921,2,5,0,0.1667,6
distractor_para,boundary:query,457,L130,hybrid,narrow,contradicted; cut f:query_len_tokens,2.004,1.9921,2,5,0,0.1667,6
distractor_para,boundary:query,458,L63.lo,hybrid,exception,contradicted; every cut loses a supporter,1.9483,1.9483,9,7,3,0.2222,9
distractor_para,boundary:query,458,L66.hi.lo,hybrid,exception,contradicted; every cut loses a supporter,1.8936,1.8936,11,8,4,0.3333,12
distractor_para,boundary:query,458,L61.hi.lo.lo,dense,exception,contradicted; every cut loses a supporter,1.9438,1.9438,15,7,3,0.2222,9
distractor_para,boundary:query,458,L49.hi.lo.hi.lo,dense,exception,contradicted; every cut loses a supporter,1.9299,1.9299,10,7,3,0.2222,9
distractor_para,boundary:query,458,L128,hybrid,exception,contradicted; every cut loses a supporter,2.1233,2.1233,5,6,2,0.1429,7
distractor_para,boundary:query,458,L66.hi.lo,hybrid,split,4 exceptions; cut f:query_cap_spans at 1,,1.8936,11,8,4,0.3333,12
distractor_para,boundary:query,458,L66.hi.lo.lo,hybrid,create,split of L66.hi.lo,,1.8936,11,0,0,0.0,0
distractor_para,boundary:query,460,L56,hybrid,exception,contradicted; every cut loses a supporter,2.105,2.105,7,7,2,0.3636,11
distractor_para,boundary:query,460,L52.hi,dense,exception,contradicted; every cut loses a supporter,1.8319,1.8319,6,5,2,0.3333,9
distractor_para,boundary:query,460,L53.hi,hybrid,exception,contradicted; every cut loses a supporter,1.8319,1.8319,6,5,2,0.4444,9
distractor_para,boundary:query,460,L128,hybrid,narrow,contradicted; cut f:query_len_tokens,2.1246,2.0821,5,7,2,0.125,8
distractor_para,boundary:query,461,L127,dense,expand,arm beat the default just outside the box,2.0414,2.0919,6,1,0,0.5,4
distractor_para,boundary:query,462,L129,dense,exception,contradicted; every cut loses a supporter,1.9964,1.9964,2,6,1,0.1429,7
distractor_para,boundary:query,462,L130,hybrid,exception,contradicted; every cut loses a supporter,1.9964,1.9964,2,6,1,0.1429,7
distractor_para,boundary:query,464,L66.hi.lo.lo,hybrid,retire,utility <= 0,,1.8992,12,4,0,0.0,5
distractor_para,boundary:query,465,L61.hi.lo.lo,dense,exception,contradicted; every cut loses a supporter,1.9512,1.9512,16,8,4,0.2727,11
distractor_para,boundary:query,465,L49.hi.lo.hi.lo,dense,exception,contradicted; every cut loses a supporter,1.9372,1.9372,11,8,4,0.2727,11
distractor_para,boundary:query,465,L61.hi.lo.lo,dense,split,4 exceptions; cut f:query_cap_spans at 1,,1.9512,16,8,4,0.2727,11
distractor_para,boundary:query,465,L61.hi.lo.lo.lo,dense,create,split of L61.hi.lo.lo,,1.9512,16,0,0,0.0,0
distractor_para,boundary:query,465,L49.hi.lo.hi.lo,dense,split,4 exceptions; cut f:query_cap_spans at 1,,1.9372,11,8,4,0.2727,11
distractor_para,boundary:query,465,L49.hi.lo.hi.lo.lo,dense,create,split of L49.hi.lo.hi.lo,,1.9372,11,0,0,0.0,0
distractor_para,boundary:query,466,L130,hybrid,exception,contradicted; every cut loses a supporter,2.001,2.001,2,7,2,0.125,8
distractor_para,boundary:query,469,L127,dense,exception,contradicted; every cut loses a supporter,2.0996,2.0996,6,3,1,0.3333,6
distractor_para,boundary:query,470,L63.lo,hybrid,exception,contradicted; every cut loses a supporter,1.9596,1.9596,9,8,4,0.2,10
distractor_para,boundary:query,470,L127,dense,exception,contradicted; every cut loses a supporter,2.1008,2.1008,6,4,2,0.2857,7
distractor_para,boundary:query,470,L128,hybrid,exception,contradicted; every cut loses a supporter,2.0924,2.0924,7,8,3,0.2727,11
distractor_para,boundary:query,470,L63.lo,hybrid,split,4 exceptions; cut f:query_len_tokens at 20,,1.9596,9,8,4,0.2,10
distractor_para,boundary:query,470,L63.lo.lo,hybrid,create,split of L63.lo,,1.8974,6,0,0,0.0,0
distractor_para,boundary:query,470,L63.lo.hi,hybrid,create,split of L63.lo,,1.8041,3,0,0,0.0,0
distractor_para,boundary:query,472,L81,hybrid,exception,contradicted; every cut loses a supporter,2.0466,2.0466,8,8,4,0.3846,13
distractor_para,boundary:query,472,L128,hybrid,exception,contradicted; every cut loses a supporter,2.0929,2.0929,7,9,4,0.25,12
distractor_para,boundary:query,472,L103.lo,dense,expand,arm beat the default just outside the box,1.8827,1.8983,6,7,2,0.2222,9
distractor_para,boundary:query,472,L129,dense,expand,arm beat the default just outside the box,2.0043,2.0357,4,6,1,0.25,8
distractor_para,boundary:query,472,L81,hybrid,split,4 exceptions; cut f:query_len_tokens at 20,,2.0466,8,8,4,0.3846,13
distractor_para,boundary:query,472,L81.lo,hybrid,create,split of L81,,1.9224,5,0,0,0.0,0
distractor_para,boundary:query,472,L81.hi,hybrid,create,split of L81,,1.8504,3,0,0,0.0,0
distractor_para,boundary:query,472,L128,hybrid,split,4 exceptions; cut f:query_len_tokens at 19,,2.0929,7,9,4,0.25,12
distractor_para,boundary:query,472,L128.lo,hybrid,create,split of L128,,1.8754,4,0,0,0.0,0
distractor_para,boundary:query,472,L128.hi,hybrid,create,split of L128,,1.9686,3,0,0,0.0,0
distractor_para,boundary:query,472,L140,dense,create,"default missed, dense hit",,2.0,1,0,0,0.0,0
distractor_para,boundary:query,473,L127,dense,exception,contradicted; every cut loses a supporter,2.1026,2.1026,6,5,3,0.25,8
distractor_para,boundary:query,475,L56,hybrid,exception,contradicted; every cut loses a supporter,2.1193,2.1193,7,8,3,0.3333,12
distractor_para,boundary:query,475,L53.hi,hybrid,exception,contradicted; every cut loses a supporter,1.8443,1.8443,6,6,3,0.4,10
distractor_para,boundary:query,477,L61.hi.lo.lo.lo,dense,exception,contradicted; every cut loses a supporter,1.96,1.96,17,5,1,0.1667,6
distractor_para,boundary:query,477,L49.hi.lo.hi.lo.lo,dense,exception,contradicted; every cut loses a supporter,1.9459,1.9459,12,5,1,0.1667,6
distractor_para,boundary:query,477,L63.lo.lo,hybrid,retire,utility <= 0,,1.9023,6,5,0,0.0,5
distractor_para,boundary:query,478,L141,hybrid,create,"default missed, hybrid hit",,2.0,1,0,0,0.0,0
distractor_para,boundary:query,479,L129,dense,narrow,contradicted; cut f:query_len_tokens,2.0404,1.9044,4,7,1,0.2222,9
distractor_para,boundary:query,480,L127,dense,exception,contradicted; every cut loses a supporter,2.1066,2.1066,8,6,4,0.3636,11
distractor_para,boundary:query,480,L127,dense,split,4 exceptions; cut f:query_len_tokens at 22,,2.1066,8,6,4,0.3636,11
distractor_para,boundary:query,480,L127.lo,dense,create,split of L127,,1.8163,5,0,0,0.0,0
distractor_para,boundary:query,480,L127.hi,dense,create,split of L127,,2.0137,3,0,0,0.0,0
distractor_para,boundary:query,481,L103.lo,dense,exception,contradicted; every cut loses a supporter,1.905,1.905,6,8,3,0.2,10
distractor_para,boundary:query,481,L129,dense,exception,contradicted; every cut loses a supporter,1.9062,1.9062,4,8,2,0.2,10
distractor_para,boundary:query,481,L128.lo,hybrid,retire,utility <= 0,,1.8825,4,5,0,0.0,5
distractor_para,boundary:query,483,L52.hi,dense,exception,contradicted; every cut loses a supporter,1.8487,1.8487,7,6,3,0.3636,11
distractor_para,boundary:query,483,L128.hi,hybrid,retire,utility <= 0,,1.977,3,5,0,0.0,5
distractor_para,boundary:query,485,L61.hi.lo.lo.lo,dense,exception,contradicted; every cut loses a supporter,1.9637,1.9637,17,6,2,0.1429,7
distractor_para,boundary:query,485,L49.hi.lo.hi.lo.lo,dense,exception,contradicted; every cut loses a supporter,1.9496,1.9496,12,6,2,0.1429,7
distractor_para,boundary:query,486,L61.hi.lo.lo.lo,dense,exception,contradicted; every cut loses a supporter,1.9648,1.9648,17,7,3,0.125,8
distractor_para,boundary:query,486,L49.hi.lo.hi.lo.lo,dense,exception,contradicted; every cut loses a supporter,1.9506,1.9506,12,7,3,0.125,8
distractor_para,boundary:query,487,L103.lo,dense,exception,contradicted; every cut loses a supporter,1.9091,1.9091,6,9,4,0.1818,11
distractor_para,boundary:query,487,L129,dense,exception,contradicted; every cut loses a supporter,1.9103,1.9103,4,9,3,0.1818,11
distractor_para,boundary:query,487,L61.hi.lo.lo.lo,dense,exception,contradicted; every cut loses a supporter,1.9661,1.9661,17,8,4,0.1111,9
distractor_para,boundary:query,487,L49.hi.lo.hi.lo.lo,dense,exception,contradicted; every cut loses a supporter,1.9519,1.9519,12,8,4,0.1111,9
distractor_para,boundary:query,487,L103.lo,dense,split,4 exceptions; cut f:query_cap_spans at 1,,1.9091,6,9,4,0.1818,11
distractor_para,boundary:query,487,L103.lo.lo,dense,create,split of L103.lo,,1.5412,4,0,0,0.0,0
distractor_para,boundary:query,487,L103.lo.hi,dense,create,split of L103.lo,,1.9091,2,0,0,0.0,0
distractor_para,boundary:query,487,L61.hi.lo.lo.lo,dense,split,4 exceptions; cut f:query_cap_spans at 1,,1.9661,17,8,4,0.1111,9
distractor_para,boundary:query,487,L61.hi.lo.lo.lo.lo,dense,create,split of L61.hi.lo.lo.lo,,1.9661,17,0,0,0.0,0
distractor_para,boundary:query,487,L49.hi.lo.hi.lo.lo,dense,split,4 exceptions; cut f:query_cap_spans at 1,,1.9519,12,8,4,0.1111,9
distractor_para,boundary:query,487,L49.hi.lo.hi.lo.lo.lo,dense,create,split of L49.hi.lo.hi.lo.lo,,1.9519,12,0,0,0.0,0
distractor_para,boundary:query,488,L140,dense,expand,arm beat the default just outside the box,2.0112,2.0448,3,3,0,0.25,4
distractor_para,boundary:query,488,L148,hybrid,create,"default missed, hybrid hit",,2.0,1,0,0,0.0,0
distractor_para,boundary:query,491,L129,dense,expand,arm beat the default just outside the box,1.9084,1.9084,5,9,3,0.1818,11
distractor_para,boundary:query,491,L140,dense,expand,arm beat the default just outside the box,2.0421,2.0618,4,4,0,0.2,5
distractor_para,boundary:query,491,L103.lo.lo,dense,expand,arm beat the default just outside the box,1.5383,1.5383,6,0,0,1.0,1
distractor_para,boundary:query,491,L103.lo.hi,dense,expand,arm beat the default just outside the box,1.9072,1.9072,4,1,0,0.5,2
distractor_para,boundary:query,491,L61.hi.lo.lo.lo.lo,dense,expand,arm beat the default just outside the box,1.9643,1.9953,19,0,0,1.0,1
distractor_para,boundary:query,491,L49.hi.lo.hi.lo.lo.lo,dense,expand,arm beat the default just outside the box,1.9501,1.9812,14,0,0,1.0,1
distractor_para,boundary:query,491,L149,dense,create,"default missed, dense hit",,2.0,1,0,0,0.0,0
distractor_para,boundary:query,492,L130,hybrid,narrow,contradicted; cut f:query_len_tokens,2.0133,1.9393,2,8,2,0.1111,9
distractor_para,boundary:query,493,L129,dense,expand,arm beat the default just outside the box,1.9102,1.9722,6,9,3,0.1818,11
distractor_para,boundary:query,493,L130,hybrid,expand,arm beat the default just outside the box,1.9405,2.0025,3,8,2,0.1111,9
distractor_para,boundary:query,493,L63.lo.hi,hybrid,expand,arm beat the default just outside the box,1.8161,1.8782,4,2,0,0.0,2
distractor_para,boundary:query,493,L127.lo,dense,expand,arm beat the default just outside the box,1.821,1.852,6,2,0,0.0,2
distractor_para,boundary:query,493,L103.lo.lo,dense,expand,arm beat the default just outside the box,1.5394,1.6014,7,0,0,1.0,1
distractor_para,boundary:query,493,L103.lo.hi,dense,expand,arm beat the default just outside the box,1.909,1.9711,5,1,0,0.5,2
distractor_para,boundary:query,493,L148,hybrid,expand,arm beat the default just outside the box,1.9989,2.0183,2,2,0,0.0,2
distractor_para,boundary:query,493,L149,dense,expand,arm beat the default just outside the box,2.0016,2.0832,2,1,0,0.0,1
distractor_para,boundary:query,493,L150,hybrid,create,"default missed, hybrid hit",,2.0,1,0,0,0.0,0
distractor_para,boundary:query,494,L140,dense,exception,contradicted; every cut loses a supporter,2.0642,2.0642,5,5,1,0.2857,7
distractor_para,boundary:query,497,L140,dense,exception,contradicted; every cut loses a supporter,2.0623,2.0623,6,6,2,0.3333,9
distractor_para,boundary:query,498,L130,hybrid,exception,contradicted; every cut loses a supporter,2.003,2.003,4,9,3,0.1818,11
distractor_para,boundary:query,498,L140,dense,exception,contradicted; every cut loses a supporter,2.0636,2.0636,6,7,3,0.3,10
distractor_para,boundary:query,499,L130,hybrid,expand,arm beat the default just outside the box,2.0039,2.0357,5,9,3,0.1818,11
distractor_para,boundary:query,499,L148,hybrid,expand,arm beat the default just outside the box,2.0191,2.0539,4,3,0,0.25,4
distractor_para,boundary:query,499,L149,dense,expand,arm beat the default just outside the box,2.0833,2.1185,4,2,0,0.3333,3
distractor_para,boundary:query,499,L150,hybrid,expand,arm beat the default just outside the box,2.001,2.0365,3,2,0,0.3333,3
distractor_para,boundary:query,500,L129,dense,exception,contradicted; every cut loses a supporter,1.9752,1.9752,7,10,4,0.1538,13
distractor_para,boundary:query,500,L130,hybrid,exception,contradicted; every cut loses a supporter,2.0366,2.0366,5,10,4,0.1667,12
distractor_para,boundary:query,500,L81.lo,hybrid,exception,contradicted; every cut loses a supporter,1.9368,1.9368,6,5,1,0.1667,6
distractor_para,boundary:query,500,L140,dense,exception,contradicted; every cut loses a supporter,2.0654,2.0654,7,8,4,0.25,12
distractor_para,boundary:query,500,L103.lo.hi,dense,exception,contradicted; every cut loses a supporter,1.9741,1.9741,7,3,1,0.3333,6
distractor_para,boundary:query,500,L129,dense,split,4 exceptions; cut f:query_len_tokens at 14,,1.9752,7,10,4,0.1538,13
distractor_para,boundary:query,500,L129.lo,dense,create,split of L129,,1.8523,4,0,0,0.0,0
distractor_para,boundary:query,500,L129.hi,dense,create,split of L129,,1.8523,3,0,0,0.0,0
distractor_para,boundary:query,500,L130,hybrid,split,4 exceptions; cut f:query_len_tokens at 15,,2.0366,5,10,4,0.1667,12
distractor_para,boundary:query,500,L130.lo,hybrid,create,split of L130,,1.9445,4,0,0,0.0,0
distractor_para,boundary:query,500,L130.hi,hybrid,create,split of L130,,1.8216,1,0,0,0.0,0
distractor_para,boundary:query,500,L63.lo.hi,hybrid,retire,utility <= 0,,1.8824,4,5,0,0.0,5
distractor_para,boundary:query,500,L140,dense,split,4 exceptions; cut f:query_len_tokens at 15,,2.0654,7,8,4,0.25,12
distractor_para,boundary:query,500,L140.lo,dense,create,split of L140,,1.8699,4,0,0,0.0,0
distractor_para,boundary:query,500,L140.hi,dense,create,split of L140,,1.9118,3,0,0,0.0,0
distractor_para,boundary:query,500,L127.lo,dense,retire,utility <= 0,,1.8562,6,5,0,-0.2,5
distractor_para,boundary:query,501,L103.lo.hi,dense,exception,contradicted; every cut loses a supporter,1.9752,1.9752,7,4,2,0.2857,7
distractor_para,boundary:query,501,L61.hi.lo.lo.lo.lo,dense,exception,contradicted; every cut loses a supporter,2.0009,2.0009,21,3,1,0.5,6
distractor_para,boundary:query,501,L49.hi.lo.hi.lo.lo.lo,dense,exception,contradicted; every cut loses a supporter,1.9866,1.9866,16,3,1,0.5,6
distractor_para,boundary:query,501,L148,hybrid,exception,contradicted; every cut loses a supporter,2.0561,2.0561,4,5,1,0.1667,6
distractor_para,boundary:query,501,L149,dense,retire,utility <= 0,,2.1208,4,4,0,0.0,5
distractor_para,boundary:query,502,L103.lo.hi,dense,exception,contradicted; every cut loses a supporter,1.9763,1.9763,7,5,3,0.25,8
distractor_para,boundary:query,502,L61.hi.lo.lo.lo.lo,dense,exception,contradicted; every cut loses a supporter,2.002,2.002,21,4,2,0.4286,7
distractor_para,boundary:query,502,L49.hi.lo.hi.lo.lo.lo,dense,exception,contradicted; every cut loses a supporter,1.9877,1.9877,16,4,2,0.4286,7
distractor_para,boundary:query,502,L148,hybrid,exception,contradicted; every cut loses a supporter,2.0572,2.0572,4,6,2,0.1429,7
distractor_para,boundary:query,502,L150,hybrid,narrow,contradicted; cut f:query_len_tokens,2.0397,2.0283,3,5,0,0.1667,6
distractor_para,boundary:query,503,L148,hybrid,exception,contradicted; every cut loses a supporter,2.0581,2.0581,4,7,3,0.125,8
distractor_para,boundary:query,503,L150,hybrid,exception,contradicted; every cut loses a supporter,2.0292,2.0292,3,6,1,0.1429,7
distractor_para,boundary:query,504,L56,hybrid,expand,arm beat the default just outside the box,2.132,2.1936,8,8,3,0.3333,12
distractor_para,boundary:query,504,L52.hi,dense,expand,arm beat the default just outside the box,1.8561,1.9177,8,6,3,0.3636,11
distractor_para,boundary:query,504,L53.hi,hybrid,expand,arm beat the default just outside the box,1.8561,1.9177,7,6,3,0.4,10
distractor_para,boundary:query,504,L81.hi,hybrid,expand,arm beat the default just outside the box,1.8693,1.9309,4,3,0,0.0,3
distractor_para,boundary:query,505,L103.lo.lo,dense,exception,contradicted; every cut loses a supporter,1.6073,1.6073,8,4,1,0.3333,6
distractor_para,boundary:query,505,L103.lo.hi,dense,exception,contradicted; every cut loses a supporter,1.9792,1.9792,7,6,4,0.2222,9
distractor_para,boundary:query,505,L61.hi.lo.lo.lo.lo,dense,exception,contradicted; every cut loses a supporter,2.005,2.005,21,5,3,0.375,8
distractor_para,boundary:query,505,L49.hi.lo.hi.lo.lo.lo,dense,exception,contradicted; every cut loses a supporter,1.9906,1.9906,16,5,3,0.375,8
distractor_para,boundary:query,505,L148,hybrid,exception,contradicted; every cut loses a supporter,2.0603,2.0603,4,8,4,0.1111,9
distractor_para,boundary:query,505,L150,hybrid,exception,contradicted; every cut loses a supporter,2.0313,2.0313,3,7,2,0.125,8
distractor_para,boundary:query,505,L103.lo.hi,dense,split,4 exceptions; cut f:query_len_tokens at 15,,1.9792,7,6,4,0.2222,9
distractor_para,boundary:query,505,L103.lo.hi.lo,dense,create,split of L103.lo.hi,,1.8867,5,0,0,0.0,0
distractor_para,boundary:query,505,L103.lo.hi.hi,dense,create,split of L103.lo.hi,,1.825,2,0,0,0.0,0
distractor_para,boundary:query,505,L148,hybrid,split,4 exceptions; cut f:query_len_tokens at 14.5,,2.0603,4,8,4,0.1111,9
distractor_para,boundary:query,505,L148.lo,hybrid,create,split of L148,,1.9524,2,0,0,0.0,0
distractor_para,boundary:query,505,L148.hi,hybrid,create,split of L148,,1.8174,2,0,0,0.0,0
distractor_para,boundary:query,508,L61.hi.lo.lo.lo.lo,dense,exception,contradicted; every cut loses a supporter,2.0051,2.0051,21,6,4,0.3333,9
distractor_para,boundary:query,508,L49.hi.lo.hi.lo.lo.lo,dense,exception,contradicted; every cut loses a supporter,1.9907,1.9907,16,6,4,0.3333,9
distractor_para,boundary:query,508,L61.hi.lo.lo.lo.lo,dense,split,4 exceptions; cut f:query_len_tokens at 15,,2.0051,21,6,4,0.3333,9
distractor_para,boundary:query,508,L61.hi.lo.lo.lo.lo.lo,dense,create,split of L61.hi.lo.lo.lo.lo,,1.8824,13,0,0,0.0,0
distractor_para,boundary:query,508,L61.hi.lo.lo.lo.lo.hi,dense,create,split of L61.hi.lo.lo.lo.lo,,1.8517,8,0,0,0.0,0
distractor_para,boundary:query,508,L49.hi.lo.hi.lo.lo.lo,dense,split,4 exceptions; cut f:query_len_tokens at 15,,1.9907,16,6,4,0.3333,9
distractor_para,boundary:query,508,L49.hi.lo.hi.lo.lo.lo.lo,dense,create,split of L49.hi.lo.hi.lo.lo.lo,,1.868,9,0,0,0.0,0
distractor_para,boundary:query,508,L49.hi.lo.hi.lo.lo.lo.hi,dense,create,split of L49.hi.lo.hi.lo.lo.lo,,1.8374,7,0,0,0.0,0
distractor_para,boundary:query,509,L81.lo,hybrid,exception,contradicted; every cut loses a supporter,1.9433,1.9433,6,6,2,0.1429,7
distractor_para,boundary:query,509,L150,hybrid,exception,contradicted; every cut loses a supporter,2.0321,2.0321,3,8,3,0.1111,9
distractor_para,boundary:query,509,L130.hi,hybrid,narrow,contradicted; cut f:query_len_tokens,1.828,1.7973,2,5,0,0.1667,6
distractor_para,boundary:query,509,L52.hi,dense,expand,arm beat the default just outside the box,1.9195,1.9809,9,6,3,0.3636,11
distractor_para,boundary:query,509,L129.lo,dense,expand,arm beat the default just outside the box,1.8587,1.9201,5,1,0,0.0,1
distractor_para,boundary:query,509,L140.lo,dense,expand,arm beat the default just outside the box,1.8762,1.9069,5,2,0,0.0,2
distractor_para,boundary:query,509,L103.lo.hi.lo,dense,expand,arm beat the default just outside the box,1.8883,1.919,6,0,0,0.0,0
distractor_para,boundary:query,510,L150,hybrid,narrow,contradicted; cut f:query_len_tokens,2.0333,1.8989,3,9,3,0.1,10
distractor_para,boundary:query,510,L140.hi,dense,exception,contradicted; every cut loses a supporter,1.9191,1.9191,5,5,1,0.2857,7
distractor_para,boundary:query,511,L17.lo,dense,retire,utility <= 0,,1.7791,6,5,0,0.0,5
distractor_para,boundary:query,511,L17.hi,dense,retire,utility <= 0,,1.7791,2,5,0,0.0,5
distractor_para,boundary:query,511,L18.lo,hybrid,retire,utility <= 0,,1.7791,6,5,0,0.0,5
distractor_para,boundary:query,511,L18.hi,hybrid,retire,utility <= 0,,1.7791,2,5,0,0.0,5
distractor_para,boundary:query,512,L103.lo.lo,dense,exception,contradicted; every cut loses a supporter,1.6051,1.6051,8,5,2,0.2857,7
distractor_para,boundary:query,512,L150,hybrid,exception,contradicted; every cut loses a supporter,1.8951,1.8951,3,10,4,0.0909,11
distractor_para,boundary:query,512,L129.hi,dense,exception,contradicted; every cut loses a supporter,1.8558,1.8558,5,5,1,0.2857,7
distractor_para,boundary:query,512,L140.hi,dense,narrow,contradicted; cut f:query_len_tokens,1.9153,1.9153,5,6,1,0.25,8
distractor_para,boundary:query,512,L150,hybrid,split,4 exceptions; cut f:query_len_tokens at 15,,1.8951,3,10,4,0.0909,11
distractor_para,boundary:query,512,L150.lo,hybrid,create,split of L150,,1.7721,2,0,0,0.0,0
distractor_para,boundary:query,512,L150.hi,hybrid,create,split of L150,,1.8336,1,0,0,0.0,0
distractor_para,boundary:query,513,L103.lo.lo,dense,exception,contradicted; every cut loses a supporter,1.6058,1.6058,8,6,3,0.25,8
distractor_para,boundary:query,515,L56,hybrid,narrow,contradicted; cut f:query_len_tokens,2.1878,2.0653,8,9,3,0.3077,13
distractor_para,boundary:query,515,L52.hi,dense,narrow,contradicted; cut f:query_len_tokens,1.9731,1.9575,9,7,3,0.3333,12
distractor_para,boundary:query,515,L53.hi,hybrid,narrow,contradicted; cut f:query_len_tokens,1.9119,1.8962,7,7,3,0.3636,11
distractor_para,boundary:query,521,L129.hi,dense,exception,contradicted; every cut loses a supporter,1.8509,1.8509,5,6,2,0.125,8
distractor_para,boundary:query,521,L130.hi,hybrid,narrow,contradicted; cut f:query_len_tokens,1.7895,1.7589,2,6,0,0.0,7
distractor_para,boundary:query,521,L140.hi,dense,exception,contradicted; every cut loses a supporter,1.9102,1.9102,5,7,2,0.1111,9
distractor_para,boundary:query,521,L130.hi,hybrid,retire,utility <= 0,,1.7589,2,6,0,0.0,7
distractor_para,boundary:query,521,L61.hi.lo.lo.lo.lo.hi,dense,retire,utility <= 0,,1.8447,8,5,0,-0.2,5
distractor_para,boundary:query,521,L49.hi.lo.hi.lo.lo.lo.hi,dense,retire,utility <= 0,,1.8305,7,5,0,-0.2,5
distractor_para,boundary:query,522,L130.lo,hybrid,retire,utility <= 0,,1.9439,4,5,0,0.0,5
distractor_para,boundary:query,522,L140.lo,dense,retire,utility <= 0,,1.9001,5,5,0,0.0,5
distractor_para,boundary:query,523,L103.lo.hi.hi,dense,retire,utility <= 0,,1.821,3,4,0,0.0,5
distractor_para,boundary:query,523,L148.hi,hybrid,retire,utility <= 0,,1.8136,2,5,0,-0.2,5
distractor_para,boundary:query,525,L50,dense,expand,arm beat the default just outside the box,1.938,2.0155,5,7,3,0.2222,9
distractor_para,boundary:query,525,L51,hybrid,expand,arm beat the default just outside the box,1.938,2.0155,5,7,3,0.2222,9
distractor_para,boundary:query,525,L167,dense,create,"default missed, dense hit",,2.0,1,0,0,0.0,0
distractor_para,boundary:query,525,L168,hybrid,create,"default missed, hybrid hit",,2.0,1,0,0,0.0,0
distractor_para,boundary:query,527,L52.hi,dense,exception,contradicted; every cut loses a supporter,1.9496,1.9496,9,8,4,0.3077,13
distractor_para,boundary:query,527,L81.lo,hybrid,exception,contradicted; every cut loses a supporter,1.9282,1.9282,6,7,3,0.125,8
distractor_para,boundary:query,527,L140.hi,dense,exception,contradicted; every cut loses a supporter,1.9035,1.9035,5,8,3,0.1,10
distractor_para,boundary:query,527,L52.hi,dense,split,4 exceptions; cut f:query_len_tokens at 21,,1.9496,9,8,4,0.3077,13
distractor_para,boundary:query,527,L52.hi.lo,dense,create,split of L52.hi,,1.7041,6,0,0,0.0,0
distractor_para,boundary:query,527,L52.hi.hi,dense,create,split of L52.hi,,1.7962,3,0,0,0.0,0
distractor_para,boundary:query,528,L148.lo,hybrid,expand,arm beat the default just outside the box,1.9402,1.9863,3,2,0,0.0,2
distractor_para,boundary:query,528,L61.hi.lo.lo.lo.lo.lo,dense,expand,arm beat the default just outside the box,1.8696,1.9003,14,4,0,0.0,4
distractor_para,boundary:query,528,L49.hi.lo.hi.lo.lo.lo.lo,dense,expand,arm beat the default just outside the box,1.8555,1.8862,10,4,0,0.0,4
distractor_para,boundary:query,528,L150.lo,hybrid,expand,arm beat the default just outside the box,1.7616,1.7923,3,1,0,0.0,1
distractor_para,boundary:query,530,L81.lo,hybrid,expand,arm beat the default just outside the box,1.929,1.9805,7,7,3,0.125,8
distractor_para,boundary:query,530,L129.hi,dense,expand,arm beat the default just outside the box,1.8451,1.9062,6,6,2,0.125,8
distractor_para,boundary:query,530,L150.lo,hybrid,expand,arm beat the default just outside the box,1.7926,1.8231,4,1,0,0.0,1
distractor_para,boundary:query,531,L81.hi,hybrid,retire,utility <= 0,,1.92,4,5,0,0.0,5
distractor_para,boundary:query,532,L129.lo,dense,expand,arm beat the default just outside the box,1.9068,1.9693,8,4,0,0.3333,6
distractor_para,boundary:query,532,L61.hi.lo.lo.lo.lo.lo,dense,expand,arm beat the default just outside the box,1.9007,1.9312,15,4,0,0.0,4
distractor_para,boundary:query,532,L49.hi.lo.hi.lo.lo.lo.lo,dense,expand,arm beat the default just outside the box,1.8866,1.9171,11,4,0,0.0,4
distractor_para,boundary:query,532,L171,dense,create,"default missed, dense hit",,2.0,1,0,0,0.0,0
distractor_para,boundary:query,533,L129.lo,dense,exception,contradicted; every cut loses a supporter,1.9697,1.9697,8,5,1,0.1429,7
distractor_para,boundary:query,533,L61.hi.lo.lo.lo.lo.lo,dense,retire,utility <= 0,,1.9315,15,5,0,-0.2,5
distractor_para,boundary:query,533,L49.hi.lo.hi.lo.lo.lo.lo,dense,retire,utility <= 0,,1.9174,11,5,0,-0.2,5
distractor_para,boundary:query,534,L129.lo,dense,exception,contradicted; every cut loses a supporter,1.9708,1.9708,8,6,2,0.125,8
distractor_para,boundary:query,534,L103.lo.hi.lo,dense,exception,contradicted; every cut loses a supporter,1.907,1.907,8,4,1,0.3333,6
distractor_para,boundary:query,535,L129.lo,dense,exception,contradicted; every cut loses a supporter,1.971,1.971,8,7,3,0.1111,9
distractor_para,boundary:query,537,L129.hi,dense,expand,arm beat the default just outside the box,1.9074,1.9678,7,6,2,0.125,8
distractor_para,boundary:query,537,L171,dense,expand,arm beat the default just outside the box,1.9988,2.0359,2,1,0,0.0,1
distractor_para,boundary:query,538,L129.lo,dense,exception,contradicted; every cut loses a supporter,1.9705,1.9705,9,8,4,0.1818,11
distractor_para,boundary:query,538,L129.hi,dense,exception,contradicted; every cut loses a supporter,1.9687,1.9687,7,7,3,0.1111,9
distractor_para,boundary:query,538,L103.lo.hi.lo,dense,exception,contradicted; every cut loses a supporter,1.9071,1.9071,9,5,2,0.375,8
distractor_para,boundary:query,538,L148.lo,hybrid,exception,contradicted; every cut loses a supporter,1.9863,1.9863,4,5,1,0.1667,6
distractor_para,boundary:query,538,L129.lo,dense,split,4 exceptions; cut f:query_cap_spans at 1,,1.9705,9,8,4,0.1818,11
distractor_para,boundary:query,538,L129.lo.lo,dense,create,split of L129.lo,,1.7666,6,0,0,0.0,0
distractor_para,boundary:query,538,L129.lo.hi,dense,create,split of L129.lo,,1.7666,3,0,0,0.0,0
distractor_para,boundary:query,540,L148.lo,hybrid,exception,contradicted; every cut loses a supporter,1.9808,1.9808,4,6,2,0.1429,7
distractor_para,boundary:query,540,L150.hi,hybrid,retire,utility <= 0,,1.8203,2,4,0,0.0,5
distractor_para,boundary:query,541,L56,hybrid,exception,contradicted; every cut loses a supporter,2.0521,2.0521,8,10,4,0.2857,14
distractor_para,boundary:query,541,L53.hi,hybrid,exception,contradicted; every cut loses a supporter,1.886,1.886,7,8,4,0.3333,12
distractor_para,boundary:query,541,L56,hybrid,split,4 exceptions; cut f:query_len_tokens at 21,,2.0521,8,10,4,0.2857,14
distractor_para,boundary:query,541,L56.lo,hybrid,create,split of L56,,1.8112,5,0,0,0.0,0
distractor_para,boundary:query,541,L56.hi,hybrid,create,split of L56,,1.9618,3,0,0,0.0,0
distractor_para,boundary:query,541,L53.hi,hybrid,split,4 exceptions; cut f:query_len_tokens at 21,,1.886,7,8,4,0.3333,12
distractor_para,boundary:query,541,L53.hi.lo,hybrid,create,split of L53.hi,,1.6451,4,0,0,0.0,0
distractor_para,boundary:query,541,L53.hi.hi,hybrid,create,split of L53.hi,,1.7957,3,0,0,0.0,0
distractor_para,boundary:query,541,L127.hi,dense,retire,utility <= 0,,2.0083,3,5,0,0.0,5
distractor_para,boundary:query,542,L148.lo,hybrid,narrow,contradicted; cut f:query_len_tokens,1.9808,1.9094,4,7,2,0.125,8
distractor_para,boundary:query,543,L11.lo,hybrid,exception,contradicted; every cut loses a supporter,1.5826,1.5826,6,8,4,0.1111,9
distractor_para,boundary:query,543,L11.lo,hybrid,split,4 exceptions; cut f:query_len_tokens at 15.5,,1.5826,6,8,4,0.1111,9
distractor_para,boundary:query,543,L11.lo.lo,hybrid,create,split of L11.lo,,1.4472,3,0,0,0.0,0
distractor_para,boundary:query,543,L11.lo.hi,hybrid,create,split of L11.lo,,1.4773,3,0,0,0.0,0
distractor_para,boundary:query,545,L129.hi,dense,expand,arm beat the default just outside the box,1.9638,2.0252,8,7,3,0.1111,9
distractor_para,boundary:query,545,L148.lo,hybrid,expand,arm beat the default just outside the box,1.9098,1.9442,5,7,2,0.125,8
distractor_para,boundary:query,545,L180,hybrid,create,"default missed, hybrid hit",,2.0,1,0,0,0.0,0
distractor_para,boundary:query,546,L150.lo,hybrid,expand,arm beat the default just outside the box,1.8219,1.8569,5,4,0,0.0,4
distractor_para,boundary:query,546,L11.lo.hi,hybrid,expand,arm beat the default just outside the box,1.4778,1.5529,4,0,0,0.0,0
distractor_para,boundary:query,547,L150.lo,hybrid,retire,utility <= 0,,1.8578,5,5,0,0.0,5
distractor_para,boundary:query,548,L140.hi,dense,expand,arm beat the default just outside the box,1.9039,1.9039,6,8,3,0.1,10
distractor_para,boundary:query,548,L171,dense,expand,arm beat the default just outside the box,2.0341,2.0504,5,2,0,0.5,4
distractor_para,boundary:query,548,L180,hybrid,expand,arm beat the default just outside the box,2.0026,2.0493,3,0,0,1.0,1
distractor_para,boundary:query,548,L181,hybrid,create,"default missed, hybrid hit",,2.0,1,0,0,0.0,0
distractor_para,boundary:query,550,L148.lo,hybrid,expand,arm beat the default just outside the box,1.9476,1.9776,7,7,2,0.2222,9
distractor_para,boundary:query,550,L171,dense,expand,arm beat the default just outside the box,2.0514,2.1115,6,2,0,0.5,4
distractor_para,boundary:query,550,L129.lo.lo,dense,expand,arm beat the default just outside the box,1.7686,1.7987,10,2,0,0.6,5
distractor_para,boundary:query,550,L11.lo.lo,hybrid,expand,arm beat the default just outside the box,1.4499,1.495,5,0,0,1.0,1
distractor_para,boundary:query,550,L180,hybrid,expand,arm beat the default just outside the box,2.0503,2.1104,4,0,0,1.0,1
distractor_para,boundary:query,550,L181,hybrid,expand,arm beat the default just outside the box,2.001,2.0344,2,0,0,0.0,0
distractor_para,boundary:query,551,L129.lo.lo,dense,exception,contradicted; every cut loses a supporter,1.7995,1.7995,10,3,1,0.5,6
distractor_para,boundary:query,552,L182,dense,create,"default missed, dense hit",,2.0,1,0,0,0.0,0
distractor_para,boundary:query,553,L141,hybrid,expand,arm beat the default just outside the box,2.0,2.0786,2,3,0,0.0,3
distractor_para,boundary:query,553,L181,hybrid,expand,arm beat the default just outside the box,2.0354,2.109,3,1,0,0.0,1
distractor_para,boundary:query,553,L183,hybrid,create,"default missed, hybrid hit",,2.0,1,0,0,0.0,0
distractor_para,boundary:query,554,L171,dense,exception,contradicted; every cut loses a supporter,2.1132,2.1132,6,4,1,0.3333,6
distractor_para,boundary:query,554,L129.lo.hi,dense,exception,contradicted; every cut loses a supporter,1.7706,1.7706,4,5,1,0.1667,6
distractor_para,boundary:query,556,L140.hi,dense,exception,contradicted; every cut loses a supporter,1.9074,1.9074,6,9,4,0.0909,11
distractor_para,boundary:query,556,L140.hi,dense,split,4 exceptions; cut f:query_cap_spans at 2,,1.9074,6,9,4,0.0909,11
distractor_para,boundary:query,556,L140.hi.lo,dense,create,split of L140.hi,,1.7406,6,0,0,0.0,0
distractor_para,boundary:query,557,L171,dense,exception,contradicted; every cut loses a supporter,2.1139,2.1139,6,5,2,0.2857,7
distractor_para,boundary:query,557,L129.lo.lo,dense,exception,contradicted; every cut loses a supporter,1.8017,1.8017,10,4,2,0.4286,7
distractor_para,boundary:query,557,L129.lo.hi,dense,exception,contradicted; every cut loses a supporter,1.7718,1.7718,4,6,2,0.1429,7
distractor_para,boundary:query,558,L183,hybrid,expand,arm beat the default just outside the box,2.001,2.0734,2,1,0,0.0,1
distractor_para,boundary:query,559,L148.lo,hybrid,exception,contradicted; every cut loses a supporter,1.9817,1.9817,7,8,3,0.2,10
distractor_para,boundary:query,559,L103.lo.hi.lo,dense,expand,arm beat the default just outside the box,1.9107,1.9405,10,5,2,0.375,8
distractor_para,boundary:query,559,L129.lo.hi,dense,expand,arm beat the default just outside the box,1.7724,1.8022,5,6,2,0.1429,7
distractor_para,boundary:query,559,L181,hybrid,retire,utility <= 0,,2.1108,3,5,0,0.0,5
distractor_para,boundary:query,560,L103.lo.hi.lo,dense,expand,arm beat the default just outside the box,1.94,2.0337,11,5,2,0.375,8
distractor_para,boundary:query,560,L52.hi.hi,dense,expand,arm beat the default just outside the box,1.8037,1.8634,4,4,0,-0.25,4
distractor_para,boundary:query,560,L56.hi,hybrid,expand,arm beat the default just outside the box,1.9696,2.0292,4,2,0,0.0,2
distractor_para,boundary:query,560,L53.hi.hi,hybrid,expand,arm beat the default just outside the box,1.8037,1.8634,4,2,0,0.0,2
distractor_para,boundary:query,561,L180,hybrid,exception,contradicted; every cut loses a supporter,2.1135,2.1135,4,5,1,0.1667,6
distractor_para,boundary:query,563,L180,hybrid,exception,contradicted; every cut loses a supporter,2.1156,2.1156,4,6,2,0.1429,7
distractor_para,boundary:query,566,L103.lo.hi.lo,dense,exception,contradicted; every cut loses a supporter,2.0336,2.0336,11,6,3,0.3333,9
distractor_para,boundary:query,567,L52.hi.hi,dense,retire,utility <= 0,,1.8627,4,5,0,-0.2,5
distractor_para,boundary:query,568,L129.hi,dense,exception,contradicted; every cut loses a supporter,2.0324,2.0324,10,8,4,0.25,12
distractor_para,boundary:query,568,L148.lo,hybrid,exception,contradicted; every cut loses a supporter,1.9813,1.9813,7,9,4,0.1818,11
distractor_para,boundary:query,568,L171,dense,exception,contradicted; every cut loses a supporter,2.1139,2.1139,6,6,3,0.25,8
distractor_para,boundary:query,568,L129.lo.lo,dense,exception,contradicted; every cut loses a supporter,1.802,1.802,10,5,3,0.375,8
distractor_para,boundary:query,568,L180,hybrid,exception,contradicted; every cut loses a supporter,2.1127,2.1127,4,7,3,0.125,8
distractor_para,boundary:query,568,L129.hi,dense,split,4 exceptions; cut f:query_len_tokens at 15.5,,2.0324,10,8,4,0.25,12
distractor_para,boundary:query,568,L129.hi.lo,dense,create,split of L129.hi,,1.9578,5,0,0,0.0,0
distractor_para,boundary:query,568,L129.hi.hi,dense,create,split of L129.hi,,1.8385,5,0,0,0.0,0
distractor_para,boundary:query,568,L148.lo,hybrid,split,4 exceptions; cut f:query_cap_spans at 1,,1.9813,7,9,4,0.1818,11
distractor_para,boundary:query,568,L148.lo.lo,hybrid,create,split of L148.lo,,1.7808,5,0,0,0.0,0
distractor_para,boundary:query,568,L148.lo.hi,hybrid,create,split of L148.lo,,1.7808,2,0,0,0.0,0
distractor_para,boundary:query,569,L140.hi.lo,dense,exception,contradicted; every cut loses a supporter,1.7427,1.7427,7,5,1,0.1667,6
distractor_para,boundary:query,571,L189,dense,create,"default missed, dense hit",,2.0,1,0,0,0.0,0
distractor_para,boundary:query,571,L190,hybrid,create,"default missed, hybrid hit",,2.0,1,0,0,0.0,0
distractor_para,boundary:query,572,L140.hi.lo,dense,exception,contradicted; every cut loses a supporter,1.7382,1.7382,7,6,2,0.1429,7
distractor_para,boundary:query,573,L50,dense,expand,arm beat the default just outside the box,2.0089,2.0411,6,7,3,0.2222,9
distractor_para,boundary:query,573,L51,hybrid,expand,arm beat the default just outside the box,2.0089,2.0411,6,7,3,0.2222,9
distractor_para,boundary:query,573,L113,dense,expand,arm beat the default just outside the box,2.0117,2.0465,3,3,0,0.25,4
distractor_para,boundary:query,573,L114,hybrid,expand,arm beat the default just outside the box,2.0117,2.0465,3,3,0,0.25,4
distractor_para,boundary:query,573,L167,dense,expand,arm beat the default just outside the box,1.9937,2.1065,2,0,0,0.0,0
distractor_para,boundary:query,573,L168,hybrid,expand,arm beat the default just outside the box,1.9937,2.1065,2,0,0,0.0,0
distractor_para,boundary:query,573,L191,dense,create,"default missed, dense hit",,2.0,1,0,0,0.0,0
distractor_para,boundary:query,573,L192,hybrid,create,"default missed, hybrid hit",,2.0,1,0,0,0.0,0
distractor_para,boundary:query,575,L81.lo,hybrid,exception,contradicted; every cut loses a supporter,1.9752,1.9752,8,8,4,0.2,10
distractor_para,boundary:query,575,L103.lo.hi.lo,dense,exception,contradicted; every cut loses a supporter,2.0243,2.0243,11,7,4,0.3,10
distractor_para,boundary:query,575,L129.lo.hi,dense,exception,contradicted; every cut loses a supporter,1.7933,1.7933,5,7,3,0.125,8
distractor_para,boundary:query,575,L81.lo,hybrid,split,4 exceptions; cut f:query_cap_spans at 2,,1.9752,8,8,4,0.2,10
distractor_para,boundary:query,575,L81.lo.lo,hybrid,create,split of L81.lo,,1.606,6,0,0,0.0,0
distractor_para,boundary:query,575,L81.lo.hi,hybrid,create,split of L81.lo,,1.9752,2,0,0,0.0,0
distractor_para,boundary:query,575,L103.lo.hi.lo,dense,split,4 exceptions; cut f:query_cap_spans at 1,,2.0243,11,7,4,0.3,10
distractor_para,boundary:query,575,L103.lo.hi.lo.lo,dense,create,split of L103.lo.hi.lo,,1.6246,6,0,0,0.0,0
distractor_para,boundary:query,575,L103.lo.hi.lo.hi,dense,create,split of L103.lo.hi.lo,,2.0243,5,0,0,0.0,0
distractor_para,boundary:query,577,L140.hi.lo,dense,exception,contradicted; every cut loses a supporter,1.7352,1.7352,7,7,3,0.125,8
distractor_para,boundary:query,579,L171,dense,exception,contradicted; every cut loses a supporter,2.1021,2.1021,6,7,4,0.2222,9
distractor_para,boundary:query,579,L129.lo.lo,dense,exception,contradicted; every cut loses a supporter,1.7913,1.7913,10,6,4,0.3333,9
distractor_para,boundary:query,579,L180,hybrid,exception,contradicted; every cut loses a supporter,2.101,2.101,4,8,4,0.1111,9
distractor_para,boundary:query,579,L171,dense,split,4 exceptions; cut f:query_len_tokens at 11.5,,2.1021,6,7,4,0.2222,9
distractor_para,boundary:query,579,L171.lo,dense,create,split of L171,,1.9389,3,0,0,0.0,0
distractor_para,boundary:query,579,L171.hi,dense,create,split of L171,,1.8659,3,0,0,0.0,0
distractor_para,boundary:query,579,L129.lo.lo,dense,split,4 exceptions; cut f:query_len_tokens at 11,,1.7913,10,6,4,0.3333,9
distractor_para,boundary:query,579,L129.lo.lo.lo,dense,create,split of L129.lo.lo,,1.6132,6,0,0,0.0,0
distractor_para,boundary:query,579,L129.lo.lo.hi,dense,create,split of L129.lo.lo,,1.7319,4,0,0,0.0,0
distractor_para,boundary:query,579,L180,hybrid,split,4 exceptions; cut f:query_cap_spans at 0,,2.101,4,8,4,0.1111,9
distractor_para,boundary:query,579,L180.lo,hybrid,create,split of L180,,1.901,3,0,0,0.0,0
distractor_para,boundary:query,579,L180.hi,hybrid,create,split of L180,,1.9343,1,0,0,0.0,0
distractor_para,boundary:query,581,L148.lo.lo,hybrid,retire,utility <= 0,,1.7713,5,5,0,0.0,5
distractor_para,boundary:query,581,L148.lo.hi,hybrid,retire,utility <= 0,,1.7713,2,5,0,0.0,5
distractor_para,boundary:query,583,L140.hi.lo,dense,exception,contradicted; every cut loses a supporter,1.7336,1.7336,7,8,4,0.1111,9
distractor_para,boundary:query,583,L140.hi.lo,dense,split,4 exceptions; cut f:query_cap_spans at 2,,1.7336,7,8,4,0.1111,9
distractor_para,boundary:query,583,L140.hi.lo.lo,dense,create,split of L140.hi.lo,,1.7336,7,0,0,0.0,0
distractor_para,boundary:query,585,L103.lo.hi.lo.hi,dense,retire,utility <= 0,,2.0236,5,5,0,0.0,5
distractor_para,boundary:query,586,L129.hi.lo,dense,retire,utility <= 0,,1.9492,5,5,0,0.0,5
distractor_para,boundary:query,588,L103.lo.hi.lo.lo,dense,retire,utility <= 0,,1.6265,6,5,0,0.0,5
distractor_para,boundary:query,590,L129.hi.hi,dense,expand,arm beat the default just outside the box,1.8334,1.9075,6,3,0,0.0,3
distractor_para,boundary:query,590,L171.lo,dense,expand,arm beat the default just outside the box,1.9439,1.9884,4,0,0,0.0,0
distractor_para,boundary:query,590,L129.lo.lo.lo,dense,expand,arm beat the default just outside the box,1.6187,1.678,7,0,0,0.0,0
distractor_para,boundary:query,590,L180.hi,hybrid,retire,utility <= 0,,1.9392,1,5,0,0.0,5
distractor_para,boundary:query,591,L171.hi,dense,exception,contradicted; every cut loses a supporter,1.8719,1.8719,4,5,1,0.1667,6
distractor_para,boundary:query,591,L129.lo.lo.hi,dense,exception,contradicted; every cut loses a supporter,1.7381,1.7381,5,5,1,0.1667,6
distractor_para,boundary:query,592,L171.hi,dense,narrow,contradicted; cut f:query_len_tokens,1.8727,1.8579,4,6,1,0.1429,7
distractor_para,boundary:query,592,L129.lo.lo.hi,dense,narrow,contradicted; cut f:query_len_tokens,1.7388,1.7091,5,6,1,0.1429,7
distractor_para,boundary:query,593,L51,hybrid,expand,arm beat the default just outside the box,2.0421,2.0744,7,7,3,0.2222,9
distractor_para,boundary:query,593,L114,hybrid,expand,arm beat the default just outside the box,2.0476,2.0825,4,4,0,0.2,5
distractor_para,boundary:query,593,L190,hybrid,expand,arm beat the default just outside the box,1.9966,2.0305,2,0,0,0.0,0
distractor_para,boundary:query,593,L204,hybrid,create,"default missed, hybrid hit",,2.0,1,0,0,0.0,0
distractor_para,boundary:query,594,L171.hi,dense,exception,contradicted; every cut loses a supporter,1.8547,1.8547,4,7,2,0.0,8
distractor_para,boundary:query,594,L129.lo.lo.hi,dense,exception,contradicted; every cut loses a supporter,1.7056,1.7056,5,7,2,0.0,8
distractor_para,boundary:query,594,L129.hi.hi,dense,retire,utility <= 0,,1.9062,6,5,0,-0.2,5
distractor_para,boundary:query,594,L171.hi,dense,retire,utility <= 0,,1.8547,4,7,2,0.0,8
distractor_para,boundary:query,594,L129.lo.lo.hi,dense,retire,utility <= 0,,1.7056,5,7,2,0.0,8
distractor_para,boundary:query,594,L140.hi.lo.lo,dense,retire,utility <= 0,,1.7349,7,5,0,-0.2,5
distractor_para,boundary:query,596,L141,hybrid,exception,contradicted; every cut loses a supporter,2.0736,2.0736,3,5,1,0.1667,6
distractor_para,boundary:query,597,L56.hi,hybrid,retire,utility <= 0,,2.0239,4,5,0,0.0,5
distractor_para,boundary:query,597,L53.hi.hi,hybrid,retire,utility <= 0,,1.8574,4,5,0,0.0,5
distractor_para,boundary:query,598,L171.lo,dense,expand,arm beat the default just outside the box,1.9901,2.0198,5,1,0,0.0,1
distractor_para,boundary:query,598,L129.lo.lo.lo,dense,expand,arm beat the default just outside the box,1.6786,1.7083,8,1,0,0.0,1
distractor_para,boundary:query,598,L205,dense,create,"default missed, dense hit",,2.0,1,0,0,0.0,0
distractor_para,boundary:query,598,L206,hybrid,create,"default missed, hybrid hit",,2.0,1,0,0,0.0,0
distractor_para,boundary:query,600,L50,dense,exception,contradicted; every cut loses a supporter,2.041,2.041,6,8,4,0.2,10
distractor_para,boundary:query,600,L51,hybrid,exception,contradicted; every cut loses a supporter,2.0734,2.0734,7,8,4,0.2,10
distractor_para,boundary:query,600,L50,dense,split,4 exceptions; cut f:query_cap_spans at 2,,2.041,6,8,4,0.2,10
distractor_para,boundary:query,600,L50.lo,dense,create,split of L50,,1.8402,5,0,0,0.0,0
distractor_para,boundary:query,600,L50.hi,dense,create,split of L50,,1.8725,1,0,0,0.0,0
distractor_para,boundary:query,600,L51,hybrid,split,4 exceptions; cut f:query_len_tokens at 11,,2.0734,7,8,4,0.2,10
distractor_para,boundary:query,600,L51.lo,hybrid,create,split of L51,,1.8368,5,0,0,0.0,0
distractor_para,boundary:query,600,L51.hi,hybrid,create,split of L51,,1.9847,2,0,0,0.0,0
distractor_para,boundary:query,601,L129.lo.hi,dense,exception,contradicted; every cut loses a supporter,1.7932,1.7932,6,8,4,0.2,10
distractor_para,boundary:query,601,L129.lo.hi,dense,split,4 exceptions; cut f:query_cap_spans at 2,,1.7932,6,8,4,0.2,10
distractor_para,boundary:query,601,L129.lo.hi.lo,dense,create,split of L129.lo.hi,,1.7932,6,0,0,0.0,0
distractor_para,boundary:query,602,L103.lo.lo,dense,exception,contradicted; every cut loses a supporter,1.5942,1.5942,9,7,4,0.3,10
distractor_para,boundary:query,602,L103.lo.lo,dense,split,4 exceptions; cut f:query_len_tokens at 14,,1.5942,9,7,4,0.3,10
distractor_para,boundary:query,602,L103.lo.lo.lo,dense,create,split of L103.lo.lo,,1.4759,5,0,0,0.0,0
distractor_para,boundary:query,602,L103.lo.lo.hi,dense,create,split of L103.lo.lo,,1.4759,4,0,0,0.0,0
distractor_para,boundary:query,603,L183,hybrid,expand,arm beat the default just outside the box,2.0663,2.1383,3,4,0,0.0,4
distractor_para,boundary:query,604,L205,dense,expand,arm beat the default just outside the box,1.9978,2.0322,2,2,0,0.0,2
distractor_para,boundary:query,604,L129.lo.hi.lo,dense,expand,arm beat the default just outside the box,1.7953,1.8545,7,2,0,0.0,2
distractor_para,boundary:query,605,L183,hybrid,expand,arm beat the default just outside the box,2.1396,2.1736,4,4,0,0.0,4
distractor_para,boundary:query,605,L171.lo,dense,expand,arm beat the default just outside the box,2.0181,2.0477,6,2,0,0.0,2
distractor_para,boundary:query,605,L129.lo.lo.lo,dense,expand,arm beat the default just outside the box,1.7068,1.7365,9,2,0,0.0,2
distractor_para,boundary:query,605,L205,dense,expand,arm beat the default just outside the box,2.0326,2.067,3,2,0,0.0,2
distractor_para,boundary:query,605,L206,hybrid,expand,arm beat the default just outside the box,1.9983,2.0326,3,1,0,0.5,2
distractor_para,boundary:query,605,L214,dense,create,"default missed, dense hit",,2.0,1,0,0,0.0,0
distractor_para,boundary:query,606,L11.lo.lo,hybrid,exception,contradicted; every cut loses a supporter,1.4936,1.4936,6,4,1,0.3333,6
distractor_para,boundary:query,606,L11.lo.hi,hybrid,exception,contradicted; every cut loses a supporter,1.5529,1.5529,6,4,1,0.3333,6
distractor_para,boundary:query,607,L183,hybrid,retire,utility <= 0,,2.1749,4,5,0,0.0,5
distractor_para,boundary:query,608,L52.hi.lo,dense,exception,contradicted; every cut loses a supporter,1.71,1.71,8,5,1,0.1429,7
distractor_para,boundary:query,608,L81.lo.hi,hybrid,exception,contradicted; every cut loses a supporter,1.9805,1.9805,3,5,1,0.0,6
distractor_para,boundary:query,608,L56.lo,hybrid,retire,utility <= 0,,1.8173,6,4,0,0.0,5
distractor_para,boundary:query,608,L53.hi.lo,hybrid,retire,utility <= 0,,1.6506,5,4,0,0.0,5
distractor_para,boundary:query,608,L81.lo.lo,hybrid,retire,utility <= 0,,1.6092,7,4,0,0.0,5
distractor_para,boundary:query,608,L81.lo.hi,hybrid,retire,utility <= 0,,1.9805,3,5,1,0.0,6
distractor_para,boundary:query,609,L52.hi.lo,dense,exception,contradicted; every cut loses a supporter,1.7106,1.7106,8,6,2,0.125,8
distractor_para,boundary:query,609,L205,dense,retire,utility <= 0,,2.0697,3,5,0,-0.2,5
distractor_para,boundary:query,610,L129.lo.hi.lo,dense,retire,utility <= 0,,1.8585,7,5,0,-0.4,5
distractor_para,boundary:query,613,L52.hi.lo,dense,exception,contradicted; every cut loses a supporter,1.7131,1.7131,8,7,3,0.1111,9
distractor_para,boundary:query,615,L11.lo.lo,hybrid,exception,contradicted; every cut loses a supporter,1.4979,1.4979,6,5,2,0.2857,7
distractor_para,boundary:query,615,L11.lo.hi,hybrid,exception,contradicted; every cut loses a supporter,1.5575,1.5575,6,5,2,0.2857,7
distractor_para,boundary:query,615,L206,hybrid,exception,contradicted; every cut loses a supporter,2.0395,2.0395,4,4,1,0.3333,6
distractor_para,boundary:query,616,L206,hybrid,exception,contradicted; every cut loses a supporter,2.0405,2.0405,4,5,2,0.2857,7
distractor_para,boundary:query,617,L206,hybrid,narrow,contradicted; cut f:query_len_tokens,2.0416,1.9935,4,6,2,0.25,8
distractor_para,boundary:query,617,L103.lo.lo.hi,dense,retire,utility <= 0,,1.4844,4,5,0,0.0,5
distractor_para,boundary:query,618,L52.hi.lo,dense,expand,arm beat the default just outside the box,1.7164,1.7463,9,7,3,0.1111,9
distractor_para,boundary:query,618,L215,dense,create,"default missed, dense hit",,2.0,1,0,0,0.0,0
distractor_para,boundary:query,619,L11.lo.hi,hybrid,exception,contradicted; every cut loses a supporter,1.5597,1.5597,6,6,3,0.25,8
distractor_para,boundary:query,621,L214,dense,expand,arm beat the default just outside the box,2.012,2.0465,2,3,0,-0.3333,3
distractor_para,boundary:query,621,L215,dense,expand,arm beat the default just outside the box,2.0024,2.0374,2,0,0,0.0,0
distractor_para,boundary:query,623,L171.lo,dense,narrow,contradicted; cut f:query_len_tokens,2.0611,1.9578,7,5,0,0.1667,6
distractor_para,boundary:query,624,L113,dense,exception,contradicted; every cut loses a supporter,2.0591,2.0591,3,5,1,0.1667,6
distractor_para,boundary:query,624,L114,hybrid,exception,contradicted; every cut loses a supporter,2.0943,2.0943,4,5,1,0.1667,6
distractor_para,boundary:query,626,L11.lo.hi,hybrid,exception,contradicted; every cut loses a supporter,1.5594,1.5594,6,7,4,0.2222,9
distractor_para,boundary:query,626,L11.lo.hi,hybrid,split,4 exceptions; cut f:query_len_tokens at 17,,1.5594,6,7,4,0.2222,9
distractor_para,boundary:query,626,L11.lo.hi.lo,hybrid,create,split of L11.lo.hi,,1.4697,5,0,0,0.0,0
distractor_para,boundary:query,626,L11.lo.hi.hi,hybrid,create,split of L11.lo.hi,,1.4399,1,0,0,0.0,0
distractor_para,boundary:query,626,L214,dense,retire,utility <= 0,,2.0445,2,5,0,-0.4,5
distractor_para,boundary:query,627,L171.lo,dense,exception,contradicted; every cut loses a supporter,1.9556,1.9556,7,6,1,0.1429,7
distractor_para,boundary:query,627,L206,hybrid,exception,contradicted; every cut loses a supporter,1.9955,1.9955,5,7,3,0.3,10
distractor_para,boundary:query,630,L52.hi.lo,dense,expand,arm beat the default just outside the box,1.744,1.7739,10,7,3,0.1111,9
distractor_para,boundary:query,630,L206,hybrid,expand,arm beat the default just outside the box,1.9928,2.0274,6,7,3,0.3,10
distractor_para,boundary:query,630,L218,hybrid,create,"default missed, hybrid hit",,2.0,1,0,0,0.0,0
distractor_para,boundary:query,631,L206,hybrid,expand,arm beat the default just outside the box,2.0284,2.0284,7,7,3,0.3,10
distractor_para,boundary:query,631,L218,hybrid,expand,arm beat the default just outside the box,2.001,2.0366,2,0,0,0.0,0
distractor_para,boundary:query,631,L219,hybrid,create,"default missed, hybrid hit",,2.0,1,0,0,0.0,0
distractor_para,boundary:query,633,L129.lo.lo.lo,dense,exception,contradicted; every cut loses a supporter,1.7435,1.7435,10,5,1,0.1667,6
distractor_para,boundary:query,633,L215,dense,exception,contradicted; every cut loses a supporter,2.0342,2.0342,4,4,1,0.3333,6
distractor_para,boundary:query,634,L206,hybrid,exception,contradicted; every cut loses a supporter,2.0285,2.0285,7,8,4,0.2727,11
distractor_para,boundary:query,634,L206,hybrid,split,4 exceptions; cut f:query_cap_spans at 1,,2.0285,7,8,4,0.2727,11
distractor_para,boundary:query,634,L206.lo,hybrid,create,split of L206,,1.8261,6,0,0,0.0,0
distractor_para,boundary:query,634,L206.hi,hybrid,create,split of L206,,1.8261,1,0,0,0.0,0
distractor_para,boundary:query,635,L215,dense,exception,contradicted; every cut loses a supporter,2.0356,2.0356,4,5,2,0.2857,7
distractor_para,boundary:query,636,L171.lo,dense,exception,contradicted; every cut loses a supporter,1.9553,1.9553,7,7,2,0.0,8
distractor_para,boundary:query,636,L129.lo.lo.lo,dense,exception,contradicted; every cut loses a supporter,1.7452,1.7452,10,6,2,0.0,7
distractor_para,boundary:query,636,L171.lo,dense,retire,utility <= 0,,1.9553,7,7,2,0.0,8
distractor_para,boundary:query,636,L129.lo.lo.lo,dense,retire,utility <= 0,,1.7452,10,6,2,0.0,7
distractor_para,boundary:query,639,L52.hi.lo,dense,exception,contradicted; every cut loses a supporter,1.7785,1.7785,10,8,4,0.1,10
distractor_para,boundary:query,639,L215,dense,exception,contradicted; every cut loses a supporter,2.0384,2.0384,4,6,3,0.25,8
distractor_para,boundary:query,639,L52.hi.lo,dense,split,4 exceptions; cut f:query_len_tokens at 19,,1.7785,10,8,4,0.1,10
distractor_para,boundary:query,639,L52.hi.lo.lo,dense,create,split of L52.hi.lo,,1.7187,6,0,0,0.0,0
distractor_para,boundary:query,639,L52.hi.lo.hi,dense,create,split of L52.hi.lo,,1.629,4,0,0,0.0,0
distractor_para,boundary:query,640,L218,hybrid,retire,utility <= 0,,2.0412,2,5,0,0.0,5
distractor_para,boundary:query,640,L219,hybrid,retire,utility <= 0,,2.0045,1,5,0,-0.2,5
distractor_para,boundary:query,641,L180.lo,hybrid,exception,contradicted; every cut loses a supporter,1.9185,1.9185,4,5,1,0.1667,6
distractor_para,boundary:query,641,L206.lo,hybrid,retire,utility <= 0,,1.8308,6,5,0,0.0,5
distractor_para,boundary:query,643,L180.lo,hybrid,exception,contradicted; every cut loses a supporter,1.9199,1.9199,4,6,2,0.1429,7
distractor_para,boundary:query,644,L224,dense,create,"default missed, dense hit",,2.0,1,0,0,0.0,0
distractor_para,boundary:query,646,L206.hi,hybrid,retire,utility <= 0,,1.8295,1,5,0,0.0,5
distractor_para,boundary:query,647,L191,dense,expand,arm beat the default just outside the box,2.0124,2.0462,2,0,0,0.0,0
distractor_para,boundary:query,647,L192,hybrid,expand,arm beat the default just outside the box,2.0124,2.0462,2,0,0,0.0,0
distractor_para,boundary:query,647,L204,hybrid,expand,arm beat the default just outside the box,2.0115,2.0455,2,0,0,0.0,0
distractor_para,boundary:query,647,L168,hybrid,retire,utility <= 0,,2.1202,3,4,0,0.0,5
distractor_para,boundary:query,649,L113,dense,narrow,contradicted; cut f:query_len_tokens,2.0563,2.0157,4,6,1,0.25,8
distractor_para,boundary:query,649,L114,hybrid,narrow,contradicted; cut f:query_len_tokens,2.0916,2.051,5,6,1,0.25,8
distractor_para,boundary:query,649,L167,dense,exception,contradicted; every cut loses a supporter,2.1173,2.1173,4,4,1,0.1667,6
distractor_para,boundary:query,650,L225,hybrid,create,"default missed, hybrid hit",,2.0,1,0,0,0.0,0
distractor_para,boundary:query,656,L225,hybrid,expand,arm beat the default just outside the box,2.0042,2.0403,2,3,0,0.0,3
distractor_para,boundary:query,658,L141,hybrid,exception,contradicted; every cut loses a supporter,2.0867,2.0867,3,6,2,0.1429,7
distractor_para,boundary:query,659,L24,dense,exception,contradicted; every cut loses a supporter,1.8937,1.8937,5,10,4,0.1667,12
distractor_para,boundary:query,659,L25,hybrid,exception,contradicted; every cut loses a supporter,1.8937,1.8937,5,10,4,0.1667,12
distractor_para,boundary:query,659,L167,dense,exception,contradicted; every cut loses a supporter,2.119,2.119,4,5,2,0.1429,7
distractor_para,boundary:query,659,L24,dense,split,4 exceptions; cut f:query_cap_spans at 2,,1.8937,5,10,4,0.1667,12
distractor_para,boundary:query,659,L24.lo,dense,create,split of L24,,1.5197,4,0,0,0.0,0
distractor_para,boundary:query,659,L24.hi,dense,create,split of L24,,1.8937,1,0,0,0.0,0
distractor_para,boundary:query,659,L25,hybrid,split,4 exceptions; cut f:query_cap_spans at 2,,1.8937,5,10,4,0.1667,12
distractor_para,boundary:query,659,L25.lo,hybrid,create,split of L25,,1.5197,4,0,0,0.0,0
distractor_para,boundary:query,659,L25.hi,hybrid,create,split of L25,,1.8937,1,0,0,0.0,0
distractor_para,boundary:query,659,L50.hi,dense,retire,utility <= 0,,1.8825,2,4,0,0.0,5
distractor_para,boundary:query,660,L225,hybrid,retire,utility <= 0,,2.0375,2,5,0,0.0,5
distractor_para,boundary:query,662,L11.lo.hi.lo,hybrid,exception,contradicted; every cut loses a supporter,1.4675,1.4675,7,5,1,0.2857,7
distractor_para,boundary:query,663,L114,hybrid,exception,contradicted; every cut loses a supporter,2.0503,2.0503,5,7,2,0.2222,9
distractor_para,boundary:query,663,L51.hi,hybrid,retire,utility <= 0,,1.9925,3,4,0,0.0,5
distractor_para,boundary:query,669,L215,dense,narrow,contradicted; cut f:query_len_tokens,2.0269,1.9792,5,7,3,0.3,10
distractor_para,boundary:query,670,L50.lo,dense,retire,utility <= 0,,1.8408,6,4,0,0.0,5
distractor_para,boundary:query,671,L103.lo.lo.lo,dense,exception,contradicted; every cut loses a supporter,1.4717,1.4717,7,4,1,0.1667,6
distractor_para,boundary:query,671,L215,dense,narrow,contradicted; cut f:query_len_tokens,1.9762,1.9461,5,8,3,0.1818,11
distractor_para,boundary:query,672,L215,dense,narrow,contradicted; cut f:query_len_tokens,1.9467,1.9291,5,9,3,0.1667,12
distractor_para,boundary:query,673,L180.lo,hybrid,exception,contradicted; every cut loses a supporter,1.9051,1.9051,4,7,3,0.125,8
distractor_para,boundary:query,675,L103.lo.lo.lo,dense,exception,contradicted; every cut loses a supporter,1.4737,1.4737,7,5,2,0.1429,7
distractor_para,boundary:query,676,L215,dense,expand,arm beat the default just outside the box,1.9313,1.9614,6,9,3,0.1667,12
distractor_para,boundary:query,676,L230,dense,create,"default missed, dense hit",,2.0,1,0,0,0.0,0
distractor_para,boundary:query,676,L231,hybrid,create,"default missed, hybrid hit",,2.0,1,0,0,0.0,0
distractor_para,boundary:query,677,L224,dense,narrow,contradicted; cut f:query_len_tokens,1.986,1.9089,3,4,0,0.1667,6
distractor_para,boundary:query,678,L113,dense,exception,contradicted; every cut loses a supporter,2.0071,2.0071,4,7,2,0.2222,9
distractor_para,boundary:query,678,L114,hybrid,exception,contradicted; every cut loses a supporter,2.0422,2.0422,5,8,3,0.2,10
distractor_para,boundary:query,678,L51.lo,hybrid,exception,contradicted; every cut loses a supporter,1.8337,1.8337,6,5,1,0.1667,6
distractor_para,boundary:query,678,L204,hybrid,retire,utility <= 0,,2.0345,2,5,0,0.0,5
distractor_para,boundary:query,679,L215,dense,exception,contradicted; every cut loses a supporter,1.959,1.959,6,10,4,0.1538,13
distractor_para,boundary:query,679,L215,dense,split,4 exceptions; cut f:query_cap_spans at 2,,1.959,6,10,4,0.1538,13
distractor_para,boundary:query,679,L215.lo,dense,create,split of L215,,1.7924,6,0,0,0.0,0
distractor_para,boundary:query,683,L11.lo.hi.lo,hybrid,exception,contradicted; every cut loses a supporter,1.4619,1.4619,7,6,2,0.25,8
distractor_para,boundary:query,683,L224,dense,exception,contradicted; every cut loses a supporter,1.9086,1.9086,3,5,1,0.1429,7
distractor_para,boundary:query,684,L230,dense,expand,arm beat the default just outside the box,2.0009,2.0758,2,0,0,0.0,0
distractor_para,boundary:query,688,L11.lo.hi.hi,hybrid,retire,utility <= 0,,1.4327,1,5,0,0.0,5
distractor_para,boundary:query,690,L224,dense,narrow,contradicted; cut f:query_len_tokens,1.911,1.8807,3,6,1,0.125,8
distractor_para,boundary:query,693,L233,dense,create,"default missed, dense hit",,2.0,1,0,0,0.0,0
distractor_para,boundary:query,693,L234,hybrid,create,"default missed, hybrid hit",,2.0,1,0,0,0.0,0
distractor_para,boundary:query,694,L180.lo,hybrid,exception,contradicted; every cut loses a supporter,1.9123,1.9123,4,8,4,0.1111,9
distractor_para,boundary:query,694,L180.lo,hybrid,split,4 exceptions; cut f:query_len_tokens at 14,,1.9123,4,8,4,0.1111,9
distractor_para,boundary:query,694,L180.lo.lo,hybrid,create,split of L180.lo,,1.8213,2,0,0,0.0,0
distractor_para,boundary:query,694,L180.lo.hi,hybrid,create,split of L180.lo,,1.5923,2,0,0,0.0,0
distractor_para,boundary:query,695,L182,dense,expand,arm beat the default just outside the box,2.0022,2.0153,3,2,0,0.3333,3
distractor_para,boundary:query,695,L237,dense,create,"default missed, dense hit",,2.0,1,0,0,0.0,0
distractor_para,boundary:query,696,L215.lo,dense,exception,contradicted; every cut loses a supporter,1.8002,1.8002,7,5,1,0.1667,6
distractor_para,boundary:query,698,L224,dense,narrow,contradicted; cut f:query_len_tokens,1.884,1.8537,3,7,1,0.1111,9
distractor_para,boundary:query,699,L215.lo,dense,exception,contradicted; every cut loses a supporter,1.8017,1.8017,7,6,2,0.1429,7
distractor_para,boundary:query,703,L224,dense,narrow,contradicted; cut f:query_len_tokens,1.8516,1.8045,3,8,1,0.1,10
distractor_para,boundary:query,704,L224,dense,expand,arm beat the default just outside the box,1.8052,1.871,4,8,1,0.1,10
distractor_para,boundary:query,704,L230,dense,expand,arm beat the default just outside the box,2.0797,2.1146,3,2,0,0.0,2
distractor_para,boundary:query,704,L233,dense,expand,arm beat the default just outside the box,2.0005,2.0349,2,2,0,0.0,2
distractor_para,boundary:query,704,L237,dense,expand,arm beat the default just outside the box,2.0001,2.0455,2,0,0,0.0,0
distractor_para,boundary:query,704,L238,dense,create,"default missed, dense hit",,2.0,1,0,0,0.0,0
distractor_para,boundary:query,707,L224,dense,exception,contradicted; every cut loses a supporter,1.8687,1.8687,4,9,2,0.0909,11
distractor_para,boundary:query,709,L103.lo.lo.lo,dense,exception,contradicted; every cut loses a supporter,1.4805,1.4805,7,6,3,0.125,8
distractor_para,boundary:query,713,L215.lo,dense,exception,contradicted; every cut loses a supporter,1.7982,1.7982,7,7,3,0.125,8
distractor_para,boundary:query,713,L230,dense,retire,utility <= 0,,2.1103,3,5,0,0.0,5
distractor_para,boundary:query,717,L103.lo.lo.lo,dense,expand,arm beat the default just outside the box,1.4829,1.5428,8,6,3,0.125,8
distractor_para,boundary:query,717,L237,dense,expand,arm beat the default just outside the box,2.0437,2.1035,3,1,0,0.0,1
distractor_para,boundary:query,718,L182,dense,expand,arm beat the default just outside the box,2.0143,2.1077,4,3,0,0.25,4
distractor_para,boundary:query,718,L52.hi.lo.hi,dense,expand,arm beat the default just outside the box,1.6231,1.6829,6,3,0,0.25,4
distractor_para,boundary:query,718,L237,dense,expand,arm beat the default just outside the box,2.1039,2.138,4,1,0,0.0,1
distractor_para,boundary:query,718,L238,dense,expand,arm beat the default just outside the box,1.9991,2.0333,3,2,0,0.3333,3
distractor_para,boundary:query,718,L239,dense,create,"default missed, dense hit",,2.0,1,0,0,0.0,0
distractor_para,boundary:query,719,L51.lo,hybrid,exception,contradicted; every cut loses a supporter,1.8389,1.8389,6,6,2,0.1429,7
distractor_para,boundary:query,719,L191,dense,retire,utility <= 0,,2.0382,2,5,0,0.0,5
distractor_para,boundary:query,719,L192,hybrid,retire,utility <= 0,,2.0382,2,5,0,0.0,5
distractor_para,boundary:query,720,L215.lo,dense,exception,contradicted; every cut loses a supporter,1.7972,1.7972,7,8,4,0.1111,9
distractor_para,boundary:query,720,L215.lo,dense,split,4 exceptions; cut f:query_cap_spans at 2,,1.7972,7,8,4,0.1111,9
distractor_para,boundary:query,720,L215.lo.lo,dense,create,split of L215.lo,,1.7972,7,0,0,0.0,0
distractor_para,boundary:query,722,L231,hybrid,expand,arm beat the default just outside the box,2.0021,2.0367,2,4,0,0.0,4
distractor_para,boundary:query,722,L234,hybrid,expand,arm beat the default just outside the box,1.9978,2.0319,2,2,0,0.0,2
distractor_para,boundary:query,722,L237,dense,expand,arm beat the default just outside the box,2.1362,2.196,5,1,0,0.0,1
distractor_para,boundary:query,722,L241,hybrid,create,"default missed, hybrid hit",,2.0,1,0,0,0.0,0
distractor_para,boundary:query,723,L52.hi.lo.lo,dense,retire,utility <= 0,,1.7108,8,3,0,0.0,5
distractor_para,boundary:query,724,L233,dense,exception,contradicted; every cut loses a supporter,2.032,2.032,4,5,1,0.2857,7
distractor_para,boundary:query,726,L233,dense,exception,contradicted; every cut loses a supporter,2.0294,2.0294,4,6,2,0.125,8
distractor_para,boundary:query,726,L238,dense,exception,contradicted; every cut loses a supporter,2.0289,2.0289,4,4,1,0.1667,6
distractor_para,boundary:query,728,L234,hybrid,retire,utility <= 0,,2.0294,2,5,0,0.0,5
distractor_para,boundary:query,729,L182,dense,exception,contradicted; every cut loses a supporter,2.1038,2.1038,4,5,1,0.1667,6
distractor_para,boundary:query,729,L238,dense,exception,contradicted; every cut loses a supporter,2.0294,2.0294,4,5,2,0.1429,7
distractor_para,boundary:query,730,L224,dense,exception,contradicted; every cut loses a supporter,1.8686,1.8686,5,10,3,0.0769,13
distractor_para,boundary:query,730,L233,dense,narrow,contradicted; cut f:query_len_tokens,2.0306,1.9559,4,7,2,0.0,9
distractor_para,boundary:query,730,L238,dense,narrow,contradicted; cut f:query_len_tokens,2.0301,2.0151,4,6,2,0.0,8
distractor_para,boundary:query,730,L231,hybrid,retire,utility <= 0,,2.0353,2,5,0,-0.2,5
distractor_para,boundary:query,730,L233,dense,retire,utility <= 0,,1.9559,4,7,2,0.0,9
distractor_para,boundary:query,730,L238,dense,retire,utility <= 0,,2.0151,4,6,2,0.0,8
distractor_para,boundary:query,730,L215.lo.lo,dense,retire,utility <= 0,,1.7973,8,4,0,-0.2,5
distractor_para,boundary:query,732,L11.lo.hi.lo,hybrid,exception,contradicted; every cut loses a supporter,1.4623,1.4623,7,7,3,0.2222,9
distractor_para,boundary:query,732,L237,dense,expand,arm beat the default just outside the box,2.1915,2.2555,6,4,0,-0.25,4
distractor_para,boundary:query,733,L237,dense,retire,utility <= 0,,2.2563,6,5,0,-0.2,5
distractor_para,boundary:query,736,L182,dense,narrow,contradicted; cut f:query_len_tokens,2.1013,1.995,4,6,1,0.1429,7
distractor_para,boundary:query,739,L224,dense,exception,contradicted; every cut loses a supporter,1.8672,1.8672,6,11,4,0.1333,15
distractor_para,boundary:query,739,L224,dense,split,4 exceptions; cut f:query_len_tokens at 14,,1.8672,6,11,4,0.1333,15
distractor_para,boundary:query,739,L224.lo,dense,create,split of L224,,1.7479,4,0,0,0.0,0
distractor_para,boundary:query,739,L224.hi,dense,create,split of L224,,1.8076,2,0,0,0.0,0
distractor_para,boundary:query,739,L180.lo.lo,hybrid,retire,utility <= 0,,1.8178,2,5,0,0.0,5
distractor_para,boundary:query,745,L241,hybrid,expand,arm beat the default just outside the box,1.9981,2.0311,4,3,0,0.2,5
distractor_para,boundary:query,746,L52.hi.lo.hi,dense,exception,contradicted; every cut loses a supporter,1.6813,1.6813,6,5,1,0.1667,6
distractor_para,boundary:query,749,L141,hybrid,exception,contradicted; every cut loses a supporter,2.0778,2.0778,3,7,3,0.125,8
distractor_para,boundary:query,749,L182,dense,exception,contradicted; every cut loses a supporter,1.9998,1.9998,4,7,2,0.125,8
distractor_para,boundary:query,751,L241,hybrid,exception,contradicted; every cut loses a supporter,2.0291,2.0291,5,4,1,0.2857,7
distractor_para,boundary:query,752,L167,dense,exception,contradicted; every cut loses a supporter,2.1063,2.1063,4,6,3,0.125,8
distractor_para,boundary:query,754,L241,hybrid,exception,contradicted; every cut loses a supporter,2.0259,2.0259,5,5,2,0.25,8
distractor_para,boundary:query,756,L241,hybrid,exception,contradicted; every cut loses a supporter,2.0273,2.0273,5,6,3,0.2222,9
distractor_para,boundary:query,758,L239,dense,expand,arm beat the default just outside the box,1.9934,2.0262,2,4,0,-0.25,4
distractor_para,boundary:query,758,L224.hi,dense,expand,arm beat the default just outside the box,1.806,1.8656,5,2,0,0.5,4
distractor_para,boundary:query,758,L244,dense,create,"default missed, dense hit",,2.0,1,0,0,0.0,0
distractor_para,boundary:query,761,L239,dense,retire,utility <= 0,,2.0247,2,5,0,-0.2,5
distractor_para,boundary:query,762,L180.lo.hi,hybrid,expand,arm beat the default just outside the box,1.59,1.6198,4,3,0,0.25,4
distractor_para,boundary:query,762,L224.hi,dense,expand,arm beat the default just outside the box,1.8641,1.894,6,3,0,0.4,5
distractor_para,boundary:query,762,L244,dense,expand,arm beat the default just outside the box,1.9987,2.0722,2,0,0,0.0,0
distractor_para,boundary:query,762,L245,hybrid,create,"default missed, hybrid hit",,2.0,1,0,0,0.0,0
distractor_para,boundary:query,764,L241,hybrid,exception,contradicted; every cut loses a supporter,2.0279,2.0279,5,7,4,0.2,10
distractor_para,boundary:query,764,L224.hi,dense,exception,contradicted; every cut loses a supporter,1.8948,1.8948,6,4,1,0.3333,6
distractor_para,boundary:query,764,L241,hybrid,split,4 exceptions; cut f:query_cap_spans at 1,,2.0279,5,7,4,0.2,10
distractor_para,boundary:query,764,L241.lo,hybrid,create,split of L241,,1.8626,5,0,0,0.0,0
distractor_para,boundary:query,765,L182,dense,exception,contradicted; every cut loses a supporter,1.9939,1.9939,4,8,3,0.1111,9
distractor_para,boundary:query,770,L24.lo,dense,retire,utility <= 0,,1.517,4,5,0,0.0,5
distractor_para,boundary:query,770,L24.hi,dense,retire,utility <= 0,,1.8836,1,5,0,0.0,5
distractor_para,boundary:query,770,L25.lo,hybrid,retire,utility <= 0,,1.517,4,5,0,0.0,5
distractor_para,boundary:query,770,L25.hi,hybrid,retire,utility <= 0,,1.8836,1,5,0,0.0,5
distractor_para,boundary:query,775,L247,dense,create,"default missed, dense hit",,2.0,1,0,0,0.0,0
distractor_para,boundary:query,777,L241.lo,hybrid,retire,utility <= 0,,1.8565,6,4,0,0.0,5
distractor_para,boundary:query,779,L51.lo,hybrid,exception,contradicted; every cut loses a supporter,1.8269,1.8269,6,7,3,0.125,8
distractor_para,boundary:query,780,L180.lo.hi,hybrid,exception,contradicted; every cut loses a supporter,1.6116,1.6116,4,5,1,0.1667,6
distractor_para,boundary:query,781,L224.hi,dense,exception,contradicted; every cut loses a supporter,1.8859,1.8859,6,5,2,0.2857,7
distractor_para,boundary:query,783,L224.lo,dense,exception,contradicted; every cut loses a supporter,1.7384,1.7384,7,3,1,0.5,6
distractor_para,boundary:query,783,L224.hi,dense,exception,contradicted; every cut loses a supporter,1.8858,1.8858,6,6,3,0.25,8
distractor_para,boundary:query,783,L244,dense,retire,utility <= 0,,2.0618,2,5,0,-0.2,5
distractor_para,boundary:query,796,L224.hi,dense,exception,contradicted; every cut loses a supporter,1.8792,1.8792,6,7,4,0.2222,9
distractor_para,boundary:query,796,L224.hi,dense,split,4 exceptions; cut f:query_cap_spans at 0.5,,1.8792,6,7,4,0.2222,9
distractor_para,boundary:query,796,L224.hi.lo,dense,create,split of L224.hi,,1.7811,3,0,0,0.0,0
distractor_para,boundary:query,796,L224.hi.hi,dense,create,split of L224.hi,,1.6195,3,0,0,0.0,0
distractor_para,boundary:query,797,L167,dense,exception,contradicted; every cut loses a supporter,2.0865,2.0865,4,7,4,0.1111,9
distractor_para,boundary:query,797,L167,dense,split,4 exceptions; cut f:query_cap_spans at 2,,2.0865,4,7,4,0.1111,9
distractor_para,boundary:query,797,L167.lo,dense,create,split of L167,,1.8902,3,0,0,0.0,0
distractor_para,boundary:query,797,L167.hi,dense,create,split of L167,,1.9263,1,0,0,0.0,0
distractor_para,boundary:query,806,L141,hybrid,exception,contradicted; every cut loses a supporter,2.0547,2.0547,4,8,4,0.2,10
distractor_para,boundary:query,806,L182,dense,exception,contradicted; every cut loses a supporter,1.978,1.978,5,9,4,0.1818,11
distractor_para,boundary:query,806,L141,hybrid,split,4 exceptions; cut f:query_len_tokens at 31,,2.0547,4,8,4,0.2,10
distractor_para,boundary:query,806,L141.lo,hybrid,create,split of L141,,1.8967,4,0,0,0.0,0
distractor_para,boundary:query,806,L182,dense,split,4 exceptions; cut f:query_cap_spans at 1,,1.978,5,9,4,0.1818,11
distractor_para,boundary:query,806,L182.lo,dense,create,split of L182,,1.7814,4,0,0,0.0,0
distractor_para,boundary:query,806,L182.hi,dense,create,split of L182,,1.8145,1,0,0,0.0,0
distractor_para,boundary:query,807,L141.lo,hybrid,expand,arm beat the default just outside the box,1.8972,1.9891,5,0,0,0.0,0
distractor_para,boundary:query,807,L182.hi,dense,expand,arm beat the default just outside the box,1.8149,1.8737,2,0,0,0.0,0
distractor_para,boundary:query,807,L255,hybrid,create,"default missed, hybrid hit",,2.0,1,0,0,0.0,0
distractor_para,boundary:query,810,L190,hybrid,narrow,contradicted; cut f:query_len_tokens,2.0131,1.9948,3,5,0,0.1667,6
distractor_para,boundary:query,813,L190,hybrid,narrow,contradicted; cut f:query_len_tokens,1.9892,1.9304,4,6,0,0.25,8
distractor_para,boundary:query,814,L103.lo.lo.lo,dense,expand,arm beat the default just outside the box,1.5205,1.5793,9,6,3,0.125,8
distractor_para,boundary:query,814,L245,hybrid,expand,arm beat the default just outside the box,1.9786,2.01,3,3,0,0.25,4
distractor_para,boundary:query,814,L255,hybrid,expand,arm beat the default just outside the box,1.9934,2.0234,2,1,0,0.0,1
distractor_para,boundary:query,814,L256,hybrid,create,"default missed, hybrid hit",,2.0,1,0,0,0.0,0
distractor_para,boundary:query,817,L103.lo.lo.lo,dense,exception,contradicted; every cut loses a supporter,1.5806,1.5806,9,7,4,0.1111,9
distractor_para,boundary:query,817,L245,hybrid,exception,contradicted; every cut loses a supporter,2.0113,2.0113,3,5,1,0.1667,6
distractor_para,boundary:query,817,L103.lo.lo.lo,dense,split,4 exceptions; cut f:query_len_tokens at 13,,1.5806,9,7,4,0.1111,9
distractor_para,boundary:query,817,L103.lo.lo.lo.lo,dense,create,split of L103.lo.lo.lo,,1.4333,5,0,0,0.0,0
distractor_para,boundary:query,817,L103.lo.lo.lo.hi,dense,create,split of L103.lo.lo.lo,,1.4922,4,0,0,0.0,0
distractor_para,boundary:query,817,L224.hi.hi,dense,retire,utility <= 0,,1.6151,4,4,0,0.0,5
distractor_para,boundary:query,819,L180.lo.hi,hybrid,exception,contradicted; every cut loses a supporter,1.6045,1.6045,4,6,2,0.1429,7
distractor_para,boundary:query,819,L224.lo,dense,exception,contradicted; every cut loses a supporter,1.7288,1.7288,7,4,2,0.4286,7
distractor_para,boundary:query,819,L245,hybrid,exception,contradicted; every cut loses a supporter,2.0121,2.0121,3,6,2,0.1429,7
distractor_para,boundary:query,820,L245,hybrid,exception,contradicted; every cut loses a supporter,2.0124,2.0124,3,7,3,0.125,8
distractor_para,boundary:query,822,L255,hybrid,retire,utility <= 0,,2.0273,2,5,0,0.0,5
distractor_para,boundary:query,823,L256,hybrid,expand,arm beat the default just outside the box,2.0043,2.0344,2,3,0,0.0,3
distractor_para,boundary:query,823,L259,hybrid,create,"default missed, hybrid hit",,2.0,1,0,0,0.0,0
distractor_para,boundary:query,825,L256,hybrid,retire,utility <= 0,,2.0358,2,5,0,0.0,5
distractor_para,boundary:query,827,L247,dense,expand,arm beat the default just outside the box,1.9869,2.0187,3,3,0,0.25,4
distractor_para,boundary:query,827,L103.lo.lo.lo.lo,dense,expand,arm beat the default just outside the box,1.4373,1.4669,6,0,0,0.0,0
distractor_para,boundary:query,827,L259,hybrid,expand,arm beat the default just outside the box,2.0024,2.0325,2,0,0,0.0,0
distractor_para,boundary:query,827,L260,dense,create,"default missed, dense hit",,2.0,1,0,0,0.0,0
distractor_para,boundary:query,830,L103.lo.lo.lo.hi,dense,retire,utility <= 0,,1.4944,4,5,0,-0.4,5
distractor_para,boundary:query,836,L182.lo,dense,expand,arm beat the default just outside the box,1.7786,1.8081,5,1,0,0.0,1
distractor_para,boundary:query,836,L259,hybrid,expand,arm beat the default just outside the box,2.03,2.0997,3,4,0,0.0,4
distractor_para,boundary:query,838,L245,hybrid,exception,contradicted; every cut loses a supporter,2.0152,2.0152,4,8,4,0.2,10
distractor_para,boundary:query,838,L245,hybrid,split,4 exceptions; cut f:query_len_tokens at 11,,2.0152,4,8,4,0.2,10
distractor_para,boundary:query,838,L245.lo,hybrid,create,split of L245,,1.7908,2,0,0,0.0,0
distractor_para,boundary:query,838,L245.hi,hybrid,create,split of L245,,1.9092,2,0,0,0.0,0
distractor_para,boundary:query,838,L259,hybrid,retire,utility <= 0,,2.1008,3,5,0,0.0,5
distractor_para,boundary:query,839,L103.lo.lo.lo.lo,dense,expand,arm beat the default just outside the box,1.4649,1.4945,7,1,0,0.0,1
distractor_para,boundary:query,841,L263,dense,create,"default missed, dense hit",,2.0,1,0,0,0.0,0
distractor_para,boundary:query,844,L247,dense,exception,contradicted; every cut loses a supporter,2.0214,2.0214,4,5,1,0.2857,7
distractor_para,boundary:query,845,L245.hi,hybrid,exception,contradicted; every cut loses a supporter,1.9136,1.9136,3,5,1,0.1667,6
distractor_para,boundary:query,849,L260,dense,expand,arm beat the default just outside the box,2.0038,2.0345,3,2,0,0.3333,3
distractor_para,boundary:query,849,L263,dense,expand,arm beat the default just outside the box,2.0031,2.0344,2,4,0,0.0,4
distractor_para,boundary:query,849,L264,dense,create,"default missed, dense hit",,2.0,1,0,0,0.0,0
distractor_para,boundary:query,850,L52.hi.lo.hi,dense,narrow,contradicted; cut f:query_cap_spans,1.6668,1.6668,7,6,1,0.25,8
distractor_para,boundary:query,852,L245.hi,hybrid,exception,contradicted; every cut loses a supporter,1.9153,1.9153,4,6,2,0.25,8
distractor_para,boundary:query,852,L263,dense,retire,utility <= 0,,2.0351,2,5,0,0.0,5
distractor_para,boundary:query,854,L224.hi.lo,dense,narrow,contradicted; cut f:query_len_tokens,1.7833,1.724,4,5,0,0.1667,6
distractor_para,boundary:query,854,L245.hi,hybrid,exception,contradicted; every cut loses a supporter,1.9127,1.9127,4,7,3,0.2222,9
distractor_para,boundary:query,856,L247,dense,narrow,contradicted; cut f:query_len_tokens,2.0218,1.8842,4,6,1,0.25,8
distractor_para,boundary:query,856,L260,dense,narrow,contradicted; cut f:query_len_tokens,2.0336,1.8963,3,5,0,0.1667,6
distractor_para,boundary:query,857,L260,dense,exception,contradicted; every cut loses a supporter,1.8969,1.8969,3,6,1,0.0,7
distractor_para,boundary:query,857,L260,dense,retire,utility <= 0,,1.8969,3,6,1,0.0,7
distractor_para,boundary:query,858,L141.lo,hybrid,exception,contradicted; every cut loses a supporter,1.9932,1.9932,6,5,1,0.1667,6
distractor_para,boundary:query,858,L182.hi,dense,narrow,contradicted; cut f:query_len_tokens,1.8767,1.6103,3,5,0,0.0,6
distractor_para,boundary:query,858,L182.hi,dense,retire,utility <= 0,,1.6103,3,5,0,0.0,6
distractor_para,boundary:query,862,L264,dense,expand,arm beat the default just outside the box,2.0002,2.0319,3,1,0,0.5,2
distractor_para,boundary:query,862,L103.lo.lo.lo.lo,dense,retire,utility <= 0,,1.4995,8,4,0,0.0,5
distractor_para,boundary:query,863,L141.lo,hybrid,expand,arm beat the default just outside the box,1.9937,2.0233,7,5,1,0.1667,6
distractor_para,boundary:query,863,L182.lo,dense,expand,arm beat the default just outside the box,1.8151,1.8743,6,3,0,-0.3333,3
distractor_para,boundary:query,863,L245.hi,hybrid,expand,arm beat the default just outside the box,1.9151,1.9571,5,7,3,0.2222,9
distractor_para,boundary:query,863,L264,dense,expand,arm beat the default just outside the box,2.0326,2.073,4,1,0,0.5,2
distractor_para,boundary:query,863,L265,dense,create,"default missed, dense hit",,2.0,1,0,0,0.0,0
distractor_para,boundary:query,863,L266,hybrid,create,"default missed, hybrid hit",,2.0,1,0,0,0.0,0
distractor_para,boundary:query,864,L189,dense,narrow,contradicted; cut f:query_len_tokens,1.9834,1.965,3,4,0,0.3333,6
