id_a,id_b,similarity,question_a,question_b,best_a,best_b,best_same,bm25_a,bm25_b,bm25_same,dense_a,dense_b,dense_same,hybrid_a,hybrid_b,hybrid_same
5ade0fb95542997545bbbe39,5ae53de455429908b6326599,0.6759,How long is the river for which Frenchmans Creek is a tributary?,The creek of which Paradise Creek is a tributary is a tributary of what river?,dense+hybrid,all,0,0,1,0,1,1,1,1,1,1
5a7759fc5542993569682d60,5abbdb195542993f40c73bf1,0.6546,Where are Teide National Park and Garajonay National Park located?,"Which is larger, Garajonay National Park or Guadarrama National Park?",all,none,0,1,0,0,1,0,0,1,0,0
5ab67772554299110f219a12,5a7b43735542992d025e67cb,0.5438,What type of media does J. T. Petty and Outlast have in common?,what type of media does Ratatouille and PlayStation 3 have in common?,dense+hybrid,dense+hybrid,1,0,0,1,1,1,1,1,1,1
5a809b575542996402f6a59c,5a88fa9e5542993b751ca8de,0.542,What former nose tackle announced ESPN College Football Friday Primetime in 2017?,What NFL team did the 2017 ESPN College Football Friday Primetime host who played at Oklahoma in college play for?,bm25+hybrid,none,0,1,0,0,0,0,1,1,0,0
5a734e6d5542994cef4bc528,5abec2ca5542997719eab5b9,0.5348,"Which canal is located further North, Beaver and Erie Canal or the Dismal Swamp Canal?","Which canal began operating first, the Carondelet Canal or the Miami and Erie Canal?",all,bm25+hybrid,0,1,1,1,1,0,0,1,1,1
5ae32e125542991a06ce9946,5ae3ff575542995dadf242aa,0.5225,"According to the 2001 census, what was the population of the city in which Kirton End is located?",What is the population according to the 2007 population census of the city in which the National Archives and Library of Ethiopia is located?,none,bm25+hybrid,0,0,1,0,0,0,1,0,1,0
5a7ec61a55429934daa2fc5f,5abeafbb5542997ec76fd347,0.5018,Are Staten Island Catapult and This Is Elvis both documentaries?,"Between the documentaries The Staten Island Catapult and Frida, en trotjänarinna which came first?",all,all,1,1,1,1,1,1,1,1,1,1
5adf430e5542993a75d2645e,5abec2ca5542997719eab5b9,0.4964,"Which canal, Miami Canal or Dundee Canal, also supplies hydro-power and water for manufacturing?","Which canal began operating first, the Carondelet Canal or the Miami and Erie Canal?",all,bm25+hybrid,0,1,1,1,1,0,0,1,1,1
5ac31456554299741d48a1b4,5ae4585c5542996836b02c89,0.4922,"Which band has more members, Lawson or American Music Club?",Which band has more members Band of Skulls or Live ?,dense+hybrid,dense+hybrid,1,0,0,1,1,1,1,1,1,1
5ae4f3c455429960a22e0221,5a8f73455542997ba9cb3269,0.4919,What is the are of the university at which Dick Biddle served as head football coach?,At which public research university founded in 1881 Ralph Fielding served as the head football coach?,none,hybrid,0,0,0,1,0,0,1,0,1,0
5ab1d7ac554299449642c7e6,5adf39295542992d7e9f92df,0.4911,"Which genus has more species, Xanthoceras or Ehretia?","Which genus has more species, Apium or Elodea?",all,all,1,1,1,1,1,1,1,1,1,1
5ab1d7ac554299449642c7e6,5ab6369655429953192ad2a1,0.4911,"Which genus has more species, Xanthoceras or Ehretia?",Which Genus has more species Eucryphia or Lepidozamia ?,all,all,1,1,1,1,1,1,1,1,1,1
5ab1d7ac554299449642c7e6,5a88a1475542997e5c09a646,0.4911,"Which genus has more species, Xanthoceras or Ehretia?","Which genus has more species, Salvia or Arachis?",all,all,1,1,1,1,1,1,1,1,1,1
5ab67772554299110f219a12,5abc8620554299700f9d78e2,0.4907,What type of media does J. T. Petty and Outlast have in common?,What type of media does Bitter Jester and Sicko have in common?,dense+hybrid,all,0,0,1,0,1,1,1,1,1,1
5adeb95d5542992fa25da827,5adbe9fa55429944faac23ba,0.4845,Are Chlidanthus and Maianthemum both flowering plants?,Are both Parodia and Thalictrum flowering plants?,all,all,1,1,1,1,1,1,1,1,1,1
5add67555542992ae4cec54e,5a71166d5542994082a3e576,0.4786,Which of these battles occurred earlier--the Battle of Peleliu or the Battle of Belleau Wood?,"Which battle occurred first, the Battle of Manila or the Battle of Guam?",all,all,1,1,1,1,1,1,1,1,1,1
5adcfbf45542990d50227d86,5ab42d5755429942dd415eaf,0.4745,Into Dust is a song by the alternative rock band formed in which city?,"""Lost!"" is a song by a British rock band formed in what year?",all,all,1,1,1,1,1,1,1,1,1,1
5ab1d7ac554299449642c7e6,5a87954f5542996e4f308856,0.4523,"Which genus has more species, Xanthoceras or Ehretia?","Which genus has more species, Bactris and Epigaea?",all,all,1,1,1,1,1,1,1,1,1,1
5ac0cf0f554299294b219018,5ae4585c5542996836b02c89,0.4451,"Which band has more members, Test Icicles or X Ambassadors?",Which band has more members Band of Skulls or Live ?,none,dense+hybrid,0,0,0,1,0,1,0,0,1,0
5a84cf175542992a431d1aa2,5ae4585c5542996836b02c89,0.4402,"Which band has more constant members, Lilys or Ratatat?",Which band has more members Band of Skulls or Live ?,none,dense+hybrid,0,0,0,1,0,1,0,0,1,0
5a7f3f7c55429934daa2fd45,5ae4585c5542996836b02c89,0.4385,"Which band has more members, The Futureheads or Marcy Playground?",Which band has more members Band of Skulls or Live ?,none,dense+hybrid,0,0,0,1,0,1,0,0,1,0
5a8fa4d95542995b4424207b,5a8bde565542995d1e6f1454,0.4364,"Which airport is busier, Palm Springs International Airport or Trenton–Mercer Airport?",Which airport Grand Forks International Airport or El Paso International Airport is closer to their town ?,none,all,0,0,1,0,0,1,0,0,1,0
5ae4585c5542996836b02c89,5a7ed5af5542994959419a84,0.4328,Which band has more members Band of Skulls or Live ?,"Which band has more members, Kitchens of Distinction or Royal Blood?",dense+hybrid,dense+hybrid,1,0,0,1,1,1,1,1,1,1
5ae25ed15542992decbdccd2,5ac1bce45542994ab5c67def,0.429,Both Sorbaria and Goldenrod are a genus of more than 50 flowering plants?,Are Pothos and Tibouchina Aubl both flowering genus of plants?,all,all,1,1,1,1,1,1,1,1,1,1
5a72c6565542992359bc31a7,5adf27775542993344016c00,0.4254,What is the stage name of the former pornographic actress born in 1981 that co-hosted the 26th AVN Awards?  ,"How many pornographic films did the actress, who co-hosted the 29th AVN Awards with Dave Attell and Sunny Leone, appear in ?",bm25,none,0,1,0,0,0,0,1,0,0,1
5adfdc7d55429942ec259b64,5ae0850055429945ae959396,0.4209,"Who was older, George Atzerodt or Andrew Johnson?","Who was older, Andrew Preston or James Taylor?",dense+hybrid,dense+hybrid,1,0,0,1,1,1,1,1,1,1
5a71166d5542994082a3e576,5a7605f85542994ccc91868d,0.4029,"Which battle occurred first, the Battle of Manila or the Battle of Guam?","Which battle lasted longer, Battle of Hürtgen Forest or Battle of Pusan Perimeter?",all,all,1,1,1,1,1,1,1,1,1,1
5a90bd7b55429916514e7547,5abc7bf75542993a06baf8f0,0.4021,"Which has more species, Aichryson or Polypodium?",Which has more species Laurus or Liriodendron?,all,hybrid,0,1,0,0,1,0,0,1,1,1
5a825bb455429940e5e1a874,5adcfbf45542990d50227d86,0.3986,Folie à Deux is a studio album by the American rock band formed in which city?,Into Dust is a song by the alternative rock band formed in which city?,all,all,1,1,1,1,1,1,1,1,1,1
5ab1d7ac554299449642c7e6,5ae207a65542994d89d5b317,0.3979,"Which genus has more species, Xanthoceras or Ehretia?","In which genus number of species are more, Lavatera or Oplismenus?",all,none,0,1,0,0,1,0,0,1,0,0
5a78db8055429970f5fffdb2,5ae5e8c85542996de7b71a69,0.3964,"Flyboys stars which actor who was nominated for an Academy Award for ""127 Hours""?",Name the actor who has acted in the film Arrival and who has been nominated for the Academy Award for Best Supporting Actor for the film `The Town' ?,dense+hybrid,none,0,0,0,1,1,0,0,1,0,0
5ab9debb55429955dce3ed97,5adfcb5455429906c02daa48,0.3963,"The English actor Kris Marshall played which character in the highly rated comedy-drama television series ""Death in Paradise""?","What character in ""Father Ted"" was played by an actor who starred in Death in Paradise?",bm25,all,0,1,1,1,0,1,0,0,1,0
5ab72b5c5542993667793f63,5a8b120755429949d91db4a4,0.3927,What country of origin does The Late Late Show and Craig Kilborn have in common?,What country of origin does André Holland and 42 have in common?,dense+hybrid,dense+hybrid,1,0,0,1,1,1,1,1,1,1
5a8f69b55542997ba9cb324f,5ab7ccf455429928e1fe3910,0.3905,"What national historic district is located near a village in the town of Philipstown, New York?",What was the 2010 population of the town where Lake George Avenue Historic District is located?,all,bm25+hybrid,0,1,1,1,1,0,0,1,1,1
5a825bb455429940e5e1a874,5a8f0a01554299458435d539,0.3903,Folie à Deux is a studio album by the American rock band formed in which city?,Telos was an album by a band who formed in what city?,all,bm25+hybrid,0,1,1,1,1,0,0,1,1,1
5a7a230e5542996a35c170ee,5a82817555429954d2e2eb5a,0.388,"What year was the film that starred the composer for ""The Naked Brothers Band""?","Which film does ""Naked Weapon"" follow in the ""Naked"" series?",none,all,0,0,1,0,0,1,0,0,1,0
5a8b515e55429971feec46bb,5adf4b335542993a75d264a5,0.3878,Which Western action-adventure video game by Rockstar did Tyler Bunch act for?,Paul DeBoy is known for an appearance in the Western action-adventure game developed by which company?,none,none,1,0,0,1,0,0,1,0,0,1
5adfd2f255429925eb1afaa5,5ab576c4554299637185c5a4,0.387,A puzzle-platform video game developed by the Valve Corporation is part of what 2012 action-adventure game?,TMNT is a single-player action-adventure multi-platform action game based on a film which was the final film role for who?,none,dense,0,0,0,1,0,1,0,0,0,1
5a7571135542992d0ec05f98,5ae7922f5542994a481bbdac,0.3865,Ralph Hefferline was a psychology professor at a university that is located in what city?,Where was the university at which  Barrie Ciliberti was a professor located? ,all,all,1,1,1,1,1,1,1,1,1,1
5adeb95d5542992fa25da827,5a8a7d2b55429930ff3c0dfc,0.3858,Are Chlidanthus and Maianthemum both flowering plants?,Are the flowering plants Ecballium and Elatostema in the same family?,all,all,1,1,1,1,1,1,1,1,1,1
5adf9d135542995534e8c817,5a8bde565542995d1e6f1454,0.3853,Are Des Moines International Airport and Grand Canyon National Park Airport both major airline hubs?,Which airport Grand Forks International Airport or El Paso International Airport is closer to their town ?,none,all,0,0,1,0,0,1,0,0,1,0
5a711cb45542994082a3e59f,5ae249925542994d89d5b3c1,0.3832,"Who has won more Grand Slam women's doubles titles, Lisa Raymond or Liezel Huber?",Which player Richard Gasquet or Jim Pugh  has won more mixed double Grand Slam titles ?,dense+hybrid,bm25,0,0,1,0,1,0,0,1,0,0
5ae3e2455542994393b9e78c,5a8b036d55429971feec45fe,0.3827,Scout Tufankjian and Daron Malakian are both what?,"Which is a record producer, Zach Bogosian or Daron Malakian?",all,none,0,1,0,0,1,0,0,1,0,0
5ae24abc5542994d89d5b3c3,5abe535055429976d4830aea,0.3805,Where is the company that owns thanKing Horse pub restaurant chain based ?,Where is the transportation company that owns Talbot based in?,none,all,0,0,1,0,0,1,0,0,1,0
5abd0b6b5542996e802b46b4,5abad70d5542996606241631,0.38,Finally includes the song that peaked at what on the US Hot 100,"How high on the US ""Billboard"" Hot 100 chart did Dan Smith's song reach in 2013?",all,none,0,1,0,0,1,0,0,1,0,0
5ae057fd55429945ae959328,5ab67bf255429954757d32f5,0.3754, Robert Smith founded the multinational company headquartered in what city?,PISCES was developed by the company that is headquartered in what city?,none,dense,0,0,0,1,0,1,0,0,0,1
5ac176555542994d76dcce47,5abe731255429965af743f0e,0.3736,What profession does H. L. Mencken and Albert Camus have in common?,What profession does Matt Thiessen and George Thorogood have in common?,all,all,1,1,1,1,1,1,1,1,1,1
5a73977d554299623ed4ac08,5ae3e2455542994393b9e78c,0.373,What is the shared country of ancestry between Art Laboe and Scout Tufankjian?,Scout Tufankjian and Daron Malakian are both what?,all,all,1,1,1,1,1,1,1,1,1,1
5ae54eea5542993aec5ec19d,5a80b0565542996402f6a5f0,0.3711,"Which band was formed first, Wavves or Social Code?","Which band was formed first, Lit or Adorable?",dense,all,0,0,1,0,1,1,1,0,1,0
5a7633ad5542992db9473741,5add67555542992ae4cec54e,0.3681,"Which was fought earlier in our nation's history, the Seven Days Battles or the Battle of Manila?",Which of these battles occurred earlier--the Battle of Peleliu or the Battle of Belleau Wood?,all,all,1,1,1,1,1,1,1,1,1,1
5ae7a8175542993210983ed8,5addfc425542997dc7907101,0.3667,Which other Mexican Formula One race car driver has held the podium besides the Force India driver born in 1990?," Force India VJM10 is a Formula One racing car previous driven by Nico Hülkenberg, and is now driven by which driver born 17 September 1996?",dense+hybrid,none,0,0,0,1,1,0,0,1,0,0
5a80aeff5542996402f6a5eb,5abba584554299642a094afa,0.3663,"For what ""first"" was Ivory Lee Brown's nephew credited for in Heisman Trophy balloting?",How many yards did the nephew of Ivory Lee Brown get during his 2004 true freshman season?,none,dense+hybrid,0,0,0,1,0,1,0,0,1,0
5add673e5542992ae4cec54d,5a7499eb55429929fddd8470,0.3605,Joe Walker played for which team that ends their regular season with the Civil War rivalry game?,What game did the team with an 11-1 regular season record play in for the BCS title game?,none,all,0,0,1,0,0,1,0,0,1,0
5ac2d1d755429921a00ab053,5abaad5855429901930fa88f,0.3595,"Who had the best singles ranking, Roberta Vinci or Jorge Lozano?",How many more singles titles did Kim Warwick win than Jorge Lozano?,none,none,1,0,0,1,0,0,1,0,0,1
5ac176555542994d76dcce47,5a88696b554299206df2b25b,0.3588,What profession does H. L. Mencken and Albert Camus have in common?,What type of profession does Chris Jericho and Gary Barlow have in common?,all,all,1,1,1,1,1,1,1,1,1,1
5a81ff62554299676cceb1c4,5a88696b554299206df2b25b,0.3573,What type of profession does Ithu Engal Neethi and Shoba Chandrasekhar have in common?,What type of profession does Chris Jericho and Gary Barlow have in common?,all,all,1,1,1,1,1,1,1,1,1,1
5a78db8055429970f5fffdb2,5a8dee2455429917b4a5bce1,0.3562,"Flyboys stars which actor who was nominated for an Academy Award for ""127 Hours""?",What other film did the star of 127 Hours act in?,dense+hybrid,none,0,0,0,1,1,0,0,1,0,0
5ab51dae5542991779162d82,5a8bde565542995d1e6f1454,0.3559,Are both Elko Regional Airport and Gerald R. Ford International Airport located in Michigan?,Which airport Grand Forks International Airport or El Paso International Airport is closer to their town ?,all,all,1,1,1,1,1,1,1,1,1,1
5a7571095542992d0ec05f97,5a90b6985542990a984936c2,0.3528,"Which ""Mirrors"" actress made her film debut in the 2005 comedy film ""Hitch""?","The film ""Arthur Newman"" stars Colin Firth and an actress that made her professional debut in what play?",dense,all,0,0,1,0,1,1,1,0,1,0
5ae75a4c5542997b22f6a6f1,5a84e61b5542997b5ce3ff86,0.3481,"The Bart the Fink episode of The Simpsons aired in February of 1996, and involves the host of which kiddie show?","The Simpsons episode that aired on February 19, 2012 entitled ""At Long Last Leave"" represented what milestone for the show? ",bm25+hybrid,dense+hybrid,0,1,0,0,0,1,0,1,1,1
5ac119335542992a796dede4,5a8f0a01554299458435d539,0.3477,I'd Come for You is a single by the band formed in what Alberta city?,Telos was an album by a band who formed in what city?,all,bm25+hybrid,0,1,1,1,1,0,0,1,1,1
5ae2dd2055429928c423950d,5a7634f155429976ec32bd6b,0.3471,"What is the county seat of the county where East Lempster, New Hampshire is located?","What shallow water table aquifer is located near the county seat of Keith County, Nebraska?",none,none,1,0,0,1,0,0,1,0,0,1
5a7a455c5542994f819ef1a7,5a8141cc55429938b6142316,0.3469,"Who died first, George Archainbaud or Ralph Murphy?",Are both Cynthia Mort and George Archainbaud American?,all,all,1,1,1,1,1,1,1,1,1,1
5a7f392b55429934daa2fd26,5adca5eb5542994d58a2f693,0.3466,Wim Jonk manages Cruyff Football together with the footballer who is also currently manager of which team?,Kevin Watson currently manages which Southern League football team?,dense+hybrid,bm25,0,0,1,0,1,0,0,1,0,0
5a7b3f4d5542992d025e67bb,5ae5a4e5554299546bf82f01,0.3445,"Which songwriting duo composed music for ""La La Land"", and created lyrics for ""A Christmas Story: The Musical""? ","Which writer of ""Rewrite This Story"" are an American songwriting duo and composing team for musical theater, films, and television?",bm25,hybrid,0,1,0,0,0,0,1,0,1,0
5ac289ff5542996366519a02,5ab1d7ac554299449642c7e6,0.3442,Is the Marsilea or the Brabejum the genus of more individual species of plants?,"Which genus has more species, Xanthoceras or Ehretia?",all,all,1,1,1,1,1,1,1,1,1,1
5ac3e0f7554299194317388b,5a73a7c755429978a71e9068,0.3435,Which actor does American Beauty and American Beauty have in common?,What american actress/singer born in 1956 recorded the song Something there for beauty and the beast?,none,dense+hybrid,0,0,0,1,0,1,0,0,1,0
5a7cc50e554299452d57ba3e,5ae4585c5542996836b02c89,0.3433,"Which band, Letters to Cleo or Screaming Trees, had more members?",Which band has more members Band of Skulls or Live ?,none,dense+hybrid,0,0,0,1,0,1,0,0,1,0
5ab67772554299110f219a12,5ab5e9865542992aa134a3db,0.3426,What type of media does J. T. Petty and Outlast have in common?,What type of beliefs does Mount Ida and Rhea have in common?,dense+hybrid,dense+hybrid,1,0,0,1,1,1,1,1,1,1
5ae52c0f5542992663a4f12e,5a7ddc5a5542995f4f4022da,0.34,What major city is the Faith Lutheran Middle School and High School located by?,Both Bishop Carroll Catholic High School and Kapaun Mt. Carmel Catholic High School are located in which city in Kansas?,none,all,0,0,1,0,0,1,0,0,1,0
5a85c3a15542992a431d1b97,5adfd2f255429925eb1afaa5,0.3384,Snowdrop is a proprietary game engine first revealed with an online-only action role-playing video game developed by who?,A puzzle-platform video game developed by the Valve Corporation is part of what 2012 action-adventure game?,bm25+hybrid,none,0,1,0,0,0,0,1,1,0,0
5ab67772554299110f219a12,5a8b81bc55429949d91db5b8,0.3375,What type of media does J. T. Petty and Outlast have in common?,What type of publication does St. Anthony Messenger and Revolver have in common?,dense+hybrid,all,0,0,1,0,1,1,1,1,1,1
5a8b3af455429971feec467b,5a71095e5542994082a3e4f3,0.3358,Blinding Edge Pictures produced which 2000 film starring Bruce Willis?,What is the name of Bruce Willis's character in Unbreakable?,all,all,1,1,1,1,1,1,1,1,1,1
5a79118755429974737f7962,5a80b0565542996402f6a5f0,0.335,"Which band formed first, Awolnation or Foo Fighters?","Which band was formed first, Lit or Adorable?",bm25,all,0,1,1,1,0,1,0,0,1,0
5ae68fcb5542992ae0d1635b,5ae10df355429920d52342ac,0.3347,"""Ew!"" is a song by a television host born where?",Where was the host of Australia's Got Talent born?,none,bm25+hybrid,0,0,1,0,0,0,1,0,1,0
5ae1fa2b5542997f29b3c1df,5ae0c29c5542993d6555ec46,0.3342,"Who collaborated with Rihanna on the album release ""Numb""?",What was the profession of the one who wrote a song on a 2005 album he collaborated on with Marc Predka?,all,dense,0,1,0,0,1,1,1,1,0,0
5a8ba92c554299240d9c2071,5a8327fd5542990548d0b1a3,0.3338, The Nantahala National Forest and the Croatan National Forest are both located in which state?,"Forest Hill, Texas is a suburb of which fifth-largest city in the state?",all,all,1,1,1,1,1,1,1,1,1,1
5a90580655429933b8a204ef,5a7499eb55429929fddd8470,0.3335,What record did the Super Bowl XXXIV champions finish the regular-season with in 1999?,What game did the team with an 11-1 regular season record play in for the BCS title game?,all,all,1,1,1,1,1,1,1,1,1,1
5abdba405542993f32c2a023,5a9057795542990a984935f7,0.3318,Orlando Brown is best known for his role as 3J Winslow in an American sitcom that was a spin-off of what?,What kind of game is The Park a spin-off of? ,dense,none,0,0,0,1,1,0,0,0,0,1
5abe953b5542993f32c2a170,5ae7766455429952e35ea920,0.331,what is one of the stars of  The Newcomers known for,"Geoffrey Rush, one of the stars in Intolerable Cruelty, is a known actor and film producer in what country?",none,dense+hybrid,0,0,0,1,0,1,0,0,1,0
5a85c3a15542992a431d1b97,5a802e135542992bc0c4a6c7,0.3308,Snowdrop is a proprietary game engine first revealed with an online-only action role-playing video game developed by who?,Blue Dwarf is what type of online text-based role-playing game?,bm25+hybrid,all,0,1,1,1,0,1,0,1,1,1
5a80b0565542996402f6a5f0,5ae5b99a5542993aec5ec1ce,0.3303,"Which band was formed first, Lit or Adorable?","Which American rock band was formed first, Soil or Drowning Pool?",all,all,1,1,1,1,1,1,1,1,1,1
5adc65e85542996e68525350,5ae3f2395542995ad6573cc6,0.3301,Are both Dafeng District and Dazhou located in the same province?,Are Ganzhou and Jimo District both located in China?,all,dense+hybrid,0,1,0,0,1,1,1,1,1,1
5ab7ccf455429928e1fe3910,5a893f305542993b751ca91e,0.3276,What was the 2010 population of the town where Lake George Avenue Historic District is located?,"The Whitehead Light is located in what town with a population of 2,591 during the 2010 census?",bm25+hybrid,none,0,1,0,0,0,0,1,1,0,0
5adf62d05542992d7e9f932d,5ac5101455429924173fb592,0.3267,Which number-one single is Michael Steele responsible for?,What is the name of the number-one single featuring the winner of Celebrity Apprentice 3?,none,none,1,0,0,1,0,0,1,0,0,1
5ae2dd2055429928c423950d,5ac26eed55429951e9e685bf,0.3266,"What is the county seat of the county where East Lempster, New Hampshire is located?",where is the  a county where  Purcell can be found located ,none,bm25+hybrid,0,0,1,0,0,0,1,0,1,0
5ab67772554299110f219a12,5a84fea85542994c784ddabf,0.3261,What type of media does J. T. Petty and Outlast have in common?,What type of sport does Sergio Casal and Manuel Orantes have in common?,dense+hybrid,all,0,0,1,0,1,1,1,1,1,1
5a8e068b5542995085b37384,5a8638945542994775f6072d,0.3256,Are Ferocactus and Silene both types of plant?,Are Sutera and Rhodotypos both types of shrub?,dense+hybrid,all,0,0,1,0,1,1,1,1,1,1
5a80b0565542996402f6a5f0,5abf08985542997719eab625,0.3252,"Which band was formed first, Lit or Adorable?","Which band was formed first, Circus Diablo or Magic Dirt?",all,all,1,1,1,1,1,1,1,1,1,1
5a90843c5542995651fb517e,5a7a27ce5542996c55b2dd28,0.325,Francisco Jose Hernandez was a participant in an invasion that took place in what year?,"What took place first, The Korean War or The Western Allied invasion of Germany?",dense+hybrid,all,0,0,1,0,1,1,1,1,1,1
5ae686535542996d980e7bdc,5abc19705542993a06baf86e,0.325,The Black Belly of the Tarantula starred an actress who married what former member of the Beatles?,Black Book starred the actress and writer of what heritage?,none,dense+hybrid,0,0,0,1,0,1,0,0,1,0
5ac01bb8554299012d1db5a6,5a74684655429929fddd8410,0.3247,"Which American character actor who starred on the television series ""Stargate SG-1"" (1997–2007) and appeared in ""Episode 8"" of ""Twin Peaks"" as a guest star?","Which American music star appeared as a guest in a Will & Grace episode called ""Back Up, Dancer""?",none,all,0,0,1,0,0,1,0,0,1,0
5ae2dfd155429928c423951b,5ab281ec554299449642c8d1,0.3247,"Which of the city at the south of Shelly Beach, New South Wales is a local government area in the Hunter region of New South Wales, Australia?","Red Bend Catholic College contributes 800 students of the 7,560 population of what central west region of south Wales, Australia town?",none,bm25,0,0,1,0,0,0,1,0,0,1
5a8b8b3155429949d91db5d7,5ab67772554299110f219a12,0.3246,What type of activity does Owner earnings and Warren Buffett have in common?,What type of media does J. T. Petty and Outlast have in common?,bm25+hybrid,dense+hybrid,0,1,0,0,0,1,0,1,1,1
5ae7ba7a5542993210983f12,5a77c1505542997042120b1b,0.3225,"What is the name of the singer who's song was released as the lead single from the album ""Confessions"", and that had popular song stuck behind for eight consecutive weeks?","Which song was behind the third single on the album  ""A Lot About Livin' (And a Little 'bout Love)"" for two weeks on the country charts?",all,none,0,1,0,0,1,0,0,1,0,0
5ae048a255429924de1b708e,5a8b515e55429971feec46bb,0.3225,What movie did Pitof direct which had an action-adventure tie-in video game based off of it in 2004?,Which Western action-adventure video game by Rockstar did Tyler Bunch act for?,all,none,0,1,0,0,1,0,0,1,0,0
5a835478554299123d8c20ed,5a7cf29255429909bec768b8,0.3201,How many copies of Roald Dahl's variation on a popular anecdote sold?,The Ingerophrynus gollum is named after a character in a book that sold how many copies?,all,dense+hybrid,0,1,0,0,1,1,1,1,1,1
5a80071f5542992bc0c4a684,5ab209ec554299722f9b4ca2,0.3189,Alice David is the voice of Lara Croft in a video game developed by which company ?,What video game character did the voice actress in the animated film Alpha and Omega voice?,all,none,0,1,0,0,1,0,0,1,0,0
5ae17daa55429901ffe4aea9,5a8fc0065542997ba9cb3318,0.3184,Who directed the 1941 film based on the novel of the same name by Zane Grey starring an actor who was also an artist and stuntman?,Me and You and Everyone We Know was directed by an artist who also directed what 2011 film?,all,all,1,1,1,1,1,1,1,1,1,1
5a7cbf8c554299452d57b9f4,5a7a978555429941d65f26db,0.3183,"Which came out first, Dinosaur or McFarland, USA","Which album came out first, ""Paper Trail"" or ""If Tomorrow Comes...""?",dense+hybrid,all,0,0,1,0,1,1,1,1,1,1
5a8781b65542993e715abf8f,5a8675b1554299211dda2b44,0.3183,Are David O. Russell and Tony Gatlif from the same country?,Are Black and New Found Glory from the same country?,dense+hybrid,all,0,0,1,0,1,1,1,1,1,1
5adc69ef554299438c868daf,5a7153d05542994082a3e7dc,0.3161,Are Kalenderhane Mosque and Galata Bridge both located in Istanbul?,"Which Istanbul mosque is unique for retaining a Baroque style of architecture, the Bayezid II Mosque or the Nusretiye Mosque?",all,all,1,1,1,1,1,1,1,1,1,1
5ae2dd2055429928c423950d,5ae7385d5542992ae0d163da,0.3145,"What is the county seat of the county where East Lempster, New Hampshire is located?",Bartlett's Bridge was built by the engineer who worked for the county seat of which Massachusetts county?,none,dense+hybrid,0,0,0,1,0,1,0,0,1,0
5a7b7ff75542995eb53be93d,5a79d2fe5542994f819ef0c3,0.3142,"Who was born first, Arthur Conan Doyle or Penelope Lively?","Who was born first, Aleksandr Ivanovsky or Arthur Lubin?",dense+hybrid,all,0,0,1,0,1,1,1,1,1,1
5a7d9bc65542990b8f5039cb,5a88fa9e5542993b751ca8de,0.314,"A wide receiver for the Toronto Argonauts played college football for a team that represents the University of Oklahoma, which belongs to what conference?",What NFL team did the 2017 ESPN College Football Friday Primetime host who played at Oklahoma in college play for?,bm25+hybrid,none,0,1,0,0,0,0,1,1,0,0
5ab870ed55429934fafe6db9,5abad70d5542996606241631,0.314, The Canadian Hot 100 is a music industry record chart in Canada for for a song that is released separately from what?,"How high on the US ""Billboard"" Hot 100 chart did Dan Smith's song reach in 2013?",bm25+hybrid,none,0,1,0,0,0,0,1,1,0,0
5a9052765542995651fb513d,5ac41379554299204fd21ef1,0.3131,"Which author is an economist, Czesław Miłosz or Bhabananda Deka?",Do Czesław Miłosz and Nathalie Sarraute have the same nationality?,all,all,1,1,1,1,1,1,1,1,1,1
5a7a845755429941d65f2684,5a739323554299623ed4abff,0.3129,"Which film was released more recently, Make Mine Music or Old Dogs?","Which famous mine was in service first, the Salmita Mine or the Kanichee Mine?",dense+hybrid,none,0,0,0,1,1,0,0,1,0,0
5a8f69b55542997ba9cb324f,5adea83b55429975fa854f53,0.3126,"What national historic district is located near a village in the town of Philipstown, New York?",Thirukkalacherry is a village in which Indian town?,all,dense+hybrid,0,1,0,0,1,1,1,1,1,1
5a7b73ad5542997c3ec9718c,5abe953b5542993f32c2a170,0.3114,1990 Film Lionheart stars this actor who is best known for what type of films?,what is one of the stars of  The Newcomers known for,dense+hybrid,none,0,0,0,1,1,0,0,1,0,0
5a7571095542992d0ec05f97,5a7c2f145542996dd594b8b4,0.3113,"Which ""Mirrors"" actress made her film debut in the 2005 comedy film ""Hitch""?",The actress who made her film debut in Friday Night Lights also starred in a 2014 French-American crime-thriller directed by whi?,dense,all,0,0,1,0,1,1,1,0,1,0
5abee75f5542993fe9a41d8e,5adcb4ae5542994734353774,0.3105,Channel 8 has broadcast which American sports series that premiered in 1973?,Which channel produced the ninth volume of the tv series that premiered as the same date as RuPaul's first album?,dense+hybrid,all,0,0,1,0,1,1,1,1,1,1
5ab56e32554299637185c594,5a8c90db554299653c1aa0bf,0.3101,Are Random House Tower and 888 7th Avenue both used for real estate?,Is the building located at 200 West Street taller than the one at 888 7th Avenue?,none,dense+hybrid,0,0,0,1,0,1,0,0,1,0
5a8e068b5542995085b37384,5ae0a6ea5542993d6555ebe9,0.3087,Are Ferocactus and Silene both types of plant?,Are Waste Land and Shikashika both types of drinks?,dense+hybrid,dense+hybrid,1,0,0,1,1,1,1,1,1,1
5a8fa4d95542995b4424207b,5abbdd565542993f40c73bfb,0.3077,"Which airport is busier, Palm Springs International Airport or Trenton–Mercer Airport?",What is the airport code for the Vilnius Airport that ceased operations in 2015?,none,all,0,0,1,0,0,1,0,0,1,0
5abfa9745542997ec76fd426,5a9057795542990a984935f7,0.3075,"Young Sheldon, the tv series that follows the character Sheldon Cooper at the age of 9, is a spin-off from what prequel?",What kind of game is The Park a spin-off of? ,all,none,0,1,0,0,1,0,0,1,0,0
5a848b5c5542997175ce1ef2,5a7f85505542995d8a8dde95,0.3075,"What sub-genre of heavy metal describes the band ""It's Alive""?",What is the name of the album released by a British heavy metal band in February of 1981 that contains a reference to a highway?,dense+hybrid,bm25+hybrid,0,0,1,0,1,0,0,1,1,1
5a7125b95542994082a3e5d5,5a893f305542993b751ca91e,0.3072,"Which town has a greater population as of the 2010 census, Minden, Nevada or Gardnerville, Nevada?","The Whitehead Light is located in what town with a population of 2,591 during the 2010 census?",bm25,none,0,1,0,0,0,0,1,0,0,1
5ab808ea5542991d3222380e,5a7150c75542994082a3e7be,0.3071,"What is the capacity of the Stadium, other than Kauffman Stadium, designed by Charles Deaton ? ",What is the capacity of the stadium that hosts games of the team that was coached by Barry Switzer in 1981?,all,bm25,0,1,1,1,1,0,0,1,0,0
5a7571095542992d0ec05f97,5aba6f3e55429955dce3ee21,0.3067,"Which ""Mirrors"" actress made her film debut in the 2005 comedy film ""Hitch""?",Li Yitong made her television debut on which network?,dense,none,0,0,0,1,1,0,0,0,0,1
5ae058e855429945ae959331,5a81711455429938b614233e,0.3066,Are  Chrysalis and Look both women's magazines?,"Are both ""Cooking Light"" and ""Vibe"" magazines?",all,all,1,1,1,1,1,1,1,1,1,1
5a7a954855429941d65f26cd,5add3b035542997545bbbcce,0.3057,"What album did John Lennon release before the one that contained the song ""How?""",The Gate is a song from the album scheduled for release in what month?,none,dense+hybrid,0,0,0,1,0,1,0,0,1,0
5a7be2595542997c3ec972ac,5a7ab51055429927d897bef6,0.3056,"Who was born earlier, Emma Bull or Virginia Woolf?",What year was the author of Cock and Bull born? ,all,dense+hybrid,0,1,0,0,1,1,1,1,1,1
5a7ec61a55429934daa2fc5f,5a89ab1355429946c8d6e996,0.3055,Are Staten Island Catapult and This Is Elvis both documentaries?,Is Carnegie Hall Tower located in the same city as Staten Island?,all,dense+hybrid,0,1,0,0,1,1,1,1,1,1
5a8133725542995ce29dcbdb,5ae370295542992e3233c402,0.3054,"Which writer was from England, Henry Roth or Robert Erskine Childers?",Henry Roth and Lewis Mumford are both this nationality?,all,all,1,1,1,1,1,1,1,1,1,1
5ae7945d5542997b22f6a7ba,5ab55b0c554299488d4d995e,0.3052,Stacey Totman is the former head coach of the college golf team that competes in what conference?, Billy Preston is an American college basketball player for a team that competes in what?,dense,dense,1,0,0,1,1,1,1,0,0,1
5a88d745554299206df2b378,5a80ae105542992bc0c4a7a2,0.305,What occupation was shared by David Yates and Pietro Germi?,What occupation is shared by both Marge Piercy and Richard Aldington?,all,all,1,1,1,1,1,1,1,1,1,1
5a78b209554299148911f93e,5a7319bc5542992359bc3235,0.3046,"Which playwright lived a longer life, Edward Albee or J. M. Barrie?","Who lived longer, Leonid Khachiyan or Nikolai Lobachevsky?",all,dense+hybrid,0,1,0,0,1,1,1,1,1,1
5ae327e05542992f92d82220,5a73522d5542994cef4bc541,0.3033,GamesMaster has a sister publicantion that is published how many times per year?,Altnahinch is located in a county that has a population density of how many per square mile? ,dense+hybrid,all,0,0,1,0,1,1,1,1,1,1
5ab45a0b5542991779162c7e,5a8c616f5542995e66a475de,0.3033,"Which mall, Wilton Mall or Viaport Rotterdam, has had more owners?",Which road borders both Pacific Mall and Splendid China Mall ?,none,none,1,0,0,1,0,0,1,0,0,1
5ae738f75542991bbc9761c4,5a9068f85542990a98493623,0.3031,What year was the brother of this first round draft pick by the Washington Redskins drafted?,What was the nickname of the 76er who was drafted 3rd in the 2014 draft? ,none,none,1,0,0,1,0,0,1,0,0,1
5abae3205542996cc5e49edc,5a8210f355429926c1cdae24,0.3026,What award did the writer of Never Let Me Go novel win in 1989?,What award did the actor in Tales from the Crypt win?,hybrid,dense,0,0,0,1,0,1,0,1,0,0
5a8f0a01554299458435d539,5ac41850554299194317390b,0.3019,Telos was an album by a band who formed in what city?,Maha Kali is an EP by what band from Stromstad that was formed in 1989?,bm25+hybrid,all,0,1,1,1,0,1,0,1,1,1
5ab25004554299722f9b4cd7,5a71166d5542994082a3e576,0.3016,Were both the Battle of Stones River and the Battle of the Ch'ongch'on River fought in the 19th century?,"Which battle occurred first, the Battle of Manila or the Battle of Guam?",all,all,1,1,1,1,1,1,1,1,1,1
5a845e9055429933447460ec,5adde17f5542992200553b87,0.3012,Which team does the player named 2015 Diamond Head Classic's MVP play for?,For which NBA team did the MVP of the 2013 McDonald's All-American Boys Game play?,none,none,1,0,0,1,0,0,1,0,0,1
5ae5f3bb5542996de7b71a7e,5a7d158155429909bec76947,0.3009,Which star of The Human Stain was born in 1937?,"The star of ""Lady in a Cage"" was born in what year?",none,dense,0,0,0,1,0,1,0,0,0,1
5ae68e0055429908198fa607,5a7b73ad5542997c3ec9718c,0.3007,Tamanchey is a comedy film that starred the actress who works in what type of films?,1990 Film Lionheart stars this actor who is best known for what type of films?,none,dense+hybrid,0,0,0,1,0,1,0,0,1,0
5ab639e65542995eadeeff7f,5ac1b8cd55429963665198fc,0.3005,"Who has won more awards, Dan Schneider or Helen Hunt?","Who won more awards, Brothers Quay or Jake Kasdan?",none,none,1,0,0,1,0,0,1,0,0,1
5a848b5c5542997175ce1ef2,5a7af32e55429931da12c99c,0.3004,"What sub-genre of heavy metal describes the band ""It's Alive""?","The song ""Judgment Night"" was a collaboration between Onyx and the heavy metal band formed in which city?",dense+hybrid,dense+hybrid,1,0,0,1,1,1,1,1,1,1
5a7c68575542996dd594b91c,5ac023045542996f0d89cb32,0.2996,What was the sequel of the game that e was published by U.S. Gold in 1992?,What did the main character of the Novel whose second sequel was published by Viking Adult go to college?,bm25,none,0,1,0,0,0,0,1,0,0,1
5a879adb5542996e4f30887f,5a8dee2455429917b4a5bce1,0.2992,What other political position did the person who introduced the DISCLOSE Act hold?,What other film did the star of 127 Hours act in?,none,none,1,0,0,1,0,0,1,0,0,1
5a8b57f25542995d1e6f1371,5ab8f57b5542991b5579f097,0.2975,Were Scott Derrickson and Ed Wood of the same nationality?,Were Thomas H. Ince and Joseph McGrath of the same nationality?,dense+hybrid,dense+hybrid,1,0,0,1,1,1,1,1,1,1
5abd6cb955429933744ab7cd,5a72125055429971e9dc9241,0.2968,The creature HNoMS Draug is named after comes from what kind of mythology?,"What is the scientific name of the true creature featured in ""Creature from the Black Lagoon?",all,all,1,1,1,1,1,1,1,1,1,1
5ab67772554299110f219a12,5a8b8f5b55429949d91db5e1,0.2966,What type of media does J. T. Petty and Outlast have in common?,What form of play does Yameen and Activision have in common?,dense+hybrid,dense,0,0,0,1,1,1,1,1,0,0
5adc0c2b55429947ff1738db,5ab9cfb455429970cfb8ebae,0.2965,Are Agee and To Shoot an Elephant both documentaries about war?,Are Über Goober and American Jobs both documentaries about gaming?,all,all,1,1,1,1,1,1,1,1,1,1
5ae52c0f5542992663a4f12e,5ac0641f554299294b218fbe,0.2964,What major city is the Faith Lutheran Middle School and High School located by?,Immanuel Lutheran School is affiliated with the denomination that has how many members?,none,none,1,0,0,1,0,0,1,0,0,1
5a8b770f5542995d1e6f13a7,5a77beae5542992a6e59dfae,0.296,"Where is the singer of ""B Boy"" raised?",Which jazz singer has a 2003 album entitled The Boy Next Door? ,none,all,0,0,1,0,0,1,0,0,1,0
5a834ed95542990548d0b1ca,5a8c90db554299653c1aa0bf,0.2959,"Which tower is taller, 712 Fifth Avenue or Manhattan Life Insurance Building?",Is the building located at 200 West Street taller than the one at 888 7th Avenue?,all,dense+hybrid,0,1,0,0,1,1,1,1,1,1
5ae1fa2b5542997f29b3c1df,5a7a9b9a5542990198eaf160,0.2956,"Who collaborated with Rihanna on the album release ""Numb""?",When was the Chinese American electronic musician and singer who collaborated on the album I Remember born?,all,dense,0,1,0,0,1,1,1,1,0,0
5a8c5c6f554299653c1aa04d,5a7a954855429941d65f26cd,0.2954,"The album ""The Best of LeAnn Rimes"" contained a song used as the theme song for a film. What is the name of the film?","What album did John Lennon release before the one that contained the song ""How?""",hybrid,none,0,0,0,1,0,0,1,1,0,0
5adeb95d5542992fa25da827,5a85a2845542997175ce1fe1,0.2941,Are Chlidanthus and Maianthemum both flowering plants?,Are both Aloinopsis and Eriogonum ice plants?,all,all,1,1,1,1,1,1,1,1,1,1
5a7e04b05542995f4f40238a,5ae4a1875542995ad6573dd2,0.2936,Macclesfield Town F.C. plays in the league sponsored by whom?,Nicolau Colaco played as a defender in the men's professional league sponsored by which company?,dense+hybrid,dense,0,0,0,1,1,1,1,1,0,0
5ae73d505542991e8301cc2c,5a804510554299485f5985af,0.2933,Sebastian Gutierrez is known for writing the screenplay for the 2003 film directed by whom?,"Belle & Sebastian: The Adventure Continues is the sequel to the 2013 film ""Belle and Sebastian"", a French adventure film directed by who?",bm25+hybrid,all,0,1,1,1,0,1,0,1,1,1
5a8bb29b554299240d9c2089,5a77121a5542994aec3b71db,0.2933,Which American film actor and dancer starred in the 1945 film Johnny Angel?," Which 1970's film was released first, Charley and the Angel or The Boatniks?",none,all,0,0,1,0,0,1,0,0,1,0
5adf227a5542992d7e9f92a6,5aba6f3e55429955dce3ee21,0.2927,Josephine de Reszke made her debut in what grand opera?,Li Yitong made her television debut on which network?,hybrid,none,0,0,0,1,0,0,1,1,0,0
5abffc41554299012d1db551,5ab4107a554299753aec5a2f,0.2915,"The 1984 film ""Marlene"" is a documentary about an actress born in what year?",The Dogwoman telemovies were created by an actress born in what year?,dense+hybrid,all,0,0,1,0,1,1,1,1,1,1
5a77121a5542994aec3b71db,5a8b544855429950cd6afcae,0.2912," Which 1970's film was released first, Charley and the Angel or The Boatniks?","Which animated film was released first, The Country Bears or The Wild?",all,all,1,1,1,1,1,1,1,1,1,1
5a825bb455429940e5e1a874,5adc094a55429947ff1738c0,0.2912,Folie à Deux is a studio album by the American rock band formed in which city?,American Blues included the drummer from which American rock band?,all,none,0,1,0,0,1,0,0,1,0,0
5a8675b1554299211dda2b44,5a8762205542996e4f3087b8,0.2911,Are Black and New Found Glory from the same country?,are Tinto Brass and Baltasar Kormákur both from the same country ?,all,all,1,1,1,1,1,1,1,1,1,1
5a7cef5d55429909bec768ac,5ab91f98554299753720f70d,0.291,The was the album with the song  Unbelievable by American rapper The Notorious B.I.G released?,"What song by the American rapper Coolio is on his greatest hits album ""Fantiastic Voyage"" and samples from a Stevie Wonder song?",all,none,0,1,0,0,1,0,0,1,0,0
5abcfc365542993a06baf9d6,5ae6911955429908198fa626,0.291,"What year did the series on CBS, starring the actor who known for his role in ""Rebel Without a Cause,"" air?",M.F.A. starred the actress known for starring in what E! reality series?,none,none,1,0,0,1,0,0,1,0,0,1
5ac1f4495542991316484bd2,5adde3a45542997545bbbdc2,0.2908,"Who has more scope of profession, Phil Rosen or  Delmer Daves?",Are both Delmer Daves and Jean-Pierre Jeunet film directors?,all,all,1,1,1,1,1,1,1,1,1,1
5ae058e855429945ae959331,5a8198565542995ce29dcc13,0.2903,Are  Chrysalis and Look both women's magazines?,Are Ranger Rick and Tennis both sports magazines?,all,all,1,1,1,1,1,1,1,1,1,1
5ab72a025542992aa3b8c7b8,5a7d158155429909bec76947,0.2894,"""A Summer in the Cage"" and ""American Hardcore"" are both what kind of film?","The star of ""Lady in a Cage"" was born in what year?",dense+hybrid,dense,0,0,0,1,1,1,1,1,0,0
5a7be5bd5542997c3ec972ba,5a7b24fe55429931da12c9f7,0.2892,"Which dog is considered a giant dog breed, the  Leonberger or the Basset Hound?","Which dog breed has more derivative breeds from the original, German Spitz or Norfolk Spaniel?",all,none,0,1,0,0,1,0,0,1,0,0
5ae7ea695542994a481bbe17,5adbd70c55429947ff173843,0.2888,The Worst Journey in the World is a memoir written by which English explorer of Antarctica?, What is the title of the memoir written by the honoree of the Black and White Ball?,dense,dense,1,0,0,1,1,1,1,0,0,1
5ade3d75554299728e26c68b,5a9057795542990a984935f7,0.2882,What movie is the the Spinning turtle attraction in the worlds 21st largest theme park based off of?,What kind of game is The Park a spin-off of? ,hybrid,none,0,0,0,1,0,0,1,1,0,0
5ae5072e55429960a22e0246,5adc094a55429947ff1738c0,0.2875,"Who is the current drummer of the band who did the song ""What Lovers Do""?",American Blues included the drummer from which American rock band?,none,none,1,0,0,1,0,0,1,0,0,1
5a8b452655429971feec468e,5ab55b0c554299488d4d995e,0.2872,Which close friend of an American former basketball player was signed for to play for the Timberwolves?, Billy Preston is an American college basketball player for a team that competes in what?,all,dense,0,1,0,0,1,1,1,1,0,0
5ab67772554299110f219a12,5a8518a75542994c784ddaf7,0.2872,What type of media does J. T. Petty and Outlast have in common?,What type of structure does 277 Park Avenue and 126 Madison Avenue have in common?,dense+hybrid,none,0,0,0,1,1,0,0,1,0,0
5a7be2595542997c3ec972ac,5a7da0de5542990b8f5039d7,0.287,"Who was born earlier, Emma Bull or Virginia Woolf?","Who was born earlier, Robert Mulligan or James Foley?",all,dense+hybrid,0,1,0,0,1,1,1,1,1,1
5a76f5b155429972597f1400,5ae5f3bb5542996de7b71a7e,0.2867,What American composer born in 1937 pioneered minimal music?,Which star of The Human Stain was born in 1937?,all,none,0,1,0,0,1,0,0,1,0,0
5ab84d5a55429916710eb028,5a7d7d895542995f4f402281,0.2866,"The football maneuver, known as the horse-collar tackle is most closely associated with a player that was drafted by what NFl team in 2002?","As the oldest player in the NFL, this football player is the only player ever to have accomplished what?",bm25+hybrid,all,0,1,1,1,0,1,0,1,1,1
5a8d0d7b55429941ae14df79,5ac21bac5542991316484bf2,0.2866,How many rooms does that largest single hotel within the United States that is owned by MGM Resorts International?,What casino in Las Vegas which is now operated by MGM Resorts International was developed by William G. Bennett?,none,none,1,0,0,1,0,0,1,0,0,1
5abd6bf055429933744ab7c8,5ae7945d5542997b22f6a7ba,0.2858,"What Division was the college footbal team that fired their head coach on November 24, 2006?",Stacey Totman is the former head coach of the college golf team that competes in what conference?,all,dense,0,1,0,0,1,1,1,1,0,0
5ac0641f554299294b218fbe,5abcf17655429959677d6b5c,0.2855,Immanuel Lutheran School is affiliated with the denomination that has how many members?,Which school with which Gabriela Lemus has been affiliated is a member school of the Thurgood Marshall College Fund?,none,none,1,0,0,1,0,0,1,0,0,1
5a8d7b1755429941ae14dfc6,5ab94cf0554299743d22eade,0.285,What is the 2010 population of the city 2.1 miles southwest of Marietta Air Force Station?,Naval Air Station Ellyson Field was an auxiliary facility to the air station in which community?,dense,dense+hybrid,0,0,0,1,1,1,1,0,1,0
5ae13bca55429901ffe4ae17,5a77ddb855429967ab1052d8,0.285,Which American singer-songwriter toured with J.P. Doherty in 2007 on Cyndi Lauper's True Colors tour?,"The True Colors World Tour was by what artist whose debut album was ""She's So Unusual""?",bm25+hybrid,none,0,1,0,0,0,0,1,1,0,0
5a791a97554299148911f9f2,5a71095e5542994082a3e4f3,0.2848,"Which Netflix series ""Unbreakable"" character is Elizabeth Claire Kemper known for playing?",What is the name of Bruce Willis's character in Unbreakable?,all,all,1,1,1,1,1,1,1,1,1,1
5a83a2a15542993344746063,5abb7ea4554299642a094a96,0.284,"In regards to the high school that forced Manchester High School to change its name in 1922, when was its first graduating class?",When was the earliest film of High School and The Thorn in the Heart shot?,dense+hybrid,none,0,0,0,1,1,0,0,1,0,0
5ae7a8175542993210983ed8,5a799dfb5542994bb9457029,0.284,Which other Mexican Formula One race car driver has held the podium besides the Force India driver born in 1990?,Former race car driver Jeff Wood made his CART debut at which 1983 Nissan/Datsun-sponsored race?,dense+hybrid,all,0,0,1,0,1,1,1,1,1,1
5a80956e5542996402f6a579,5a7dff595542997cc2c474eb,0.284,What was the proper name of the husband of Lollia Paullina?,Who was the husband of Kalanipauahi's niece?,dense+hybrid,dense,0,0,0,1,1,1,1,1,0,0
5a74c85055429916b0164218,5ae5f3bb5542996de7b71a7e,0.284,"Born on 6 March 1937, this man was also a citizen of the United Kingdom.",Which star of The Human Stain was born in 1937?,all,none,0,1,0,0,1,0,0,1,0,0
5ae52c0f5542992663a4f12e,5ac0d83a554299294b219038,0.2835,What major city is the Faith Lutheran Middle School and High School located by?,Randall Cunningham II was a multi-sport athlete at the high school located in what Nevada city?,none,none,1,0,0,1,0,0,1,0,0,1
5a7be5bd5542997c3ec972ba,5ae1d656554299234fd04322,0.2834,"Which dog is considered a giant dog breed, the  Leonberger or the Basset Hound?",Are Greater Swiss Mountain Dog and Harrier both dog breeds?,all,all,1,1,1,1,1,1,1,1,1,1
5add564a5542990dbb2f7e38,5ac21bac5542991316484bf2,0.2832,Las Vegas Festival Grounds is north of the hotel that is owned by which company?,What casino in Las Vegas which is now operated by MGM Resorts International was developed by William G. Bennett?,dense+hybrid,none,0,0,0,1,1,0,0,1,0,0
5ab7e4dc5542995dae37e9df,5ab209ec554299722f9b4ca2,0.2831,"The Polar Bears featuring the voice of Armie Hammer, is also the same voice actor for which character in Cars 3?",What video game character did the voice actress in the animated film Alpha and Omega voice?,all,none,0,1,0,0,1,0,0,1,0,0
5ab42d5755429942dd415eaf,5a8b595855429949d91db563,0.2829,"""Lost!"" is a song by a British rock band formed in what year?","In what year was the band, whose bassist joined Arvas in 1996, formed?",all,none,0,1,0,0,1,0,0,1,0,0
5aba749055429901930fa7d8,5a844fd35542990548d0b274,0.2827,What occupation do Chris Menges and Aram Avakian share?,What occupation did Nicholas Christopher and Roger Ebert share?,all,all,1,1,1,1,1,1,1,1,1,1
5ac0e6fa5542996f0d89cc35,5a7a845755429941d65f2684,0.2822,"Which film was created more recently, Koyaanisqatsi or Mad Hot Ballroom?","Which film was released more recently, Make Mine Music or Old Dogs?",all,dense+hybrid,0,1,0,0,1,1,1,1,1,1
5a828c8355429966c78a6a50,5ae0d9c555429924de1b719a,0.282,Kaiser Ventures corporation was founded by an American industrialist who became known as the father of modern American shipbuilding?,"Van Andel Institute was founded in part by what American businessman, who was best known as co-founder of the Amway Corporation?",hybrid,bm25+hybrid,0,0,1,0,0,0,1,1,1,1
5a7ed2c655429930675135e5,5abebbe65542997719eab59d,0.2816,"At the 71st Golden Globe Awards for television in 2013, what achievement did Breaking Bad, police sitcom Brooklyn Nine-Nine and American Hustle attain?","What is the birthdate of this American comedian, actress, and writer, who was a supporting cast remember in Brooklyn Nine-Nine as Gina?",all,all,1,1,1,1,1,1,1,1,1,1
5adef1b35542993a75d263af,5ab209ec554299722f9b4ca2,0.2816,which Mexican and American film actress is Ethel Houbiers  French voice of ,What video game character did the voice actress in the animated film Alpha and Omega voice?,dense+hybrid,none,0,0,0,1,1,0,0,1,0,0
5a811152554299260e20a22e,5ae18d615542997283cd2229,0.2815,What party does the House of Commons representative for Congleton belong to?,To what sport does the Atomweight class belong?,all,dense+hybrid,0,1,0,0,1,1,1,1,1,1
5a8d7b1755429941ae14dfc6,5ab8903555429916710eb08e,0.2806,What is the 2010 population of the city 2.1 miles southwest of Marietta Air Force Station?,What city is the flying component of the United States Air Force 432d Wing stationed in,dense,none,0,0,0,1,1,0,0,0,0,1
5a7571095542992d0ec05f97,5abb02fe554299232ef4a39f,0.28,"Which ""Mirrors"" actress made her film debut in the 2005 comedy film ""Hitch""?",Anna Aglatova made her first public appearance at which Moscow theatre in 2005?,dense,all,0,0,1,0,1,1,1,0,1,0
5abd94525542992ac4f382d2,5a8f0a01554299458435d539,0.2799,2014 S/S is the debut album of a South Korean boy group that was formed by who?,Telos was an album by a band who formed in what city?,all,bm25+hybrid,0,1,1,1,1,0,0,1,1,1
5a7cef5d55429909bec768ac,5ac1c73e55429964131be28a,0.2795,The was the album with the song  Unbelievable by American rapper The Notorious B.I.G released?,Faces is a mixtape that features guest appearances from an American rapper who released one album with Souf Folk called what?,all,none,0,1,0,0,1,0,0,1,0,0
5a8f54165542992414482a52,5a893f305542993b751ca91e,0.2794,The Meadowbrook State Parkway connects to the Southern State Parkway in a community with what population as of the 2010 census?,"The Whitehead Light is located in what town with a population of 2,591 during the 2010 census?",none,none,1,0,0,1,0,0,1,0,0,1
5ac176555542994d76dcce47,5adfed45554299603e4183c5,0.2794,What profession does H. L. Mencken and Albert Camus have in common?,What was the career that Sidney Lumet and Albert Ward share in common?,all,dense+hybrid,0,1,0,0,1,1,1,1,1,1
5ac1a3665542994ab5c67daf,5a8f05b1554299458435d517,0.2791,What was position of the man who served Prince Andrew from 1990-2001? ,William Pery served as Captain of the Yeomen of the Guard under the lord who served in what position from 1865 to 1868?,all,all,1,1,1,1,1,1,1,1,1,1
5abba4855542993f40c73b68,5abd516a5542992ac4f3825c,0.2791,"Who were the directors of the 2009 American science fiction film starring the actor who played Dexter Morgan in the Showtime TV Network series ""Dexter""?",What religion is the composer for India's first science fiction film series?,all,all,1,1,1,1,1,1,1,1,1,1
5ab9ba6855429970cfb8eb87,5ae00de055429906c02daab5,0.2787,"Which novel by the author of ""Armada"" will adapted as a feature film by Steven Spielberg?",Morgan Paull played Dave Holden in a 1982 film loosely adapted from a novel by what author?,none,none,1,0,0,1,0,0,1,0,0,1
5a8b544855429950cd6afcae,5ae65c925542992ae0d162f9,0.2785,"Which animated film was released first, The Country Bears or The Wild?",Who was the producer of the 1994 American animated epic musical film which Mel Shaw animated?,all,none,0,1,0,0,1,0,0,1,0,0
5ab55b0c554299488d4d995e,5ac4f9dc55429924173fb533,0.2783, Billy Preston is an American college basketball player for a team that competes in what?, where is the American professional basketball team which Jalen Jones played for based,dense,all,0,0,1,0,1,1,1,0,1,0
5ab67bf255429954757d32f5,5adce0f455429947343537bd,0.2783,PISCES was developed by the company that is headquartered in what city?,"David Sinclair is a fictional character in ""Numb3rs"", a crime drama produced by what company headquartered in New York City and Los Angeles?",dense,dense,1,0,0,1,1,1,1,0,0,1
5ae2dd2055429928c423950d,5a80b3a9554299485f5986cc,0.2776,"What is the county seat of the county where East Lempster, New Hampshire is located?",Tysons Galleria is located in what county?,none,none,1,0,0,1,0,0,1,0,0,1
5ae69e3f5542996d980e7c61,5ae7922f5542994a481bbdac,0.2774,At which university did the notable psychoanalyst associated with the University of Chicago serve most of his career as a professor of psychiatry?,Where was the university at which  Barrie Ciliberti was a professor located? ,dense+hybrid,all,0,0,1,0,1,1,1,1,1,1
5ae675245542991bbc9760dc,5a84807d554299123d8c2278,0.276,What is the name of the father of Childericus?,"What is the occupation of the father of the actor that plays Will Graham on teh series ""Hannibal""?",dense+hybrid,none,0,0,0,1,1,0,0,1,0,0
5a8242c155429940e5e1a81d,5a7ab51055429927d897bef6,0.276,Where was the author of Thoughts of Machiavelli born?,What year was the author of Cock and Bull born? ,none,dense+hybrid,0,0,0,1,0,1,0,0,1,0
5abbc58455429931dba14502,5a8b448255429971feec468c,0.2759,Stephen susco wrote a movie produced by which american film actor?,"Stephen Graham starred in a film in 2006, directed by whom?",all,all,1,1,1,1,1,1,1,1,1,1
5a8f0a01554299458435d539,5a8a756555429970aeb702f2,0.2756,Telos was an album by a band who formed in what city?,Stray Arrows: A Collection of Favorites is the first compilation album released by an American alternative metal band that formed in what Chicago suburb?,bm25+hybrid,all,0,1,1,1,0,1,0,1,1,1
5ae2dd2055429928c423950d,5ac3ad7f5542995ef918c1de,0.2754,"What is the county seat of the county where East Lempster, New Hampshire is located?",The Aviation Hall of Fame and Museum of New Jersey is located at the airport in which New Jersey county?,none,dense+hybrid,0,0,0,1,0,1,0,0,1,0
5ae52c0f5542992663a4f12e,5ab626d555429953192ad279,0.2748,What major city is the Faith Lutheran Middle School and High School located by?,Anthony Avent played basketball fo a High School that is located in a city approcimately 8 mi west of where?,none,none,1,0,0,1,0,0,1,0,0,1
5ae67dba55429908198fa5f0,5a893f305542993b751ca91e,0.2747,The Memphis Hustle are based in a suburb of a city with a population of what in 2010?,"The Whitehead Light is located in what town with a population of 2,591 during the 2010 census?",none,none,1,0,0,1,0,0,1,0,0,1
5ae48e7e55429913cc20449d,5ae31bbd55429928c42395fc,0.2745,"Gualdo Tadino Cathedral, a Roman Catholic cathedral, was dedicated to Saint Bendict of Nursia who is a patron saint of what continent?",Are Guildford Cathedral and St Paul's Cathedral both located in England?,all,all,1,1,1,1,1,1,1,1,1,1
5abcedb355429959677d6b4f,5ac4f9dc55429924173fb533,0.2745,"Chris Jones is a semi-professional footballer, who played with what goalkeeper for Derby County when he was with Yorkshire?", where is the American professional basketball team which Jalen Jones played for based,dense+hybrid,all,0,0,1,0,1,1,1,1,1,1
5ae4d3c95542990ba0bbb165,5ac26eed55429951e9e685bf,0.2738,In what city can a person find both the Nusretiye Clock Tower and the Eski Imaret Mosque be found?,where is the  a county where  Purcell can be found located ,none,bm25+hybrid,0,0,1,0,0,0,1,0,1,0
5a7571135542992d0ec05f98,5a8530cc5542992a431d1aeb,0.2736,Ralph Hefferline was a psychology professor at a university that is located in what city?,The university which David R. Marchant was a member of in 1994 is located in what city?,all,dense+hybrid,0,1,0,0,1,1,1,1,1,1
5a738fe855429908901be2fb,5ae1e6d95542997283cd22c3,0.2734,What film was written and directed by Joby Harold with music written by Samuel Sim?,Keanu is a 2016 American action comedy film directed by Peter Atencio and written by who?,bm25+hybrid,dense,0,1,0,0,0,1,0,1,0,0
5ae320a95542991a06ce992e,5ab7ccf455429928e1fe3910,0.2732,In 2011 what was the population of the town where Deep Purple were formed ?,What was the 2010 population of the town where Lake George Avenue Historic District is located?,bm25+hybrid,bm25+hybrid,1,1,1,1,0,0,1,1,1,1
5ab31864554299233954ff06,5ae18d615542997283cd2229,0.2729,What class of instrument does Apatim Majumdar play?,To what sport does the Atomweight class belong?,none,dense+hybrid,0,0,0,1,0,1,0,0,1,0
5ac1c6805542994ab5c67e11,5a7b73ad5542997c3ec9718c,0.2722,For what type of work is the production company for The Year Without a Santa Claus best known?,1990 Film Lionheart stars this actor who is best known for what type of films?,all,dense+hybrid,0,1,0,0,1,1,1,1,1,1
5a713dcb5542994082a3e6d9,5abe731255429965af743f0e,0.2722,What pursuit did both Gevork Minaskanian and George Stambolian have in common?,What profession does Matt Thiessen and George Thorogood have in common?,dense+hybrid,all,0,0,1,0,1,1,1,1,1,1
5ac2efd65542990b17b154c7,5ae6911955429908198fa626,0.2716,"What season of the Indian reality TV series ""Big Boss"" did the model Lopamundra Raut compete in?",M.F.A. starred the actress known for starring in what E! reality series?,none,none,1,0,0,1,0,0,1,0,0,1
5ae531a95542990ba0bbb1fc,5a7a1b165542996c55b2dd10,0.2716,"In what year was the actress who was starred in ""Streak"" with Rumer Willis born?","Who was born first, Connie Willis or Margaret Landon?",all,dense+hybrid,0,1,0,0,1,1,1,1,1,1
5a75f0ea5542994ccc91866c,5ab90f5755429934fafe6e57,0.2715,What major truck road is located in Backford Cross?,The R241 road is in a county in what Republic?,dense+hybrid,bm25+hybrid,0,0,1,0,1,0,0,1,1,1
5ae4f2c75542993aec5ec0fb,5a8df1a65542995085b3735f,0.2706,"What airport serviced by American Airlines Shuttle, is also the largest airport in the New England region and 17th busiest in the U.S?",Rossiya Airlines in located in the largest what on earth?,dense+hybrid,none,0,0,0,1,1,0,0,1,0,0
5a78db8055429970f5fffdb2,5a78c7db55429974737f7882,0.2706,"Flyboys stars which actor who was nominated for an Academy Award for ""127 Hours""?",Who played Selby Wall in the film that Charlize Theron won an Academy Award for?,dense+hybrid,all,0,0,1,0,1,1,1,1,1,1
5ae6795855429908198fa5e4,5ab6391755429953192ad2a7,0.2706,This event which was part of the 1954 AAA National Championship Trail was held at a racing circuit located at the corner of what?,The 1974 South African Grand Prix was a Formula One motor race held at a racing circuit located in which South African Province ?,bm25,all,0,1,1,1,0,1,0,0,1,0
5ae675245542991bbc9760dc,5ae66b055542995703ce8b61,0.2705,What is the name of the father of Childericus?,What kind of comedian was Michael Mclntyre's father?,dense+hybrid,all,0,0,1,0,1,1,1,1,1,1
5ae694a15542991bbc976141,5a7306a655429901807daf67,0.2704,Why is Minister Pool important to Black Country and the West Midlands in England?,Who is prime minister of this West African country that covers 36125km2?,bm25+hybrid,dense+hybrid,0,1,0,0,0,1,0,1,1,1
5ae675245542991bbc9760dc,5a74f7f15542993748c89765,0.2703,What is the name of the father of Childericus?,When was the father of Princess Mafalda of Savoy born ?,dense+hybrid,dense,0,0,0,1,1,1,1,1,0,0
5ab8ed305542991b5579f046,5ab90f5755429934fafe6e57,0.2702,"Keene is an unincorporated community in Wabaunsee County, Kansas, in what federal republic composed of 50 states?",The R241 road is in a county in what Republic?,all,bm25+hybrid,0,1,1,1,1,0,0,1,1,1
5ab2c5e255429916697740ba,5adde17f5542992200553b87,0.2699,"Which professional ice hockey position does the Captain of the National Hockey League All-Star Game ""Away Team"" play?",For which NBA team did the MVP of the 2013 McDonald's All-American Boys Game play?,all,none,0,1,0,0,1,0,0,1,0,0
5a7f6eab5542992097ad2f66,5ab25004554299722f9b4cd7,0.2694,"What was the name of the 19th century foundry which was located in a village directly across the Hudson River from Westpoint in Putnam County, New York?",Were both the Battle of Stones River and the Battle of the Ch'ongch'on River fought in the 19th century?,bm25,all,0,1,1,1,0,1,0,0,1,0
5abc0a5d5542993f40c73c64,5ab9cfb455429970cfb8ebae,0.269,Are Freakonomics and In the Realm of the Hackers both American documentaries?,Are Über Goober and American Jobs both documentaries about gaming?,all,all,1,1,1,1,1,1,1,1,1,1
5ac2546a554299636651997b,5a74701655429979e2882952,0.2687,"Who has released more studio albums, Candlelight Red or Motion City Soundtrack?","Which band has released the most studio albums, Blonde Redhead or Rob Zombie's band White Zombie?",none,none,1,0,0,1,0,0,1,0,0,1
5a74c85055429916b0164218,5a8b04df55429950cd6afc49,0.2685,"Born on 6 March 1937, this man was also a citizen of the United Kingdom.",Pluto was the debut album of this artist who also performed on this live music venue that reopened in March 2015.,all,dense+hybrid,0,1,0,0,1,1,1,1,1,1
5ab7e4dc5542995dae37e9df,5ae457a95542996836b02c85,0.2685,"The Polar Bears featuring the voice of Armie Hammer, is also the same voice actor for which character in Cars 3?",Who directed and wrote the 2016 film featuring the voice of Townsend Coleman?,all,dense+hybrid,0,1,0,0,1,1,1,1,1,1
5a89a02955429946c8d6e975,5a8b544855429950cd6afcae,0.2675,"Which was released first, The Climb or Voices of Iraq?","Which animated film was released first, The Country Bears or The Wild?",all,all,1,1,1,1,1,1,1,1,1,1
5a88dcf9554299206df2b383,5a8b120755429949d91db4a4,0.2674,"What country does Hatton Hill and Hatton Castle, Angus have in common?",What country of origin does André Holland and 42 have in common?,all,dense+hybrid,0,1,0,0,1,1,1,1,1,1
5a7c6bcc55429935c91b519c,5ab42d5755429942dd415eaf,0.267,Rock Springs is a collection of short stories by an author born in what year?,"""Lost!"" is a song by a British rock band formed in what year?",dense+hybrid,all,0,0,1,0,1,1,1,1,1,1
5a9064d05542990a9849360f,5ae5e8c85542996de7b71a69,0.267,"What actor's debut film also starred an actor who received four National Film Awards and eight Filmfare Awards, as well as an Academy Award nomination?",Name the actor who has acted in the film Arrival and who has been nominated for the Academy Award for Best Supporting Actor for the film `The Town' ?,none,none,1,0,0,1,0,0,1,0,0,1
5ae5c8cf554299546bf82f5f,5a893f305542993b751ca91e,0.267,"Fiske O'Hara was born in what city Knox County, Maine, that had a population of 2,297 as of the 2010 census?","The Whitehead Light is located in what town with a population of 2,591 during the 2010 census?",hybrid,none,0,0,0,1,0,0,1,1,0,0
5a77321355429972597f1493,5ae0819155429924de1b70ea,0.2669,"Which documentary was created first, The Agronomist or American Scary?",Which documentary Hacking Democracy or The Memory of Justice was produced first ?,all,all,1,1,1,1,1,1,1,1,1,1
5a7521c55542993748c897c6,5a739323554299623ed4abff,0.2667,Temagami-Lorrain Mine and Burwash Mine were both mines created during the early 1900s; which one yielded a 16-ton bulk sample of gold ore in 1935?,"Which famous mine was in service first, the Salmita Mine or the Kanichee Mine?",none,none,1,0,0,1,0,0,1,0,0,1
5adeb95d5542992fa25da827,5a8b7e9c5542995d1e6f13c1,0.2667,Are Chlidanthus and Maianthemum both flowering plants?,Psychopsis and Aubrieta are both genuses of which type of plants?,all,all,1,1,1,1,1,1,1,1,1,1
5abbdb195542993f40c73bf1,5ab2a54b554299295394678e,0.2663,"Which is larger, Garajonay National Park or Guadarrama National Park?",What is the size of the hydroelectric dam that will inundate part of Bui National Park?,none,all,0,0,1,0,0,1,0,0,1,0
5a8b987f5542997f31a41d7a,5ac2bbd0554299218029db09,0.2661,"What is the name of the detective novelist parent of the author of '""Q"" Is for Quarry'?",The author of The Thing of It Is... is what Nationality?,hybrid,dense,0,0,0,1,0,1,0,1,0,0
5a7d7d895542995f4f402281,5ae238375542994d89d5b39a,0.266,"As the oldest player in the NFL, this football player is the only player ever to have accomplished what?","Which former American football player had a part in the movie ""Gamer?""",all,none,0,1,0,0,1,0,0,1,0,0
5ab8ee035542991b5579f04b,5ae058e855429945ae959331,0.266,Are Hot Rod and The Memory of Our People both magazines?,Are  Chrysalis and Look both women's magazines?,dense+hybrid,all,0,0,1,0,1,1,1,1,1,1
5ae020f5554299025d62a41b,5a873ec75542996432c57244,0.2654,The Little Missouri River rises west of a laccolithic butte that stands how many feet from summit to base?,The structure in Wyoming in which Bořeň is similar to has a summit that is how many feet above sea level?,none,all,0,0,1,0,0,1,0,0,1,0
5a8c5569554299240d9c2126,5ab6ba245542995eadef007f,0.2652,Are Daryl Hall and Gerry Marsden both musicians?,Are Bamboo Mañalac and Danny Jones both musicians?,dense+hybrid,all,0,0,1,0,1,1,1,1,1,1
5ae7c5ef5542993210983f44,5a82efe355429966c78a6aa1,0.2651,Which North Central town in Florida is home to the punk rock band Against Me!?,Polk County Florida's second most populated city is home to which mall?,all,none,0,1,0,0,1,0,0,1,0,0
5a74106b55429979e288289e,5ab67bf255429954757d32f5,0.2646,Where is the company that Sachin Warrier worked for as a software engineer headquartered? ,PISCES was developed by the company that is headquartered in what city?,dense+hybrid,dense,0,0,0,1,1,1,1,1,0,0
5ab42b8955429942dd415ea6,5ac26eed55429951e9e685bf,0.264,"Iola is a city along the Neosho River in a region of Kansas that can be defined by Woddson County in the northwest, and what county in the northeast?",where is the  a county where  Purcell can be found located ,bm25+hybrid,bm25+hybrid,1,1,1,1,0,0,1,1,1,1
5a8db19d5542994ba4e3dd00,5a874e9b554299211dda2bd3,0.2639,Are Local H and For Against both from the United States?,What did the second First Lady to be born outside the United States or areas that would become part of the United States do before marrying?,dense+hybrid,bm25,0,0,1,0,1,0,0,1,0,0
5ae236da5542994d89d5b397,5a868ca055429960ec39b6be,0.2638,"When was the American actor, film director which  Dana Brunetti is the president of his company born ","Who was the director of 1935 American crime drama film, which was the feature film debut if the classic actor born on May 20,1908 ?",none,all,0,0,1,0,0,1,0,0,1,0
5a7c960655429935c91b5244,5a8f73455542997ba9cb3269,0.2635,"The 1974 Texas Tech Raiders football team represented what public research university in Lubbock, Texas?",At which public research university founded in 1881 Ralph Fielding served as the head football coach?,all,hybrid,0,1,0,0,1,0,0,1,1,1
5a7b65ab5542997c3ec97144,5a8aa1685542992d82986f32,0.2635,"Where did the architect of the Governor's House, located in Knutsford, graduate from college?",What dance academy did the starring actress from The Glory of Tang Dynasty graduate from?,hybrid,all,0,0,1,0,0,1,0,1,1,1
5a78db8055429970f5fffdb2,5ae27f555542992decbdcd30,0.2632,"Flyboys stars which actor who was nominated for an Academy Award for ""127 Hours""?",Caste starred what English character actress who was nominated for an Academ Award for her performance in Room at the Top?,dense+hybrid,dense+hybrid,1,0,0,1,1,1,1,1,1,1
5ae0aaf455429945ae959401,5ae7690c5542995703ce8c22,0.2629,Chris Williams last played for which football club from the National League North?,A former Australian rules football player who played with the Port Adelaide in the South Australian National Football League is the vice president of a video game company based where?,all,none,0,1,0,0,1,0,0,1,0,0
5a7ddc5a5542995f4f4022da,5ae5e1985542996de7b71a54,0.2623,Both Bishop Carroll Catholic High School and Kapaun Mt. Carmel Catholic High School are located in which city in Kansas?,Cardinal Pole Roman Catholic School was named after the last Roman Catholic to hold what position?,all,none,0,1,0,0,1,0,0,1,0,0
5a7499eb55429929fddd8470,5a80762a5542996402f6a536,0.262,What game did the team with an 11-1 regular season record play in for the BCS title game?,What team does the new manager who made considerable changes to the Celtic team for the 2010-11 season head coach for?,all,dense+hybrid,0,1,0,0,1,1,1,1,1,1
5abe239355429976d4830a7d,5abdba405542993f32c2a023,0.2619,Jamie Harris is best known for his role as The Hook-Handed Man in a movie directed by who ?,Orlando Brown is best known for his role as 3J Winslow in an American sitcom that was a spin-off of what?,dense,dense,1,0,0,1,1,1,1,0,0,1
5a7265825542997f827839a3,5abaee845542996606241696,0.2619,What Olympic medal did the opponent of Crawford Ashley for the World Boxing Association (WBA) World super middleweight title win in 1984?,"On February 25, 2017 tony Harrison lost the the International Boxing Federation light middleweight world title to a boxer from what state?",all,dense+hybrid,0,1,0,0,1,1,1,1,1,1
5adce2ee5542992c1e3a2461,5ab7ee895542995dae37e9f6,0.2614,"What city that Lettuce Lake Park is just outside of is the largest in Hillsborough County, Florida? ",What is the happiest town Sarasota county Florida?,all,none,0,1,0,0,1,0,0,1,0,0
5a77724455429972597f153e,5a7e7c725542991319bc94be,0.261,What race track in the midwest hosts a 500 mile race eavery May?,In what year did Farda Amiga win a race at the Saratoga Race course?,dense+hybrid,bm25,0,0,1,0,1,0,0,1,0,0
5a879ba55542993e715abfc3,5adfed45554299603e4183c5,0.261,"Which director had the longest career, Alain Resnais or Scott Sidney?",What was the career that Sidney Lumet and Albert Ward share in common?,none,dense+hybrid,0,0,0,1,0,1,0,0,1,0
5a839c8b5542996488c2e479,5ae2295c554299495565da13,0.261,James Spedding was chiefly known as the editor of the works of an author who served both as Attorney General and as what?,The Missouri attorney general election of 2012 ended in a loss for which attorney and CNN contributor?,all,all,1,1,1,1,1,1,1,1,1,1
5ae1389655429901ffe4ae05,5a8f54165542992414482a52,0.2601,Bethpage State Parkway begins with an interchange at which Long Island-based limited access highway?,The Meadowbrook State Parkway connects to the Southern State Parkway in a community with what population as of the 2010 census?,all,none,0,1,0,0,1,0,0,1,0,0
5ade99295542992fa25da7d8,5ae4d8475542993aec5ec0e0,0.26,What foundation do scholars give for the likelihood of collaboration on a William Shakespeare Play written between 1588 and 1593?,Repertoire of Plácido Domingo appeared in an opera written by whom which was based on a play by William Shakespeare?,none,none,1,0,0,1,0,0,1,0,0,1
5abdd08d5542991f6610604c,5a7741775542994aec3b724f,0.2599,"Which movie directed by James Gunn portrayed the fictional character, Ego the Living Planet?",What is the name of the character portrayed by Anna Camp in the film centered on the fictional Barden University and The Bellas?,all,dense,0,1,0,0,1,1,1,1,0,0
5a74c85055429916b0164218,5ade6b67554299728e26c71c,0.2595,"Born on 6 March 1937, this man was also a citizen of the United Kingdom.","Michael Pollock was was a senior officer in the United Kingdom's naval warfare force, also known as the what?",all,all,1,1,1,1,1,1,1,1,1,1
5ae213de5542997283cd23b9,5a8675b1554299211dda2b44,0.2592,Are Parents and Madame Figaro published in the same country?,Are Black and New Found Glory from the same country?,all,all,1,1,1,1,1,1,1,1,1,1
5a863b27554299211dda2ab6,5a7199725542994082a3e88f,0.2591,Are both Disney Magazine and The Ring still in publication?,"Which publication still relies on paper printing, Human Events or Texas Highways? ",dense,all,0,0,1,0,1,1,1,0,1,0
5ae5691055429960a22e02f3,5a75e7b255429976ec32bc95,0.2588,Boggle is a word game originally distributed by a toy and game manufacturer that published more than how many games?,"Which games, Strange Synergy or Qwirkle,  is a card game published by Steve Jackson Games?",bm25+hybrid,dense+hybrid,0,1,0,0,0,1,0,1,1,1
5ae479745542996836b02cb1,5aba480c55429939ce03dc77,0.2587,What is the name of the movie that stars Katrina Bowden and was directed by Sean Anders?,Where is the movie from that is directed by Raymond Yip and stars the winner of Miss Chinese International Pageant of 1988?,hybrid,all,0,0,1,0,0,1,0,1,1,1
5a817f6655429938b6142349,5a86113355429960ec39b618,0.2587,"Which American singer and songwriter has a mezzo-soprano vocal range, Tim Armstrong or Tori Amos?",Who had the lowest vocal range in Cosmos?,none,none,1,0,0,1,0,0,1,0,0,1
5ae17daa55429901ffe4aea9,5a8a2d2155429930ff3c0cdc,0.2586,Who directed the 1941 film based on the novel of the same name by Zane Grey starring an actor who was also an artist and stuntman?,House of Many Ways is a young adult fantasy novel set in the same world as a novel that was adapted as an animated film of the same name and nominated for what?,all,dense,0,1,0,0,1,1,1,1,0,0
5a7ed2c655429930675135e5,5a8099935542996402f6a58b,0.2586,"At the 71st Golden Globe Awards for television in 2013, what achievement did Breaking Bad, police sitcom Brooklyn Nine-Nine and American Hustle attain?","What television thriller anthology did the winner of one Golden Globe, two tony Awards and six Primetime Emmy Awards appear on?",all,none,0,1,0,0,1,0,0,1,0,0
5a8488f45542992a431d1a47,5aba6d4b5542994dbf019906,0.2586,"Who wrote The Devils, and was an eninent English theater, opera and film director?","Giuseppe Tornatore, an italian film director and screenwriter, wrote and directed his film ""The Best Offer"" in what language?",all,all,1,1,1,1,1,1,1,1,1,1
5a8026a05542992e7d278df8,5ac3b0885542995ef918c1f8,0.2584,Iselin Solheim provided vocals in the song released on what date?,An Cat Dubh / Into the Heart is a song from the U2 album released on what date?,dense,none,0,0,0,1,1,0,0,0,0,1
5a8bbfb15542995e66a474f6,5ae376a35542990afbd1e163,0.2584,Peter Curtis and Scott Draper are both what?,Are Peter Balakian and James Der Derian both teachers?,all,all,1,1,1,1,1,1,1,1,1,1
5ab3e45655429976abd1bcd4,5ab4bea15542990594ba9cae,0.2583,The Vermont Catamounts men's soccer team currently competes in a conference that was formerly known as what from 1988 to 1996?,What city did the Freebooters F.C. soccer team lose in that is now known as Croke Park?,bm25,dense+hybrid,0,1,0,0,0,1,0,0,1,0
5a85cead5542991dd0999ea9,5a7d7d895542995f4f402281,0.2582,What arcade game is named after the only player in major league history to have a 0.300 batting average for 7 consecutive seasons?,"As the oldest player in the NFL, this football player is the only player ever to have accomplished what?",none,all,0,0,1,0,0,1,0,0,1,0
5adbe1a7554299438c868cc3,5ae0de1455429924de1b71b4,0.2582,What is the name of this Fortune 500 American company that operates a chain of retail home improvement stores that sponsored House Rules?,"The American restaurant chain, the Original House of Pies, is also responsible for an American chain of fruit drink beverage stores with an eponymous beverage consisting of what?",all,all,1,1,1,1,1,1,1,1,1,1
5ab7bae95542993667793ff4,5ae7fde25542994a481bbe66,0.2582,Who did the Doncaster Belles play in the 1994 FA Women's Cup Final held at Glanford Park? ,Which of the people that scored a goal for Arsenal in 2015 FA Cup Final was born on 16 March 1989?,all,dense+hybrid,0,1,0,0,1,1,1,1,1,1
5ade3d75554299728e26c68b,5ab1d983554299340b52540a,0.2582,What movie is the the Spinning turtle attraction in the worlds 21st largest theme park based off of?,"The attraction at universal studios that was based on ""The Tonight Show"" replaced an attraction that replaced an attraction based on what movie?",hybrid,bm25+hybrid,0,0,1,0,0,0,1,1,1,1
5a75e05c55429976ec32bc5f,5a73522d5542994cef4bc541,0.2581,Brown State Fishing Lake is in a country that has a population of how many inhabitants ?,Altnahinch is located in a county that has a population density of how many per square mile? ,bm25,all,0,1,1,1,0,1,0,0,1,0
5ac02edb554299294b218f41,5adf4ba65542992d7e9f931c,0.2578,The 37th Disney animated feature film Tarzan features You'll be in my heart by which artist?,Which 9th longest-running musical in Broadway history was the 30th Disney animated feature film?,all,bm25+hybrid,0,1,1,1,1,0,0,1,1,1
5a7b4bc35542992d025e67e0,5a8b120755429949d91db4a4,0.2578,"What country does Eric A. Sykes and Eccles, Greater Manchester have ion common?",What country of origin does André Holland and 42 have in common?,dense+hybrid,dense+hybrid,1,0,0,1,1,1,1,1,1,1
5ae22b8d554299234fd0440f,5a7c68575542996dd594b91c,0.2577,What was the father of Kasper Schmeichel voted to be by the IFFHS in 1992?,What was the sequel of the game that e was published by U.S. Gold in 1992?,all,bm25,0,1,1,1,1,0,0,1,0,0
5ae0bae555429906c02dab08,5adf043b5542993a75d263d4,0.2576,"Which travel parody series featured American actor, comedian, and radio host best known as the host of ""The Joe Schmo Show""?",Which American cable news and talk radio host was the former GOP representative,none,all,0,0,1,0,0,1,0,0,1,0
5a7a455c5542994f819ef1a7,5a74af7e55429916b01641d2,0.2574,"Who died first, George Archainbaud or Ralph Murphy?","Who was born first, Johan Leysen or George Clooney?",all,all,1,1,1,1,1,1,1,1,1,1
5ab25004554299722f9b4cd7,5abbc2245542992ccd8e7f8a,0.2571,Were both the Battle of Stones River and the Battle of the Ch'ongch'on River fought in the 19th century?,In which part of Attica was the battle of Marathon in 490 BC fought?,all,all,1,1,1,1,1,1,1,1,1,1
5ae0d52e554299603e418469,5ae10a5b55429920d52342a0,0.2571,"The actress that played the leading role in the independent film ""A Perfect Ending"" also stars with John Bregar in a 2008 film directed by who?","Who was the director of the 2000 American comedy film in which the actress, whose first role in film was in director Martin Kunert's film ""Campfire Tales"", played a role?",bm25+hybrid,dense,0,1,0,0,0,1,0,1,0,0
5adf9dc3554299025d62a2e6,5abd09585542996e802b469b,0.2568,"What is the name of the actress who has received a Drama Desk award and was part of the cast album for the 2007 Broadway production of the hit musical, ""Grease""?",What year did the musical premiere that was based on the 2007 Irish romantic musical film of the same name?,dense+hybrid,none,0,0,0,1,1,0,0,1,0,0
5a7e7ed05542991319bc94c2,5ac294b955429921a00aafd0,0.2565,"Which magazine is older, Gallery or Dime Magazine?","Which magazine was created first, Macworld or Soaps In Depth?",hybrid,dense+hybrid,0,0,0,1,0,1,0,1,1,1
5ae37c765542992f92d822d4,5ae4d8475542993aec5ec0e0,0.2564,"What was the name of the 1996 loose adaptation of William Shakespeare's ""Romeo & Juliet"" written by James Gunn?",Repertoire of Plácido Domingo appeared in an opera written by whom which was based on a play by William Shakespeare?,none,none,1,0,0,1,0,0,1,0,0,1
5ae7edee554299540e5a56ad,5a82efe355429966c78a6aa1,0.2561,The Church of the Guanche People was founded in the city that is on the most populated island of what larger area?,Polk County Florida's second most populated city is home to which mall?,dense+hybrid,none,0,0,0,1,1,0,0,1,0,0
5a7c6bcc55429935c91b519c,5a8c622a554299240d9c2142,0.256,Rock Springs is a collection of short stories by an author born in what year?,The Birthday of the World: and Other Stories was written by what fantasy and sci-fi author?,dense+hybrid,dense+hybrid,1,0,0,1,1,1,1,1,1,1
5ae82ae555429952e35eaa71,5a8b452655429971feec468e,0.256,"Martin Patterson ""Pat"" Hingle was a close friend of an actor who achieved success in what Western TV series? ",Which close friend of an American former basketball player was signed for to play for the Timberwolves?,dense,all,0,0,1,0,1,1,1,0,1,0
5a77c74155429967ab105291,5a80b0565542996402f6a5f0,0.2556,"Which band formed in England, Of Montreal or Vib Gyor?","Which band was formed first, Lit or Adorable?",all,all,1,1,1,1,1,1,1,1,1,1
5adde3a45542997545bbbdc2,5abff0645542994516f45539,0.2556,Are both Delmer Daves and Jean-Pierre Jeunet film directors?,Are Wolfgang Becker and Paul Andrew Williams both film directors?,all,all,1,1,1,1,1,1,1,1,1,1
5a85ab905542994c784ddb35,5ac52fc35542994611c8b403,0.255,"Two positions were filled in The Voice of Ireland b which British-Irish girl group based in London, England?","Which ""Official Ireland"" group comprises about  78.3% of the population of Ireland? ",bm25+hybrid,none,0,1,0,0,0,0,1,1,0,0
5ab8f7535542991b5579f0a7,5a8b544855429950cd6afcae,0.2548,Which film was released first: Sacred Planet or Oz the Great and Powerful?,"Which animated film was released first, The Country Bears or The Wild?",all,all,1,1,1,1,1,1,1,1,1,1
5ae4c39f5542995dadf243fb,5a8a495055429930ff3c0d6a,0.2548,Which former mill town is near Rivington Hall Barn?,"Chicagoland Sports Hall of Fame was founded by the company located in what Washington town, near the state capital?",bm25+hybrid,dense+hybrid,0,1,0,0,0,1,0,1,1,1
5ab85e9e55429934fafe6d8b,5ae7922f5542994a481bbdac,0.2546,"What is the founding year of this public research university in the Netherlands, where Jan Borgman was a professor from 1968 to 1988?",Where was the university at which  Barrie Ciliberti was a professor located? ,dense+hybrid,all,0,0,1,0,1,1,1,1,1,1
5a8e08d35542995085b37395,5adc2e3d554299438c868d6b,0.2545,Anna Lewandowska is married to a footballer who plays for what club?,Jesús Dautt is a Mexican professional footballer who is on loan from a club founded on what date?,all,all,1,1,1,1,1,1,1,1,1,1
5a8e0a005542995085b373a1,5a86fde6554299211dda2b7f,0.2544,Bordan Tkachuk was the CEO of a company that provides what sort of products?, Pramod Bhasin was the former CEO of a company that provided what kind of services?,all,dense+hybrid,0,1,0,0,1,1,1,1,1,1
5ae5a4e5554299546bf82f01,5a840e395542992ef85e239d,0.2541,"Which writer of ""Rewrite This Story"" are an American songwriting duo and composing team for musical theater, films, and television?",Are both The Straight Story and Frozen films of the same genre?,hybrid,all,0,0,1,0,0,1,0,1,1,1
5a84e61b5542997b5ce3ff86,5a7ce0bc55429909bec76863,0.2538,"The Simpsons episode that aired on February 19, 2012 entitled ""At Long Last Leave"" represented what milestone for the show? ","Which show which aired on NBC from September 22, 1994, to May 6, 2004, has the fifteenth episode entitled, ""The One with the Girl Who Hits Joey""?",dense+hybrid,all,0,0,1,0,1,1,1,1,1,1
5ae5d0b5554299546bf82f80,5ade914b55429939a52fe8f9,0.2538,"Which Disneyland attraction is Matterhorn Bobsleds roller coaster, an expanded version of",What is the tagline of the roller coaster that utilizes the same ride system as Manta?,bm25+hybrid,none,0,1,0,0,0,0,1,1,0,0
5adf17f95542995ec70e8f6c,5ae7766455429952e35ea920,0.2537,"In what country was the actor Chris Hemsworth, one of the stars in the motion picture Thor: The Dark World, born?","Geoffrey Rush, one of the stars in Intolerable Cruelty, is a known actor and film producer in what country?",dense+hybrid,dense+hybrid,1,0,0,1,1,1,1,1,1,1
5a8e1027554299653c1aa15f,5a7d19d85542995ed0d165e8,0.2537,Which year and which conference was the 14th season for this conference as part of the NCAA Division that the Colorado Buffaloes played in with a record of 2-6 in conference play?,The Tennessee Volunteers football team plays as a member for a conference in what city?,none,none,1,0,0,1,0,0,1,0,0,1
5a7cbf8c554299452d57b9f4,5a7cdcbf55429907fabef04f,0.2537,"Which came out first, Dinosaur or McFarland, USA","Which film came out first, Still Kicking: Six Artistic Women of Project Arts & Longevity or Time Bombs?",dense+hybrid,all,0,0,1,0,1,1,1,1,1,1
5ab207f65542993be8fa98b8,5ac25fa955429951e9e6858c,0.2533,Edmund Robert Harris is the principal benefactor of a museum located where ?,what is the principal activity of the company  which holds that which  Robert Melville previously worked with,all,bm25+hybrid,0,1,1,1,1,0,0,1,1,1
5ab67772554299110f219a12,5abf04ae5542993fe9a41dbf,0.2529,What type of media does J. T. Petty and Outlast have in common?,What musical action does Ndebele music and Musical bow have in common?,dense+hybrid,none,0,0,0,1,1,0,0,1,0,0
5a74701655429979e2882952,5ae454355542996836b02c77,0.2526,"Which band has released the most studio albums, Blonde Redhead or Rob Zombie's band White Zombie?","How many albums have been released by the same band that released the ""Trance"" EP?",none,bm25+hybrid,0,0,1,0,0,0,1,0,1,0
5addda9b5542992200553b5b,5a89ab1355429946c8d6e996,0.2522,"What was the island, on which Marinelli Glacier is located, formerly known as?",Is Carnegie Hall Tower located in the same city as Staten Island?,all,dense+hybrid,0,1,0,0,1,1,1,1,1,1
5ac11201554299294b21908c,5a85db6e5542994c784ddb96,0.2521,What county is Ron Teachworth from?,What is the student body for Ron Johnson's alma mater?,dense,none,0,0,0,1,1,0,0,0,0,1
5a81e4e8554299676cceb140,5a8530cc5542992a431d1aeb,0.252,In which University is Richard Williams' former assistant a member of the Athletics Hall of Fame?,The university which David R. Marchant was a member of in 1994 is located in what city?,none,dense+hybrid,0,0,0,1,0,1,0,0,1,0
5ae0345855429924de1b705f,5a84992e5542992a431d1a6d,0.2513,Which company owns the hotel on whose premises the Cotal Arena is located ?,Who owns the hotel where the 13th Anniversary Show took place?,all,none,0,1,0,0,1,0,0,1,0,0
5a7625e8554299109176e66a,5adfa3da554299025d62a317,0.2512,In which year was the King who made the 1925 Birthday Honours born?,"What is the birthday of the actress who was the Duchess in ""The Revengers Tragedy""?",all,dense,0,1,0,0,1,1,1,1,0,0
5ae26cb15542994d89d5b421,5adcb4ae5542994734353774,0.2508,Charlie McDermott plays Axl Heck on a tv show that premiered in what date? ,Which channel produced the ninth volume of the tv series that premiered as the same date as RuPaul's first album?,all,all,1,1,1,1,1,1,1,1,1,1
5a7cbf8c554299452d57b9f4,5add311b5542994ed6169cc5,0.2506,"Which came out first, Dinosaur or McFarland, USA","What kind of dinosaur does Raymond Ochoa voice in the Pixar film ""The Good Dinosaur""?",dense+hybrid,dense,0,0,0,1,1,1,1,1,0,0
5ade0fb95542997545bbbe39,5a8a0cb75542992d82986e7d,0.2501,How long is the river for which Frenchmans Creek is a tributary?,How long is the tidal estuary in which Branford is a shoreline town?,dense+hybrid,none,0,0,0,1,1,0,0,1,0,0
5a8ec7cc5542995a26add518,5a860aa6554299211dda2a45,0.2501,"Which was published more frequently, Popular Science or Girlfriends?","Which publication publishes more frequently, Utne Reader or The New York Enterprise Report?",bm25,dense+hybrid,0,1,0,0,0,1,0,0,1,0
5ab7bae95542993667793ff4,5a7a1b845542990783324e5f,0.2501,Who did the Doncaster Belles play in the 1994 FA Women's Cup Final held at Glanford Park? ,Where was the only European Cup Final in which Jupp Heynkes played held?,all,hybrid,0,1,0,0,1,0,0,1,1,1
5a80ecea55429938b6142254,5ae6911955429908198fa626,0.2497,My Secret Hotel is a television series starring a South Korean DJ who rose to fame as the lead actress in what?,M.F.A. starred the actress known for starring in what E! reality series?,all,none,0,1,0,0,1,0,0,1,0,0
5ab7e4dc5542995dae37e9df,5a77cb5e55429967ab1052a7,0.2497,"The Polar Bears featuring the voice of Armie Hammer, is also the same voice actor for which character in Cars 3?","The voice of Homer Simpson also voices what alien character in the television series ""The Simpsons""?",all,all,1,1,1,1,1,1,1,1,1,1
5ac2acff55429921a00ab02b,5abe86365542993f32c2a14d,0.2493,who is the younger brother of The episode guest stars of The Hard Easy ,Joel H. Cohen is the younger brother of one-time Simpsons writer who has also written for which show? ,none,all,0,0,1,0,0,1,0,0,1,0
5adbfbd555429947ff173893,5a88c68d55429938390d3fba,0.2492,What British singer-songwriter hosted the 16th Annual Young Hollywood Awards?,E! Hollywood Hold'em was hosted by a poker player of what nationality?,dense,dense+hybrid,0,0,0,1,1,1,1,0,1,0
5ae2075f5542994d89d5b315,5adf88995542993344016cd4,0.2489,What is Gary Cole's character based on?,Which city is the home of the character that might be based on John Capozzi?,bm25+hybrid,dense,0,1,0,0,0,1,0,1,0,0
5ae2dd2055429928c423950d,5ade450b5542997c77adedc5,0.2488,"What is the county seat of the county where East Lempster, New Hampshire is located?","Manchester, New Hampshire is a part of the Northeast megalopolis which included what other major cities?",none,bm25,0,0,1,0,0,0,1,0,0,1
5a8db19d5542994ba4e3dd00,5ae09ce855429924de1b7113,0.2488,Are Local H and For Against both from the United States?,What was the highest ranking in the United States for a single written by an English multi-instrumentalist?,dense+hybrid,dense+hybrid,1,0,0,1,1,1,1,1,1,1
5ab531cc5542990594ba9d23,5a83438955429966c78a6b61,0.2488,How large is the shopping mall where KGOT radio station has its studios ?,The owner of radio station KWPW has the same name as an American character actor. What is it?,none,dense,0,0,0,1,0,1,0,0,0,1
5a74c85055429916b0164218,5a79c9c05542994bb94570a5,0.2488,"Born on 6 March 1937, this man was also a citizen of the United Kingdom.","This man who was born on April 25th, 1947, was a member of this lower house of the Hawaii State Legislature.",all,bm25+hybrid,0,1,1,1,1,0,0,1,1,1
5ae10a5b55429920d52342a0,5a8841195542994846c1ce65,0.2486,"Who was the director of the 2000 American comedy film in which the actress, whose first role in film was in director Martin Kunert's film ""Campfire Tales"", played a role?","Who produced the 1998 British comedy starring the director of the feature film ""Eddie the Eagle""?",dense,dense,1,0,0,1,1,1,1,0,0,1
5a8c622a554299240d9c2142,5a7b81715542997c3ec971d4,0.2485,The Birthday of the World: and Other Stories was written by what fantasy and sci-fi author?,"The author of the ""The Dagger and the Coin"" fantasy series was nominated for what award in 2017?",dense+hybrid,none,0,0,0,1,1,0,0,1,0,0
5a7166395542994082a3e814,5ade51b45542997c77adedf4,0.248,"What is the name of the fight song of the university whose main campus is in Lawrence, Kansas and whose branch campuses are in the Kansas City metropolitan area?",The Kansas City Wizards have had three home venues in Kansas City in their time.  Which was their first?,all,all,1,1,1,1,1,1,1,1,1,1
5adfa3da554299025d62a317,5ab58f9a554299488d4d99da,0.2478,"What is the birthday of the actress who was the Duchess in ""The Revengers Tragedy""?","What is the birthday of this Anglo-Irish actress, courtean, and mistress, who was the mother to the illegitimate daughter of King William IV?",dense,all,0,0,1,0,1,1,1,0,1,0
5a8f812755429918e830d245,5a7a030c5542996a35c17077,0.2478,"What was Robert M. Fomon's connection to the New York Stock Exchange located at 11 Wall Street, Lower Manhattan, New York City, New York?",J.B. Scotts located on this 11 mile stretch in Albany New York and is also known by this name in Schenectady County?,all,all,1,1,1,1,1,1,1,1,1,1
5a7d54165542995f4f402256,5a84f7255542991dd0999e33,0.2476,"A medieval fortress in Dirleton, East Lothian, Scotland borders on the south side of what coastal area?",Which country borders the Central African Republic and is south of Libya and east of Niger?,none,dense+hybrid,0,0,0,1,0,1,0,0,1,0
5ae0bae555429906c02dab08,5a7dedef5542995f4f40231a,0.2472,"Which travel parody series featured American actor, comedian, and radio host best known as the host of ""The Joe Schmo Show""?","Which English actor, comedian and singer is featured in Chalk and Cheese?",none,all,0,0,1,0,0,1,0,0,1,0
5ab29956554299194fa9342d,5a8b5b1c5542995d1e6f1387,0.2469,The 1989 Batman film was produced by Jon Peters and a man that is the CEO of what company?,Are Aladdin and Song of the South produced by the same company?,bm25,dense+hybrid,0,1,0,0,0,1,0,0,1,0
5a84c4135542994c784dda31,5a8dad37554299068b959d94,0.2466,Are Yingkou and Fuding the same level of city?,Both Phaedranassa and Mitella are considered the classification of what level of species?,bm25+hybrid,all,0,1,1,1,0,1,0,1,1,1
5a8ca7d4554299240d9c21b8,5a82e25555429954d2e2ebbf,0.2466,"The telenova ""El Ardiente Secreto"" was based ona novel published under what pen name?",Which author dedicated a 1985 romance novel to the author who did in 2009 and wrote under the pen name Gwyneth Moore?,bm25,dense+hybrid,0,1,0,0,0,1,0,0,1,0
5a81ebee554299676cceb16d,5ae6545f5542991bbc9760c2,0.2464,What kind of movie directed by F. Javier gutierrez did an Italian model and actress star in?,Who is the costar of a movie with the star of Scott McCall and was directed by the director of Supernatural?,all,none,0,1,0,0,1,0,0,1,0,0
5ab474135542991751b4d77b,5a8210f355429926c1cdae24,0.2462,"At the 46th Grammy Awards, which award did the album by The White Stripes, which included the song Seven Nation Army, win?",What award did the actor in Tales from the Crypt win?,none,dense,0,0,0,1,0,1,0,0,0,1
5a760faa5542994ccc9186a8,5ac26b7f55429951e9e685ae,0.2462," What is the latest album of Tim Hecker, the Canadian electronic music maker?",who influenced the electronic dance music who  made  Scotch Hausen album,bm25,all,0,1,1,1,0,1,0,0,1,0
5a73bcf055429978a71e909c,5a82e25555429954d2e2ebbf,0.2461,Which novelist wrote under the pen name Walter Ericson: Laura Esquivel or Howard Fast?,Which author dedicated a 1985 romance novel to the author who did in 2009 and wrote under the pen name Gwyneth Moore?,all,dense+hybrid,0,1,0,0,1,1,1,1,1,1
5abe953b5542993f32c2a170,5ac13e195542994ab5c67cc5,0.2456,what is one of the stars of  The Newcomers known for,One of the actors from the web series Red Bird is also known for what character in the popular television show Seinfeld?,none,none,1,0,0,1,0,0,1,0,0,1
5a7ec90055429934daa2fc66,5adf3ab95542992d7e9f92f3,0.2454,In the 2012-13 FC Sion they brought in Gennaro Gattuso and a player who now plays for what Scottish team?, The 2011–12 Houston Rockets season began with the drafting of the player who now plays for what team?,all,none,0,1,0,0,1,0,0,1,0,0
5adccf645542990d50227d32,5abad70d5542996606241631,0.2453,"From which city in Oklahoma is the singer of a song that peaked at number 24 on ""Billboard"" magazine's pop chart in December 1953?","How high on the US ""Billboard"" Hot 100 chart did Dan Smith's song reach in 2013?",dense+hybrid,none,0,0,0,1,1,0,0,1,0,0
5ae4ec1e5542990ba0bbb19b,5a8b544855429950cd6afcae,0.2452,"In between The Bears and I and Oceans which was released on July 31, 1974, by Buena Vista Distribution?","Which animated film was released first, The Country Bears or The Wild?",dense+hybrid,all,0,0,1,0,1,1,1,1,1,1
5a83aaeb5542996488c2e483,5ac1b5de5542994d76dccec6,0.2451,What studio album did Kanye West record with Roc-A-Fella Records and soul singer Dwele?,Rex Riot is known for a remix of the Kanye West song that was from which album?,all,bm25+hybrid,0,1,1,1,1,0,0,1,1,1
5ae058e855429945ae959331,5a78bc6b554299148911f979,0.2451,Are  Chrysalis and Look both women's magazines?,Woman's Era and Naj are what kind of magazines?,all,all,1,1,1,1,1,1,1,1,1,1
5a79be0e5542994f819ef084,5a74122f55429929fddd83da,0.245,"When did the tour begin for the album Taylor Swift released on October 22, 2012?","What was the lead single from Boys Like Girls album on which frontman, Martin Johnson co-wrote a song with Taylor Swift? A: Love Drunk",hybrid,bm25+hybrid,0,0,1,0,0,0,1,1,1,1
5ae2bb545542992decbdcd88,5a7cc28f554299452d57ba1c,0.2448,At what frequency the magazine publishes which ranked  Aditya Puri #24th in India's 50 Most powerful people of 2017 list?,"The 1996 AT&T Challenge was a tennis tournament played in a city that in 2017 ranked third on the ""USA TODAY"" list of what?",dense+hybrid,none,0,0,0,1,1,0,0,1,0,0
5a87d8215542994775f60800,5aba6d4b5542994dbf019906,0.2447,"This American crime film set in South Los Angeles was written and directed by the same director and writer of screenwriter of ""Street Kings"", ""End of Watch"", ""Sabotage"", ""Fury"" and what other film? ","Giuseppe Tornatore, an italian film director and screenwriter, wrote and directed his film ""The Best Offer"" in what language?",bm25+hybrid,all,0,1,1,1,0,1,0,1,1,1
5ade0fb95542997545bbbe39,5abbe4c0554299642a094bc0,0.2445,How long is the river for which Frenchmans Creek is a tributary?,Rolls-Royce Welland's name is taken from this river that is low long,dense+hybrid,all,0,0,1,0,1,1,1,1,1,1
5add564a5542990dbb2f7e38,5a7f5ab65542995d8a8dde43,0.2443,Las Vegas Festival Grounds is north of the hotel that is owned by which company?,Cheek to cheek tour played shows at what place that is located on the Las Vegas strip that began their tour?,dense+hybrid,hybrid,0,0,0,1,1,0,0,1,1,1
5ab55b0c554299488d4d995e,5a7502715542996c70cfae74,0.2442, Billy Preston is an American college basketball player for a team that competes in what?,Which Sudanese-born Australian professional basketball player for the Milwaukee Bucks exemplifies that players do not have to play at least a year in college basketball before being drafted into the NBA?,dense,all,0,0,1,0,1,1,1,0,1,0
5a877dd65542993e715abf79,5a8675b1554299211dda2b44,0.2441,Were Halldór Laxness and Timothy Leary from the same country?,Are Black and New Found Glory from the same country?,all,all,1,1,1,1,1,1,1,1,1,1
5a888fe6554299206df2b2f7,5ac2616b5542996366519997,0.244,"""Black Maverick"" is a biography of what American civil rights leader, fraternal organization leader, entrepreneur and surgeon?",In what country was Cudjoe's leader born?,all,bm25+hybrid,0,1,1,1,1,0,0,1,1,1
5a8f155e554299458435d54c,5a7306a655429901807daf67,0.2436,The Kellock-Taschereau Commission was appointed by a prime minister who served how long in office?,Who is prime minister of this West African country that covers 36125km2?,dense,dense+hybrid,0,0,0,1,1,1,1,0,1,0
5a85ea095542994775f606a8,5a8a2d2155429930ff3c0cdc,0.2434,"What science fantasy young adult series, told in first person, has a set of companion books narrating the stories of enslaved worlds and alien species?",House of Many Ways is a young adult fantasy novel set in the same world as a novel that was adapted as an animated film of the same name and nominated for what?,none,dense,0,0,0,1,0,1,0,0,0,1
5adf58f15542993a75d264d2,5a8d93ad554299653c1aa13d,0.2429,"Which television series featured an actor who also performed in ""The Young Ones""?","Who was also an actor, Serri or John Fogerty?",none,dense+hybrid,0,0,0,1,0,1,0,0,1,0
5ab467975542991751b4d75f,5a77c4fe55429967ab10527b,0.2426,"When was the duo formed who's English language song is the ""Freaky Like Me""?",What is it called when a piece of media is altered from its original state like when Bubba Sparxxx was featured in the song Oops?,all,bm25,0,1,1,1,1,0,0,1,0,0
5a7a8d15554299042af8f669,5ab576c4554299637185c5a4,0.2422,Toby Kebbell starred in a fantasy action film based on a video game series in 2016 notably set in teh world of what?,TMNT is a single-player action-adventure multi-platform action game based on a film which was the final film role for who?,hybrid,dense,0,0,0,1,0,1,0,1,0,0
5ae617285542996de7b71b4c,5a7d158155429909bec76947,0.2422,The Lady Craved Excitement was a film that featured the British character actor originally of what nationality?,"The star of ""Lady in a Cage"" was born in what year?",none,dense,0,0,0,1,0,1,0,0,0,1
5ab47d765542991751b4d78f,5a886886554299206df2b258,0.2421,Who designed the hotel that held the IFBB professional bodybuilding competition in September 1991?,"What is the international football competition for women that Liu Ailing played in the 1991,1995, 1999 editions?",dense+hybrid,all,0,0,1,0,1,1,1,1,1,1
5a8cb288554299585d9e3726,5a90843c5542995651fb517e,0.2421,"The mass killing that took place at Oakland, California on April 2, 2012 was less deadly than the one that took place on October 1, 2015 in which state?",Francisco Jose Hernandez was a participant in an invasion that took place in what year?,none,dense+hybrid,0,0,0,1,0,1,0,0,1,0
5a77a65b5542992a6e59df57,5a7f85505542995d8a8dde95,0.2418,"when was the album that includes the song by Dustin Lynch released to country radio on February 17, 2017?",What is the name of the album released by a British heavy metal band in February of 1981 that contains a reference to a highway?,none,bm25+hybrid,0,0,1,0,0,0,1,0,1,0
5ae5e1345542996de7b71a50,5a8ec4875542995a26add508,0.2417,What fictional character created by Tom Clancy was turned into a film in 2002?,What county was Tom Hewitt born in?,all,none,0,1,0,0,1,0,0,1,0,0
5ade51b45542997c77adedf4,5a83c3275542996488c2e4be,0.2417,The Kansas City Wizards have had three home venues in Kansas City in their time.  Which was their first?,Which rivers have their confluence at the city Shelly Hruska is from?,all,dense+hybrid,0,1,0,0,1,1,1,1,1,1
5a8e3ea95542995a26add48d,5a8f812755429918e830d245,0.2415,"The director of the romantic comedy ""Big Stone Gap"" is based in what New York city?","What was Robert M. Fomon's connection to the New York Stock Exchange located at 11 Wall Street, Lower Manhattan, New York City, New York?",all,all,1,1,1,1,1,1,1,1,1,1
5a77724455429972597f153e,5a8d0be85542994ba4e3dbb2,0.2415,What race track in the midwest hosts a 500 mile race eavery May?,Maryland Jockey Club operates a race track in the largest municipality in which Maryland county?,dense+hybrid,all,0,0,1,0,1,1,1,1,1,1
5a77b0395542997042120ae1,5a7d158155429909bec76947,0.241,"Which star in the movie Hush was born April 20, 1949?","The star of ""Lady in a Cage"" was born in what year?",dense+hybrid,dense,0,0,0,1,1,1,1,1,0,0
5abe86365542993f32c2a14d,5a9030ef5542995651fb50e4,0.2408,Joel H. Cohen is the younger brother of one-time Simpsons writer who has also written for which show? ,Show Her is a song written by a country music artist who is also a former player of what sport?,all,all,1,1,1,1,1,1,1,1,1,1
5a78db8055429970f5fffdb2,5a7757215542993569682d58,0.2408,"Flyboys stars which actor who was nominated for an Academy Award for ""127 Hours""?","What 2016 film stars actor Xavier Samuel and an actress who portrayed Vasilisa Dragomir in the film ""Vampire Academy""?",dense+hybrid,none,0,0,0,1,1,0,0,1,0,0
5ae3ff575542995dadf242aa,5ac1d40c5542994d76dccef5,0.2408,What is the population according to the 2007 population census of the city in which the National Archives and Library of Ethiopia is located?,What is the population of the city at which the transmitter of WLLZ-LP was placed? ,bm25+hybrid,none,0,1,0,0,0,0,1,1,0,0
5ae27f22554299495565da8d,5a7dff595542997cc2c474eb,0.2407,In what year was the mathematician husband of Anneli Cahn Lax born?,Who was the husband of Kalanipauahi's niece?,all,dense,0,1,0,0,1,1,1,1,0,0
5ab978855542996be2020512,5ab3c05d55429969a97a81aa,0.2401,"Over how many centuries were the ""dwelling place of the dead"" built?",How many times has the author of Negotiating with the Dead been shortlisted for the Booker Prize ?,none,all,0,0,1,0,0,1,0,0,1,0
5a779be75542995d83181215,5ade664555429939a52fe89c,0.2398,The Lance Todd Trophy is presented at a stadium located in what country?,WSCV's transmitter is located near this stadium located in which suburb?,all,all,1,1,1,1,1,1,1,1,1,1
5ab2c5e255429916697740ba,5a8347d65542996488c2e3f6,0.2396,"Which professional ice hockey position does the Captain of the National Hockey League All-Star Game ""Away Team"" play?",in the 2004 Hockey film produced by a former major league baseball pitcher who played the USA coach?,all,none,0,1,0,0,1,0,0,1,0,0
5a867089554299211dda2b30,5a7e7ed05542991319bc94c2,0.2392,"Which magazine is published more often, Shonen Jump or Rolling Stone?","Which magazine is older, Gallery or Dime Magazine?",dense+hybrid,hybrid,0,0,0,1,1,0,0,1,1,1
5ae064985542993d6555eb47,5ae518ae5542993aec5ec13c,0.239,are the documentaries Out of Place and The Mosuo Sisters by the same director ?,Were the documentaries  One Big Hapa Family and A Film Unfinished directed by the same person?,all,all,1,1,1,1,1,1,1,1,1,1
5a8bb29b554299240d9c2089,5a90692f5542990a98493625,0.239,Which American film actor and dancer starred in the 1945 film Johnny Angel?,In what 1997 American mystery crime film did Johnny Galecki start in?,none,all,0,0,1,0,0,1,0,0,1,0
5a763986554299109176e6bd,5a876b265542993e715abf33,0.2388,who was born first Pierre Womé or Christian Poulsen ?,Who was a more acclaimed guitarist Stephen Christian or Joe Gooch?,all,all,1,1,1,1,1,1,1,1,1,1
5a8b63fa55429950cd6afcd7,5a7f5c9f55429969796c1a0f,0.2386,What is the nickname of the city where Darling's Waterfront Pavilion is located?,The city that contains the Yunnan Provincial Museum is also known by what nickname?,none,bm25+hybrid,0,0,1,0,0,0,1,0,1,0
5adddd075542992200553b71,5adf3ab95542992d7e9f92f3,0.2385,Season 2 of Rick and Morty began with the episode directed by whom?, The 2011–12 Houston Rockets season began with the drafting of the player who now plays for what team?,none,none,1,0,0,1,0,0,1,0,0,1
5ab9d44255429939ce03dc36,5a7b820c5542997c3ec971d8,0.2384,The History of Ranching is a mural that was originally located at an American brewery that in 1999 began trasfering its production to who?,The William Ulmer Brewery is located in a neighborhood that is policed by who?,dense+hybrid,none,0,0,0,1,1,0,0,1,0,0
5ac3ad7f5542995ef918c1de,5ab2d1c45542992953946877,0.2384,The Aviation Hall of Fame and Museum of New Jersey is located at the airport in which New Jersey county?,"As an American producer of canned soups and related products based in Camden, New Jersey, what company handles the broth business of the Swanson brand?",dense+hybrid,all,0,0,1,0,1,1,1,1,1,1
5ae2cda55542992decbdcdb7,5a8fc0065542997ba9cb3318,0.2381,"What ""God Gave Me You"" artist wrote the song ""Imagine That"" for Diamond Rio?",Me and You and Everyone We Know was directed by an artist who also directed what 2011 film?,none,all,0,0,1,0,0,1,0,0,1,0
5ac1b5de5542994d76dccec6,5ae75a5a5542991bbc9761f3,0.238,Rex Riot is known for a remix of the Kanye West song that was from which album?,"""Heropanti"" star Kriti Sanon appears in the remix video for a song from what Bollywood film?",bm25+hybrid,bm25+hybrid,1,1,1,1,0,0,1,1,1,1
5a7a455c5542994f819ef1a7,5a79332555429907847277e7,0.238,"Who died first, George Archainbaud or Ralph Murphy?","Who died first, Bryce Courtenay or Juan Carlos Onetti?",all,all,1,1,1,1,1,1,1,1,1,1
5ae005b555429942ec259bec,5a8ca7d4554299240d9c21b8,0.2376,"In what year was the novel that Lourenço Mutarelli based ""Nina"" on based first published?","The telenova ""El Ardiente Secreto"" was based ona novel published under what pen name?",none,bm25,0,0,1,0,0,0,1,0,0,1
5ab6bf6d55429953192ad372,5a8dad37554299068b959d94,0.2375,Are Phlebodium and Pieris both species of ferns?,Both Phaedranassa and Mitella are considered the classification of what level of species?,none,all,0,0,1,0,0,1,0,0,1,0
5a732aa055429901807daf9f,5a8327fd5542990548d0b1a3,0.2374,What year did the largest convention center in the U.S. state of Georgia open?,"Forest Hill, Texas is a suburb of which fifth-largest city in the state?",all,all,1,1,1,1,1,1,1,1,1,1
5a8b20335542996c9b8d5fb3,5a80762a5542996402f6a536,0.2373,What distinction is held by the former NBA player who was a member of the Charlotte Hornets during their 1992-93 season and was head coach for the WNBA team Charlotte Sting?,What team does the new manager who made considerable changes to the Celtic team for the 2010-11 season head coach for?,none,dense+hybrid,0,0,0,1,0,1,0,0,1,0
5ae0c29c5542993d6555ec46,5ae3c0cc5542992f92d82369,0.2372,What was the profession of the one who wrote a song on a 2005 album he collaborated on with Marc Predka?,"Peter Marc Jacobson is best known as the co-creator of the popular sitcom ""The Nanny"", which he created and wrote with his then wife an actress born in which year ?",dense,none,0,0,0,1,1,0,0,0,0,1
5ab438395542990594ba9bb9,5abe953b5542993f32c2a170,0.2372,Who was one of the stars who played the two oldest children in a TV series which had a 2010 movie based on it?,what is one of the stars of  The Newcomers known for,none,none,1,0,0,1,0,0,1,0,0,1
5a88a19a5542997e5c09a64b,5a9057795542990a984935f7,0.2368,The American Sweetgum is the hostplant of what kind of bug?,What kind of game is The Park a spin-off of? ,none,none,1,0,0,1,0,0,1,0,0,1
5ae52c0f5542992663a4f12e,5a88e3cc5542997e5c09a6c2,0.2367,What major city is the Faith Lutheran Middle School and High School located by?,What location is shared by both Great Neck School District and Saddle Rock Elementary School?,none,none,1,0,0,1,0,0,1,0,0,1
5adbf0a255429947ff17385a,5adc69ef554299438c868daf,0.2366,Are the Laleli Mosque and Esma Sultan Mansion located in the same neighborhood?,Are Kalenderhane Mosque and Galata Bridge both located in Istanbul?,all,all,1,1,1,1,1,1,1,1,1,1
5a822a5e55429926c1cdae43,5a8f791c5542992414482ad9,0.2366,What occupations do Charles Burnett and Alan J. Pakula have in common?,What artistic endeavor do Fallujah and Dying Fetus have in common?,all,dense+hybrid,0,1,0,0,1,1,1,1,1,1
5a85dfcc5542994775f60673,5a80ecea55429938b6142254,0.2364,"What South Korean actor was a member of the pop duo TVXQ and stared in Heading to the Ground, a 2009 MBC television series?",My Secret Hotel is a television series starring a South Korean DJ who rose to fame as the lead actress in what?,all,all,1,1,1,1,1,1,1,1,1,1
5ae3ff575542995dadf242aa,5ac1c9a15542994ab5c67e1c,0.2362,What is the population according to the 2007 population census of the city in which the National Archives and Library of Ethiopia is located?,What is the population of the city in which the first edition of the South American Youth Olympic Games were held?,bm25+hybrid,none,0,1,0,0,0,0,1,1,0,0
5ae2dfd155429928c423951b,5a736aa95542991f29ee2dfa,0.2362,"Which of the city at the south of Shelly Beach, New South Wales is a local government area in the Hunter region of New South Wales, Australia?","Cordyline ruba grows from Bundaberg, Queensland to which northeastern city in New South Whales, Australia?",none,all,0,0,1,0,0,1,0,0,1,0
5ac279345542990b17b153b0,5abe7eb05542993f32c2a12c,0.2358,What is the date of birth of the English inventor that developed the Richard Hornsby & Sons oil engine? ,When was the date of birth of one of the founder of Congo Reform Association?,all,none,0,1,0,0,1,0,0,1,0,0
5a80541d5542996402f6a4d2,5abd09585542996e802b469b,0.2354,"In what year did the Guild of Music Supervisors Awards recognize a British-American romantic drama film based on the 1952 romance novel ""The Price of Salt"" starring Cate Blanchett?",What year did the musical premiere that was based on the 2007 Irish romantic musical film of the same name?,none,none,1,0,0,1,0,0,1,0,0,1
5ae5736e5542990ba0bbb2b3,5a7252db5542990c210a4104,0.2353,"When was the American lawyer, lobbyist and political consultant who was a senior member of the presidential campaign of Donald Trump born?",What is the name of the oldest child that attended the Trump campaign-Russian meeting?,all,all,1,1,1,1,1,1,1,1,1,1
5adea9ea55429939a52fe934,5a8b595855429949d91db563,0.2351,"What was the name of the fanzine that interviewed the Sex Pistols bassist when he was in the band ""The Flowers of Romance?""","In what year was the band, whose bassist joined Arvas in 1996, formed?",none,none,1,0,0,1,0,0,1,0,0,1
5ac1795f5542994ab5c67d5f,5a7b374c5542995eb53be8cc,0.2351,Who is known for producing the documentary television series based on the book by science historian James Burke?,Which city was the man who is known for a science humor story based on the tongue-in-cheek combination of two adages born in?,all,all,1,1,1,1,1,1,1,1,1,1
5a75ebfc5542992d0ec06018,5ac5275755429924173fb617,0.235,What indigenous American ethnic group that inhabits land in the northern United States and southern Canada was part of the Treaty of Springwells?,"Because Marc Shiller was born in Beunos Aires in 1957, but is a resident of the United States, what ethnic group does he belong to?",all,none,0,1,0,0,1,0,0,1,0,0
5a879adb5542996e4f30887f,5ac2680055429963665199a8,0.2349,What other political position did the person who introduced the DISCLOSE Act hold?,What position did Ernest Newman hold at Her Majesty's Royal Palace and Fortress?,none,none,1,0,0,1,0,0,1,0,0,1
5ae0c7e755429945ae95944c,5ae663b05542992ae0d16316,0.2349,Casey Jr. Splash 'n' Soak Station is an attraction in a city located in which county ?,Edithvale railway station is located on a line that is situated in what city?,all,dense+hybrid,0,1,0,0,1,1,1,1,1,1
5ae058e855429945ae959331,5ac3ae475542995ef918c1e5,0.2348,Are  Chrysalis and Look both women's magazines?,Are Skeptical Inquirer and The Progressive Populist both tabloid-style magazines?,all,all,1,1,1,1,1,1,1,1,1,1
5abd1529554299114383a1e3,5a7e7ed05542991319bc94c2,0.2348,What type of magazine is Eugene Habecker the chairman of?,"Which magazine is older, Gallery or Dime Magazine?",dense+hybrid,hybrid,0,0,0,1,1,0,0,1,1,1
5a8b20335542996c9b8d5fb3,5ae1f5a15542997f29b3c1b5,0.2346,What distinction is held by the former NBA player who was a member of the Charlotte Hornets during their 1992-93 season and was head coach for the WNBA team Charlotte Sting?,The actor who appeared on Charlotte's Shorts and Weeds was born in what year?,none,none,1,0,0,1,0,0,1,0,0,1
5ae2075f5542994d89d5b315,5a80cddd554299260e20a169,0.2346,What is Gary Cole's character based on?,Multiple award-winning actor Gary Sinise appeared in The Stand in 1994 - a miniseries based on a novel and screenplay by which noted author?,bm25+hybrid,none,0,1,0,0,0,0,1,1,0,0
5a80840f554299485f59863b,5abcc96c5542996583600492,0.2344,What WB supernatrual drama series was Jawbreaker star Rose Mcgowan best known for being in?,What is the name of the film starring Rose McGowan and features the character Earl McGraw's daughter?,bm25+hybrid,dense+hybrid,0,1,0,0,0,1,0,1,1,1
5a7b1023554299042af8f6c2,5a8b544855429950cd6afcae,0.2343," Which movie did Disney produce first,  The Many Adventures of Winnie the Pooh or Ride a Wild Pony?","Which animated film was released first, The Country Bears or The Wild?",all,all,1,1,1,1,1,1,1,1,1,1
5a87ee7b55429938390d3eb6,5a8ec4875542995a26add508,0.234,What is the former name of the team that Tom Shearn was supposed to start for?,What county was Tom Hewitt born in?,dense+hybrid,none,0,0,0,1,1,0,0,1,0,0
5ab6bf6d55429953192ad372,5ac2f1d1554299218029dba4,0.2339,Are Phlebodium and Pieris both species of ferns?,What is in both the Lithocarpus and Duranta species?,none,none,1,0,0,1,0,0,1,0,0,1
5ae1fbf05542997f29b3c1e7,5abee75f5542993fe9a41d8e,0.2338,When was the American automobile club which has 2014 Trans-Am Series as the 46th running of the Sports formed? ,Channel 8 has broadcast which American sports series that premiered in 1973?,none,dense+hybrid,0,0,0,1,0,1,0,0,1,0
5a8db19d5542994ba4e3dd00,5ab94cca554299753720f7dd,0.2337,Are Local H and For Against both from the United States?,"Angelspit toured the United States with an American electronic music duo from Orlando, Florida, that formed in what year?",dense+hybrid,bm25,0,0,1,0,1,0,0,1,0,0
5a7759fc5542993569682d60,5a7b1d3b5542992d025e677a,0.2336,Where are Teide National Park and Garajonay National Park located?,"What memorial park located at John J. Pershing Drive in North Omaha has, among other amenities, a baseball park?",all,bm25+hybrid,0,1,1,1,1,0,0,1,1,1
5a8085705542992bc0c4a74b,5ade6b67554299728e26c71c,0.2336,Garden Island Naval Chapel is the oldest Chistian chapel of a naval branch of what defence force?,"Michael Pollock was was a senior officer in the United Kingdom's naval warfare force, also known as the what?",all,all,1,1,1,1,1,1,1,1,1,1
5ab3eeb5554299233954fff4,5a8c622a554299240d9c2142,0.2335,"The actress that plays Kaylee Frye in the series ""Firefly"" also stars with Alan Dale in a sci-fi tv film released in what year?",The Birthday of the World: and Other Stories was written by what fantasy and sci-fi author?,all,dense+hybrid,0,1,0,0,1,1,1,1,1,1
5adc1ae5554299438c868d5c,5a8f0a01554299458435d539,0.2335,Hate Them is the ninth album by a band likened to who?,Telos was an album by a band who formed in what city?,none,bm25+hybrid,0,0,1,0,0,0,1,0,1,0
5a8ec4875542995a26add508,5ab8179f5542990e739ec817,0.2333,What county was Tom Hewitt born in?,Who wrote Tom Vaughan's popular 2008 film?,none,none,1,0,0,1,0,0,1,0,0,1
5ab1d7ac554299449642c7e6,5ab1ebff5542993be8fa9882,0.2332,"Which genus has more species, Xanthoceras or Ehretia?","Which plant genus has a longer common name, Myrtus or Eustoma?",all,all,1,1,1,1,1,1,1,1,1,1
5ae3f2395542995ad6573cc6,5a8d93bf554299068b959d46,0.2331,Are Ganzhou and Jimo District both located in China?,Are both Yangzhou and Jiangyan District considered coastal cities?,dense+hybrid,dense,0,0,0,1,1,1,1,1,0,0
5ab438395542990594ba9bb9,5a7a4a1d5542990198eaf108,0.233,Who was one of the stars who played the two oldest children in a TV series which had a 2010 movie based on it?,Of the two men who ousted Mussolini which one was born in 1871?,none,dense,0,0,0,1,0,1,0,0,0,1
5a855b5c5542997b5ce3ffeb,5a893f305542993b751ca91e,0.2328,"What is the main industry of this town with a population of around 2,600 as of 2010 that has Mountain Valley High School attendees as residents?","The Whitehead Light is located in what town with a population of 2,591 during the 2010 census?",bm25+hybrid,none,0,1,0,0,0,0,1,1,0,0
5abd9c2355429924427fd06c,5ab438395542990594ba9bb9,0.2327,"In what year did the actor who starred in the TV Land original series ""The Soul Man"" host the Black Movie Awards?",Who was one of the stars who played the two oldest children in a TV series which had a 2010 movie based on it?,dense,none,0,0,0,1,1,0,0,0,0,1
5a8f9b8c5542997ba9cb32e6,5a77c74155429967ab105291,0.2327,"Which band is from England, Fireflight or Dirty Pretty Things?","Which band formed in England, Of Montreal or Vib Gyor?",all,all,1,1,1,1,1,1,1,1,1,1
5ac2ffbd554299677310267b,5a7e1a5455429965cec5ea5f,0.2325,SuperMansion starred the actress who had a recurring role as whom on Workaholics?,Moonlight starred the actor who played whom on the remake of Hawaii Five-0?,dense,none,0,0,0,1,1,0,0,0,0,1
5ab81cd955429916710eaff7,5a82817555429954d2e2eb5a,0.2323,What kind of energy does a plasma weapon produce?,"Which film does ""Naked Weapon"" follow in the ""Naked"" series?",dense+hybrid,all,0,0,1,0,1,1,1,1,1,1
5a8bae135542996e8ac889b6,5adfcb5455429906c02daa48,0.2321,Nathan Bridger was a character played by which actor and amateur boxer?,"What character in ""Father Ted"" was played by an actor who starred in Death in Paradise?",all,all,1,1,1,1,1,1,1,1,1,1
5a87c13f5542996e4f30890c,5ae4d8475542993aec5ec0e0,0.2321,"In what city did the ""Prince of tenors"" star in a film based on an opera by Giacomo Puccini?",Repertoire of Plácido Domingo appeared in an opera written by whom which was based on a play by William Shakespeare?,none,none,1,0,0,1,0,0,1,0,0,1
5ac097b05542996f0d89cc18,5abff0645542994516f45539,0.232,"Are Ruggero Deodato from Italy, and Mexican Alejandro Springall, both film directors?",Are Wolfgang Becker and Paul Andrew Williams both film directors?,all,all,1,1,1,1,1,1,1,1,1,1
5a7daad55542995f4f4022b7,5a7d158155429909bec76947,0.232,What year was the namesake of a small island in the Town of East Hampton born?,"The star of ""Lady in a Cage"" was born in what year?",none,dense,0,0,0,1,0,1,0,0,0,1
5ae17daa55429901ffe4aea9,5a88bd1d554299206df2b357,0.2319,Who directed the 1941 film based on the novel of the same name by Zane Grey starring an actor who was also an artist and stuntman?,"When did the character on Grey's Anatomy, played by the same actor who portrayed Rev James Lawson in ""Lee Daniel's The Butler"", debut?",all,dense+hybrid,0,1,0,0,1,1,1,1,1,1
5adf860e5542993344016cbc,5ab66fd355429954757d32b7,0.2319,"During which years was the model of car, featured on the cover of Earth's ""Pentastar: In the Style of Demons"" manufactured?",For which University did the quarterback featured on the cover of Madden NFL 06 play basketball ?,all,bm25+hybrid,0,1,1,1,1,0,0,1,1,1
5a8dd5f955429917b4a5bcc7,5ab6391755429953192ad2a7,0.2319,"Other than racing, what sport does the 1998 champion of the Toyota GRand Prix practice?",The 1974 South African Grand Prix was a Formula One motor race held at a racing circuit located in which South African Province ?,none,all,0,0,1,0,0,1,0,0,1,0
5a834ed95542990548d0b1ca,5a84d80c5542992a431d1ab5,0.2316,"Which tower is taller, 712 Fifth Avenue or Manhattan Life Insurance Building?","Which building is used for more different uses, MiMA or 270 Park Avenue?",all,none,0,1,0,0,1,0,0,1,0,0
5a7dc2495542997cc2c4749a,5a8d0efd5542994ba4e3dbc6,0.2315,"What competition held in Kathmandu, Nepal did Julian Bolling compete in 1984?",The competition Lev Oborin won in 1927 is held in what city?,none,all,0,0,1,0,0,1,0,0,1,0
5a8c5c6f554299653c1aa04d,5ac54ca45542993e66e822d5,0.2313,"The album ""The Best of LeAnn Rimes"" contained a song used as the theme song for a film. What is the name of the film?",What was the title of the debut studio album by Weezer which contained the hit Buddy Holly and Undone – The Sweater Song?,hybrid,all,0,0,1,0,0,1,0,1,1,1
5abd259d55429924427fcf1a,5ac1bce45542994ab5c67def,0.2312,"Are both Dictyosperma, and Huernia described as a genus?",Are Pothos and Tibouchina Aubl both flowering genus of plants?,all,all,1,1,1,1,1,1,1,1,1,1
5ab5499e5542992aa134a295,5a73c958554299623ed4ac5c,0.231,In what year was the team that Luke Clark plays either right back or central midfielder for founded?,What community is the team Isaac Gómez played midfielder for located?,none,all,0,0,1,0,0,1,0,0,1,0
5a88c68d55429938390d3fba,5a7f95685542995d8a8ddeaa,0.2309,E! Hollywood Hold'em was hosted by a poker player of what nationality?,What is the nationality of a famous photograher who worked as a set photographer in Hollywood film productions?,dense+hybrid,dense+hybrid,1,0,0,1,1,1,1,1,1,1
5ae24abc5542994d89d5b3c3,5ae0b2f25542993d6555ec1c,0.2308,Where is the company that owns thanKing Horse pub restaurant chain based ?,What food does one of Daniel Greene's subjects' restaurant chain specialize in?,none,none,1,0,0,1,0,0,1,0,0,1
5ac3b5d3554299741d48a2f3,5ae26cb15542994d89d5b421,0.2308,Luke Null is an actor who was on the program that premiered its 43rd season on which date?,Charlie McDermott plays Axl Heck on a tv show that premiered in what date? ,all,all,1,1,1,1,1,1,1,1,1,1
5a8c65a1554299585d9e3680,5a75ebfc5542992d0ec06018,0.2307,What is the name of the ethnic group who settled in Canada in the 17th century that participated in a conflict with Irish Catholic immigrants in the Shiners' War?,What indigenous American ethnic group that inhabits land in the northern United States and southern Canada was part of the Treaty of Springwells?,all,all,1,1,1,1,1,1,1,1,1,1
5ae15e125542990adbacf773,5adcc9f35542990d50227d20,0.2306,In between Berghuis v. Thompkins and Mississippi University for Women v. Hogan which one was a  case decided 5-4 by the Supreme Court of the United States?,Which US Supreme court case involved a waiver of right to counsel Planned Parenthood v. Casey or Montejo v. Louisiana?,all,all,1,1,1,1,1,1,1,1,1,1
5ae20e265542994d89d5b325,5a7f3bcd55429930675136c3,0.2305,"Who is the psychologist who wrote about the disciple of the person known as the ""Wild Woman of Buttle""?","""wild combination"" was a film about a man who was an American cellist, composer, producer and singer, who is he?",dense+hybrid,all,0,0,1,0,1,1,1,1,1,1
5ab85a1155429934fafe6d7c,5a89ab1355429946c8d6e996,0.2301,Are both Rutgers University and Carnegie Mellon University located in America?,Is Carnegie Hall Tower located in the same city as Staten Island?,all,dense+hybrid,0,1,0,0,1,1,1,1,1,1
5ab6a8b5554299710c8d1f30,5a7da0915542990b8f5039d4,0.23,Who commissioned the series of 12 monuments dedicated to the spirit of pioneer women along the Ocean-to-Ocean Highway?,"What is the pioneer who has a park dedicated to him near Lexington, North Carolina famous for?",all,none,0,1,0,0,1,0,0,1,0,0
5add63845542992ae4cec541,5add3b035542997545bbbcce,0.2298,What was the release date and price for the release of Mac OS X that has the software for creating WWF files?,The Gate is a song from the album scheduled for release in what month?,hybrid,dense+hybrid,0,0,0,1,0,1,0,1,1,1
5ae236da5542994d89d5b397,5a77ba6c55429967ab10524c,0.2298,"When was the American actor, film director which  Dana Brunetti is the president of his company born ","When was the director of an American short slasher film with French-speaking serial killers that was released on October 31, 2011 born?",none,dense+hybrid,0,0,0,1,0,1,0,0,1,0
5ae0aaf455429945ae959401,5ac31066554299741d48a19d,0.2294,Chris Williams last played for which football club from the National League North?,Jack Alfred Evans played with a football club team that is based in what city in Australia?,all,all,1,1,1,1,1,1,1,1,1,1
5ae7da705542993210983f96,5abf16965542993fe9a41dd3,0.2294,"What is the name of this New York based American investment management firm founded in 1982, whose co-CEO is Robert Mercer?"," Hamilton Evans ""Tony"" James is the COO and director of the largest alternative investment firm in what?",all,dense+hybrid,0,1,0,0,1,1,1,1,1,1
5ae6911955429908198fa626,5a73830d55429908901be2da,0.2285,M.F.A. starred the actress known for starring in what E! reality series?,"What actress starred in ""The Golden Girls"" and was an animal rights activist?",none,all,0,0,1,0,0,1,0,0,1,0
5a7f81425542992097ad2f8e,5a77b0395542997042120ae1,0.2284,"Which movie was released first, 'Mean Girls' or the remake of 'April Fool's Day'?","Which star in the movie Hush was born April 20, 1949?",all,dense+hybrid,0,1,0,0,1,1,1,1,1,1
5ae520315542993aec5ec152,5a8fc0065542997ba9cb3318,0.2283,"Liz Rose has co-written songs with which artist including ""White Horse"" and ""You Belong with Me""?",Me and You and Everyone We Know was directed by an artist who also directed what 2011 film?,all,all,1,1,1,1,1,1,1,1,1,1
5ab6ddb655429953192ad39e,5ab67bf255429954757d32f5,0.2283,Roden Brothers were taken over in 1953 by a group headquartered in which Canadian city ?,PISCES was developed by the company that is headquartered in what city?,all,dense,0,1,0,0,1,1,1,1,0,0
5a7f113d55429934daa2fcbe,5a8a495055429930ff3c0d6a,0.2281,Which professional baseball player and National 1993 Baseball Hall of Fame inductee is featured in the Greatest Sports Legends anthology? ,"Chicagoland Sports Hall of Fame was founded by the company located in what Washington town, near the state capital?",none,dense+hybrid,0,0,0,1,0,1,0,0,1,0
5ae738f75542991bbc9761c4,5ae1b1aa5542997283cd223f,0.2276,What year was the brother of this first round draft pick by the Washington Redskins drafted?,What was the other Los Angeles team that the 1999 Clippers top draft pick played for and won two championships with?,none,none,1,0,0,1,0,0,1,0,0,1
5a790d8f554299029c4b5eec,5ae520315542993aec5ec152,0.2272,"Which English musician is known for both the songs ""See Yourself"" and ""Withing You Without You""?","Liz Rose has co-written songs with which artist including ""White Horse"" and ""You Belong with Me""?",all,all,1,1,1,1,1,1,1,1,1,1
5ab9812d554299753720f821,5ae3fd195542995dadf2428d,0.2271,Are Mauritz Stiller and Johannes Grenzfurthner both of the same nationality?,Are Jim Lindberg and Alison Moyet singers of the same nationality?,all,all,1,1,1,1,1,1,1,1,1,1
5ae52c0f5542992663a4f12e,5ab78edc5542995dae37e95c,0.227,What major city is the Faith Lutheran Middle School and High School located by?,Where is the school that Tyler Kalinoski went to located?,none,none,1,0,0,1,0,0,1,0,0,1
5ae829ea5542997ec2727738,5ae7922f5542994a481bbdac,0.2268,Where was the armory at which Model 1840 flintlock musket was produced located? ,Where was the university at which  Barrie Ciliberti was a professor located? ,all,all,1,1,1,1,1,1,1,1,1,1
5ae005b555429942ec259bec,5ae6143f5542996de7b71b2d,0.2268,"In what year was the novel that Lourenço Mutarelli based ""Nina"" on based first published?",What film did Lela Rochon based on a John Grisham novel?,none,none,1,0,0,1,0,0,1,0,0,1
5abf10b75542997719eab659,5ae648b955429929b0807b1d,0.2266,What is the height of the player who won the 2015 AFL Rising Star award?,The physicist who is responsible for identifying the Rabi cycle won what award?,none,dense+hybrid,0,0,0,1,0,1,0,0,1,0
5a80b3a9554299485f5986cc,5a81d19b55429926c1cdad90,0.2264,Tysons Galleria is located in what county?,"Tryon D. Lewis is a lawyer from Odessa, Texas which is located in what county?",none,none,1,0,0,1,0,0,1,0,0,1
5a7571135542992d0ec05f98,5a82fe5055429966c78a6ad3,0.2263,Ralph Hefferline was a psychology professor at a university that is located in what city?,"The Company They Keep is a book written by Diana Pavlac Glyer, who is a professor at a university in Azusa, California, that was founded in 1899, and is under the auspices of what religion?",all,bm25+hybrid,0,1,1,1,1,0,0,1,1,1
5a89706055429951533612f9,5adfda5255429942ec259b5e,0.2263,Scott Sandelin grew up in a town in what Minnesota county?,What county in Minnesota holds a 202 lb slab of greywacke covered in runes?,hybrid,dense+hybrid,0,0,0,1,0,1,0,1,1,1
5a7e7ed05542991319bc94c2,5ac3d4b6554299204fd21e93,0.2263,"Which magazine is older, Gallery or Dime Magazine?","Which magazine is focused more on the adult demographic, Jack and Jill or Paper?",hybrid,all,0,0,1,0,0,1,0,1,1,1
5ae17daa55429901ffe4aea9,5ae135fb55429920d523431f,0.2261,Who directed the 1941 film based on the novel of the same name by Zane Grey starring an actor who was also an artist and stuntman?,Scott Workman was an American stuntman and actor credited with a successful show on what smaller TV Network?,all,dense,0,1,0,0,1,1,1,1,0,0
5a820c0c554299676cceb1fc,5adf9d135542995534e8c817,0.226,What is the name of the company that wholly owns the Value Alliance airline whose head office is within Terminal 2 of Narita International Airport?,Are Des Moines International Airport and Grand Canyon National Park Airport both major airline hubs?,none,none,1,0,0,1,0,0,1,0,0,1
5a7f62405542992e7d278cf0,5ae4d15255429908b6326483,0.2259,"What was the name of the publisher who published ""Finnegans Wake"" in 1939 by James Joyce",What publisher published Anthony Doerr's Pulitzer Prize fiction novel?,none,all,0,0,1,0,0,1,0,0,1,0
5ae1e6d95542997283cd22c3,5a7a05485542990783324def,0.2259,Keanu is a 2016 American action comedy film directed by Peter Atencio and written by who?,Which song by Last One Picked appeared in a 2004 American teen musical comedy film directed by Sara Sugarman?,dense,none,0,0,0,1,1,0,0,0,0,1
5a738d27554299623ed4abf3,5ab865235542992aa3b8c8db,0.2258,"Who was born first, Erika Jayne or Marco Da Silva", Lucas da Silva Carvalho was an unused reserve runner for a Brazilian athletics track event which at top class events is run in lanes for the first what?,all,bm25+hybrid,0,1,1,1,1,0,0,1,1,1
5a8a6a2155429930ff3c0dd0,5a7e5ec25542991319bc947a,0.2257,"Which tennis player is from a country closer to Canada, Ken Flach or Lucie Šafářová?","Which tennis player is younger, John Newcombe or Květa Peschke?",all,all,1,1,1,1,1,1,1,1,1,1
5a8b770f5542995d1e6f13a7,5ae12fcf5542990adbacf72c,0.2255,"Where is the singer of ""B Boy"" raised?",Astro Boy and The Secret of Kells share which genre of film?,none,none,1,0,0,1,0,0,1,0,0,1
5a81dacc55429926c1cdada0,5ae528ed5542993aec5ec16e,0.2253,Who is the author of the play that was adapted into a film and featured the orchestral arrangement Suite from Henry V?,What is the name of the film directed by Alex Cox  adapted from a 1606 play starring Diana Quick as the Dutchess?,all,dense,0,1,0,0,1,1,1,1,0,0
5a756fa15542996c70cfaefb,5ae5c8cf554299546bf82f5f,0.2251,Július Satinský was born in a city that has a current population of what?,"Fiske O'Hara was born in what city Knox County, Maine, that had a population of 2,297 as of the 2010 census?",dense+hybrid,hybrid,0,0,0,1,1,0,0,1,1,1
5ab7c87d55429928e1fe38de,5ab9ba6855429970cfb8eb87,0.2249,What number album is the first W.A.S.P. album to feature Steven Edward Duren playing guitar?,"Which novel by the author of ""Armada"" will adapted as a feature film by Steven Spielberg?",dense+hybrid,none,0,0,0,1,1,0,0,1,0,0
5a8c66db554299585d9e3683,5ab209ec554299722f9b4ca2,0.2248,"What year was the film ""Mom"" released, starring the voice of Shashaa Tirupati?",What video game character did the voice actress in the animated film Alpha and Omega voice?,all,none,0,1,0,0,1,0,0,1,0,0
5a8aee2c55429970aeb70338,5a8141cc55429938b6142316,0.2248,Are both George Duran and Ara Babajian famous chefs?,Are both Cynthia Mort and George Archainbaud American?,all,all,1,1,1,1,1,1,1,1,1,1
5a88f9555542995153361214,5adf860e5542993344016cbc,0.2247,The Jeep Cherokee was originally sold as a variant of a Jeep model produced during what years?,"During which years was the model of car, featured on the cover of Earth's ""Pentastar: In the Style of Demons"" manufactured?",bm25+hybrid,all,0,1,1,1,0,1,0,1,1,1
5a80ad7c5542992097ad3018,5a77a41a5542997042120ab9,0.2243,What year did the biographical-comedy-crime film directed by Steven Soderbergh about the highest-level corporate executive whistleblower come out?,What year did Christopher Nolan's magic-themed drama come out?,all,bm25+hybrid,0,1,1,1,1,0,0,1,1,1
5a8347d65542996488c2e3f6,5ae7882b554299540e5a55dd,0.224,in the 2004 Hockey film produced by a former major league baseball pitcher who played the USA coach?,What relationship does Fred Gehrke have to the 23rd overall pick in the 2010 Major League Baseball Draft?,none,none,1,0,0,1,0,0,1,0,0,1
5a7d19d85542995ed0d165e8,5ab7f97a5542991d322237ef,0.224,The Tennessee Volunteers football team plays as a member for a conference in what city?,"What is Opry Mills in Nashville, Tennessee?",none,all,0,0,1,0,0,1,0,0,1,0
5a8a3e745542996c9b8d5e70,5adf4b335542993a75d264a5,0.2239,"What is the name for the adventure in ""Tunnels and Trolls"", a game designed by Ken St. Andre?",Paul DeBoy is known for an appearance in the Western action-adventure game developed by which company?,all,none,0,1,0,0,1,0,0,1,0,0
5ac497025542997ea680ca8d,5a7571095542992d0ec05f97,0.2238,Who were the producers of the show for which Chris McKay made his feature film directorial debut?,"Which ""Mirrors"" actress made her film debut in the 2005 comedy film ""Hitch""?",hybrid,dense,0,0,0,1,0,1,0,1,0,0
5a8f812755429918e830d245,5ae6368a5542992ae0d16284,0.2237,"What was Robert M. Fomon's connection to the New York Stock Exchange located at 11 Wall Street, Lower Manhattan, New York City, New York?","When was the American patriot Hamilton, New York Wass named after born?",all,dense+hybrid,0,1,0,0,1,1,1,1,1,1
5a75e05c55429976ec32bc5f,5a7133565542994082a3e65c,0.2235,Brown State Fishing Lake is in a country that has a population of how many inhabitants ?,"What Kentucky county has a population of 60,316 and features the Lake Louisvilla neighborhood?",bm25,none,0,1,0,0,0,0,1,0,0,1
5a906a685542990a9849362e,5ae7fde25542994a481bbe66,0.2233,Where was the world cup hosted that Algeria qualified for the first time into the round of 16?,Which of the people that scored a goal for Arsenal in 2015 FA Cup Final was born on 16 March 1989?,none,dense+hybrid,0,0,0,1,0,1,0,0,1,0
5ae5aba0554299546bf82f17,5ab209ec554299722f9b4ca2,0.2233,"Which of Tara Strong major voice role in animated series is an American animated television series based on the DC Comics fictional superhero team, the ""Teen Titans""?",What video game character did the voice actress in the animated film Alpha and Omega voice?,none,none,1,0,0,1,0,0,1,0,0,1
5ade9545554299728e26c740,5adde17f5542992200553b87,0.2233,What team did the recipient of the 2007 Brownlow Medal play for?,For which NBA team did the MVP of the 2013 McDonald's All-American Boys Game play?,none,none,1,0,0,1,0,0,1,0,0,1
5ae3790f5542992e3233c415,5adbf84555429947ff17387c,0.2232,Are Leopold Lummerstorfer and Valeria Sarmiento both authors?,Are both Adolfo Bioy Casares and James Norman Hall Argentinian authors?,all,bm25+hybrid,0,1,1,1,1,0,0,1,1,1
5ac120c55542992a796dedfc,5a8af94455429971feec45b6,0.2231,Maxeda has been owned since 2004 by which American multinational equity firm?,Jon S. Cardin is the nephew of a senator who has been in office since when ?,none,all,0,0,1,0,0,1,0,0,1,0
5ade24e35542992fa25da6e6,5ab438395542990594ba9bb9,0.2231,Mamie Gummer played the role of Nancy Crozier on the TV series airing on what network?,Who was one of the stars who played the two oldest children in a TV series which had a 2010 movie based on it?,dense,none,0,0,0,1,1,0,0,0,0,1
5ab4107a554299753aec5a2f,5ab6c5be55429954757d336c,0.2229,The Dogwoman telemovies were created by an actress born in what year?,The character Jack from While You Were Sleeping was born in what year?,all,none,0,1,0,0,1,0,0,1,0,0
5a83880e554299123d8c214e,5ae2075f5542994d89d5b315,0.2228,Suicide's 1977 released album features a song based on what brand's comic character?,What is Gary Cole's character based on?,all,bm25+hybrid,0,1,1,1,1,0,0,1,1,1
5ab7f0015542992aa3b8c88b,5ae819ac55429952e35eaa16,0.2226,Who did the Star and Dagger bass player marry?,"What station broadcast the episode ""Marry Me a Little, Marry Me a Little More"" , of the series created by Max Mutchnick and David Kohan?",dense+hybrid,none,0,0,0,1,1,0,0,1,0,0
5ae60426554299546bf83019,5a8b544855429950cd6afcae,0.2226,Which American Space Western animated series did Celebrity Home Entertainment released ,"Which animated film was released first, The Country Bears or The Wild?",dense+hybrid,all,0,0,1,0,1,1,1,1,1,1
5ac279345542990b17b153b0,5a712af15542994082a3e614,0.2225,What is the date of birth of the English inventor that developed the Richard Hornsby & Sons oil engine? ,Which show that premiered in May 2011 is hosted by someone with the birth name Richard Kirschner?,all,all,1,1,1,1,1,1,1,1,1,1
5ae32e125542991a06ce9946,5a8324815542990548d0b184,0.2225,"According to the 2001 census, what was the population of the city in which Kirton End is located?",Dead but Rising was a song by the Danish band fomed in what city in 2001?,none,all,0,0,1,0,0,1,0,0,1,0
5a8a43eb5542996c9b8d5e82,5ae52c0f5542992663a4f12e,0.2224,Which Australian city founded in 1838 contains a boarding school opened by a Prime Minister of Australia and named after a school in London of the same name.,What major city is the Faith Lutheran Middle School and High School located by?,none,none,1,0,0,1,0,0,1,0,0,1
5a84992e5542992a431d1a6d,5a7d2aa05542995f4f40221f,0.2224,Who owns the hotel where the 13th Anniversary Show took place?,"What mixed martial arts even took place at a closed hotel and casino on the Boardwalk in Atlantic City, owned by Trump Entertainment Resorts?",none,all,0,0,1,0,0,1,0,0,1,0
5adef80b5542993a75d263c4,5a81dacc55429926c1cdada0,0.2223,The 2000 British film Snatch was later adapted into a television series for what streaming service?,Who is the author of the play that was adapted into a film and featured the orchestral arrangement Suite from Henry V?,all,all,1,1,1,1,1,1,1,1,1,1
5ae2b770554299495565db0f,5add98985542990dbb2f7e82,0.2221,"In what month is the annual documentary film festival, that is presented by the fortnightly published British journal of literary essays, held? ",What was the occupation of the man who published an individualist anarchist journal?,none,none,1,0,0,1,0,0,1,0,0,1
5ab9374b554299131ca422c6,5a79be0e5542994f819ef084,0.2218,"Which man who presented the Australia 2022 FIFA World Cup bid was born on October 22, 1930?","When did the tour begin for the album Taylor Swift released on October 22, 2012?",bm25,hybrid,0,1,0,0,0,0,1,0,1,0
5a74c85055429916b0164218,5ae76c625542997ec272763e,0.2218,"Born on 6 March 1937, this man was also a citizen of the United Kingdom.","Which founder of Alcatraz East was born on March 31, 1956?",all,none,0,1,0,0,1,0,0,1,0,0
5ae3f2395542995ad6573cc6,5a7e1cad55429965cec5ea75,0.2217,Are Ganzhou and Jimo District both located in China?,Was Pocahontas made before Born in China?,dense+hybrid,all,0,0,1,0,1,1,1,1,1,1
5a80b3a9554299485f5986cc,5abe19895542991f661060c2,0.2213,Tysons Galleria is located in what county?,Liaocheng and Shayang County are both located in which country?,none,all,0,0,1,0,0,1,0,0,1,0
5a8463545542990548d0b2a3,5ac1a3665542994ab5c67daf,0.2212,What was the position of Jean Baptiste Androuet du Cerceau under the man who was King of the Polish-Lithuanian Commonwealth from 1573 to 1575?,What was position of the man who served Prince Andrew from 1990-2001? ,all,all,1,1,1,1,1,1,1,1,1,1
5a874ce15542996432c57256,5ae650fb55429929b0807b2e,0.2212,Where was the person born who was recognized by MIAL and is an American soprano?,Christopher Oscar Pena was recognized by an entertainment-industry brand aimed at what?,none,dense+hybrid,0,0,0,1,0,1,0,0,1,0
5ab5057b5542991779162d56,5ab209ec554299722f9b4ca2,0.2211,What type of movie are Wishing Stairs and Voice?,What video game character did the voice actress in the animated film Alpha and Omega voice?,all,none,0,1,0,0,1,0,0,1,0,0
5adbe1a7554299438c868cc3,5a7cc0d4554299452d57ba07,0.221,What is the name of this Fortune 500 American company that operates a chain of retail home improvement stores that sponsored House Rules?,Where is the company owning Reliance Cricket Stadium ranked on the Fortune Global 500 list as of 2016,all,dense,0,1,0,0,1,1,1,1,0,0
5ae24abc5542994d89d5b3c3,5a79b7f6554299029c4b5f6f,0.2208,Where is the company that owns thanKing Horse pub restaurant chain based ?,How many restaurants comprise the quick service restaurant chain that Ron Joyce helped found?,none,none,1,0,0,1,0,0,1,0,0,1
5adf58f15542993a75d264d2,5a7c6d98554299683c1c6304,0.2204,"Which television series featured an actor who also performed in ""The Young Ones""?",What ABC television series was inspired by a 2011 film and cast Dominic Cooper as young Howard Stark?,none,all,0,0,1,0,0,1,0,0,1,0
5ab6f0c25542995eadef00ea,5a840e395542992ef85e239d,0.2202,Are Buried Country and South of the Border both films turned into stage performances?,Are both The Straight Story and Frozen films of the same genre?,all,all,1,1,1,1,1,1,1,1,1,1
5a898872554299669944a540,5ae5e8c85542996de7b71a69,0.2201,What was the name of Kalyanji Virji Shah's brother who won the Filmfare Award for Best Music Director?,Name the actor who has acted in the film Arrival and who has been nominated for the Academy Award for Best Supporting Actor for the film `The Town' ?,all,none,0,1,0,0,1,0,0,1,0,0
5a8bb29b554299240d9c2089,5ae77c245542997b22f6a795,0.22,Which American film actor and dancer starred in the 1945 film Johnny Angel?,"The Indian actor and philanthropist, who starred in ""Mera Damad,"" entered the film industry in what year?",none,none,1,0,0,1,0,0,1,0,0,1
5a8e1027554299653c1aa15f,5a7319e755429901807daf86,0.2199,Which year and which conference was the 14th season for this conference as part of the NCAA Division that the Colorado Buffaloes played in with a record of 2-6 in conference play?,Which NCAA record does the quarterback of the Minnesota Vikings hold?,none,all,0,0,1,0,0,1,0,0,1,0
5a84873e5542997175ce1eec,5a732aa055429901807daf9f,0.2197,What edition of tennis' US Open was the 2017 US Open when Petra Kvitova was a quarterfinalist?,What year did the largest convention center in the U.S. state of Georgia open?,bm25+hybrid,all,0,1,1,1,0,1,0,1,1,1
5a8cee9b554299441c6b9f87,5abc095c5542993f40c73c5d,0.2194,"Haier has North American rights to which appliance company headquartered in Louisville, Kentucky?","Which company is based in Kentucky, Vocelli Pizza or Fazoli's?",all,all,1,1,1,1,1,1,1,1,1,1
5ae21937554299234fd043d3,5a8f812755429918e830d245,0.2193,"Who is descended from William, 4th Lord Livingston and was a statesman from New York City? ","What was Robert M. Fomon's connection to the New York Stock Exchange located at 11 Wall Street, Lower Manhattan, New York City, New York?",all,all,1,1,1,1,1,1,1,1,1,1
5a90692f5542990a98493625,5a79c8fa5542994bb94570a1,0.2192,In what 1997 American mystery crime film did Johnny Galecki start in?,"What role did Veda Hlubinka-Cook have in the making of this 1997 video game that takes place on the Orient Express, days before the start of World War I?",all,none,0,1,0,0,1,0,0,1,0,0
5a82fcbd55429954d2e2ebe8,5abc32cb55429959677d6a40,0.2191,"Russia Soviet pianist, composer and teacher, Tatiana Nikolayeva taught what Polish pianist and music educator?",What vocalist and pianist was recorded by Modular Recordings?,all,none,0,1,0,0,1,0,0,1,0,0
5ae057fd55429945ae959328,5ac2dfac554299657fa290b3,0.2191, Robert Smith founded the multinational company headquartered in what city?,"What multinational professional services firm, headquartered in London, England, is one of the ""Big Four"" accounting firms and is also a tenant in InfoPark, Kochi?",none,dense+hybrid,0,0,0,1,0,1,0,0,1,0
5a713a5a5542994082a3e6a9,5a84c0765542991dd0999dd9,0.2189,What football club plays in the area between the old tool gates: Brook Bar and Trafford bar?,"Who was the main vocal of ""Set the Fire to the Third Bar""?",all,dense,0,1,0,0,1,1,1,1,0,0
5a8f45ca5542997ba9cb320e,5a8b7e9c5542995d1e6f13c1,0.2189,"What type of film are both ""500 Years Later"" and ""Manson""?",Psychopsis and Aubrieta are both genuses of which type of plants?,all,all,1,1,1,1,1,1,1,1,1,1
5ab67772554299110f219a12,5ac079e9554299294b218fff,0.2189,What type of media does J. T. Petty and Outlast have in common?,What organization does Rosyth Dockyard and Queen Elizabeth-class aircraft carrier have in common?,dense+hybrid,all,0,0,1,0,1,1,1,1,1,1
5ab2659e554299340b5254b2,5abf8ae85542990832d3a14b,0.2187,"From March 631 to April 631, Farrukhzad Khosrau V was the king of an empire that succeeded which empire?",What empire was Aleksei Gen born into?,all,dense,0,1,0,0,1,1,1,1,0,0
5a8324815542990548d0b184,5adfad2b554299603e41835c,0.2183,Dead but Rising was a song by the Danish band fomed in what city in 2001?,The song Arizona was recorded by Paul Revere and Mark Lindsay but who wrote the song?,all,all,1,1,1,1,1,1,1,1,1,1
5ae67dba55429908198fa5f0,5a8209845542990a1d231f1f,0.2183,The Memphis Hustle are based in a suburb of a city with a population of what in 2010?,The Peabody Hotel in Memphis (and a sister hotel in Orlando) are named after what residents of the hotel rooftop?,none,all,0,0,1,0,0,1,0,0,1,0
5ac3165c5542995ef918c10a,5ae10a5b55429920d52342a0,0.2181,Which American film director hosted the 18th Independent Spirit Awards in 2002?,"Who was the director of the 2000 American comedy film in which the actress, whose first role in film was in director Martin Kunert's film ""Campfire Tales"", played a role?",bm25,dense,0,1,0,0,0,1,0,0,0,1
5a89f68f5542992e4fca84b6,5ab808b85542991d3222380d,0.2181,"What kind of person of authority does Governor of Sheerness and Stapleton Cotton, 1st Viscount Combermere have in common?",Umi-a-Liloa inherited authority of a kind which is a belief in what?,all,none,0,1,0,0,1,0,0,1,0,0
5ac2bbd0554299218029db09,5ab503db5542990594ba9cc8,0.218,The author of The Thing of It Is... is what Nationality?,What is the nationality of the most successful female ski racer ever?,dense,none,0,0,0,1,1,0,0,0,0,1
5abba581554299642a094af9,5a7a954855429941d65f26cd,0.2178,How many people were in the group which preceded the release of Eric Clapton's 1975 album E.C. Was Here? ,"What album did John Lennon release before the one that contained the song ""How?""",none,none,1,0,0,1,0,0,1,0,0,1
5ac056385542997d64295a08,5abaee845542996606241696,0.2178,Ambrose Mendy has managed and/or advised a British professional boxer that as of July 2017 is ranked the world's seventh best super middleweight by who?,"On February 25, 2017 tony Harrison lost the the International Boxing Federation light middleweight world title to a boxer from what state?",none,dense+hybrid,0,0,0,1,0,1,0,0,1,0
5abd01205542992ac4f3819b,5a72a9ab5542992359bc315a,0.2176,Mummulgum is a stop on the Bruxner Highway before reaching the town on the banks of which river?,Which North American tribe inhabited the banks of the Winnipesaukee River and were also known as the Pawtucket people?,all,all,1,1,1,1,1,1,1,1,1,1
5a87ab905542996e4f3088c1,5ac32b565542995ef918c154,0.2176,The arena where the Lewiston Maineiacs played their home games can seat how many people?,Where is the stadium at which 1964 Georgia Tech Yellow Jackets football team played their home game located? ,none,dense+hybrid,0,0,0,1,0,1,0,0,1,0
5a8b3fe85542995d1e6f1323,5abe535055429976d4830aea,0.2176,"Who owns an English evening newspaper based in Blackpool, Lancashire?",Where is the transportation company that owns Talbot based in?,none,all,0,0,1,0,0,1,0,0,1,0
5ae63dad55429929b0807afe,5a82e25555429954d2e2ebbf,0.2175,"When was the British author who wrote the novel on which ""Here We Go Round the Mulberry Bush"" was based born? ",Which author dedicated a 1985 romance novel to the author who did in 2009 and wrote under the pen name Gwyneth Moore?,all,dense+hybrid,0,1,0,0,1,1,1,1,1,1
5ae48e7e55429913cc20449d,5abaee665542992ccd8e7e5f,0.2175,"Gualdo Tadino Cathedral, a Roman Catholic cathedral, was dedicated to Saint Bendict of Nursia who is a patron saint of what continent?","Who is the patron saint of Europe and has a historical religions building in Castres, Languedoc, France named after him?",all,dense,0,1,0,0,1,1,1,1,0,0
5ae224da554299234fd043ee,5ae0a6ea5542993d6555ebe9,0.2172,Do the drinks Gibson and Zurracapote both contain gin?,Are Waste Land and Shikashika both types of drinks?,none,dense+hybrid,0,0,0,1,0,1,0,0,1,0
5abaf4535542996cc5e49f35,5a88fa9e5542993b751ca8de,0.217,Where was the coach of the 1999 Oklahoma State Cowboys football team hired in 2013?,What NFL team did the 2017 ESPN College Football Friday Primetime host who played at Oklahoma in college play for?,none,none,1,0,0,1,0,0,1,0,0,1
5ac23ff0554299636651994d,5a7a845755429941d65f2684,0.2169,"When was Poison's album ""Shut Up, Make Love"" released?","Which film was released more recently, Make Mine Music or Old Dogs?",dense+hybrid,dense+hybrid,1,0,0,1,1,1,1,1,1,1
5a8f812755429918e830d245,5adf076f5542992d7e9f9277,0.2168,"What was Robert M. Fomon's connection to the New York Stock Exchange located at 11 Wall Street, Lower Manhattan, New York City, New York?",What New York representative and politician was defeated by Alan Hevesi in 2002?,all,all,1,1,1,1,1,1,1,1,1,1
5ae5e1985542996de7b71a54,5ae7308d5542991e8301cbb8,0.2164,Cardinal Pole Roman Catholic School was named after the last Roman Catholic to hold what position?,Which Roman Emperor was grandfather to the children of Mark Antony?,none,dense,0,0,0,1,0,1,0,0,0,1
5a83880e554299123d8c214e,5adda7585542997dc790700c,0.216,Suicide's 1977 released album features a song based on what brand's comic character?,Where was the telefilm shot that was based on the 1977 Katherine Paterson book?,all,bm25,0,1,1,1,1,0,0,1,0,0
5adf37a95542995ec70e8f97,5a8f73455542997ba9cb3269,0.2159,"The 2011–12 VCU Rams men's basketball team, led by third year head coach Shaka Smart, represented Virginia Commonwealth University which was founded in what year?",At which public research university founded in 1881 Ralph Fielding served as the head football coach?,none,hybrid,0,0,0,1,0,0,1,0,1,0
5ae73d505542991e8301cc2c,5a83d0845542996488c2e4e6,0.2158,Sebastian Gutierrez is known for writing the screenplay for the 2003 film directed by whom?,World for Ransom was directed by the producer notable for which 1974 film?,bm25+hybrid,none,0,1,0,0,0,0,1,1,0,0
5ab58f9a554299488d4d99da,5a722fae55429971e9dc9343,0.2157,"What is the birthday of this Anglo-Irish actress, courtean, and mistress, who was the mother to the illegitimate daughter of King William IV?","What is the name of the daughter of the Irish entertainer in the girl band Maxi, Dick and Twink?",all,none,0,1,0,0,1,0,0,1,0,0
5a7320565542991f9a20c61d,5a7642f7554299109176e6e8,0.2156,who is younger Keith Bostic or Jerry Glanville ?,who is younger Ulrich Walter or  Luca Parmitano?,all,all,1,1,1,1,1,1,1,1,1,1
5ae4563e5542996836b02c7f,5a8d0d7b55429941ae14df79,0.2154,"in 1999, Spirit Halloween LLC was purchased by a mall retailer that has how many stores in the United States and Canada ?",How many rooms does that largest single hotel within the United States that is owned by MGM Resorts International?,all,none,0,1,0,0,1,0,0,1,0,0
5a8325b35542990548d0b18f,5ae7690c5542995703ce8c22,0.2151,"Who held the record for the longest service in the Australian Parliament for a woman, and was surpassed by  a former Australian politician who was the 29th Speaker of the House of Representatives?",A former Australian rules football player who played with the Port Adelaide in the South Australian National Football League is the vice president of a video game company based where?,none,none,1,0,0,1,0,0,1,0,0,1
5ab7e4dc5542995dae37e9df,5a71717d5542994082a3e834,0.2151,"The Polar Bears featuring the voice of Armie Hammer, is also the same voice actor for which character in Cars 3?","What star of ""Attack of the Gryphon"" was also a voice artist in Johnny Bravo?  ",all,all,1,1,1,1,1,1,1,1,1,1
5a8c4c625542995e66a475a1,5ac0cf0f554299294b219018,0.2148,"Which airplane was this Major test-flying after whom the base, that 514th Flight Test Squadron is stated at, is named?","Which band has more members, Test Icicles or X Ambassadors?",none,none,1,0,0,1,0,0,1,0,0,1
5ab9b29c554299743d22ebae,5a874e9b554299211dda2bd3,0.2148,"Which case came first, Craig v. Boren or United States v. Paramount Pictures, Inc.?",What did the second First Lady to be born outside the United States or areas that would become part of the United States do before marrying?,all,bm25,0,1,1,1,1,0,0,1,0,0
5a8ee6915542990e94052bad,5ac023045542996f0d89cb32,0.2148,"What season was the character introduced that becomes the main antagonist in the  following season, from the animated television series created by Bryan Konietzko and Michael Dante DiMartino as a sequel to """", which aired from 2005 to 2008? ",What did the main character of the Novel whose second sequel was published by Viking Adult go to college?,none,none,1,0,0,1,0,0,1,0,0,1
5a877e5d5542993e715abf7d,5aba6d4b5542994dbf019906,0.2147,"What screenwriter with credits for ""Evolution"" co-wrote a film starring Nicolas Cage and Téa Leoni?","Giuseppe Tornatore, an italian film director and screenwriter, wrote and directed his film ""The Best Offer"" in what language?",bm25,all,0,1,1,1,0,1,0,0,1,0
5a8e3dc05542995085b37401,5ae15e125542990adbacf773,0.2145,"Which case was decided first, Selle v. Gibb or Reynolds v. Sims?",In between Berghuis v. Thompkins and Mississippi University for Women v. Hogan which one was a  case decided 5-4 by the Supreme Court of the United States?,none,all,0,0,1,0,0,1,0,0,1,0
5abaeda95542992ccd8e7e5d,5a8bb7f95542996e8ac889ff,0.2142,"What is the fictional name of the mall in the movie ""Back to the Future"" which was filmed at the headquarters of EverTrust Bank?",Where was the movie filmed starring Choi Yoon-young in 2012?,all,bm25,0,1,1,1,1,0,0,1,0,0
5a7b65ab5542997c3ec97144,5a8485fa5542992a431d1a41,0.2142,"Where did the architect of the Governor's House, located in Knutsford, graduate from college?","Who was the brother of the architect of Hook and Ladder No. 4 located in Albany, NY?",hybrid,all,0,0,1,0,0,1,0,1,1,1
5ae7edee554299540e5a56ad,5ab5cd4f554299488d4d9a31,0.214,The Church of the Guanche People was founded in the city that is on the most populated island of what larger area?,"The producer of the Eric Church album ""The Outsiders"" was a member of what band in the 1980's?",dense+hybrid,none,0,0,0,1,1,0,0,1,0,0
5ae791ef55429952e35ea979,5ae60ea9554299546bf8304e,0.2138,In what month was the relief first officer of the flight that crashed on its way to Cairo with a stop in New York Born?,"North Blenheim, New York was destroyed by flooding caused by the Hurricane that landed in what month?",dense,hybrid,0,0,0,1,1,0,0,0,1,0
5aba749055429901930fa7d8,5ab344fc55429969a97a811e,0.2137,What occupation do Chris Menges and Aram Avakian share?,Do Bloody Mary and Sidecar share any ingredients in common?,all,dense+hybrid,0,1,0,0,1,1,1,1,1,1
5abc19705542993a06baf86e,5a80f4c2554299260e20a1da,0.2136,Black Book starred the actress and writer of what heritage?,What is the nickname of the WWII battleship at the Fall River Heritage State Park?,dense+hybrid,none,0,0,0,1,1,0,0,1,0,0
5a8a43eb5542996c9b8d5e82,5a7bcbc8554299294a54aae2,0.2135,Which Australian city founded in 1838 contains a boarding school opened by a Prime Minister of Australia and named after a school in London of the same name.,"Which school is named after a person, Sir Syed University of Engineering and Technology or Manhattan College? ",none,all,0,0,1,0,0,1,0,0,1,0
5a7cb9b95542990527d55515,5ae0819155429924de1b70ea,0.2135,"What is the year of the event that occured first, Making Today a Perfect Day was produced, or Frozen was produced?",Which documentary Hacking Democracy or The Memory of Justice was produced first ?,dense+hybrid,all,0,0,1,0,1,1,1,1,1,1
5a7a978555429941d65f26db,5adec62a55429975fa854f89,0.2133,"Which album came out first, ""Paper Trail"" or ""If Tomorrow Comes...""?","The song that came out ahead of The Wanted's ""Lightning"" on the UK Singles Chart was featured on which album?",all,none,0,1,0,0,1,0,0,1,0,0
5ae305df5542992decbdcdc3,5adfd2f255429925eb1afaa5,0.2132,"At what venue was the January 2, 2012 game featured the University of Louisville team?",A puzzle-platform video game developed by the Valve Corporation is part of what 2012 action-adventure game?,dense+hybrid,none,0,0,0,1,1,0,0,1,0,0
5a8db916554299441c6ba057,5ae5e8c85542996de7b71a69,0.2125,Padosan had a supporting actor who is known as a successful playback singer in what language?,Name the actor who has acted in the film Arrival and who has been nominated for the Academy Award for Best Supporting Actor for the film `The Town' ?,bm25+hybrid,none,0,1,0,0,0,0,1,1,0,0
5ae1f596554299234fd04372,5ac1c9a15542994ab5c67e1c,0.2124,When did the game which held three times in  in East Asia first held ,What is the population of the city in which the first edition of the South American Youth Olympic Games were held?,dense+hybrid,none,0,0,0,1,1,0,0,1,0,0
5a840e395542992ef85e239d,5ab9aed855429970cfb8eb6d,0.2123,Are both The Straight Story and Frozen films of the same genre?,Do the bands named Phoenix and Shearwater specialize in the exact same genre?,all,dense+hybrid,0,1,0,0,1,1,1,1,1,1
5adf58f15542993a75d264d2,5a895d305542993b751ca931,0.2118,"Which television series featured an actor who also performed in ""The Young Ones""?","Which football team does Lewis Young's older brother, Ashley Young, play for?",none,all,0,0,1,0,0,1,0,0,1,0
5a7e05ba5542995f4f402392,5abe953b5542993f32c2a170,0.2116,For One Night Only was hosted by the man most well-known for hosting what show from 1962 until 1999?,what is one of the stars of  The Newcomers known for,all,none,0,1,0,0,1,0,0,1,0,0
5a8ba59a554299240d9c2058,5a7cc28f554299452d57ba1c,0.2115,The Duke Steps Out stars an actress who was ranked tenth on a list of greatest female Hollywood stars in what year?,"The 1996 AT&T Challenge was a tennis tournament played in a city that in 2017 ranked third on the ""USA TODAY"" list of what?",all,none,0,1,0,0,1,0,0,1,0,0
5a88fc4255429938390d4019,5ae6911955429908198fa626,0.2113,On what date will the comedy film directed by Kevin Tent and starring the Bulgarian-Canadian actress known for portraying the role of Mia Jones be released on video on demand services?,M.F.A. starred the actress known for starring in what E! reality series?,none,none,1,0,0,1,0,0,1,0,0,1
5ac52f455542996feb3fea12,5a732aa055429901807daf9f,0.2112,"What year was the American healthy lifestyle magazine, in which Georgia Rickard contributed, started?",What year did the largest convention center in the U.S. state of Georgia open?,none,all,0,0,1,0,0,1,0,0,1,0
5adffe7155429906c02daa9e,5ae454355542996836b02c77,0.211,"The songs from the sountrack to ""When Harry Met Sally"" are performed by a singer that has had how many top 20 US albums?","How many albums have been released by the same band that released the ""Trance"" EP?",bm25+hybrid,bm25+hybrid,1,1,1,1,0,0,1,1,1,1
5a87c13f5542996e4f30890c,5abaf6865542996cc5e49f3c,0.2109,"In what city did the ""Prince of tenors"" star in a film based on an opera by Giacomo Puccini?","What role did Thomas Doherty play in sitcom based on the Israeli series ""North Star""?",none,dense+hybrid,0,0,0,1,0,1,0,0,1,0
5a7313865542994cef4bc442,5abaeda95542992ccd8e7e5d,0.2108,What type of bank organization is Pondicherry Gramin Bank that it operates in different States of India?,"What is the fictional name of the mall in the movie ""Back to the Future"" which was filmed at the headquarters of EverTrust Bank?",all,all,1,1,1,1,1,1,1,1,1,1
5ae497f15542995ad6573db8,5ade9545554299728e26c740,0.2105,What NIFL Premier Intermediate League team did Sean Connor play for?,What team did the recipient of the 2007 Brownlow Medal play for?,none,none,1,0,0,1,0,0,1,0,0,1
5ae4808455429970de88d990,5ae0cddc55429945ae959459,0.2105,How many people did the South Korean spree killer which NICS Improvement Amendments Act of 2007 enabaled to buy firearm killed in 2007,National Firearms Agreement was in response to the Port Arthur massacre that killed how many people?,all,all,1,1,1,1,1,1,1,1,1,1
5a78db8055429970f5fffdb2,5a7cdc1b55429907fabef04d,0.2105,"Flyboys stars which actor who was nominated for an Academy Award for ""127 Hours""?",Getting Married in Buffalo Jump stars an actor who was born in what city?,dense+hybrid,bm25,0,0,1,0,1,0,0,1,0,0
5a8f38fa55429924144829f5,5adf88995542993344016cd4,0.2103,What kind of species on the Indonesian island of java might participate in a Rampokan.,Which city is the home of the character that might be based on John Capozzi?,dense+hybrid,dense,0,0,0,1,1,1,1,1,0,0
5a8fc0065542997ba9cb3318,5ab69e8755429954757d3334,0.2103,Me and You and Everyone We Know was directed by an artist who also directed what 2011 film?,"Who is the album ""Look What You Made Me Do"" is on being released through?",all,hybrid,0,1,0,0,1,0,0,1,1,1
5a8026a05542992e7d278df8,5a7d7deb5542995f4f402282,0.2101,Iselin Solheim provided vocals in the song released on what date?,"What band member that released ""Darkhorse"" gave the vocals to ""Starry Eyed Surprise""?",dense,bm25,0,0,1,0,1,0,0,0,0,1
5ab2d3df554299194fa9352c,5a71166d5542994082a3e576,0.21,The battle in which Giuseppe Arimondi lost his life secured what for Ethiopia?,"Which battle occurred first, the Battle of Manila or the Battle of Guam?",none,all,0,0,1,0,0,1,0,0,1,0
5ab528a3554299637185c4e5,5ae376a35542990afbd1e163,0.21,What are both James Hetfield and Bob Marley?,Are Peter Balakian and James Der Derian both teachers?,dense+hybrid,all,0,0,1,0,1,1,1,1,1,1
5a89f5815542993b751ca9c5,5abe7f695542993f32c2a12d,0.2099,In which role did Caroline Carver played in a 1999 Hallmark Entertainment made-for-TV fantasy movie?,What is the focus of the movie in which Nolan North played the role of Superboy?,all,dense+hybrid,0,1,0,0,1,1,1,1,1,1
5ab69e8755429954757d3334,5ae446fc5542995ad6573d24,0.2098,"Who is the album ""Look What You Made Me Do"" is on being released through?",What Mexican singer released the song Todos Me Miran?,hybrid,dense+hybrid,0,0,0,1,0,1,0,1,1,1
5aba65a055429939ce03dcd2,5abc19705542993a06baf86e,0.2098,Georges-Henri Bousquet translated the work of a historian who is of what heritage?,Black Book starred the actress and writer of what heritage?,dense+hybrid,dense+hybrid,1,0,0,1,1,1,1,1,1,1
5ae52c0f5542992663a4f12e,5ac397fe554299218029dbe2,0.2097,What major city is the Faith Lutheran Middle School and High School located by?,"Prior to playing for Michigan State, Keith Nichol played football for a school located in what city?",none,none,1,0,0,1,0,0,1,0,0,1
5a852cd05542997b5ce3ffb0,5ae6545f5542991bbc9760c2,0.2095,The birthplace of George McCall Theal is a port city of what bay?,Who is the costar of a movie with the star of Scott McCall and was directed by the director of Supernatural?,all,none,0,1,0,0,1,0,0,1,0,0
5abc3a65554299700f9d782d,5ab7c87d55429928e1fe38de,0.2095,Candy Coburn has shared the stage with an American country music group with who playing guitar?,What number album is the first W.A.S.P. album to feature Steven Edward Duren playing guitar?,dense+hybrid,dense+hybrid,1,0,0,1,1,1,1,1,1,1
5a8adc935542992d82986fb0,5abc095c5542993f40c73c5d,0.2095,"Which is headquarter farther south, Jet's Pizza or Chuck E. Cheese's?","Which company is based in Kentucky, Vocelli Pizza or Fazoli's?",none,all,0,0,1,0,0,1,0,0,1,0
5ac3ad7f5542995ef918c1de,5ae835f25542997ec272776f,0.2094,The Aviation Hall of Fame and Museum of New Jersey is located at the airport in which New Jersey county?,Charles Barkley changed his jersey number to #32 in honor of a player born in which year ?,dense+hybrid,none,0,0,0,1,1,0,0,1,0,0
5ab7ee895542995dae37e9f6,5a8398405542993344746050,0.209,What is the happiest town Sarasota county Florida?,"Which town does Ronald F. Collins represent that a town in York County, Maine, United States?",none,none,1,0,0,1,0,0,1,0,0,1
5a7cb9b95542990527d55515,5a7b60605542995eb53be931,0.2089,"What is the year of the event that occured first, Making Today a Perfect Day was produced, or Frozen was produced?","What is the year of the event which orrurred first, Beecher's Handmade Cheese was founded, or Pike Place Market opened?",dense+hybrid,dense+hybrid,1,0,0,1,1,1,1,1,1,1
5a80c74f554299260e20a158,5aba902455429901930fa834,0.2087,"Who else besides ""The Golden Jet"" was born in Point Anne, Ontario?","Besides Jennifer Lawrence, Chris Pratt, Michael Sheen, and Laurence Fishburne, who else acted in the movie, ""Passengers?""",dense+hybrid,none,0,0,0,1,1,0,0,1,0,0
5ab51dae5542991779162d82,5a7c290c5542990527d55468,0.2083,Are both Elko Regional Airport and Gerald R. Ford International Airport located in Michigan?,"Lawton–Fort Sill Regional Airport, a charter base for value airline Allegiant Air, is situated in which U.S. state?",all,all,1,1,1,1,1,1,1,1,1,1
5a807ea1554299485f598624,5abcf17655429959677d6b5c,0.2083,What church was the college Marjorie Hass is the 20th president of formerly affiliated with?,Which school with which Gabriela Lemus has been affiliated is a member school of the Thurgood Marshall College Fund?,dense+hybrid,none,0,0,0,1,1,0,0,1,0,0
5ac1c9a15542994ab5c67e1c,5a712e895542994082a3e636,0.2083,What is the population of the city in which the first edition of the South American Youth Olympic Games were held?,C.J. Hunter was tested positive for which type of injected steroid before he competed in the 2000 Summer Olympic Games?,none,dense+hybrid,0,0,0,1,0,1,0,0,1,0
5ae4c2b95542995dadf243ef,5a8752955542994775f607d1,0.2081,One of the coaches of Southern Methodist University also played what role at the Arizona State Sun Devils?,"What was the name of the team that represented an Arizona university in the conference that covers a broad expanse of the western United States, including Arizona, California, and New Mexico?",none,dense+hybrid,0,0,0,1,0,1,0,0,1,0
5ae789615542997ec2727695,5a7a05485542990783324def,0.2081,Kam Heskin plays Paige Morgan in a 2004 film directed by who?,Which song by Last One Picked appeared in a 2004 American teen musical comedy film directed by Sara Sugarman?,dense+hybrid,none,0,0,0,1,1,0,0,1,0,0
5a7a46605542994f819ef1ad,5a81ebee554299676cceb16d,0.2081,What year did Roy Rogers and his third wife star in a film directed by Frank McDonald?,What kind of movie directed by F. Javier gutierrez did an Italian model and actress star in?,all,all,1,1,1,1,1,1,1,1,1,1
5ade908b55429975fa854f13,5ab67bf255429954757d32f5,0.2078,"After he was contracted by the team that is headquartered in Affalterbach, Baden-Württemberg, Germany, Dario Franchitti competed in what series?",PISCES was developed by the company that is headquartered in what city?,bm25+hybrid,dense,0,1,0,0,0,1,0,1,0,0
5ae0f6f5554299422ee99583,5ae454355542996836b02c77,0.2077,"Which record label released Van Morrison's ""I've Been Working"" on the album ""His Band and the Street Choir""?","How many albums have been released by the same band that released the ""Trance"" EP?",none,bm25+hybrid,0,0,1,0,0,0,1,0,1,0
5a7a1b165542996c55b2dd10,5ae2cbc9554299495565db36,0.2076,"Who was born first, Connie Willis or Margaret Landon?","Which character did Tamzin Outhwaite play first: Connie (on ""Inside No. 9"") or Melanie Owen (""EastEnders"")?",dense+hybrid,bm25,0,0,1,0,1,0,0,1,0,0
5a77152355429966f1a36c2e,5a7b1a225542992d025e6770,0.2076,What was the Roud Folk Song Index of the nursery rhyme inspiring What Are Little Girls Made Of?,"What English nursery rhyme which dates from 1731 appears on Teletubbies say ""Eh-oh!""?",bm25+hybrid,dense+hybrid,0,1,0,0,0,1,0,1,1,1
5a7e7ed05542991319bc94c2,5a8baf4b5542996e8ac889c5,0.2076,"Which magazine is older, Gallery or Dime Magazine?","Which magazine has more issues each month, In These Times or Multinational Monitor?",hybrid,all,0,0,1,0,0,1,0,1,1,1
5a7be5bd5542997c3ec972ba,5ae0d5335542990adbacf674,0.2075,"Which dog is considered a giant dog breed, the  Leonberger or the Basset Hound?",Who created the show that featured Triumph the Insult Comic Dog?,all,none,0,1,0,0,1,0,0,1,0,0
5a8b452655429971feec468e,5a85d25b5542996432c570ee,0.2075,Which close friend of an American former basketball player was signed for to play for the Timberwolves?,"Which basketball club located in Alytus, Lithuania does Anatoly Kashirov play for?",all,all,1,1,1,1,1,1,1,1,1,1
5a8f0a01554299458435d539,5a7982435542994bb945701f,0.2074,Telos was an album by a band who formed in what city?,What was the formal name of the building that housed the scene that formed the band Hjertestop?,bm25+hybrid,all,0,1,1,1,0,1,0,1,1,1
5ab659e355429954757d324e,5a7a4a1d5542990198eaf108,0.2073,hree Men on a Horse is a play by a playwright born in which year ?,Of the two men who ousted Mussolini which one was born in 1871?,dense,dense,1,0,0,1,1,1,1,0,0,1
5a88dcf9554299206df2b383,5ae0613d5542993d6555eb22,0.2071,"What country does Hatton Hill and Hatton Castle, Angus have in common?",Castle Hill is a plantation near what primary residence of Thomas Jefferson?,all,all,1,1,1,1,1,1,1,1,1,1
5a7e1ad155429965cec5ea66,5ac1b8cd55429963665198fc,0.2071,The first book in the Sprawl Trilogy won what three awards?,"Who won more awards, Brothers Quay or Jake Kasdan?",dense,none,0,0,0,1,1,0,0,0,0,1
5ab978855542996be2020512,5a8091515542996402f6a563,0.2071,"Over how many centuries were the ""dwelling place of the dead"" built?",Were Sound Team and Dead by Sunrise both formed before 2010? ,none,all,0,0,1,0,0,1,0,0,1,0
5adeffa85542992d7e9f926f,5a840e395542992ef85e239d,0.2069,What genre of music was played by both Tappi Tíkarrass and INXS?,Are both The Straight Story and Frozen films of the same genre?,all,all,1,1,1,1,1,1,1,1,1,1
5a8c06bb5542995e66a47530,5a77474855429972597f14e4,0.2069,"Darl Hall and John Oats fifth studio album was released in 1976, which song was the first of their six #1 singles?","Who released their debut album first, Daisy Chainsaw or Generationals?",bm25+hybrid,dense,0,1,0,0,0,1,0,1,0,0
5a8c30f6554299240d9c20d1,5ae454355542996836b02c77,0.2068,Were The Bomb and Rolling Papers released in the same year?,"How many albums have been released by the same band that released the ""Trance"" EP?",dense+hybrid,bm25+hybrid,0,0,1,0,1,0,0,1,1,1
5ae4c5595542990ba0bbb123,5ae5e8c85542996de7b71a69,0.2067,Which lead actor/actress in War Chhod Na Yaar has also acted in Bengali and English-language films?,Name the actor who has acted in the film Arrival and who has been nominated for the Academy Award for Best Supporting Actor for the film `The Town' ?,none,none,1,0,0,1,0,0,1,0,0,1
5ae0850055429945ae959396,5a77253455429972597f1449,0.2067,"Who was older, Andrew Preston or James Taylor?","Who is older, Ivan Foster or Ian Paisley?",dense+hybrid,none,0,0,0,1,1,0,0,1,0,0
5a79ea435542996c55b2dc9e,5ac275f155429921a00aaf82,0.2067,Who was the captain of the only battleship to provide gunfire support during the Vietnam War?,what did the second largest city by population in vietnam also serve as in the first indochina war? ,none,all,0,0,1,0,0,1,0,0,1,0
5ac1a04e5542991316484b63,5ae3fd195542995dadf2428d,0.2065,Are both Jim McBride and Neil Jordan American?,Are Jim Lindberg and Alison Moyet singers of the same nationality?,all,all,1,1,1,1,1,1,1,1,1,1
5a7332935542991f9a20c67d,5a7c68575542996dd594b91c,0.2062,"Which board game was published most recently, Pirate's Cove or Catan?",What was the sequel of the game that e was published by U.S. Gold in 1992?,all,bm25,0,1,1,1,1,0,0,1,0,0
5a734bb65542994cef4bc50f,5abc32cb55429959677d6a40,0.2062,"Fantasy Records is know for recordings of comedian Lenny Bruce, Creedence Clearwater Revival, and what American jazz pianist who composed the music for the animated television adaptations of the ""Peanuts"" comic strip?",What vocalist and pianist was recorded by Modular Recordings?,all,none,0,1,0,0,1,0,0,1,0,0
5a7631cd5542994ccc91870c,5ab7ccf455429928e1fe3910,0.2061,Where is the seminar Jeanne Marie Beaumont directed in 2007-2010 located?,What was the 2010 population of the town where Lake George Avenue Historic District is located?,all,bm25+hybrid,0,1,1,1,1,0,0,1,1,1
5a818387554299260e20a291,5abc3a65554299700f9d782d,0.2058,"Based on a True Story... is an album by which country music star, with the single My Eyes?",Candy Coburn has shared the stage with an American country music group with who playing guitar?,all,dense+hybrid,0,1,0,0,1,1,1,1,1,1
5a74c85055429916b0164218,5a7a5b3a5542996c55b2dd71,0.2057,"Born on 6 March 1937, this man was also a citizen of the United Kingdom.",What building is opposite the ceremonial meeting place of the Accession Council in the United Kingdom?,all,dense,0,1,0,0,1,1,1,1,0,0
5a74122f55429929fddd83da,5a79c7ac5542994bb9457097,0.2056,"What was the lead single from Boys Like Girls album on which frontman, Martin Johnson co-wrote a song with Taylor Swift? A: Love Drunk",How many girls and boys are in the seventeen sibling family featured on Counting On?,bm25+hybrid,all,0,1,1,1,0,1,0,1,1,1
5abbf3845542993f40c73c2e,5ab5cd4f554299488d4d9a31,0.2054,Of which band was the singer who released the record I Get Weak once a member ?,"The producer of the Eric Church album ""The Outsiders"" was a member of what band in the 1980's?",dense,none,0,0,0,1,1,0,0,0,0,1
5a798f8c5542994bb9457023,5ac4f9dc55429924173fb533,0.2052,What city and nation was the location of the 2015 Pacific Games where the Kiribati national basketball team finished with a 0-4 record?, where is the American professional basketball team which Jalen Jones played for based,all,all,1,1,1,1,1,1,1,1,1,1
5a79311755429970f5fffe67,5ae52c0f5542992663a4f12e,0.205,"A Japanese manga series based on a 16 year old high school student Ichitaka Seto, is written and illustrated by someone born in what year?",What major city is the Faith Lutheran Middle School and High School located by?,none,none,1,0,0,1,0,0,1,0,0,1
5ab3306a55429969a97a80fd,5a77121a5542994aec3b71db,0.205,The movies The Boatniks and The Great Locomotive Chase were both made by which production company?," Which 1970's film was released first, Charley and the Angel or The Boatniks?",bm25,all,0,1,1,1,0,1,0,0,1,0
5ab67bd355429954757d32f2,5a88fa9e5542993b751ca8de,0.2049,Curt Menefee is the host of the Fox network's NFL show with co-host Michael Anthony Strahan who spent his entire 15-year career with what team?,What NFL team did the 2017 ESPN College Football Friday Primetime host who played at Oklahoma in college play for?,all,none,0,1,0,0,1,0,0,1,0,0
5a7bbb64554299042af8f7cc,5ae0850055429945ae959396,0.2046,"Who is older, Annie Morton or Terry Richardson?","Who was older, Andrew Preston or James Taylor?",bm25+hybrid,dense+hybrid,0,1,0,0,0,1,0,1,1,1
5a77321355429972597f1493,5a7b66135542997c3ec97145,0.2045,"Which documentary was created first, The Agronomist or American Scary?","Which 2008 American documentary film, Pond Hockey or I.O.U.S.A., delves into fiscal issues?",all,none,0,1,0,0,1,0,0,1,0,0
5a89706055429951533612f9,5ae7ef625542994a481bbe40,0.2045,Scott Sandelin grew up in a town in what Minnesota county?,"What is the name of this suburb within the Central Coast Council local government area, where Tessa, of Microwave Jenny, grew up?",hybrid,none,0,0,0,1,0,0,1,1,0,0
5a8739a05542994775f607ab,5a852cd05542997b5ce3ffb0,0.2042,What is the birthplace of the Senator who represents the first of 62 districts in the State Senate?,The birthplace of George McCall Theal is a port city of what bay?,none,all,0,0,1,0,0,1,0,0,1,0
5ae1465855429920d5234373,5ac4f9dc55429924173fb533,0.2041,Berk Communication and Marketing Group  best known for representing an American professional baseball pitcher for what team?, where is the American professional basketball team which Jalen Jones played for based,hybrid,all,0,0,1,0,0,1,0,1,1,1
5ae3d8415542992f92d8239a,5ab5e8935542997d4ad1f23b,0.204,Southeastern Illinois College offers an undergraduate academic degree considered to be greater level of education than what?,"Who proposed plan in which education in state institutions of Argentina is free at the initial, primary, secondary and tertiary levels and in the undergraduate university level? ",none,all,0,0,1,0,0,1,0,0,1,0
5ae224da554299234fd043ee,5a8cec13554299441c6b9f7d,0.2039,Do the drinks Gibson and Zurracapote both contain gin?,Do the operas Vanessa and Le roi malgré lui contain that same number of acts?,none,all,0,0,1,0,0,1,0,0,1,0
5a7af1a955429931da12c98f,5adbf34955429947ff173862,0.2038,Which Karakoram mountain is higher: Distaghil Sar or The Crown,Is Karjiang a mountain and Sherpi Kangri a mountain peak?,none,all,0,0,1,0,0,1,0,0,1,0
5a77bef05542992a6e59dfaf,5a8d0e4e5542994ba4e3dbbf,0.2037,Dr Jan Schneider ran for United States Congress in Florid but lost twice to which Republican politician?,Which former Republican won the presidential nomination at the 2012 United States Libertarian National Convention? ,none,none,1,0,0,1,0,0,1,0,0,1
5a7cdd6b55429909bec76858,5a80b0565542996402f6a5f0,0.2037,"Which band formed earlier, Edward Sharpe and the Magnetic Zeros or Louis XIV?","Which band was formed first, Lit or Adorable?",none,all,0,0,1,0,0,1,0,0,1,0
5abffc41554299012d1db551,5ab1f13e554299449642c81c,0.2035,"The 1984 film ""Marlene"" is a documentary about an actress born in what year?",The documentary about the first direct challenge to teaching intelligent design first aired on what station?,dense+hybrid,none,0,0,0,1,1,0,0,1,0,0
5ae2120e5542997283cd23ad,5a8d93bf554299068b959d46,0.2034,Are Distortion Mirrors and OK Go both considered rock bands?,Are both Yangzhou and Jiangyan District considered coastal cities?,all,dense,0,1,0,0,1,1,1,1,0,0
5ae057fd55429945ae959328,5a8332815542993344745fe9,0.2034, Robert Smith founded the multinational company headquartered in what city?,Who founded the company that sponsors the CFL game of the week? ,none,none,1,0,0,1,0,0,1,0,0,1
5ab3d69255429969a97a81c9,5ab8869155429916710eb081,0.2032,To which aircraft carrier was the VMF-213 Marine Fighting Squadron assigned to durning World War II?,"Electronic Attack Squadron 138 is a type of which American carrier-based electronic warfare aircraft, a specialized version of the two-seat F/A-18F Super Hornet?",all,all,1,1,1,1,1,1,1,1,1,1
5abffd10554299012d1db556,5ab4f7fc5542991779162d43,0.2029,What Italian region does Slinzega come from?,Kete Krachi is a town in what region?,all,all,1,1,1,1,1,1,1,1,1,1
5ab28019554299722f9b4d51,5ae10df355429920d52342ac,0.2029,What amount was the settlement that the character from the Son of al Quada got in 2017?,Where was the host of Australia's Got Talent born?,dense+hybrid,bm25+hybrid,0,0,1,0,1,0,0,1,1,1
5abdf12255429976d4830a2f,5ae7c5ef5542993210983f44,0.2028,The Album Against the Wind was the 11th Album of a Rock singer Robert C Seger born may 6 1945. What was the Rock singers stage name ?,Which North Central town in Florida is home to the punk rock band Against Me!?,all,all,1,1,1,1,1,1,1,1,1,1
5a8eea4a5542990e94052bb7,5ae7d0675542994a481bbdf2,0.2027,When was the Western Germanic language spoken from which the small settlement situated on the river Leda opposite Leer derives its name?,What language was spoken by the Native American people whose principal town was Anhaica?,dense+hybrid,none,0,0,0,1,1,0,0,1,0,0
5ac1c9a15542994ab5c67e1c,5a80522b5542996402f6a4c1,0.2025,What is the population of the city in which the first edition of the South American Youth Olympic Games were held?,What population ranking is the Oklahoma city located south of a wilderness area spanning over 5000 acres?,none,none,1,0,0,1,0,0,1,0,0,1
5abdb8ba5542993f32c2a015,5abd09585542996e802b469b,0.2023,Maggie May is a musical based on a folk song about a prostitute who robbed whom?,What year did the musical premiere that was based on the 2007 Irish romantic musical film of the same name?,all,none,0,1,0,0,1,0,0,1,0,0
5adf0ae45542992d7e9f9286,5ac3e0ab554299204fd21eae,0.2022,"Where was the film set in which the daughter of Shashi Kapoor, along side Sarat Pujari and Navni Parihar, set?",What drummer stared along side a former president of the screen actors guild in a 2005 film?,none,none,1,0,0,1,0,0,1,0,0,1
5adf69055542995534e8c7a4,5ac26eed55429951e9e685bf,0.2021,Which part of Scotland is this institute found where Alice König is a lecturer in Latin and Classical Studies?,where is the  a county where  Purcell can be found located ,all,bm25+hybrid,0,1,1,1,1,0,0,1,1,1
5adf4a275542993a75d26498,5a898872554299669944a540,0.2021,"The man, who the award in which ""Summer of the Monkeys"" won, was a spokesman for white sector of America?",What was the name of Kalyanji Virji Shah's brother who won the Filmfare Award for Best Music Director?,all,all,1,1,1,1,1,1,1,1,1,1
5ab341f755429969a97a8114,5ab322b1554299194fa93570,0.2021,"The song ""Chim Chim Cher-ee"" can be heard  in the ""Mary Poppins"" scene of a Disney ride that debuted in what year?","Which type of character is featured by the P.L. Travers's third book and last novel in the ""Mary Poppins"" series?",bm25,all,0,1,1,1,0,1,0,0,1,0
5a86ebac55429960ec39b6d6,5a8f47a55542997ba9cb3219,0.202,"Handi-Snacks are a snack food product line sold by what American multinational confectionery, food, and beverage company that is based in Illinois?",Which brand of canned cooked meat by Hormel Foods Corporation is used to make a popular snack and lunch food in Hawaii?,all,all,1,1,1,1,1,1,1,1,1,1
5a7e7ed05542991319bc94c2,5a81b43d5542995ce29dcc39,0.2017,"Which magazine is older, Gallery or Dime Magazine?",John Stoltenberg is the managing editor of the magazine that focuses on what?,hybrid,all,0,0,1,0,0,1,0,1,1,1
5ae63dad55429929b0807afe,5ae491155542995ad6573da3,0.2016,"When was the British author who wrote the novel on which ""Here We Go Round the Mulberry Bush"" was based born? ","When was the seven-time World and Olympic medalist on which ""Foxcatcher"" was based born? ",all,bm25,0,1,1,1,1,0,0,1,0,0
5a86399e5542994775f60733,5ae6545f5542991bbc9760c2,0.2015,Jihad: A Story of the Others is a documentary by the director who is of what descent?,Who is the costar of a movie with the star of Scott McCall and was directed by the director of Supernatural?,all,none,0,1,0,0,1,0,0,1,0,0
5ae32b6755429928c4239644,5a90b43455429916514e7523,0.2015,Wendy Ayche was featured in 2016 in an annual production created by Youtube and what other organization?,What town host an annual media finance conference that has featured an Australian-born American media mogul?,all,bm25,0,1,1,1,1,0,0,1,0,0
5ab1e984554299340b525428,5abbdb195542993f40c73bf1,0.2014,which is larger Asante Traditional Buildings or Gulangyu?,"Which is larger, Garajonay National Park or Guadarrama National Park?",all,none,0,1,0,0,1,0,0,1,0,0
5abaf6865542996cc5e49f3c,5ac23f9555429951e9e684db,0.2012,"What role did Thomas Doherty play in sitcom based on the Israeli series ""North Star""?","What role did the actor who played Colonel Sherman T. Potter in ""M*A*S*H"" play in ""Kentucky Jones""",dense+hybrid,bm25+hybrid,0,0,1,0,1,0,0,1,1,1
5ae064985542993d6555eb47,5a80d2c6554299260e20a17c,0.2012,are the documentaries Out of Place and The Mosuo Sisters by the same director ?,British Airways and EasyJet are both based out of where?,all,dense+hybrid,0,1,0,0,1,1,1,1,1,1
5a8f812755429918e830d245,5adcc3ed5542994d58a2f6c4,0.201,"What was Robert M. Fomon's connection to the New York Stock Exchange located at 11 Wall Street, Lower Manhattan, New York City, New York?","What group did Carlene LeFevre and Rich LeFevre form in Brooklyn, New York City?",all,none,0,1,0,0,1,0,0,1,0,0
5ac46cb85542991943173987,5a8530cc5542992a431d1aeb,0.2007,What is the sister city of the city in which Benjamin Abram Bernstein was born?,The university which David R. Marchant was a member of in 1994 is located in what city?,all,dense+hybrid,0,1,0,0,1,1,1,1,1,1
5a8dee2455429917b4a5bce1,5add92885542990dbb2f7e72,0.2007,What other film did the star of 127 Hours act in?,How did the chairman of the Luthuanian Union of Actors discribe the star of the film Redirected?,none,none,1,0,0,1,0,0,1,0,0,1
5a8da81e554299068b959d7e,5a8cec13554299441c6b9f7d,0.2006,"Vanessa Bley is what person who organizes and often finances concerts, plays, or operas, performing a role?",Do the operas Vanessa and Le roi malgré lui contain that same number of acts?,all,all,1,1,1,1,1,1,1,1,1,1
5a713ea95542994082a3e6e4,5a72a9ab5542992359bc315a,0.2003,Alvaro Mexia had a diplomatic mission with which tribe of indigenous people?,Which North American tribe inhabited the banks of the Winnipesaukee River and were also known as the Pawtucket people?,dense,all,0,0,1,0,1,1,1,0,1,0
5a7d2afd5542995f4f402221,5ae0850055429945ae959396,0.2003,"Who is older, Ferdi Taygan or Mahesh Bhupathi?","Who was older, Andrew Preston or James Taylor?",all,dense+hybrid,0,1,0,0,1,1,1,1,1,1
5ab7da6f55429928e1fe3928,5ac38bf355429939154137ba,0.2002,Patrick Kennedy is known for his collections of Irish  folktales from a province situated in which part of Ireland ?,"William McGrath was a loyalist from Northern Ireland, and was known for opposing what? ",none,dense+hybrid,0,0,0,1,0,1,0,0,1,0
5a8babf05542996e8ac8899e,5ae7d0675542994a481bbdf2,0.2001,"Whose native growing land is more south, Beech or Daviesia?",What language was spoken by the Native American people whose principal town was Anhaica?,none,none,1,0,0,1,0,0,1,0,0,1
5ae0a6ea5542993d6555ebe9,5ac09da45542996f0d89cc1d,0.2001,Are Waste Land and Shikashika both types of drinks?,"What is the main flavor of both soft drinks, Solo from Norway, and Sunkist?",dense+hybrid,all,0,0,1,0,1,1,1,1,1,1
5ae4a2b25542995ad6573de0,5a85ae455542997175ce1ff0,0.1998,Red Mountain is a film that centers on an attempt by a group of what group of Civil War rangers?,What is Rachelle Amy Beinart's role in the film that follows a group of rebels on a mission?,all,none,0,1,0,0,1,0,0,1,0,0
5ac2ba4855429921a00ab048,5ac55c135542993e66e82345,0.1997,which Norwegian chess grandmaster was  Espen Agdestein his manager ,Gorgoroth is a band based in which Norwegian county?,dense+hybrid,dense,0,0,0,1,1,1,1,1,0,0
5ab30d1155429976abd1bc3d,5a89a02955429946c8d6e975,0.1997,Who was the leading actor of the Christmas movie that Rebecca Forstadt did background voices for?,"Which was released first, The Climb or Voices of Iraq?",none,all,0,0,1,0,0,1,0,0,1,0
5a8f69b55542997ba9cb324f,5ab701395542991d3222373a,0.1994,"What national historic district is located near a village in the town of Philipstown, New York?",What  unincorporated town along the Amargosa River is near the Sarcobatus Flat?,all,all,1,1,1,1,1,1,1,1,1,1
5abd94525542992ac4f382d2,5ae72b96554299572ea5474e,0.1994,2014 S/S is the debut album of a South Korean boy group that was formed by who?,"Risingson is the first single from what album by Massive Attack, that was the first to be produced by Neil Davidge, along with the group?",all,none,0,1,0,0,1,0,0,1,0,0
5a83a532554299334474606f,5ae7922f5542994a481bbdac,0.1993,Where did Ian Harland study prior to studying at the oldest college at the University of Cambridge?,Where was the university at which  Barrie Ciliberti was a professor located? ,dense+hybrid,all,0,0,1,0,1,1,1,1,1,1
5ab28019554299722f9b4d51,5abce9ca554299114383a193,0.199,What amount was the settlement that the character from the Son of al Quada got in 2017?,What was Terry Owen's son's profession after retiring from football?,dense+hybrid,hybrid,0,0,0,1,1,0,0,1,1,1
5ab25004554299722f9b4cd7,5ae6371155429929b0807af1,0.1988,Were both the Battle of Stones River and the Battle of the Ch'ongch'on River fought in the 19th century?,"Which of the music composed for Operation Amsterdam originated in the middle of the 19th century in Bohemia, now part of the Czech Republic?",all,bm25+hybrid,0,1,1,1,1,0,0,1,1,1
5a7a46605542994f819ef1ad,5a770eb65542994aec3b71d4,0.1988,What year did Roy Rogers and his third wife star in a film directed by Frank McDonald?,What is the name of the 1999 film directed by Roman Polanski and starring his wife Emmanuelle Seigner that was a world-wide success but critically and commercially unsuccessful in North America?,all,none,0,1,0,0,1,0,0,1,0,0
5aba77be55429955dce3ee44,5ac270025542990b17b15390,0.1986,How many degrees and minutes south of the equator are the bone fragments of the extinct Ascension night heron found?,How many venues was in the complex at which Night of Joy was held? ,all,all,1,1,1,1,1,1,1,1,1,1
5ae7fde25542994a481bbe66,5a7331705542991f9a20c67a,0.1986,Which of the people that scored a goal for Arsenal in 2015 FA Cup Final was born on 16 March 1989?,Who was the Goal keeper for Iraq in the 1996 AFC Asian Cup played in the United Arab Emirates?,dense+hybrid,all,0,0,1,0,1,1,1,1,1,1
5a71443f5542994082a3e727,5adbf34955429947ff173862,0.1985,Is Gasherbrum II or Nuptse closest to the tallest mountain in the world?,Is Karjiang a mountain and Sherpi Kangri a mountain peak?,none,all,0,0,1,0,0,1,0,0,1,0
5aba5d2e55429901930fa799,5a8325b35542990548d0b18f,0.1985,"What was the name of a woman from the book titled ""Their Lives: The Women Targeted by the Clinton Machine "" and was also a former white house intern?","Who held the record for the longest service in the Australian Parliament for a woman, and was surpassed by  a former Australian politician who was the 29th Speaker of the House of Representatives?",dense+hybrid,none,0,0,0,1,1,0,0,1,0,0
5ae20e265542994d89d5b325,5a73b2cb55429908901be31a,0.1984,"Who is the psychologist who wrote about the disciple of the person known as the ""Wild Woman of Buttle""?","The members of the von Trapp musical group are related to which woman who wrote ""The Story of the Trapp Family Singers""?",dense+hybrid,bm25,0,0,1,0,1,0,0,1,0,0
5abb30755542996cc5e49fd8,5a7fc70155429969796c1b59,0.1983,Ronald Reagan and George H. W. Bush both held which position in office?,Bobby Godsell held a senior position in which global company that was formed in 2004?,dense,all,0,0,1,0,1,1,1,0,1,0
5adf0cbd5542993a75d263e0,5a7b820c5542997c3ec971d8,0.1981,When was the English-born South Australian brewer whose brewery was amalgamated with W. K. Simms's West End Brewery. born ,The William Ulmer Brewery is located in a neighborhood that is policed by who?,all,none,0,1,0,0,1,0,0,1,0,0
5ababbe9554299232ef4a38a,5a8b544855429950cd6afcae,0.1981,"Which author influenced the animated Easter television special ""The First Easter Rabbit""? ","Which animated film was released first, The Country Bears or The Wild?",none,all,0,0,1,0,0,1,0,0,1,0
5a82112955429926c1cdae25,5ae0c7e755429945ae95944c,0.1981,"WAVN is a Gospel formatted broadcast radio station tied to which city in DeSoto County, Mississippi?",Casey Jr. Splash 'n' Soak Station is an attraction in a city located in which county ?,all,all,1,1,1,1,1,1,1,1,1,1
5ac43d575542997ea680ca39,5adea83b55429975fa854f53,0.1981, Ravi Khote:has included his music in which 2003 Indian drama?,Thirukkalacherry is a village in which Indian town?,none,dense+hybrid,0,0,0,1,0,1,0,0,1,0
5a78daf855429970f5fffdae,5a89a02955429946c8d6e975,0.198,"Which game was released first, Icehouse pieces or Kill Doctor Lucky?","Which was released first, The Climb or Voices of Iraq?",all,all,1,1,1,1,1,1,1,1,1,1
5ae6050f55429929b0807a5e,5a8b4ec155429949d91db53f,0.1977,This singer of A Rather Blustery Day also voiced what hedgehog?,"Flynn Rider is voiced by which American actor and singer born September 29, 1980?",none,all,0,0,1,0,0,1,0,0,1,0
5a8841195542994846c1ce65,5ac0d5cf554299294b219026,0.1976,"Who produced the 1998 British comedy starring the director of the feature film ""Eddie the Eagle""?",An American Werewolf in Paris was a partial sequel to the comedy film starring whom?,dense,all,0,0,1,0,1,1,1,0,1,0
5ae0b60655429945ae959437,5ab7ccf455429928e1fe3910,0.1976,Glaramara is a fell in the English Lake District in Cumbria that stretches from Stonethwaite which is a part of a valley and civil parrish in what Borough?,What was the 2010 population of the town where Lake George Avenue Historic District is located?,all,bm25+hybrid,0,1,1,1,1,0,0,1,1,1
5abcedb355429959677d6b4f,5ac2a23a55429967731025cc,0.1975,"Chris Jones is a semi-professional footballer, who played with what goalkeeper for Derby County when he was with Yorkshire?","Which semi-retired professional wrestler appeared in ""Final Score?""",dense+hybrid,all,0,0,1,0,1,1,1,1,1,1
5ae0006755429925eb1afbd3,5a873ec75542996432c57244,0.1973,"Where is the Bubblegum Alley, that is similar to Gum Wall, located in California?",The structure in Wyoming in which Bořeň is similar to has a summit that is how many feet above sea level?,dense+hybrid,all,0,0,1,0,1,1,1,1,1,1
5ac01bb8554299012d1db5a6,5ab28e2a5542993be8fa9947,0.1972,"Which American character actor who starred on the television series ""Stargate SG-1"" (1997–2007) and appeared in ""Episode 8"" of ""Twin Peaks"" as a guest star?","Who holds the world record for jumping over 6 buses and appeared on the British television series ""The Jump""?",none,dense,0,0,0,1,0,1,0,0,0,1
5ae005b555429942ec259bec,5ab9587d55429970cfb8ea7e,0.1972,"In what year was the novel that Lourenço Mutarelli based ""Nina"" on based first published?",About whose assassination is the French novel HHhH based?,none,dense,0,0,0,1,0,1,0,0,0,1
5a9030ef5542995651fb50e4,5ac1a2f755429964131be258,0.1972,Show Her is a song written by a country music artist who is also a former player of what sport?,"""Big for Your Boots"" is a song by an English grime and hip hop artist whose most  successful song to date is what?",all,bm25+hybrid,0,1,1,1,1,0,0,1,1,1
5a77cb5e55429967ab1052a7,5a8bf6cf5542995e66a47525,0.197,"The voice of Homer Simpson also voices what alien character in the television series ""The Simpsons""?",In what season of the Simpson's does Lisa convert to Buddhism?,all,all,1,1,1,1,1,1,1,1,1,1
5a7bae20554299294a54aa96,5a72a9ac5542991f9a20c55f,0.197,Onika Tanya Maraj is a judge on a television show hosted by whom? ,Which show co-hosted by Hoda Kotb was produced by Brian Balthazar?,none,all,0,0,1,0,0,1,0,0,1,0
5abcf17655429959677d6b5c,5a7c8ae855429935c91b5207,0.1969,Which school with which Gabriela Lemus has been affiliated is a member school of the Thurgood Marshall College Fund?,Which member of The New Russian School was both a doctor and a chemist besides being a composer?,none,dense,0,0,0,1,0,1,0,0,0,1
5a7625e8554299109176e66a,5ae1d0e8554299234fd0430a,0.1968,In which year was the King who made the 1925 Birthday Honours born?,"Which king of Northumbria did The ""Historia"" gives the abbot central place in his election as king",all,all,1,1,1,1,1,1,1,1,1,1
5a9064d05542990a9849360f,5a7e052d5542995f4f40238e,0.1966,"What actor's debut film also starred an actor who received four National Film Awards and eight Filmfare Awards, as well as an Academy Award nomination?",The Joggers are a four-piece band whose lead singer is the son of an American chemist who received the highest what?,none,none,1,0,0,1,0,0,1,0,0,1
5abfb3425542990832d3a1c0,5aba9e545542994dbf019986,0.1966,Andrew Jaspan was the co-founder of what not-for-profit media outlet?,Andrew Stanton co-directed which film which featured greedy grasshoppers?,all,none,0,1,0,0,1,0,0,1,0,0
5ac2bbd0554299218029db09,5a901e5c55429933b8a2047c,0.1966,The author of The Thing of It Is... is what Nationality?,Who is the author of the 1993 production Madge Ryan participated in?,dense,none,0,0,0,1,1,0,0,0,0,1
5ab611cc5542992aa134a411,5a713dcb5542994082a3e6d9,0.1966,What professions did S. Sylvan Simon and Danny Cannon have in common?,What pursuit did both Gevork Minaskanian and George Stambolian have in common?,all,dense+hybrid,0,1,0,0,1,1,1,1,1,1
5abdf1fe55429976d4830a31,5ae3c0cc5542992f92d82369,0.1965,Peter Dhao created a websiteto reflect worldwide views. What was the slogan of the site he created ?,"Peter Marc Jacobson is best known as the co-creator of the popular sitcom ""The Nanny"", which he created and wrote with his then wife an actress born in which year ?",dense,none,0,0,0,1,1,0,0,0,0,1
5ae73c065542991e8301cc18,5a8f0a01554299458435d539,0.1965,"Which Eminem album included vocals from a singer who had an album titled ""Unapologetic""?",Telos was an album by a band who formed in what city?,all,bm25+hybrid,0,1,1,1,1,0,0,1,1,1
5a74684655429929fddd8410,5a8baf775542996e8ac889c8,0.1963,"Which American music star appeared as a guest in a Will & Grace episode called ""Back Up, Dancer""?","Signed with Maybach Music Group in 2011, which artist was featured as a guest in Fire of Zamani?",all,none,0,1,0,0,1,0,0,1,0,0
5a7320565542991f9a20c61d,5a7e37095542995ed0d166d5,0.1961,who is younger Keith Bostic or Jerry Glanville ?,"Which film director is younger, Robert Z. Leonard or Sinclair Hill?",all,all,1,1,1,1,1,1,1,1,1,1
5ae53b545542990ba0bbb23c,5a8209845542990a1d231f1f,0.1958,Where does the hotel and casino located in which Bill Cosby's third album was recorded?,The Peabody Hotel in Memphis (and a sister hotel in Orlando) are named after what residents of the hotel rooftop?,none,all,0,0,1,0,0,1,0,0,1,0
5aba7cfe554299232ef4a2fd,5abd552555429933744ab776,0.1956,The 2017–18 Wigan Athletic F.C. season will be a year in which the team competes in the league cup known as what for sponsorship reasons?,Where will the 2017 Atlantic 10 Men's Basketball Tournament be hosted?,dense+hybrid,none,0,0,0,1,1,0,0,1,0,0
5adfeb0555429942ec259b88,5a84992e5542992a431d1a6d,0.1955,The Detroit mayoral elections of 2009 took place to fill the vacancy created by a politician who was sentenced to what?,Who owns the hotel where the 13th Anniversary Show took place?,none,none,1,0,0,1,0,0,1,0,0,1
5a8c5569554299240d9c2126,5a7a112a5542990783324e2b,0.1955,Are Daryl Hall and Gerry Marsden both musicians?,What kind of musicians are Mark Gaudet and Jan Axel Blomberg?,dense+hybrid,none,0,0,0,1,1,0,0,1,0,0
5a7a3a945542996a35c17147,5a71443f5542994082a3e727,0.1953,One Raffles Place is one of the tallest skyscrapers in the city of Singapore and tallest in the wolrd outside North America until it was succeeded by a Building in city?,Is Gasherbrum II or Nuptse closest to the tallest mountain in the world?,none,none,1,0,0,1,0,0,1,0,0,1
5a877e5d5542993e715abf7d,5ae0d7315542990adbacf678,0.1953,"What screenwriter with credits for ""Evolution"" co-wrote a film starring Nicolas Cage and Téa Leoni?",Which avant-garde Japanese composer studied with John Cage and wrote Music for Electric Metronomes?,bm25,all,0,1,1,1,0,1,0,0,1,0
5a7c6b6655429935c91b519a,5ab7ee895542995dae37e9f6,0.1951,Richford is a town in Franklin County Vermont governed by what kind of body?,What is the happiest town Sarasota county Florida?,none,none,1,0,0,1,0,0,1,0,0,1
5a74ce9655429974ef308c6c,5a7a5b3a5542996c55b2dd71,0.1949,"What retailer in ABQ Uptown is headquarted in Poole, Dorset, United Kingdom?",What building is opposite the ceremonial meeting place of the Accession Council in the United Kingdom?,dense,dense,1,0,0,1,1,1,1,0,0,1
5a8b20335542996c9b8d5fb3,5a84574455429933447460e6,0.1948,What distinction is held by the former NBA player who was a member of the Charlotte Hornets during their 1992-93 season and was head coach for the WNBA team Charlotte Sting?,"In what year was the Golden State NBA player, who was part of the Cavaliers-Warriors rivalry, named NBA Finals Most Valuable Player?",none,none,1,0,0,1,0,0,1,0,0,1
5ab48c325542996a3a969f93,5ae1d0e8554299234fd0430a,0.1947,In which county is the English king Harold Godwinson buried?,"Which king of Northumbria did The ""Historia"" gives the abbot central place in his election as king",none,all,0,0,1,0,0,1,0,0,1,0
5ab5ed505542997d4ad1f255,5a71095e5542994082a3e4f3,0.1946,"Who is Bruce Spizer an expert on, known as the most influential act of the rock era?",What is the name of Bruce Willis's character in Unbreakable?,all,all,1,1,1,1,1,1,1,1,1,1
5ac036b95542992a796deccd,5ae5e8c85542996de7b71a69,0.1945,From where was the award which has Matt James as a winner in 2012 has its name derived? ,Name the actor who has acted in the film Arrival and who has been nominated for the Academy Award for Best Supporting Actor for the film `The Town' ?,all,none,0,1,0,0,1,0,0,1,0,0
5a86769c5542994775f60776,5a8c622a554299240d9c2142,0.1943,Armageddon in Retrospect was written by the author who was best known for what 1969 satire novel?,The Birthday of the World: and Other Stories was written by what fantasy and sci-fi author?,all,dense+hybrid,0,1,0,0,1,1,1,1,1,1
5a8af28555429951533613b5,5ac1c9a15542994ab5c67e1c,0.1943,1956 Night Series Cup games were played at what inner suburb of Melbourne that is 3km south of Melbourne's central business district?,What is the population of the city in which the first edition of the South American Youth Olympic Games were held?,all,none,0,1,0,0,1,0,0,1,0,0
5a7cf29255429909bec768b8,5abef8fd5542990832d3a111,0.1942,The Ingerophrynus gollum is named after a character in a book that sold how many copies?,The evil clown is a subversion of the traditional comic clown character with the modern archetype popularised by a book that follows the experiences of how many children?,dense+hybrid,none,0,0,0,1,1,0,0,1,0,0
5a8b017155429949d91db463,5a8e08d35542995085b37395,0.1942,"Which Nigerian footballer who plays as a forward for Shanghai Greenland Shenhua was one of eleven players to have played in the top divisions in Italy, Spain, England and Germany?",Anna Lewandowska is married to a footballer who plays for what club?,all,all,1,1,1,1,1,1,1,1,1,1
5ae4627d5542991a06ce9a4d,5a7252db5542990c210a4104,0.1939,The author of Sexual Politics attended which British University?,What is the name of the oldest child that attended the Trump campaign-Russian meeting?,none,all,0,0,1,0,0,1,0,0,1,0
5ab25004554299722f9b4cd7,5abe2b0155429976d4830a83,0.1937,Were both the Battle of Stones River and the Battle of the Ch'ongch'on River fought in the 19th century?,"Max Hoffmann along with Hindenburg and Ludendorff, masterminded the devastating defeat of the Russian armies in a battle fought when ?",all,dense+hybrid,0,1,0,0,1,1,1,1,1,1
5ae54eea5542993aec5ec19d,5a724ba25542990c210a40c7,0.1937,"Which band was formed first, Wavves or Social Code?",What is the English translation of the social group which Baran Khan Kudezai was a part of?,dense,dense,1,0,0,1,1,1,1,0,0,1
5ae675245542991bbc9760dc,5a8a1b7a5542992d82986ec0,0.1934,What is the name of the father of Childericus?,"Where did the father of Edward Garrison Walker live when he wrote ""An Appeal to the Coloured Citizens of the World""?",dense+hybrid,none,0,0,0,1,1,0,0,1,0,0
5ab25004554299722f9b4cd7,5aba85335542994dbf01992d,0.1925,Were both the Battle of Stones River and the Battle of the Ch'ongch'on River fought in the 19th century?,Where operation Operation Dragoon and Battle of Cold Harbor fought during to different wars?,all,all,1,1,1,1,1,1,1,1,1,1
5ae2ee5e5542991a06ce990a,5a89f68f5542992e4fca84b6,0.1925,The 1st Virginia Regiment saw action at a battle that led to the departure of what Royal Governor?,"What kind of person of authority does Governor of Sheerness and Stapleton Cotton, 1st Viscount Combermere have in common?",bm25+hybrid,all,0,1,1,1,0,1,0,1,1,1
5a7cf29255429909bec768b8,5abbc96755429931dba1452c,0.1924,The Ingerophrynus gollum is named after a character in a book that sold how many copies?,"How many records had the team sold before performing ""aint thinkin' 'bout you""?",dense+hybrid,none,0,0,0,1,1,0,0,1,0,0
5ae5072e55429960a22e0246,5a84f5195542994c784dda9d,0.1924,"Who is the current drummer of the band who did the song ""What Lovers Do""?",What is the current position held by the Nathan Sharansky's co-author of the book The Case for Democracy?,none,dense,0,0,0,1,0,1,0,0,0,1
5a85df525542994c784ddb9f,5a7c6d98554299683c1c6304,0.1923,What former president of ABC television is a high ranking officer in the same company as Christine Mccarthy?,What ABC television series was inspired by a 2011 film and cast Dominic Cooper as young Howard Stark?,dense+hybrid,all,0,0,1,0,1,1,1,1,1,1
5a8a06c35542992d82986e57,5ab5744e554299494045efdf,0.1923,What was the name of Scottish singer-songwriter James Aaron Diamond's first solo album that debuted in 1985?,The third solo album by David Gates of Bread shares a name with a 1977 film directed by who?,all,bm25,0,1,1,1,1,0,0,1,0,0
5a80b8845542992bc0c4a7de,5a8b5b1c5542995d1e6f1387,0.1923,"In regards to the 2015 animation film based on The True Meaning of Smekday, who produced a song that was sung by a Barbadian?",Are Aladdin and Song of the South produced by the same company?,none,dense+hybrid,0,0,0,1,0,1,0,0,1,0
5abe953b5542993f32c2a170,5adfd22255429906c02daa4f,0.1921,what is one of the stars of  The Newcomers known for,"which actress was a notable practitioner at the white bear theatre and is also known for playing the role of melanie owen in the BBC one soap opera ""eatenders""?",none,all,0,0,1,0,0,1,0,0,1,0
5ae4c49a5542995dadf24400,5a7b73ad5542997c3ec9718c,0.192,"Henry Hall is known for fighting in the Revolutionary War, and for being the first to successfully cultivate this food found in what type of bogs?",1990 Film Lionheart stars this actor who is best known for what type of films?,all,dense+hybrid,0,1,0,0,1,1,1,1,1,1
5abffd10554299012d1db556,5abdaa0f55429965af743dad,0.1918,What Italian region does Slinzega come from?,Which division did people from the division Major General Robert Walker Grow commanded originally come from?,all,bm25+hybrid,0,1,1,1,1,0,0,1,1,1
5add67915542992200553af8,5a81ebee554299676cceb16d,0.1916,What was the nickname of the hitman hired by an Italian American Criminal Organization?,What kind of movie directed by F. Javier gutierrez did an Italian model and actress star in?,dense+hybrid,all,0,0,1,0,1,1,1,1,1,1
5ade190f55429975fa854e40,5ab870ed55429934fafe6db9,0.1914,"The Government of Canada, which is the federal administration of Canada, is involved in what scandal in the province of Quebec?", The Canadian Hot 100 is a music industry record chart in Canada for for a song that is released separately from what?,all,bm25+hybrid,0,1,1,1,1,0,0,1,1,1
5a88f9555542995153361214,5a7ad9865542995eb53be8aa,0.1913,The Jeep Cherokee was originally sold as a variant of a Jeep model produced during what years?,"The ""civic rally cross"" was sold alongside what other model sold exclusively in Japan at Honda Verno dealerships? ",bm25+hybrid,none,0,1,0,0,0,0,1,1,0,0
5adebea1554299728e26c7b6,5adcb4ae5542994734353774,0.1911,Muz-TV was launched before the 24-hour music channel that was operated by what company?,Which channel produced the ninth volume of the tv series that premiered as the same date as RuPaul's first album?,none,all,0,0,1,0,0,1,0,0,1,0
5a7633ff5542994ccc918712,5a8babf05542996e8ac8899e,0.1908,"When was the Chief Aerodynamicist for the British supersonic land vehicle, whose goal is to match or exceed 1000 mph achieving a new world land speed record, born?","Whose native growing land is more south, Beech or Daviesia?",all,none,0,1,0,0,1,0,0,1,0,0
5a8d8eb5554299068b959d3a,5abc7bf75542993a06baf8f0,0.1908,"Which opera has more acts, Parsifal or Manon by Massenet?",Which has more species Laurus or Liriodendron?,all,hybrid,0,1,0,0,1,0,0,1,1,1
5a874ce15542996432c57256,5a77e2095542995d8318131d,0.1908,Where was the person born who was recognized by MIAL and is an American soprano?,Who was person born in Sweden 1964 that founded Hidden City Entertainment in 2004?,none,all,0,0,1,0,0,1,0,0,1,0
5a7332935542991f9a20c67d,5ab1e76c554299449642c800,0.1908,"Which board game was published most recently, Pirate's Cove or Catan?",Which of the three worst hotel fires in modern US History occurred most recently?,all,dense+hybrid,0,1,0,0,1,1,1,1,1,1
5a7cbf8c554299452d57b9f4,5a7555215542996c70cfaee1,0.1907,"Which came out first, Dinosaur or McFarland, USA","Which came to market first, ""Hey Pa! There's a Goat on the Roof"" or ""Poleconomy""",dense+hybrid,all,0,0,1,0,1,1,1,1,1,1
5ae27f555542992decbdcd30,5a8747915542994775f607bb,0.1905,Caste starred what English character actress who was nominated for an Academ Award for her performance in Room at the Top?,"Which three-time Olivier Award winning English actress starred in the 1981 BBC television serial, Sons and Lovers?",dense+hybrid,none,0,0,0,1,1,0,0,1,0,0
5a71166d5542994082a3e576,5ac524e55542994611c8b3d0,0.1904,"Which battle occurred first, the Battle of Manila or the Battle of Guam?",Which number in the Final Fantasy series was created by Hiroyuki Ito and allows the player control of the artificial intelligence of the characters in battle?,all,all,1,1,1,1,1,1,1,1,1,1
5ac0b6b15542996f0d89cc1e,5ac13e195542994ab5c67cc5,0.1903,"What's the name for the character also known as Holger Danske, from medieval French chansons de geste?",One of the actors from the web series Red Bird is also known for what character in the popular television show Seinfeld?,all,none,0,1,0,0,1,0,0,1,0,0
5a7daad55542995f4f4022b7,5a7a68d25542996c55b2dd98,0.1903,What year was the namesake of a small island in the Town of East Hampton born?,How is the namesake of The Mountbatten Institute related to Elizabeth II?,none,all,0,0,1,0,0,1,0,0,1,0
5a74106b55429979e288289e,5a87bada5542994846c1cddc,0.19,Where is the company that Sachin Warrier worked for as a software engineer headquartered? ,In which city are the headquarters of the American research and scientific development company where Ravi Sethi worked as computer scientist located?,dense+hybrid,all,0,0,1,0,1,1,1,1,1,1
5a8361b65542992ef85e22a0,5a874ce15542996432c57256,0.19,Vince Phillips held a junior welterweight title by an organization recognized by what larger Hall of Fame?,Where was the person born who was recognized by MIAL and is an American soprano?,all,none,0,1,0,0,1,0,0,1,0,0
5ab66b63554299110f219a0a,5ab6c5be55429954757d336c,0.19,The Transylvanian Hound and Jack Russell Terrier were originally bred for what activity?,The character Jack from While You Were Sleeping was born in what year?,all,none,0,1,0,0,1,0,0,1,0,0
5ae3205c55429928c423961e,5ac0d5cf554299294b219026,0.1899,Ms. Knope Goes to Washington is the fifth season premiere of an American political comedy television sitcom starring Amy Poehler as who?,An American Werewolf in Paris was a partial sequel to the comedy film starring whom?,all,all,1,1,1,1,1,1,1,1,1,1
5abba584554299642a094afa,5a7b55bc55429927d897bf98,0.1897,How many yards did the nephew of Ivory Lee Brown get during his 2004 true freshman season?,How many assists did the Bosnian football player account for during the 2008–09 VfL Wolfsburg season?,dense+hybrid,none,0,0,0,1,1,0,0,1,0,0
5ae759b25542991e8301cc6b,5ab6c5be55429954757d336c,0.1896,The 2015 Austrian thriller film Jack tells the story of a serial killer who died in what year?,The character Jack from While You Were Sleeping was born in what year?,all,none,0,1,0,0,1,0,0,1,0,0
5a78f59755429970f5fffdf7,5a7ca4485542990527d554f1,0.1896,Mick Carter is the landlord of a public house located at what address?,What was the address of the penitentiary where Jimmy Elliot was sentenced?,none,none,1,0,0,1,0,0,1,0,0,1
5ae1f5a15542997f29b3c1b5,5a72f74a55429901807daf59,0.1896,The actor who appeared on Charlotte's Shorts and Weeds was born in what year?,"Which American comedian born on March 21, 1962, appeared in the movie ""Sleepless in Seattle?""",none,dense,0,0,0,1,0,1,0,0,0,1
5a7b8749554299294a54a9db,5ab639e65542995eadeeff7f,0.1895,"Which author has won more Pulitzer Prizes, Thomas Friedman or Henri Bergson?","Who has won more awards, Dan Schneider or Helen Hunt?",none,none,1,0,0,1,0,0,1,0,0,1
5add405f5542992c1e3a2581,5adc459255429944faac24ad,0.1894,What book provided the foundation for Masters and Johnson's research team?,Which member of the research project conducted by the Creation Research Society and the Institute for Creation Research between 1997 and 2005 was Kevin R. Henke most critical of? ,none,none,1,0,0,1,0,0,1,0,0,1
5ab67bf255429954757d32f5,5a90b1a15542990a984936ab,0.1892,PISCES was developed by the company that is headquartered in what city?,"Before going to the London School of Theology, John Burges spent six years working for a company headquartered in what country?",dense,all,0,0,1,0,1,1,1,0,1,0
5abf63f15542997ec76fd3ea,5ae4a2b25542995ad6573de0,0.1892,Alexander Kerensky was defeated and destroyed by the Bolsheviks in the course of a civil war that ended when ?,Red Mountain is a film that centers on an attempt by a group of what group of Civil War rangers?,dense+hybrid,all,0,0,1,0,1,1,1,1,1,1
5ae6911955429908198fa626,5a86edcc55429960ec39b6da,0.1891,M.F.A. starred the actress known for starring in what E! reality series?,"What actress portrayed Rachel Green on the sitcom ""Friends"" and starred in the movie ""She's Funny That Way""?",none,none,1,0,0,1,0,0,1,0,0,1
5a8324815542990548d0b184,5a7ce50f55429909bec76869,0.1891,Dead but Rising was a song by the Danish band fomed in what city in 2001?,"In what year did the Danish plant ecologist who assisted a Danish chemist, famous for the introduction of the concept of pH die?",all,all,1,1,1,1,1,1,1,1,1,1
5ac5199a5542994611c8b38a,5adeb95d5542992fa25da827,0.189,Can Stenocereus and Pachypodium both include tree like plants?,Are Chlidanthus and Maianthemum both flowering plants?,none,all,0,0,1,0,0,1,0,0,1,0
5ab1e984554299340b525428,5ac45b58554299076e296dad,0.1889,which is larger Asante Traditional Buildings or Gulangyu?,"Which has the larger population, Shanghai or Hanggin Rear Banner?",all,all,1,1,1,1,1,1,1,1,1,1
5a9057795542990a984935f7,5ae7954b554299540e5a5620,0.1887,What kind of game is The Park a spin-off of? ,Who manufactured the scooter upon which the Bajaj Priya was based off of?,none,all,0,0,1,0,0,1,0,0,1,0
5ac038db554299294b218f57,5ae6545f5542991bbc9760c2,0.1887,Which of the movie which has Rich Lee 3-D previsualizations was directed by Francis Lawrence?,Who is the costar of a movie with the star of Scott McCall and was directed by the director of Supernatural?,dense,none,0,0,0,1,1,0,0,0,0,1
5adc8977554299438c868de2,5a8210f355429926c1cdae24,0.1886,What does the goddess associated with the goddess frigg  consists of what tales?,What award did the actor in Tales from the Crypt win?,all,dense,0,1,0,0,1,1,1,1,0,0
5ade51b45542997c77adedf4,5ac1d4ad5542994d76dccef7,0.1886,The Kansas City Wizards have had three home venues in Kansas City in their time.  Which was their first?,"Which of the seven Disney characters who had been given a series of their own, starring in cartoons who opened with their own logo  is a fictional character who first appeared in Disney's ""Pinocchio""?",all,all,1,1,1,1,1,1,1,1,1,1
5a78d01d55429974737f78b3,5a7ce0bc55429909bec76863,0.1886,"The singer known as the ""Ballad Prince"" was on a romantic comedy that aired on what state-run channel from August 11 to September 30, 2010?","Which show which aired on NBC from September 22, 1994, to May 6, 2004, has the fifteenth episode entitled, ""The One with the Girl Who Hits Joey""?",all,all,1,1,1,1,1,1,1,1,1,1
5a7b3f4d5542992d025e67bb,5a738225554299623ed4abc3,0.1886,"Which songwriting duo composed music for ""La La Land"", and created lyrics for ""A Christmas Story: The Musical""? ","Which musical fantasy film is older, Bedknobs and Broomsticks or The Muppet Christmas Carol?",bm25,all,0,1,1,1,0,1,0,0,1,0
5ab2a186554299295394677b,5a8b3fe85542995d1e6f1323,0.1885,"When did the English local newspaper, featuring the sculpture and war memorial in the Forbury gardens, change names?","Who owns an English evening newspaper based in Blackpool, Lancashire?",bm25+hybrid,none,0,1,0,0,0,0,1,1,0,0
5a78db8055429970f5fffdb2,5ae1ba55554299234fd042d9,0.1885,"Flyboys stars which actor who was nominated for an Academy Award for ""127 Hours""?","Where is the academy, for which Joseph D. Stewart was appointed Superintendent, located?",dense+hybrid,all,0,0,1,0,1,1,1,1,1,1
5a7a230e5542996a35c170ee,5a8759395542994775f607e0,0.1883,"What year was the film that starred the composer for ""The Naked Brothers Band""?",Who is older between the brothers that J. Todd Anderson has primarily worked with?,none,dense+hybrid,0,0,0,1,0,1,0,0,1,0
5a79c8fa5542994bb94570a1,5ae250b45542996483e64977,0.1883,"What role did Veda Hlubinka-Cook have in the making of this 1997 video game that takes place on the Orient Express, days before the start of World War I?",What job did Newt Gingrich have prior to producing Nine Days that Changed the World?,none,bm25+hybrid,0,0,1,0,0,0,1,0,1,0
5adfc50355429942ec259b43,5ac270025542990b17b15390,0.1883,Where was the sports complex at which Will Brodie made his debut in the thirty-five point loss against Melbourne located?,How many venues was in the complex at which Night of Joy was held? ,dense+hybrid,all,0,0,1,0,1,1,1,1,1,1
5abd2eab5542992ac4f38210,5adfd22255429906c02daa4f,0.1883,Which suburb is a soap opera featuring a character named Beverly Marshall set in?,"which actress was a notable practitioner at the white bear theatre and is also known for playing the role of melanie owen in the BBC one soap opera ""eatenders""?",all,all,1,1,1,1,1,1,1,1,1,1
5a8038b55542996402f6a485,5a85597c5542997175ce1fba,0.1883,"Jacques Sernas, actor in Fugitive in Trieste, was of what nationality?","What was the nationality of the actor playing a Russian hostage taker in ""Hostage for a Day""?",all,dense,0,1,0,0,1,1,1,1,0,0
5a813b6f55429903bc27b951,5ac25fa955429951e9e6858c,0.1882,What tribe was the Megaoryzomys curioi previously in that Nesoryzomys are also in?,what is the principal activity of the company  which holds that which  Robert Melville previously worked with,none,bm25+hybrid,0,0,1,0,0,0,1,0,1,0
5abb2f245542996cc5e49fd2,5a8ec4875542995a26add508,0.1881,"Thomas Matthew ""Tom"" Chappell co-founded a commpany in 1970 that manufactures what products?",What county was Tom Hewitt born in?,all,none,0,1,0,0,1,0,0,1,0,0
5a8b78775542997f31a41d3d,5a839c8b5542996488c2e479,0.1881,"Chimaja Appawas the younger brother of a general of the Maratha Empire in India, who served as what to the fifth Maratha Chhatrapati Shahu from 1720 until his death?",James Spedding was chiefly known as the editor of the works of an author who served both as Attorney General and as what?,all,all,1,1,1,1,1,1,1,1,1,1
5ae74890554299572ea547af,5ac26b7f55429951e9e685ae,0.188,"Haruki Murakami said that writing ""Dance Dance Dance"" had been a healing act after his unexpected fame following the publication of a novel published in which year ?",who influenced the electronic dance music who  made  Scotch Hausen album,all,all,1,1,1,1,1,1,1,1,1,1
5a7e7ed05542991319bc94c2,5a78f753554299078472776e,0.188,"Which magazine is older, Gallery or Dime Magazine?","Which musician is older, Philip Labonte or Alexi Laiho?",hybrid,all,0,0,1,0,0,1,0,1,1,1
5a70f39c5542994082a3e429,5ae5c8cf554299546bf82f5f,0.1879,What is the name of the independent candidate in Maine's 2010 gubernatorial race who finished ahead of Libby Mitchell?,"Fiske O'Hara was born in what city Knox County, Maine, that had a population of 2,297 as of the 2010 census?",all,hybrid,0,1,0,0,1,0,0,1,1,1
5adf65555542992d7e9f9334,5a81e4e8554299676cceb140,0.1879,Which Kentucky Writers Hall of Fame author has had works published by Dim Gray Bar Press?,In which University is Richard Williams' former assistant a member of the Athletics Hall of Fame?,none,none,1,0,0,1,0,0,1,0,0,1
5add26075542994ed6169c9c,5a8f812755429918e830d245,0.1879,What public radio network in New York has allowed Eric Plakun to dis his psychiatric work?,"What was Robert M. Fomon's connection to the New York Stock Exchange located at 11 Wall Street, Lower Manhattan, New York City, New York?",all,all,1,1,1,1,1,1,1,1,1,1
5ae1f4cb554299234fd0436d,5a8f0a01554299458435d539,0.1877,What is the inhabitant of the city where  122nd SS-Standarte was formed in2014,Telos was an album by a band who formed in what city?,all,bm25+hybrid,0,1,1,1,1,0,0,1,1,1
5ae73acb5542991e8301cc07,5ae2075f5542994d89d5b315,0.1876,D1NZ is a series based on what oversteering technique?,What is Gary Cole's character based on?,all,bm25+hybrid,0,1,1,1,1,0,0,1,1,1
5a7a1b845542990783324e5f,5a77519c55429972597f14fa,0.1875,Where was the only European Cup Final in which Jupp Heynkes played held?,Which one the cast members in the film Only Lovers Left Alive also played in Othello?,hybrid,all,0,0,1,0,0,1,0,1,1,1
5a828c8355429966c78a6a50,5a866e7e554299211dda2b29,0.1874,Kaiser Ventures corporation was founded by an American industrialist who became known as the father of modern American shipbuilding?,"This art gallery is a museum was founded and built by the industrialist and philanthropist who briefly sat as a Liberal MP for Wirral and later, as Lord Leverhulme, in the House of Lords as a what?",hybrid,all,0,0,1,0,0,1,0,1,1,1
5a7a1b165542996c55b2dd10,5a7643675542994ccc918747,0.1874,"Who was born first, Connie Willis or Margaret Landon?",Who was born first D. Ross Lederman or Stefan Ruzowitzky?,dense+hybrid,all,0,0,1,0,1,1,1,1,1,1
5a77309d55429972597f1487,5a7a1b165542996c55b2dd10,0.1874,"Who was born first, José Echegaray y Eizaguirre or P. J. O'Rourke?","Who was born first, Connie Willis or Margaret Landon?",all,dense+hybrid,0,1,0,0,1,1,1,1,1,1
5a76387d554299109176e6ba,5a7a1b165542996c55b2dd10,0.1874,Who was born first Am Rong or Ava DuVernay ?,"Who was born first, Connie Willis or Margaret Landon?",all,dense+hybrid,0,1,0,0,1,1,1,1,1,1
5ae0d4c9554299603e418468,5a760ab65542994ccc918697,0.1873,Roger O. Egeberg was Assistant Secretary for Health and Scientific Affairs during the administration of a president that served during what years?,Alfred Balk served as the secretary of the Committee on the Employment of Minority Groups in the News Media under which United States Vice President?,dense+hybrid,none,0,0,0,1,1,0,0,1,0,0
5ae1e9fd5542997f29b3c1a1,5a8a2d2155429930ff3c0cdc,0.1872,"What is the name of this White House Cheif of Staff, born in 1950, who assumed the role at the same time as Elaine Duke became Secretary of Homeland Security?",House of Many Ways is a young adult fantasy novel set in the same world as a novel that was adapted as an animated film of the same name and nominated for what?,dense,dense,1,0,0,1,1,1,1,0,0,1
5ae1801955429901ffe4aec4,5ac26eed55429951e9e685bf,0.187,Where is the Cocoa Krispies and former Superman sponsor located?,where is the  a county where  Purcell can be found located ,dense,bm25+hybrid,0,0,1,0,1,0,0,0,1,0
5a76f5b155429972597f1400,5a7119f75542994082a3e58e,0.1869,What American composer born in 1937 pioneered minimal music?,"When was the composer of ""Persian Surgery Dervishes"" born?",all,all,1,1,1,1,1,1,1,1,1,1
5a7a0e1e5542990783324e1a,5a7be5bd5542997c3ec972ba,0.1869,Which dog's ancestors include Gordon and Irish Setters: the Manchester Terrier or the Scotch Collie?,"Which dog is considered a giant dog breed, the  Leonberger or the Basset Hound?",all,all,1,1,1,1,1,1,1,1,1,1
5a8cfee555429941ae14df5c,5a77846f5542995d83181187,0.1868,How are elephants connected to Gajabrishta?,Which 50th Congressional District representative was Brent Roger Wilkes connected to in a scandal?,all,all,1,1,1,1,1,1,1,1,1,1
5a87411d5542994846c1cd37,5ae250b45542996483e64977,0.1868,"What job did Jörgen Smit work, where he was working in the world center for the anthroposophical movement?",What job did Newt Gingrich have prior to producing Nine Days that Changed the World?,dense+hybrid,bm25+hybrid,0,0,1,0,1,0,0,1,1,1
5adf85e05542993344016cba,5ae18d615542997283cd2229,0.1866,What football league did John Moncur belong to during his time at Ipswich Town F.C.?,To what sport does the Atomweight class belong?,none,dense+hybrid,0,0,0,1,0,1,0,0,1,0
5ab802085542990e739ec7ca,5abd516a5542992ac4f3825c,0.1865,What is the uppermost age range for the sort of fiction written by Alexander Gordon Smith?,What religion is the composer for India's first science fiction film series?,dense,all,0,0,1,0,1,1,1,0,1,0
5ab72a025542992aa3b8c7b8,5ab930655542991b5579f12a,0.1864,"""A Summer in the Cage"" and ""American Hardcore"" are both what kind of film?",Are both Dziga Vertov and Roger Donaldson are involved in the film industry?,dense+hybrid,dense+hybrid,1,0,0,1,1,1,1,1,1,1
5a7e7ed05542991319bc94c2,5ac199955542994ab5c67d8c,0.186,"Which magazine is older, Gallery or Dime Magazine?",Jullian Allen a Brittish-American Illustrator had some of his Illustration published appear in Queen magazine. In 1970 the magazines name was changed to Harper's and Queen. What is the name of the magazine now ?,hybrid,none,0,0,0,1,0,0,1,1,0,0
5abbf3845542993f40c73c2e,5ab53ad6554299488d4d9917,0.186,Of which band was the singer who released the record I Get Weak once a member ?,"The Ameican Jazz saxophonist nicked named the ""Hawk"", once played with what musician who died in 2009 and once played with Johnny Carson during Carson's residency?",dense,none,0,0,0,1,1,0,0,0,0,1
5adf3ab95542992d7e9f92f3,5a77b5c255429967ab10523c,0.1858, The 2011–12 Houston Rockets season began with the drafting of the player who now plays for what team?,"What player with the nickname ""Cocky"" played in the 1928 Philadelphia Athletics season?",none,none,1,0,0,1,0,0,1,0,0,1
5a8530cc5542992a431d1aeb,5a906c795542990a98493640,0.1856,The university which David R. Marchant was a member of in 1994 is located in what city?,What has David Bowie done in The Lodge?,dense+hybrid,none,0,0,0,1,1,0,0,1,0,0
5a8c7595554299585d9e36b6,5a8325b35542990548d0b18f,0.1855,What government position was held by the woman who portrayed Corliss Archer in the film Kiss and Tell?,"Who held the record for the longest service in the Australian Parliament for a woman, and was surpassed by  a former Australian politician who was the 29th Speaker of the House of Representatives?",dense,none,0,0,0,1,1,0,0,0,0,1
5a7a1b165542996c55b2dd10,5a7e0c045542995f4f4023c5,0.1854,"Who was born first, Connie Willis or Margaret Landon?", Who was born first Doug Liman or Saul Metzstein?,dense+hybrid,all,0,0,1,0,1,1,1,1,1,1
5a7a6ee75542996c55b2ddac,5a7a1b165542996c55b2dd10,0.1854,"Who was born first, Krzysztof Zanussi or Thom Andersen?","Who was born first, Connie Willis or Margaret Landon?",all,dense+hybrid,0,1,0,0,1,1,1,1,1,1
5a75383a5542996c70cfaeb3,5a7a1b165542996c55b2dd10,0.1854,"Who was born first, Ulf Merbold or Mirosław Hermaszewski?","Who was born first, Connie Willis or Margaret Landon?",all,dense+hybrid,0,1,0,0,1,1,1,1,1,1
5ac1795f5542994ab5c67d5f,5a76e88555429972597f13f4,0.1853,Who is known for producing the documentary television series based on the book by science historian James Burke?,Which film starring Patrick Tatten is based on a book written by Steve Lopez?,all,none,0,1,0,0,1,0,0,1,0,0
5a72a0be5542992359bc3143,5a8cd381554299653c1aa12b,0.1852,"This work of literature _______ , known by its Greek title Oedipus Tyrannus was argued by Sigmund Freud to be one of the greatest works of world literature in his 1928 article. ","who had to escape nazis, Sigmund Freud or Evelyn Waugh?",all,none,0,1,0,0,1,0,0,1,0,0
5ae064985542993d6555eb47,5ab576dc5542997d4ad1f13d,0.1852,are the documentaries Out of Place and The Mosuo Sisters by the same director ?,Radha Jayalakshmi and the Priya sisters were both duo's in what music style? ,all,all,1,1,1,1,1,1,1,1,1,1
5a7a46605542994f819ef1ad,5a75092b55429916b0164242,0.185,What year did Roy Rogers and his third wife star in a film directed by Frank McDonald?,What third film in a franchise did Camile Delamarre edit?,all,dense,0,1,0,0,1,1,1,1,0,0
5ae7ed17554299540e5a56a3,5a901f735542990a98493591,0.185,Ernest Foot was the best friend of the fighter pilot who had how many victories?,The third emperor in the Year of the Four Emperors had how many wives? ,hybrid,none,0,0,0,1,0,0,1,1,0,0
5a774e9c55429972597f14f3,5a906c795542990a98493640,0.1848,David Huntsinger has worked with this gospel singer born in the month of July?,What has David Bowie done in The Lodge?,bm25+hybrid,none,0,1,0,0,0,0,1,1,0,0
5a89fb525542993b751ca9d6,5ac270025542990b17b15390,0.1848,Which composer created Night Ferry first performed in 2012 at Symphony Center in Chicago?,How many venues was in the complex at which Night of Joy was held? ,dense+hybrid,all,0,0,1,0,1,1,1,1,1,1
5add10ca5542994ed6169c59,5a8091515542996402f6a563,0.1848,Were Illinois Institute of Technology and Boise State University both bounded before 1950?,Were Sound Team and Dead by Sunrise both formed before 2010? ,none,all,0,0,1,0,0,1,0,0,1,0
5ae005b555429942ec259bec,5ade811e5542992fa25da7a0,0.1846,"In what year was the novel that Lourenço Mutarelli based ""Nina"" on based first published?","Marvel Classics Comics specialized in adaptations of literary classics, such as a novel by American writer Herman Melville, that was published in what year?",none,all,0,0,1,0,0,1,0,0,1,0
5a7a954855429941d65f26cd,5ab3b2c4554299233954ff8a,0.1845,"What album did John Lennon release before the one that contained the song ""How?""",Chapter 27 is a 2007 film depicting the murder of John Lennon by someone who remained at the crime scene after the murder reading what novel?,none,all,0,0,1,0,0,1,0,0,1,0
5abb30755542996cc5e49fd8,5ae2c696554299495565db32,0.1844,Ronald Reagan and George H. W. Bush both held which position in office?,"What political office was held by two successive occupants of the same castle located in Lauderdale, Scotland?",dense,none,0,0,0,1,1,0,0,0,0,1
5ab3af70554299233954ff81,5a8fc0065542997ba9cb3318,0.1843,Angelo Francesco Lavignino scored a 1965 English-language Spanish-Swiss co-produced film that was directed by and also starred who?,Me and You and Everyone We Know was directed by an artist who also directed what 2011 film?,dense+hybrid,all,0,0,1,0,1,1,1,1,1,1
5ab98608554299131ca42362,5ab85e9e55429934fafe6d8b,0.1842,Where does the story take place in 1988 film The Moderns?,"What is the founding year of this public research university in the Netherlands, where Jan Borgman was a professor from 1968 to 1988?",none,dense+hybrid,0,0,0,1,0,1,0,0,1,0
5adbe1c5554299438c868cc4,5ac397fe554299218029dbe2,0.184,Was 9/11: Press for Truth released prior to Chasing Coral?,"Prior to playing for Michigan State, Keith Nichol played football for a school located in what city?",dense,none,0,0,0,1,1,0,0,0,0,1
5a7b3f4d5542992d025e67bb,5a7ec95b55429934daa2fc67,0.184,"Which songwriting duo composed music for ""La La Land"", and created lyrics for ""A Christmas Story: The Musical""? ",Were Gregory La Cava and Mike Judge both actors? ,bm25,all,0,1,1,1,0,1,0,0,1,0
5a90605d5542995651fb514d,5ab7f6d35542993667794070,0.184,What are the names of the members of the Detroit-based hip hop duo who has worked with Jason Gilbert?,"What is the name of the Australian specialist electronic music magazine that features avant-rock, experimental sound art, and experimental hip hop?",dense,all,0,0,1,0,1,1,1,0,1,0
5adddccd5542997dc7907069,5ae383e15542992f92d822fb,0.1839,"Aside from the Apple Remote, what other device can control the program Apple Remote was originally designed to interact with?","Which film is newer, The Apple Dumpling Gang or Heavyweights?",none,all,0,0,1,0,0,1,0,0,1,0
5a9030ef5542995651fb50e4,5ade858a55429975fa854eea,0.1839,Show Her is a song written by a country music artist who is also a former player of what sport?,What sport is played by both Justin Gimelstob and Angelique Kerber?,all,all,1,1,1,1,1,1,1,1,1,1
5a8f4c8d554299458435d5a3,5ab3c05d55429969a97a81aa,0.1838,Scott Parkin has been a vocal critic of Exxonmobil and another corporation that has operations in how many countries ?,How many times has the author of Negotiating with the Dead been shortlisted for the Booker Prize ?,all,all,1,1,1,1,1,1,1,1,1,1
5ae60db1554299546bf83041,5ae7922f5542994a481bbdac,0.1837,The Luther seal was designed for the professor of theology of what nationalty at the behest of John Frederick of Saxony?,Where was the university at which  Barrie Ciliberti was a professor located? ,all,all,1,1,1,1,1,1,1,1,1,1
5a7166395542994082a3e814,5ab5dc44554299494045f089,0.1837,"What is the name of the fight song of the university whose main campus is in Lawrence, Kansas and whose branch campuses are in the Kansas City metropolitan area?",What created the terrirtories of Kansas and Nebraska and was combated by the The Republican Party?,all,dense+hybrid,0,1,0,0,1,1,1,1,1,1
5ae1f596554299234fd04372,5a866c04554299211dda2b25,0.1836,When did the game which held three times in  in East Asia first held ,Are Pterostyrax and Dregea both native to Asia?,dense+hybrid,all,0,0,1,0,1,1,1,1,1,1
5a790f5e55429970f5fffe40,5a73830d55429908901be2da,0.1833,What date did the movement Hans Knirsch was an activist for officially gain traction?,"What actress starred in ""The Golden Girls"" and was an animal rights activist?",dense+hybrid,all,0,0,1,0,1,1,1,1,1,1
5ab7c1a955429928e1fe38c8,5a7d158155429909bec76947,0.1832,The youngest daughter of Lady Mary-Gaye Curzon stars with Douglas Smith and Lucien Laviscount  in what 2017 film?,"The star of ""Lady in a Cage"" was born in what year?",dense+hybrid,dense,0,0,0,1,1,1,1,1,0,0
5a88fc4255429938390d4019,5abb11c15542992ccd8e7ef8,0.183,On what date will the comedy film directed by Kevin Tent and starring the Bulgarian-Canadian actress known for portraying the role of Mia Jones be released on video on demand services?,Selena Quintanilla-Pérez's assistant and head of her fan club will be eligible for parole on what date?,none,all,0,0,1,0,0,1,0,0,1,0
5a74f7f15542993748c89765,5a7faa215542995d8a8ddee8,0.1827,When was the father of Princess Mafalda of Savoy born ?,Who is the mother of the princess who opened Middleton Grange Shopping Centre in 1970?,dense,all,0,0,1,0,1,1,1,0,1,0
5a85fb085542994775f606de,5a83d0845542996488c2e4e6,0.1824,What is the name of the executive producer of the film that has a score composed by Jerry Goldsmith?,World for Ransom was directed by the producer notable for which 1974 film?,none,none,1,0,0,1,0,0,1,0,0,1
5ae057fd55429945ae959328,5ab38cdd5542992ade7c6de2,0.1822, Robert Smith founded the multinational company headquartered in what city?,Liverpool nurse Mimi Smith was the aunt and guardian of which one of the city's most famous sons?,none,all,0,0,1,0,0,1,0,0,1,0
5a7e37095542995ed0d166d5,5a76a0005542993569682c64,0.182,"Which film director is younger, Robert Z. Leonard or Sinclair Hill?","Which American film director is an advisor for Disney, Rick Ray or John Lasseter?",all,bm25+hybrid,0,1,1,1,1,0,0,1,1,1
5ade42b55542992fa25da717,5a905d085542995651fb5147,0.1819,How many novels are there in the series of novels of which Shadows in Flight is the tenth novel ?,How many variants are there of the military transport aircraft that the Mercedes-Benz Zetros truck was designed to be compatible with?,none,none,1,0,0,1,0,0,1,0,0,1
5ac51a055542994611c8b390,5abe953b5542993f32c2a170,0.1819,What is the name of one the ex-security officials that means The Institute?,what is one of the stars of  The Newcomers known for,dense+hybrid,none,0,0,0,1,1,0,0,1,0,0
5ac156d05542994ab5c67ce9,5a8b5b1c5542995d1e6f1387,0.1818,Was Cars 2 released by the same company which used songs written by Lin-Manuel Miranda in another of its movies?,Are Aladdin and Song of the South produced by the same company?,none,dense+hybrid,0,0,0,1,0,1,0,0,1,0
5a8574945542997b5ce3fffb,5a77121a5542994aec3b71db,0.1818,"Which film was Oscar nominated, LaLee's Kin: The Legacy of Cotton or Gimme Shelter, the 1970 Rolling Stones documentary?"," Which 1970's film was released first, Charley and the Angel or The Boatniks?",none,all,0,0,1,0,0,1,0,0,1,0
5a9030ef5542995651fb50e4,5ae16b925542997b2ef7d1e7,0.1817,Show Her is a song written by a country music artist who is also a former player of what sport?,What is the hometown of Duck Down Music artist and complex rapper Pharaohe Monch?,all,none,0,1,0,0,1,0,0,1,0,0
5ae3fd2c5542995dadf2428f,5a7ec95b55429934daa2fc67,0.1817,Are Ian Brown and Dee Snider both actors?,Were Gregory La Cava and Mike Judge both actors? ,dense+hybrid,all,0,0,1,0,1,1,1,1,1,1
5a80ae105542992bc0c4a7a2,5ab3e577554299233954ffe3,0.1816,What occupation is shared by both Marge Piercy and Richard Aldington?, Jaroslav Seifert and John McGahern were both part of what shared profession? ,all,all,1,1,1,1,1,1,1,1,1,1
5adbda2755429944faac2385,5a72f74a55429901807daf59,0.1814,Which American writer wrote both The Ganymede Takeover (1967) and The Man in the High Castle (1962)?,"Which American comedian born on March 21, 1962, appeared in the movie ""Sleepless in Seattle?""",all,dense,0,1,0,0,1,1,1,1,0,0
5ae0132d55429925eb1afc00,5abb7ea4554299642a094a96,0.1812, The Soul of Buddha is a 1918 American silent romance film shot in a borough  that is the western terminus of what?,When was the earliest film of High School and The Thorn in the Heart shot?,none,none,1,0,0,1,0,0,1,0,0,1
5ab4475c5542996a3a969f6c,5a7dedef5542995f4f40231a,0.1812,"What English stand-up comedian has a style of comedy full of ""stream-of-conscious banter""?","Which English actor, comedian and singer is featured in Chalk and Cheese?",all,all,1,1,1,1,1,1,1,1,1,1
5ab98608554299131ca42362,5ac29cf8554299218029dac2,0.1812,Where does the story take place in 1988 film The Moderns?,"Who is the American actress performed ""Take On The World"" with Sabrina Carpenter?",none,bm25+hybrid,0,0,1,0,0,0,1,0,1,0
5abe7eb05542993f32c2a12c,5a8466a75542993344746108,0.181,When was the date of birth of one of the founder of Congo Reform Association?,What is the name of the so-called reform opera for Vienna that came before the one first performed in Vienna in the presence of Empress Maria Theresa?,none,none,1,0,0,1,0,0,1,0,0,1
5a798f8c5542994bb9457023,5ae7eb3c5542994a481bbe20,0.1808,What city and nation was the location of the 2015 Pacific Games where the Kiribati national basketball team finished with a 0-4 record?,The Panel with striding lion  was one of many that lined the way north of the gate to the inner city of what location?,all,all,1,1,1,1,1,1,1,1,1,1
5ae73d235542991e8301cc29,5a8b5b1c5542995d1e6f1387,0.1806,What production company co-owned by Kevin Loader and Rodger Michell produced My Cousin Rachel?,Are Aladdin and Song of the South produced by the same company?,all,dense+hybrid,0,1,0,0,1,1,1,1,1,1
5abaf3195542996cc5e49f2c,5a8b017155429949d91db463,0.1803,Which country did the Falkland Islands beat in the 2010 Commonwealth games that has eleven administrative divisions?,"Which Nigerian footballer who plays as a forward for Shanghai Greenland Shenhua was one of eleven players to have played in the top divisions in Italy, Spain, England and Germany?",none,all,0,0,1,0,0,1,0,0,1,0
5ab266b5554299340b5254b4,5ae72b96554299572ea5474e,0.1803,The term Moneybomb was coined by Trevor Lyman to describe a massive online donation drive on behalf of a presidential candidate that was the first chairman of what PAC? ,"Risingson is the first single from what album by Massive Attack, that was the first to be produced by Neil Davidge, along with the group?",all,none,0,1,0,0,1,0,0,1,0,0
5a8ac4085542992d82986f74,5a7f3bcd55429930675136c3,0.1802,Who was the film which was Kim Dae-woo's directing debut about ?,"""wild combination"" was a film about a man who was an American cellist, composer, producer and singer, who is he?",dense+hybrid,all,0,0,1,0,1,1,1,1,1,1
5a85eed75542996432c5713b,5ae69e3f5542996d980e7c61,0.1802,Where did the descendants of the group of black Indians associated with the Seminole people settle?,At which university did the notable psychoanalyst associated with the University of Chicago serve most of his career as a professor of psychiatry?,bm25,dense+hybrid,0,1,0,0,0,1,0,0,1,0
5abaf6865542996cc5e49f3c,5a73cad5554299623ed4ac5e,0.1801,"What role did Thomas Doherty play in sitcom based on the Israeli series ""North Star""?",What Dances with the Wolves star had a role in Powwow Highway?,dense+hybrid,none,0,0,0,1,1,0,0,1,0,0
5a8f9b8c5542997ba9cb32e6,5ac170af5542994d76dcce20,0.1801,"Which band is from England, Fireflight or Dirty Pretty Things?","Which of the singers has more things to be known for, Greg Puciato or Syd Barrett?",all,bm25,0,1,1,1,1,0,0,1,0,0
5a774e9c55429972597f14f3,5adc9b7a5542994d58a2f679,0.1801,David Huntsinger has worked with this gospel singer born in the month of July?,Shani Gandi has worked with Kelsea Ballerini in what country?,bm25+hybrid,bm25+hybrid,1,1,1,1,0,0,1,1,1,1
5ae1fa2b5542997f29b3c1df,5a8e69565542990e94052afb,0.1796,"Who collaborated with Rihanna on the album release ""Numb""?","How many Grammy Award nominations has the musician who Graham Maby has recorded and toured with since his first album, and whose first release was ""Is She Really Going Out with Him"", won?",all,none,0,1,0,0,1,0,0,1,0,0
5a8cfee555429941ae14df5c,5abeb0da5542997ec76fd34b,0.1795,How are elephants connected to Gajabrishta?,Were both Monkey Kingdom and Anaganaga O Dheerudu connected with Disney?,all,none,0,1,0,0,1,0,0,1,0,0
5a71717d5542994082a3e834,5a7d147955429909bec76942,0.1794,"What star of ""Attack of the Gryphon"" was also a voice artist in Johnny Bravo?  ","Which star of ""Chalet Girl"" also appeared in ""The Treasure Seekers""?",all,none,0,1,0,0,1,0,0,1,0,0
5ae135fb55429920d523431f,5a75f32055429976ec32bcb7,0.1794,Scott Workman was an American stuntman and actor credited with a successful show on what smaller TV Network?,"This actor born August 26, 1909 stared in the tv show "" The Cowboys "".",dense,dense+hybrid,0,0,0,1,1,1,1,0,1,0
5abffc41554299012d1db551,5a775f615542993735360250,0.1794,"The 1984 film ""Marlene"" is a documentary about an actress born in what year?",Which South Korean film about an affair between an attractive thirty-two-year-old woman and a youth just short of legal majority premiered at the 2005 Sundance Film Festival?,dense+hybrid,all,0,0,1,0,1,1,1,1,1,1
5a85a2845542997175ce1fe1,5a7a651b5542990783324f40,0.1793,Are both Aloinopsis and Eriogonum ice plants?,What writer worked on both The Ice Cream Man and and a 2007 fantasy comedy loosely based on a Donald Henkel poem?,all,dense+hybrid,0,1,0,0,1,1,1,1,1,1
5ab6a2be554299710c8d1f08,5a71166d5542994082a3e576,0.1793,The movies Queen of Blood and Battle Beyond the Sun both contained scenes from what 1959 Soviet feature?,"Which battle occurred first, the Battle of Manila or the Battle of Guam?",bm25+hybrid,all,0,1,1,1,0,1,0,1,1,1
5ae4c49a5542995dadf24400,5a835c9f5542992ef85e228a,0.1791,"Henry Hall is known for fighting in the Revolutionary War, and for being the first to successfully cultivate this food found in what type of bogs?",What army did the namesake of the ship launched as the München in 1930 fight in during the American Revolutionary War?,all,bm25+hybrid,0,1,1,1,1,0,0,1,1,1
5ab47d765542991751b4d78f,5a7caae75542996dd594b971,0.1788,Who designed the hotel that held the IFBB professional bodybuilding competition in September 1991?,"What, known as AAS, is commonly used in bodybuilding?",dense+hybrid,dense,0,0,0,1,1,1,1,1,0,0
5ab4475c5542996a3a969f6c,5a7f924c55429969796c1aba,0.1787,"What English stand-up comedian has a style of comedy full of ""stream-of-conscious banter""?","Which Star of British-Canadian-American satirical comedy, co starting with Ricky Gervais, began his career in sketch comedy series""Full Frontal"" ?",all,none,0,1,0,0,1,0,0,1,0,0
5ac1c6805542994ab5c67e11,5a79c1335542994bb9457066,0.1783,For what type of work is the production company for The Year Without a Santa Claus best known?,Eric Ambler and Carol Shields are both best Known for what profession?,all,dense+hybrid,0,1,0,0,1,1,1,1,1,1
5a7dcc775542990b8f503ab5,5ab8903555429916710eb08e,0.1783,Which component of shellite has the formula (ON)CHOH?,What city is the flying component of the United States Air Force 432d Wing stationed in,none,none,1,0,0,1,0,0,1,0,0,1
5ae520315542993aec5ec152,5a80e4b255429938b6142239,0.1782,"Liz Rose has co-written songs with which artist including ""White Horse"" and ""You Belong with Me""?"," ""Prostitute"" is a song written by Axl Rose and Paul Tobias with additional work by an American guitarist has played in two different bands on a list of what? ",all,none,0,1,0,0,1,0,0,1,0,0
5ae748d1554299572ea547b0,5ac4f9dc55429924173fb533,0.1782,"Marcus Wayne Garland spent nine seasons with an American professional baseball team that is based in Baltimore, Maryland, and was one of the AMerican League's original eight charter franchises when the league was established in what year?", where is the American professional basketball team which Jalen Jones played for based,all,all,1,1,1,1,1,1,1,1,1,1
5a7fd7305542992e7d278dc2,5ae518ae5542993aec5ec13c,0.1782,"What films were the basis for ""Family Guy"" and the character of Peter Griffith? ",Were the documentaries  One Big Hapa Family and A Film Unfinished directed by the same person?,all,all,1,1,1,1,1,1,1,1,1,1
5ab2b8fe5542991669774070,5abbd7985542992ccd8e7fb8,0.1781,Which American car rental company is also a member of the Association of Car Rental Industry Sytems Standards?,"Thor Equities owns properties in Soho, which became known for what type of rental properties?",none,all,0,0,1,0,0,1,0,0,1,0
5ac2659b55429963665199a1,5a7e7c725542991319bc94be,0.1781,"How many laps did Harry Prowell run during the 10,000 metres race at the 1967 Pan American Games?",In what year did Farda Amiga win a race at the Saratoga Race course?,bm25+hybrid,bm25,0,1,1,1,0,0,1,1,0,0
5ae628f55542995703ce8b32,5a7119f75542994082a3e58e,0.178,"In what city was the Italian Baroque composer who composed a set of sonatas, titled Op. 5, born?","When was the composer of ""Persian Surgery Dervishes"" born?",none,all,0,0,1,0,0,1,0,0,1,0
5ae4a3265542995ad6573de5,5a8b770f5542995d1e6f13a7,0.178,"Hayden is a singer-songwriter from Canada, but where does Buck-Tick hail from?","Where is the singer of ""B Boy"" raised?",all,none,0,1,0,0,1,0,0,1,0,0
5a80721b554299485f5985ef,5ab2a186554299295394677b,0.1778,"The Livesey Hal War Memorial commemorates the fallen of which war, that had over 60 million casualties?","When did the English local newspaper, featuring the sculpture and war memorial in the Forbury gardens, change names?",all,bm25+hybrid,0,1,1,1,1,0,0,1,1,1
5a7af4cd55429931da12c9a6,5a7e04b05542995f4f40238a,0.1776,Beena Sarwar is the editor of a peace initiative sponsored by a newpaper based in what city?,Macclesfield Town F.C. plays in the league sponsored by whom?,dense,dense+hybrid,0,0,0,1,1,1,1,0,1,0
5ab7ccf455429928e1fe3910,5a7a88e455429941d65f268c,0.1776,What was the 2010 population of the town where Lake George Avenue Historic District is located?,Where is the historic meeting venue built in a style taught at the Ecole des Beaux-Arts?,bm25+hybrid,dense+hybrid,0,1,0,0,0,1,0,1,1,1
5a7332935542991f9a20c67d,5abbd85a5542993f40c73be1,0.1774,"Which board game was published most recently, Pirate's Cove or Catan?",Who was involved in the arrest of Dread Pirate Roberts?,all,none,0,1,0,0,1,0,0,1,0,0
5ab90fdd55429916710eb0fc,5ae518ae5542993aec5ec13c,0.1773,Wheelock Whitney is just one member of the Whitney Family. Where did this American family originate from?,Were the documentaries  One Big Hapa Family and A Film Unfinished directed by the same person?,all,all,1,1,1,1,1,1,1,1,1,1
5adf3e355542993a75d26440,5ade0fb95542997545bbbe39,0.1772,"How long is the bridge in the Öresund Region that connect Copenhagen, Denmark and Malmo, Sweden?",How long is the river for which Frenchmans Creek is a tributary?,none,dense+hybrid,0,0,0,1,0,1,0,0,1,0
5abbd3ac55429931dba1458b,5ab81cd955429916710eaff7,0.1772,Are both Duke Energy and Affiliated Managers Group based in Massachusetts?,What kind of energy does a plasma weapon produce?,dense+hybrid,dense+hybrid,1,0,0,1,1,1,1,1,1,1
5a74106b55429979e288289e,5ac373195542995ef918c199,0.1772,Where is the company that Sachin Warrier worked for as a software engineer headquartered? ,The Bay Plaza Shopping Center contains a store that headquartered where? ,dense+hybrid,none,0,0,0,1,1,0,0,1,0,0
5adfed45554299603e4183c5,5abeb1925542994516f453f0,0.1771,What was the career that Sidney Lumet and Albert Ward share in common?,Which airline hub does Japan Air Commuter and Japan Airlines share in common?,dense+hybrid,none,0,0,0,1,1,0,0,1,0,0
5a86399e5542994775f60733,5abb76fa5542992ccd8e7f48,0.177,Jihad: A Story of the Others is a documentary by the director who is of what descent?,"Who was the leading female star in ""The Others"" which marked the final film appearance of Renée Asherson in 2001?",all,none,0,1,0,0,1,0,0,1,0,0
5a7d61775542991319bc93b9,5ac52fc35542994611c8b403,0.177,"During Siege of Bharatpur, which Commander-in-Chief of Ireland and Commander-in-Chief of India contributed to the storming of the castle?","Which ""Official Ireland"" group comprises about  78.3% of the population of Ireland? ",none,none,1,0,0,1,0,0,1,0,0,1
5ae0a59a55429945ae9593e2,5abf8ae85542990832d3a14b,0.1769,This Celtic ruler who was born in AD 43 ruled southeastern Britain prior to conquest by which empire?,What empire was Aleksei Gen born into?,all,dense,0,1,0,0,1,1,1,1,0,0
5a8e0a005542995085b373a1,5a8d7a8d55429941ae14dfc2,0.1764,Bordan Tkachuk was the CEO of a company that provides what sort of products?,Which company does Timothy Oulton retail his products through that is based in Corte Madera?,all,bm25+hybrid,0,1,1,1,1,0,0,1,1,1
5a745e1455429929fddd83fd,5ac26eed55429951e9e685bf,0.1762,What drug is among the list of illegal drugs in the Philippines and can be taken by mouth or by injection?,where is the  a county where  Purcell can be found located ,all,bm25+hybrid,0,1,1,1,1,0,0,1,1,1
5adf62d05542992d7e9f932d,5a8add4c5542992d82986fb4,0.1761,Which number-one single is Michael Steele responsible for?,What 1989-born Liverpool player was Jim Cassell responsible for developing?,none,all,0,0,1,0,0,1,0,0,1,0
5ae1f596554299234fd04372,5ac1b1345542994ab5c67dd0,0.1758,When did the game which held three times in  in East Asia first held ,Sinch when has the rank held by Sir Charles Comyn Egertong been the highest in the British Army?  ,dense+hybrid,all,0,0,1,0,1,1,1,1,1,1
5ab5ed505542997d4ad1f255,5ab8634e5542990e739ec8de,0.1758,"Who is Bruce Spizer an expert on, known as the most influential act of the rock era?","In regards to Value premium an expert argued that no value premium exisits, what did this expert found?",all,none,0,1,0,0,1,0,0,1,0,0
5a7a276d5542996c55b2dd27,5ac440385542997ea680ca4e,0.1757,Who was Chamberlain and Colonel of the military staff of The Merrie Monarch?,Carl von Donop was a colonel of which German auxiliaries?,none,all,0,0,1,0,0,1,0,0,1,0
5ab811e95542995dae37ea22,5a8b04df55429950cd6afc49,0.1756,"With whom did this American singer, songwriter and record producer, who contributed to the single ""Marvin Gaye"" with Julie Frost, co-produced and performed the 2015 song for a movie soundtrack?",Pluto was the debut album of this artist who also performed on this live music venue that reopened in March 2015.,bm25+hybrid,dense+hybrid,0,1,0,0,0,1,0,1,1,1
5a77a65b5542992a6e59df57,5adca8375542990d50227cd4,0.1756,"when was the album that includes the song by Dustin Lynch released to country radio on February 17, 2017?","What year was the song that some critics compared to ""Fading"" released? ",none,none,1,0,0,1,0,0,1,0,0,1
5a77c8905542995d831812ce,5ab3b2c4554299233954ff8a,0.1755,Who constructed Auburn the Antebellum mansion and was accused of the Manhattan Well Murder?,Chapter 27 is a 2007 film depicting the murder of John Lennon by someone who remained at the crime scene after the murder reading what novel?,bm25,all,0,1,1,1,0,1,0,0,1,0
5a872e8e5542991e7718170c,5ae0b2f25542993d6555ec1c,0.1754,"Daniel Greene has created what for clients including sportscaster Bryant Gumbel, Eleanor Roosevelt, William Randolph Hearst and Dave Thomas, the founder of Wendy's?",What food does one of Daniel Greene's subjects' restaurant chain specialize in?,none,none,1,0,0,1,0,0,1,0,0,1
5a8f812755429918e830d245,5ac1c18855429964131be279,0.1754,"What was Robert M. Fomon's connection to the New York Stock Exchange located at 11 Wall Street, Lower Manhattan, New York City, New York?","In the CBS television sitcome Double Rush, Johnny Verona, manager of a bicycle delivery service in New York City was played by an actor of what nationality?",all,dense+hybrid,0,1,0,0,1,1,1,1,1,1
5ab859a955429934fafe6d7b,5a84c0765542991dd0999dd9,0.1754,Who is the writer of this song that was inspired by words on a tombstone and was the first track on the box set Back to Mono?,"Who was the main vocal of ""Set the Fire to the Third Bar""?",bm25,dense,0,1,0,0,0,1,0,0,0,1
5a7a27ce5542996c55b2dd28,5abd6a7455429933744ab7c5,0.1753,"What took place first, The Korean War or The Western Allied invasion of Germany?","What German medium tank, sometimes called the ""Mark V"", that was deployed on the Eastern and Western fronts from mid-1943 provided the armor and suspension for the chassis of the tank destroyer built by Nazi Germany during World War II?",all,bm25,0,1,1,1,1,0,0,1,0,0
5a86ebac55429960ec39b6d6,5ae6069c55429929b0807a67,0.1753,"Handi-Snacks are a snack food product line sold by what American multinational confectionery, food, and beverage company that is based in Illinois?",Carlos Salazar Lomelín is the CEO of which Mexican multinational beverage retailer?,all,all,1,1,1,1,1,1,1,1,1,1
5ae73c065542991e8301cc18,5a7bd791554299683c1c62c2,0.1752,"Which Eminem album included vocals from a singer who had an album titled ""Unapologetic""?","Howard Bilerman produced an album for which songwriter from Athens, Georgia?",all,none,0,1,0,0,1,0,0,1,0,0
5a83a2a15542993344746063,5ae3f2d25542995ad6573ccc,0.1752,"In regards to the high school that forced Manchester High School to change its name in 1922, when was its first graduating class?",Firstar Center was the name for two buildings before the company changed its name to match which company based in Minneapolis?,dense+hybrid,all,0,0,1,0,1,1,1,1,1,1
5ae497f15542995ad6573db8,5a90c8165542995651fb51ee,0.1751,What NIFL Premier Intermediate League team did Sean Connor play for?,What uprising did Sean Heuston take part in and executed at Kilmainham Gaol for?,none,dense+hybrid,0,0,0,1,0,1,0,0,1,0
5ab978855542996be2020512,5a8e40f65542995a26add498,0.175,"Over how many centuries were the ""dwelling place of the dead"" built?",This cabin built in 1925 is located in a park encompasses over 1 million acre and includes parts of two what?,none,none,1,0,0,1,0,0,1,0,0,1
5a87bada5542994846c1cddc,5ade881f5542992fa25da7af,0.1749,In which city are the headquarters of the American research and scientific development company where Ravi Sethi worked as computer scientist located?,"Heinrich Scholz was a peer of what English computer scientist, mathematician, logician, cryptanalyst, philosopher and theoretical biologist?",all,all,1,1,1,1,1,1,1,1,1,1
5a7652435542992d0ec060a5,5a7560585542992d0ec05f76,0.1749,"Who was the first Russian composer to make a lasting impression internationally, Alessandro Scarlatti or Pyotr Ilyich Tchaikovsky?",Arbie Orenstein is known as a scholar on the life of what composer internationally regarded as France's greatest living composer? ,dense+hybrid,all,0,0,1,0,1,1,1,1,1,1
5adc9b7a5542994d58a2f679,5ae305355542992decbdcdc2,0.1748,Shani Gandi has worked with Kelsea Ballerini in what country?,What season three X Factor winner has worked with songwriter Ryan Tedder?,bm25+hybrid,none,0,1,0,0,0,0,1,1,0,0
5ae0aaf455429945ae959401,5a721dfd55429971e9dc928b,0.1746,Chris Williams last played for which football club from the National League North?,Which of Kylian Hazard's older brothers plays for the German Bundesliga club Borussia Mönchengladbach and the Belgium national team.,all,all,1,1,1,1,1,1,1,1,1,1
5ae1316555429901ffe4adda,5a8c30f6554299240d9c20d1,0.1745,Were Goo Goo Dolls and Echosmith formed in the same city?,Were The Bomb and Rolling Papers released in the same year?,all,dense+hybrid,0,1,0,0,1,1,1,1,1,1
5ab611cc5542992aa134a411,5a8763475542996e4f3087c0,0.1745,What professions did S. Sylvan Simon and Danny Cannon have in common?,What championship did the person who substituted for Simon Pagenaud secure a contract to drive in 2017?,all,bm25,0,1,1,1,1,0,0,1,0,0
5ab7bbbf55429928e1fe38bf,5ab90fdd55429916710eb0fc,0.1743, William Cammisano was part of which Mafia family?,Wheelock Whitney is just one member of the Whitney Family. Where did this American family originate from?,all,all,1,1,1,1,1,1,1,1,1,1
5a8b04df55429950cd6afc49,5a8555ea5542992a431d1b07,0.1742,Pluto was the debut album of this artist who also performed on this live music venue that reopened in March 2015.,"The movie that was the directorial debut of Jonathan Glazer included the musical piece Lujon. Which other movie that has the letter ""B"" in it also includes this piece?",dense+hybrid,dense+hybrid,1,0,0,1,1,1,1,1,1,1
5abd0d635542992ac4f381b8,5a7cf29255429909bec768b8,0.1741,How many days did it take the Best New Artist of 2009 to sell 2 million copies of an album in the UK and break a twenty year old record?,The Ingerophrynus gollum is named after a character in a book that sold how many copies?,all,dense+hybrid,0,1,0,0,1,1,1,1,1,1
5ade0fb95542997545bbbe39,5ae1388e5542997b2ef7d13a,0.174,How long is the river for which Frenchmans Creek is a tributary?,Double Jeopardy is a 1999 film starring an American political activist best known for an ongoing acting career spanning how long?,dense+hybrid,none,0,0,0,1,1,0,0,1,0,0
5a7f113d55429934daa2fcbe,5a83e98e5542992ef85e2387,0.1738,Which professional baseball player and National 1993 Baseball Hall of Fame inductee is featured in the Greatest Sports Legends anthology? ,"What ethnicity is this American professional baseball right fielder born in 1987 play, who graduated from Nova Southeastern University?",none,none,1,0,0,1,0,0,1,0,0,1
5a79d2fe5542994f819ef0c3,5a79e3925542994bb9457130,0.1737,"Who was born first, Aleksandr Ivanovsky or Arthur Lubin?",Name three best sellers from Arthur Hailey that were released before Donna Tartt was born.,all,dense,0,1,0,0,1,1,1,1,0,0
5ac5101455429924173fb592,5a8a764555429930ff3c0de1,0.1732,What is the name of the number-one single featuring the winner of Celebrity Apprentice 3?,What distinction about his birth makes the contemporary of Bill Pollack unique as a winner of the Formula One World Drivers' Championship?,none,all,0,0,1,0,0,1,0,0,1,0
5a9030ef5542995651fb50e4,5ae351405542994393b9e67f,0.1729,Show Her is a song written by a country music artist who is also a former player of what sport?,Jim Halsey guided the career of the musician who hosted what country variety show?,all,all,1,1,1,1,1,1,1,1,1,1
5a85fa815542996432c57155,5a7c68575542996dd594b91c,0.1727,Where was the movement that August Brancart published literature from centerd?,What was the sequel of the game that e was published by U.S. Gold in 1992?,all,bm25,0,1,1,1,1,0,0,1,0,0
5ae1b1aa5542997283cd223f,5ac4d2cd5542995c82c4ad73,0.1726,What was the other Los Angeles team that the 1999 Clippers top draft pick played for and won two championships with?,What NHL team drafted Kaspars Astasenko in 1999 and won the Stanley Cup in 2003-04?,none,dense,0,0,0,1,0,1,0,0,0,1
5ac23ff0554299636651994d,5a711c535542994082a3e59b,0.1725,"When was Poison's album ""Shut Up, Make Love"" released?",Albanians in Montenegro which make up 4.91 of the county's total population could be members of the Albanian Coalation Perspect which is a what? ,dense+hybrid,dense+hybrid,1,0,0,1,1,1,1,1,1,1
5add11935542994734353827,5ab9aed855429970cfb8eb6d,0.1725,Were the bands Skin Yard and Ostava from the U.S.?,Do the bands named Phoenix and Shearwater specialize in the exact same genre?,all,dense+hybrid,0,1,0,0,1,1,1,1,1,1
5a8eb4d65542990e94052b82,5a8038b55542996402f6a485,0.1724,"Jacques Mathou starred in Delicatessen, the 1991 French movie in the style of which celebrated American animator?","Jacques Sernas, actor in Fugitive in Trieste, was of what nationality?",none,all,0,0,1,0,0,1,0,0,1,0
5ab207f65542993be8fa98b8,5a8887a055429938390d3f72,0.1723,Edmund Robert Harris is the principal benefactor of a museum located where ?,Which reservation is located in Hill and Chouteau and named after the principal leader of the Montana Chippewa-Cree?,all,dense+hybrid,0,1,0,0,1,1,1,1,1,1
5a839c8b5542996488c2e479,5adf24155542992d7e9f92af,0.1723,James Spedding was chiefly known as the editor of the works of an author who served both as Attorney General and as what?,Richard Münch portrayed the German general who served in what capacity during WWII in the 1970 movie Patton?,all,all,1,1,1,1,1,1,1,1,1,1
5a8b57f25542995d1e6f1371,5a78bd9b554299078472774a,0.1721,Were Scott Derrickson and Ed Wood of the same nationality?,What nationality were social anthropologists Alfred Gell and Edmund Leach?,dense+hybrid,all,0,0,1,0,1,1,1,1,1,1
5a7ad9865542995eb53be8aa,5ab94acd554299743d22eac6,0.172,"The ""civic rally cross"" was sold alongside what other model sold exclusively in Japan at Honda Verno dealerships? ",What season did a Spanish rally driver won the 2000 World Rally Championship?,none,bm25+hybrid,0,0,1,0,0,0,1,0,1,0
5a722b8655429971e9dc9329,5a7a455c5542994f819ef1a7,0.172,Who was the writer of These Boots Are Made for Walkin' and who died in 2007?,"Who died first, George Archainbaud or Ralph Murphy?",dense+hybrid,all,0,0,1,0,1,1,1,1,1,1
5ab271fe554299449642c8a6,5ab69e8755429954757d3334,0.1716,Do The Importance of Being Icelandic and The Five Obstructions belong to different film genres ?,"Who is the album ""Look What You Made Me Do"" is on being released through?",all,hybrid,0,1,0,0,1,0,0,1,1,1
5a85ab905542994c784ddb35,5a79f6ca554299029c4b5f90,0.1716,"Two positions were filled in The Voice of Ireland b which British-Irish girl group based in London, England?","What Danish eurodance group had a single called ""Barbie Girl"" which resulted in a lawsuit in 2002?",bm25+hybrid,none,0,1,0,0,0,0,1,1,0,0
5a74c85055429916b0164218,5ac1bff05542994ab5c67dfc,0.1715,"Born on 6 March 1937, this man was also a citizen of the United Kingdom.",Who was the eldest brother of the Mexican drug trafficker born 12 March 1952?,all,none,0,1,0,0,1,0,0,1,0,0
5a726b0f5542997f827839be,5a7a1b165542996c55b2dd10,0.1714,"Who was born first, Samantha Cristoforetti or Jean-Loup Chrétien","Who was born first, Connie Willis or Margaret Landon?",all,dense+hybrid,0,1,0,0,1,1,1,1,1,1
5a7a1b165542996c55b2dd10,5a7e08305542995f4f4023ab,0.1714,"Who was born first, Connie Willis or Margaret Landon?",Who was born first Al-Karaji or Masatoshi Gündüz Ikeda?,dense+hybrid,all,0,0,1,0,1,1,1,1,1,1
5a87ab9b5542996e4f3088c2,5ab25004554299722f9b4cd7,0.1714,"In what century did this Native warrior and chief, whose brother Tenskwatawa led the Tippecanoe order of battle, become the primary leader of a large, multi tribal confederacy?",Were both the Battle of Stones River and the Battle of the Ch'ongch'on River fought in the 19th century?,all,all,1,1,1,1,1,1,1,1,1,1
5abbf698554299114383a0b5,5abd6a7455429933744ab7c5,0.1711,Which British first-generation jet-powered medium bomber was used in the South West Pacific theatre of World War II?,"What German medium tank, sometimes called the ""Mark V"", that was deployed on the Eastern and Western fronts from mid-1943 provided the armor and suspension for the chassis of the tank destroyer built by Nazi Germany during World War II?",all,bm25,0,1,1,1,1,0,0,1,0,0
5adf8fe55542993344016d0f,5a8c5c6f554299653c1aa04d,0.171,"Which fantasy film from 1971 featured the song ""The Age of Not Believing""?","The album ""The Best of LeAnn Rimes"" contained a song used as the theme song for a film. What is the name of the film?",all,hybrid,0,1,0,0,1,0,0,1,1,1
5ae305df5542992decbdcdc3,5a9068a95542990a98493621,0.1708,"At what venue was the January 2, 2012 game featured the University of Louisville team?","on 16 January 1995 ""First Knight"" was being filmed at a studio located how far from Windsor ?",dense+hybrid,all,0,0,1,0,1,1,1,1,1,1
5add4f3a5542997545bbbd2c,5a72125055429971e9dc9241,0.1707,What is another name for the LRA featured in A Brilliant Genocide?,"What is the scientific name of the true creature featured in ""Creature from the Black Lagoon?",dense+hybrid,all,0,0,1,0,1,1,1,1,1,1
5a7ab51055429927d897bef6,5a77c60255429967ab105285,0.1704,What year was the author of Cock and Bull born? ,What theory was advanced by the author of Progress in Optics?,dense+hybrid,dense+hybrid,1,0,0,1,1,1,1,1,1,1
5abe689a55429976d4830b16,5ae249925542994d89d5b3c1,0.1701,Which Grand Slam singles tournament have Francesca Schiavone and Olga Morozova both been finalists in?,Which player Richard Gasquet or Jim Pugh  has won more mixed double Grand Slam titles ?,none,bm25,0,0,1,0,0,0,1,0,0,1
5ab40e1c5542996a3a969f00,5a82817555429954d2e2eb5a,0.1701,"Lawerence Turman had produced a film, with a character named ""Johnny 5"" that had a follow up sequel released in what year?","Which film does ""Naked Weapon"" follow in the ""Naked"" series?",none,all,0,0,1,0,0,1,0,0,1,0
5a83ed9b55429933447460b8,5ab44ab25542991779162c58,0.17,Cistus and Stapelianthus are both forms of what?,What are both Camel Up and Outrage!?,all,none,0,1,0,0,1,0,0,1,0,0
5a8ff6635542995651fb5086,5abc095c5542993f40c73c5d,0.17,Who currently has more store locations? Bearno's or Patxi's Chicago Pizza?,"Which company is based in Kentucky, Vocelli Pizza or Fazoli's?",dense+hybrid,all,0,0,1,0,1,1,1,1,1,1
5adf39ce5542995534e8c76d,5ae7308d5542991e8301cbb8,0.1699,What did Karan Kapoor's maternal grandfather deliver?,Which Roman Emperor was grandfather to the children of Mark Antony?,none,dense,0,0,0,1,0,1,0,0,0,1
5ac3b04f55429939154138b7,5ae663b05542992ae0d16316,0.1696,Which railway is a part of Summerseat and also runs between Heywood and Rawtenstall?,Edithvale railway station is located on a line that is situated in what city?,all,dense+hybrid,0,1,0,0,1,1,1,1,1,1
5ab808ea5542991d3222380e,5ae803915542994a481bbe80,0.1696,"What is the capacity of the Stadium, other than Kauffman Stadium, designed by Charles Deaton ? ",What UAE stadium was the venue for the 2016 Pakistan Super League opening ceremony?,all,dense+hybrid,0,1,0,0,1,1,1,1,1,1
5adfbca255429942ec259b2c,5ab42d5755429942dd415eaf,0.1694,"When did the rock band that sang ""All Join Hands"" rise to prominence? ","""Lost!"" is a song by a British rock band formed in what year?",bm25,all,0,1,1,1,0,1,0,0,1,0
5ab4e3065542990594ba9cb4,5adbe1c5554299438c868cc4,0.1693,Both Truth in Science and Discovery embrace what campaign?,Was 9/11: Press for Truth released prior to Chasing Coral?,all,dense,0,1,0,0,1,1,1,1,0,0
5ab4107a554299753aec5a2f,5ab42b24554299753aec5a43,0.169,The Dogwoman telemovies were created by an actress born in what year?,Operation light house was an experiment by Wernher von Braun and another man born in what year?,all,dense,0,1,0,0,1,1,1,1,0,0
5a79c1335542994bb9457066,5ab4313a554299233955004c,0.1689,Eric Ambler and Carol Shields are both best Known for what profession?,Ælfgifu of Exeter and Ælfgifu of Shaftesbury are both known for being what?,dense+hybrid,all,0,0,1,0,1,1,1,1,1,1
5ae834e95542997ec272776a,5a7ca4485542990527d554f1,0.1689,What song written by Jimmy Webb inspired the name of a supergroup including Johnny Cash?,What was the address of the penitentiary where Jimmy Elliot was sentenced?,dense+hybrid,none,0,0,0,1,1,0,0,1,0,0
5a7574e25542996c70cfaf01,5a7a1b165542996c55b2dd10,0.1688,Who was born first Mahbub ul Haq or Ibn Arabi?,"Who was born first, Connie Willis or Margaret Landon?",dense+hybrid,dense+hybrid,1,0,0,1,1,1,1,1,1,1
5a7625e8554299109176e66a,5abc0bea554299658360040d,0.1682,In which year was the King who made the 1925 Birthday Honours born?, Sir Johnston Forbes-Robertson was considered the finest at playing a character who was the king of which country ?,all,bm25,0,1,1,1,1,0,0,1,0,0
5ab83d595542990e739ec886,5abd6cb955429933744ab7cd,0.1678,The VMAQT-1 logo is a female spirit in Irish mythology who heralds the death of what?,The creature HNoMS Draug is named after comes from what kind of mythology?,all,all,1,1,1,1,1,1,1,1,1,1
5adccd795542990d50227d2c,5a7e1cad55429965cec5ea75,0.1677,In which city is the ambassador of the Rabat-Salé-Kénitra administrative region to China based?,Was Pocahontas made before Born in China?,all,all,1,1,1,1,1,1,1,1,1,1
5ae33c4d5542992f92d82262,5a85df525542994c784ddb9f,0.1677,Robert Suettinger was the national intelligence officer under which former Governor of Arkansas?,What former president of ABC television is a high ranking officer in the same company as Christine Mccarthy?,dense,dense+hybrid,0,0,0,1,1,1,1,0,1,0
5ac4392e5542997ea680ca32,5ab25004554299722f9b4cd7,0.1675,Were Enrique Carreras and Lionel Ngakane both filmakers during the 20th century? ,Were both the Battle of Stones River and the Battle of the Ch'ongch'on River fought in the 19th century?,all,all,1,1,1,1,1,1,1,1,1,1
5ac01bca5542992a796dec8d,5a7a1b165542996c55b2dd10,0.1673,What 2017 Christopher B. Landon directed American slasher film is Jessica Rothe starring in?,"Who was born first, Connie Willis or Margaret Landon?",dense,dense+hybrid,0,0,0,1,1,1,1,0,1,0
5a86fde6554299211dda2b7f,5a8ee6145542990e94052bab,0.1671, Pramod Bhasin was the former CEO of a company that provided what kind of services?,"Who built the diesel railcars operated by the publicly owned corporation that provided suburban train, tram and bus services in Adelaide, South Australia starting in July 1994?",dense+hybrid,bm25,0,0,1,0,1,0,0,1,0,0
5a7332935542991f9a20c67d,5a8c8502554299585d9e36d0,0.167,"Which board game was published most recently, Pirate's Cove or Catan?","Who was appointed to the board of supervisors first, Jeff Sheehy or Ed Lee?",all,none,0,1,0,0,1,0,0,1,0,0
5a8a43eb5542996c9b8d5e82,5a72af155542992359bc316c,0.1668,Which Australian city founded in 1838 contains a boarding school opened by a Prime Minister of Australia and named after a school in London of the same name.,"What movie included Robin Williams along with Joshua Aaron Charles, set in 1959 at a Vermont boarding school?",none,none,1,0,0,1,0,0,1,0,0,1
5ae6f2a7554299572ea5464a,5a79c9c05542994bb94570a5,0.1667,"Which character does this protagonist, who secretly loves and marries a member of the rival house, of William Shakespeare's tragedy that has a fictional character Benvolio slay?","This man who was born on April 25th, 1947, was a member of this lower house of the Hawaii State Legislature.",none,bm25+hybrid,0,0,1,0,0,0,1,0,1,0
5a7dd9445542997cc2c474ac,5a73bcf055429978a71e909c,0.1666,"Which novelist, J. G. Farrell or Louis Aragon, wrote of the political and human consequences of his country's colonial rule?",Which novelist wrote under the pen name Walter Ericson: Laura Esquivel or Howard Fast?,none,all,0,0,1,0,0,1,0,0,1,0
5ab3306a55429969a97a80fd,5adf39d45542992d7e9f92e5,0.1663,The movies The Boatniks and The Great Locomotive Chase were both made by which production company?,"Davy Crockett, King of the Wild Frontier:and Herbie Rides Again were both by which company?",bm25,all,0,1,1,1,0,1,0,0,1,0
5a85fa815542996432c57155,5abd0b685542996583600501,0.1662,Where was the movement that August Brancart published literature from centerd?,Is the school where Aaron Parrett currently teaches English Literature public or private?,all,dense+hybrid,0,1,0,0,1,1,1,1,1,1
5abc8d75554299700f9d7900,5a8af94455429971feec45b6,0.1659,"Since 2 June 2017, The Leader of Fine Gael had been held by which Irish Fine Gael politician who has served as Taoiseach and Minister for Defence?",Jon S. Cardin is the nephew of a senator who has been in office since when ?,bm25+hybrid,all,0,1,1,1,0,1,0,1,1,1
5ab6d09255429954757d337d,5a7f392b55429934daa2fd26,0.1658,The football manager who recruited David Beckham managed Manchester United during what timeframe?,Wim Jonk manages Cruyff Football together with the footballer who is also currently manager of which team?,none,dense+hybrid,0,0,0,1,0,1,0,0,1,0
5abdba405542993f32c2a023,5a75a0725542992d0ec05fc9,0.1658,Orlando Brown is best known for his role as 3J Winslow in an American sitcom that was a spin-off of what?,"Disorganized Crime included what cast member best known for playing Al Bundy on the Fox Network sitcom ""Married... with Children""?",dense,none,0,0,0,1,1,0,0,0,0,1
5a8325b35542990548d0b18f,5ac3d9c9554299204fd21ea3,0.1657,"Who held the record for the longest service in the Australian Parliament for a woman, and was surpassed by  a former Australian politician who was the 29th Speaker of the House of Representatives?",Erica Packer was the second wife of what Australian businessman?,none,all,0,0,1,0,0,1,0,0,1,0
5ae4d3c95542990ba0bbb165,5adf98215542993344016d19,0.1657,In what city can a person find both the Nusretiye Clock Tower and the Eski Imaret Mosque be found?,"In what London botanical garden can you find the fungus described by Elise Maud Wakefield as ""Lepiota""?",none,all,0,0,1,0,0,1,0,0,1,0
5a861fa75542994775f60706,5a8cee9b554299441c6b9f87,0.1656,North American Aviation was the company that created what single-engined training aircraft?,"Haier has North American rights to which appliance company headquartered in Louisville, Kentucky?",dense+hybrid,all,0,0,1,0,1,1,1,1,1,1
5ab6006a554299110f2199b5,5ac170af5542994d76dcce20,0.1655,Which writer and director does Kym Barrett collaborate with?,"Which of the singers has more things to be known for, Greg Puciato or Syd Barrett?",dense,bm25,0,0,1,0,1,0,0,0,0,1
5a86769c5542994775f60776,5a81ca835542990a1d231ebd,0.1653,Armageddon in Retrospect was written by the author who was best known for what 1969 satire novel?,"Who is still with the group that covered ""Leather-Winged Bat"" in 1969?",all,none,0,1,0,0,1,0,0,1,0,0
5a7a1b165542996c55b2dd10,5a78e9d155429970f5fffdcc,0.1653,"Who was born first, Connie Willis or Margaret Landon?",Was Pepper Keenan or Rob Parissi born first?,dense+hybrid,bm25+hybrid,0,0,1,0,1,0,0,1,1,1
5aba77be55429955dce3ee44,5a7a9a2255429941d65f26eb,0.1652,How many degrees and minutes south of the equator are the bone fragments of the extinct Ascension night heron found?,Kang Sung-yeon played Prince Yeonsan in a film that runs for how many minutes ?,all,bm25+hybrid,0,1,1,1,1,0,0,1,1,1
5a7a014a5542996c55b2dccf,5abd6a7455429933744ab7c5,0.1652,"""Kapitän zur See"" Ernst Lindemann was the commander of which one of two battleships built for Nazi Germany's ""Kriegsmarine""?","What German medium tank, sometimes called the ""Mark V"", that was deployed on the Eastern and Western fronts from mid-1943 provided the armor and suspension for the chassis of the tank destroyer built by Nazi Germany during World War II?",dense,bm25,0,0,1,0,1,0,0,0,0,1
5ae0d4c9554299603e418468,5adf34d35542993a75d26425,0.1651,Roger O. Egeberg was Assistant Secretary for Health and Scientific Affairs during the administration of a president that served during what years?,Who was the president of the Sinn Fein political party during the Hume-Adams Dialogue?,dense+hybrid,all,0,0,1,0,1,1,1,1,1,1
5abd09585542996e802b469b,5ae788fa55429952e35ea964,0.1651,What year did the musical premiere that was based on the 2007 Irish romantic musical film of the same name?,The On Tour Forever album gave Blues Traveler the opportunity to display what musical trademark?,none,none,1,0,0,1,0,0,1,0,0,1
5a8979f4554299669944a52e,5ae52c0f5542992663a4f12e,0.1651,What is the middle name of the actress who plays Bobbi Bacha in Suburban Madness?,What major city is the Faith Lutheran Middle School and High School located by?,dense+hybrid,none,0,0,0,1,1,0,0,1,0,0
5a86204d5542994775f60709,5a7faa215542995d8a8ddee8,0.1649,The Extreme Centre: A Warning was a book by the activist who studied at which college?,Who is the mother of the princess who opened Middleton Grange Shopping Centre in 1970?,dense,all,0,0,1,0,1,1,1,0,1,0
5a887bc0554299206df2b2b6,5ab94acd554299743d22eac6,0.1648,The Argentine PGA Championship record holder has won how many tournaments worldwide?,What season did a Spanish rally driver won the 2000 World Rally Championship?,all,bm25+hybrid,0,1,1,1,1,0,0,1,1,1
5a837d9a554299123d8c213e,5a7c6d98554299683c1c6304,0.1648,"Which cast member of Alice Upside Down also stars in the ABC Family/Freeform drama ""Switched at Birth?""",What ABC television series was inspired by a 2011 film and cast Dominic Cooper as young Howard Stark?,none,all,0,0,1,0,0,1,0,0,1,0
5ab28c89554299340b525513,5ac1b1345542994ab5c67dd0,0.1647,What rank was higher than Karl Hermann Frank's rank until April 1942?,Sinch when has the rank held by Sir Charles Comyn Egertong been the highest in the British Army?  ,all,all,1,1,1,1,1,1,1,1,1,1
5ab639e65542995eadeeff7f,5a8a265b5542992d82986ecc,0.1646,"Who has won more awards, Dan Schneider or Helen Hunt?","Between Frederick King Keller and Ian Schneider, which filmmaker had more diverse job experiences?",none,all,0,0,1,0,0,1,0,0,1,0
5a79ea435542996c55b2dc9e,5a8bc03d5542996e8ac88a0b,0.1643,Who was the captain of the only battleship to provide gunfire support during the Vietnam War?,What was the code name of The landing barge primarily used to provide hot meals to the landing crew?,none,dense,0,0,0,1,0,1,0,0,0,1
5adfd2f255429925eb1afaa5,5ae638865542992ae0d1628c,0.1643,A puzzle-platform video game developed by the Valve Corporation is part of what 2012 action-adventure game?,"Who created the 2003 remake of the 1983 overhead view, vehicular combat game developed by Bally Midway?",none,all,0,0,1,0,0,1,0,0,1,0
5a8704f8554299211dda2ba4,5a80522b5542996402f6a4c1,0.1639,What is the name of the Isles who were led by Aonghus Mór and covered a total land area of over 8300 km2?,What population ranking is the Oklahoma city located south of a wilderness area spanning over 5000 acres?,dense,none,0,0,0,1,1,0,0,0,0,1
5a8ef2a75542995a26add583,5add67915542992200553af8,0.1638,Seven Brief Lessons on Physics was written by an Italian physicist that has worked in France since what year?,What was the nickname of the hitman hired by an Italian American Criminal Organization?,all,dense+hybrid,0,1,0,0,1,1,1,1,1,1
5ade15f35542997545bbbe47,5adda7585542997dc790700c,0.1638,Katherine Waterston and Chrisann Brennan has what in common?,Where was the telefilm shot that was based on the 1977 Katherine Paterson book?,all,bm25,0,1,1,1,1,0,0,1,0,0
5a85fb085542994775f606de,5a7625c7554299109176e668,0.1635,What is the name of the executive producer of the film that has a score composed by Jerry Goldsmith?,What podcast was the cheif executive officer of Nerdist Industries a guest on?,none,none,1,0,0,1,0,0,1,0,0,1
5abb2f245542996cc5e49fd2,5ade9545554299728e26c741,0.1635,"Thomas Matthew ""Tom"" Chappell co-founded a commpany in 1970 that manufactures what products?",What is special about the wristwatches that Favre-Leuba manufactures?,all,none,0,1,0,0,1,0,0,1,0,0
5ab47cd75542991751b4d78d,5ac036b95542992a796deccd,0.1634,"In which year did this division, where Cleveland Browns placed fourth in 2009, adopt its current name?",From where was the award which has Matt James as a winner in 2012 has its name derived? ,bm25,all,0,1,1,1,0,1,0,0,1,0
5ae6050f55429929b0807a5e,5ac00f795542996f0d89cb16,0.1634,This singer of A Rather Blustery Day also voiced what hedgehog?,The Disney version of Ebenezer Scrooge was voiced by whom?,none,none,1,0,0,1,0,0,1,0,0,1
5a77d65055429949eeb29f7b,5a7502715542996c70cfae74,0.1634,How many species of Hawaiian hibiscus do not have white flowers?,Which Sudanese-born Australian professional basketball player for the Milwaukee Bucks exemplifies that players do not have to play at least a year in college basketball before being drafted into the NBA?,none,all,0,0,1,0,0,1,0,0,1,0
5a7e37095542995ed0d166d5,5abed6905542990832d3a0ed,0.1633,"Which film director is younger, Robert Z. Leonard or Sinclair Hill?",Leonard Stogel managed which rock singer known for his robe-and-turban outfit?,all,dense,0,1,0,0,1,1,1,1,0,0
5ae1436e55429901ffe4ae31,5ab2b8fe5542991669774070,0.1631,Emmett Brown rides in a sports car that features what type of doors?,Which American car rental company is also a member of the Association of Car Rental Industry Sytems Standards?,none,none,1,0,0,1,0,0,1,0,0,1
5ae5aba0554299546bf82f17,5ac02e31554299294b218f3f,0.163,"Which of Tara Strong major voice role in animated series is an American animated television series based on the DC Comics fictional superhero team, the ""Teen Titans""?",Which post DC Extended Universe actress will also play a role in what is intended to be the fifth installment of the DC Extended Universe?,none,none,1,0,0,1,0,0,1,0,0,1
5ae0aaf455429945ae959401,5a8b4a5f55429949d91db531,0.1629,Chris Williams last played for which football club from the National League North?,"The 2011 La Manga Cup was won by Viking, who beat which Norwegian football club from the town of Kristiansand, currently playing in Tippeligaen having been promoted from Adeccoligaen in 2012?",all,none,0,1,0,0,1,0,0,1,0,0
5ac00f795542996f0d89cb16,5a71214d5542994082a3e5b9,0.1628,The Disney version of Ebenezer Scrooge was voiced by whom?,What production company was founded by George Balanchine to create a live stage version of the 1942 film Casablanca?,none,all,0,0,1,0,0,1,0,0,1,0
5a80721b554299485f5985ef,5ae4c01e55429913cc2044f3,0.1627,"The Livesey Hal War Memorial commemorates the fallen of which war, that had over 60 million casualties?",Which Captain launched the attack which led to more casualties than any other incident in the war fought between the settlers of the nascent colony of New Netherland and the native Lenape population?,all,bm25+hybrid,0,1,1,1,1,0,0,1,1,1
5a887bc0554299206df2b2b6,5ae406245542995dadf242e2,0.1623,The Argentine PGA Championship record holder has won how many tournaments worldwide?,"Marion Greene was a health policy analyst for St. Judt Medical company, which had how many principal operations worldwide?",all,bm25+hybrid,0,1,1,1,1,0,0,1,1,1
5ab7e4dc5542995dae37e9df,5a733c925542991f9a20c6b7,0.1623,"The Polar Bears featuring the voice of Armie Hammer, is also the same voice actor for which character in Cars 3?",The Polar Bear and Daiquiri are both examples of what?,all,dense,0,1,0,0,1,1,1,1,0,0
5adeffa85542992d7e9f926f,5ac4ec9955429924173fb4da,0.1617,What genre of music was played by both Tappi Tíkarrass and INXS?,What genre was the movie that Austin Nichols was in with Kirsten Dunst?,all,none,0,1,0,0,1,0,0,1,0,0
5a8e3ea95542995a26add48d,5ab27389554299722f9b4d2f,0.1617,"The director of the romantic comedy ""Big Stone Gap"" is based in what New York city?","What is the name of the black belt in Brizilian Jiu Jitsu who trains extensively under striking coach Ray Bronx Longo in Garden City, New York?",all,none,0,1,0,0,1,0,0,1,0,0
5a74581555429979e2882912,5abeb1925542994516f453f0,0.1616,"What Japanese Auto Manufacturer headquarted in Minato, Tokyo, Japan did Nissan aquire controlling interest in?",Which airline hub does Japan Air Commuter and Japan Airlines share in common?,dense+hybrid,none,0,0,0,1,1,0,0,1,0,0
5aba14195542994dbf0198a9,5a906c795542990a98493640,0.1616,How many animals does the wall running between the West Gate Lodge and Cardiff Castle depict?,What has David Bowie done in The Lodge?,all,none,0,1,0,0,1,0,0,1,0,0
5a874ce15542996432c57256,5a806cdf5542996402f6a508,0.1615,Where was the person born who was recognized by MIAL and is an American soprano?,An American who is a German literature translator and did a thesis on an Austrian prodigy born in 1874 taught at which university?,none,bm25,0,0,1,0,0,0,1,0,0,1
5ade7a435542997c77adee3a,5ac199955542994ab5c67d8c,0.1611," The name ""Mountbatten-Windsor"" applies to male-line descendants of the Queen without royal styles and titles which is a Eurpean dynasty resulting in what family?",Jullian Allen a Brittish-American Illustrator had some of his Illustration published appear in Queen magazine. In 1970 the magazines name was changed to Harper's and Queen. What is the name of the magazine now ?,all,none,0,1,0,0,1,0,0,1,0,0
5ae1da385542997283cd2297,5ac25fa955429951e9e6858c,0.161,"Which actresses appeared with the mother of Robert Lowery Hanks in the film ""Little Women""?",what is the principal activity of the company  which holds that which  Robert Melville previously worked with,dense+hybrid,bm25+hybrid,0,0,1,0,1,0,0,1,1,1
5ac537975542996feb3fea3c,5ae236da5542994d89d5b397,0.1609,Walt Zeboski photographed which 40th President during his campaign in 1980?,"When was the American actor, film director which  Dana Brunetti is the president of his company born ",dense+hybrid,none,0,0,0,1,1,0,0,1,0,0
5ab4107a554299753aec5a2f,5a7fa08d55429969796c1af7,0.1608,The Dogwoman telemovies were created by an actress born in what year?,"Were the board games, Clans and Drunter und Drüber, both created by Leo Colovini?",all,all,1,1,1,1,1,1,1,1,1,1
5a83880e554299123d8c214e,5a8b99c355429950cd6afd28,0.1607,Suicide's 1977 released album features a song based on what brand's comic character?,The La Senza brand is currently owned by a fashion retailer based in what Ohio city?,all,all,1,1,1,1,1,1,1,1,1,1
5a7b81715542997c3ec971d4,5ab864945542990e739ec8e1,0.1605,"The author of the ""The Dagger and the Coin"" fantasy series was nominated for what award in 2017?",Substorm was described in qualitative terms by a scientist nominated for what seven times?,none,all,0,0,1,0,0,1,0,0,1,0
5ade9c9c5542997c77adee8c,5a7a651b5542990783324f40,0.1605,What screenplay was worked on by both Edward Carfagno and Miklos Rozsa?,What writer worked on both The Ice Cream Man and and a 2007 fantasy comedy loosely based on a Donald Henkel poem?,dense+hybrid,dense+hybrid,1,0,0,1,1,1,1,1,1,1
5abfc8675542993fe9a41e52,5ab7ccf455429928e1fe3910,0.1603,Mawson  is an electoral district that includes the wine regional around which town 35 km south of Adelaide?,What was the 2010 population of the town where Lake George Avenue Historic District is located?,dense,bm25+hybrid,0,0,1,0,1,0,0,0,1,0
5ae5072e55429960a22e0246,5a76cb9b55429966f1a36bf2,0.1601,"Who is the current drummer of the band who did the song ""What Lovers Do""?","After David Stern retired from being commissioner of the NBA, this american lawyer and businessman succeed him and is now the current commissioner who is he?",none,all,0,0,1,0,0,1,0,0,1,0
5a7a455c5542994f819ef1a7,5ae70ed7554299572ea546a1,0.1599,"Who died first, George Archainbaud or Ralph Murphy?","Victor Varnada directed Twisted Fortune, which starred which brother of Eddie Murphy?",all,all,1,1,1,1,1,1,1,1,1,1
5abcf2b4554299700f9d7937,5a8485fa5542992a431d1a41,0.1594,Lorenzo Monaco was influenced by which Italian painter and architect?,"Who was the brother of the architect of Hook and Ladder No. 4 located in Albany, NY?",bm25,all,0,1,1,1,0,1,0,0,1,0
5ac547525542993e66e822a3,5a9064d05542990a9849360f,0.1592,"In 2017, what was 3/4th of the organization that also has a Center for Veterinary Medicine as well as part of the U.S. Department of Health and Human Services, spent on?","What actor's debut film also starred an actor who received four National Film Awards and eight Filmfare Awards, as well as an Academy Award nomination?",none,none,1,0,0,1,0,0,1,0,0,1
5ae0345855429924de1b705f,5a75fa14554299109176e5dc,0.1591,Which company owns the hotel on whose premises the Cotal Arena is located ?,"Which tournament, organised by the Professional Darts Corporation, is planned to finish at the multi-purpose indoor arena located in the centre of The O2 entertainment complex on the Greenwich Peninsula in south-east London?",all,dense+hybrid,0,1,0,0,1,1,1,1,1,1
5ae533535542993aec5ec173,5ab266b5554299340b5254b4,0.1591,Watercliffe Meadow Primary Schools name change is an example of what term generally used to describe the avoidance of certain language?,The term Moneybomb was coined by Trevor Lyman to describe a massive online donation drive on behalf of a presidential candidate that was the first chairman of what PAC? ,dense+hybrid,all,0,0,1,0,1,1,1,1,1,1
5a806cdf5542996402f6a508,5adce36e5542990d50227d55,0.159,An American who is a German literature translator and did a thesis on an Austrian prodigy born in 1874 taught at which university?,Vivian Pinn taught at which college founded in Massachusetts in 1852?,bm25,all,0,1,1,1,0,1,0,0,1,0
5a776ac75542993569682d9b,5a8baf4b5542996e8ac889c5,0.159,"Who was elected more times, Daniel Patrick Moynihan or Dennis Kux?","Which magazine has more issues each month, In These Times or Multinational Monitor?",none,all,0,0,1,0,0,1,0,0,1,0
5a83c56d5542996488c2e4c3,5a75092b55429916b0164242,0.1589,"Which magazine, the British response to magazines such as ""Playboy"" and ""Penthouse"" did horror author Graham Masterton edit?",What third film in a franchise did Camile Delamarre edit?,all,dense,0,1,0,0,1,1,1,1,0,0
5ae32b6755429928c4239644,5adf734b5542995ec70e9016,0.1589,Wendy Ayche was featured in 2016 in an annual production created by Youtube and what other organization?,What show other than Hello Ross did Chelsea Handler appear on in January of 2016,all,bm25+hybrid,0,1,1,1,1,0,0,1,1,1
5a7332935542991f9a20c67d,5a81cb2c5542990a1d231ec4,0.1589,"Which board game was published most recently, Pirate's Cove or Catan?","What award does Crystal Palace F.C. present, first won by John McCormick and most recently by Wilfried Zaha?",all,hybrid,0,1,0,0,1,0,0,1,1,1
5a83e98e5542992ef85e2387,5abf2e605542993fe9a41de4,0.1588,"What ethnicity is this American professional baseball right fielder born in 1987 play, who graduated from Nova Southeastern University?",In between Atsushi Ogata and Ralph Smart who graduated from Harvard College?,none,all,0,0,1,0,0,1,0,0,1,0
5abd01205542992ac4f3819b,5a88e605554299206df2b39c,0.1588,Mummulgum is a stop on the Bruxner Highway before reaching the town on the banks of which river?,What is the population of the town at the intersection of Interstate Highways 77 and  the longest Interstate highway within the borders of Virginia?,all,none,0,1,0,0,1,0,0,1,0,0
5a77309d55429972597f1487,5abb1e1b5542992ccd8e7f19,0.1587,"Who was born first, José Echegaray y Eizaguirre or P. J. O'Rourke?",José Saramago and Ivo Andrić were recipients of what award in Literature?,all,all,1,1,1,1,1,1,1,1,1,1
5a7cf29255429909bec768b8,5ab9547755429970cfb8ea6c,0.1585,The Ingerophrynus gollum is named after a character in a book that sold how many copies?,St Dionis Backchurch was rebuilt after a major conflagration that consumed how many parish churches?,dense+hybrid,bm25+hybrid,0,0,1,0,1,0,0,1,1,1
5ab2a186554299295394677b,5adbf2805542994650320c15,0.1584,"When did the English local newspaper, featuring the sculpture and war memorial in the Forbury gardens, change names?",when does the role William Vere Reeve King-Fane change?,bm25+hybrid,none,0,1,0,0,0,0,1,1,0,0
5ab6aaff55429953192ad35b,5a8b50475542997f31a41cd4,0.1582,What Cayman Islands registered Mandarin and Cantonese-language television broadcaster launched Phoenix Hong Kong Channel on 28 March 2011?,"Wing Chun starred Michelle Yeoh and a Hong Kong actor, martial artist, and film director who won what tournament multiple times?",all,all,1,1,1,1,1,1,1,1,1,1
5ae3dc205542992f92d823a1,5abaee665542992ccd8e7e5f,0.1581,The Column of Saint Zanobi  is a monumental marble column located just north of religious building with the status of what?,"Who is the patron saint of Europe and has a historical religions building in Castres, Languedoc, France named after him?",all,dense,0,1,0,0,1,1,1,1,0,0
5ac2659b55429963665199a1,5ab1eac95542993be8fa987f,0.158,"How many laps did Harry Prowell run during the 10,000 metres race at the 1967 Pan American Games?",How many Senate seats will be contested during the midterm elections that Nancy Soderberg has filed to run for Congress in?,bm25+hybrid,all,0,1,1,1,0,1,0,1,1,1
5abf44025542993fe9a41def,5ae207a65542994d89d5b317,0.1579,which writer has the highest number of skill  Langston Hughes or  Ian McEwan,"In which genus number of species are more, Lavatera or Oplismenus?",dense+hybrid,none,0,0,0,1,1,0,0,1,0,0
5ade6b67554299728e26c71c,5ab9ddaa5542994dbf019873,0.1578,"Michael Pollock was was a senior officer in the United Kingdom's naval warfare force, also known as the what?","Brigadier Stanley James Ledger Hill was attached to the command post of which senior British Army officer born on July 10, 1886?",all,bm25,0,1,1,1,1,0,0,1,0,0
5a848b5c5542997175ce1ef2,5a8da1815542994ba4e3dcd7,0.1578,"What sub-genre of heavy metal describes the band ""It's Alive""?",Naseer & Shahab is a Pakistani band playing a genre that dominated radio in what decade?,dense+hybrid,bm25+hybrid,0,0,1,0,1,0,0,1,1,1
5ae07b0155429945ae95935d,5a8530cc5542992a431d1aeb,0.1575,"Which novelist was German, David Guterson or Thomas Mann?",The university which David R. Marchant was a member of in 1994 is located in what city?,all,dense+hybrid,0,1,0,0,1,1,1,1,1,1
5a8d50fb55429941ae14dfa2,5ab7ccf455429928e1fe3910,0.1575,"The Bodie & Benton Railway was a narrow gauge common carrier railroad in California, from the Mono Mills to a terminus in a ghost town located how many miles away from Lake Tahoe ?",What was the 2010 population of the town where Lake George Avenue Historic District is located?,all,bm25+hybrid,0,1,1,1,1,0,0,1,1,1
5a8d5fc6554299585d9e37c6,5ac5101455429924173fb592,0.1574,"What's the name of the fantasy film starring Sarah Bolger, featuring a New England family who discover magical creatures around their estate?",What is the name of the number-one single featuring the winner of Celebrity Apprentice 3?,dense,none,0,0,0,1,1,0,0,0,0,1
5ae057fd55429945ae959328,5ac240ef55429951e9e684ef,0.1573, Robert Smith founded the multinational company headquartered in what city?,"What year was a joint venture between RLJ Companies and this film studio founded in 2005, founded?",none,all,0,0,1,0,0,1,0,0,1,0
5a81a7f75542995ce29dcc25,5ac51a055542994611c8b390,0.1573,Jin Jing is a Chinese female Paralympic fencer who called for a boycott of what retailer whose name means crossroads and public square in French?,What is the name of one the ex-security officials that means The Institute?,all,dense+hybrid,0,1,0,0,1,1,1,1,1,1
5adf72d35542992d7e9f9369,5ab29956554299194fa9342d,0.1571,Are William Kronick and Jon Turteltaub both television writers ?,The 1989 Batman film was produced by Jon Peters and a man that is the CEO of what company?,dense+hybrid,bm25,0,0,1,0,1,0,0,1,0,0
5ab3b0bf5542992ade7c6e39,5a8f812755429918e830d245,0.1569,What year did Guns N Roses perform a promo for a movie starring Arnold Schwarzenegger as a former New York Police detective?,"What was Robert M. Fomon's connection to the New York Stock Exchange located at 11 Wall Street, Lower Manhattan, New York City, New York?",none,all,0,0,1,0,0,1,0,0,1,0
5ac298f9554299657fa28fc9,5a879ba55542993e715abfc3,0.1567,"Josey Scott and Ian Watkins were both promising musicians. Which of these talented men was incarcerated, impacting his career with a rock band?","Which director had the longest career, Alain Resnais or Scott Sidney?",dense,none,0,0,0,1,1,0,0,0,0,1
5a88a4245542997e5c09a668,5a8b8f5b55429949d91db5e1,0.1565,What company did Roscoe Channing form with the owner of a leading stable of thoroughbred racehorses?,What form of play does Yameen and Activision have in common?,none,dense,0,0,0,1,0,1,0,0,0,1
5adc53f75542996e6852530a,5ab44ab25542991779162c58,0.1562,Are both Cypress and Ajuga genera?,What are both Camel Up and Outrage!?,dense+hybrid,none,0,0,0,1,1,0,0,1,0,0
5ab642845542995eadeeff8e,5ab44ab25542991779162c58,0.1562,Are Broughtonia and Laeliocattleya both orchids?,What are both Camel Up and Outrage!?,all,none,0,1,0,0,1,0,0,1,0,0
5ac1b8ee5542994d76dccedc,5a8d0efd5542994ba4e3dbc6,0.1561,"Which filmmaker was known for animation, Lev Yilmaz or Pamela B. Green?",The competition Lev Oborin won in 1927 is held in what city?,all,all,1,1,1,1,1,1,1,1,1,1
5a8555ea5542992a431d1b07,5ae35e8c5542990afbd1e120,0.1559,"The movie that was the directorial debut of Jonathan Glazer included the musical piece Lujon. Which other movie that has the letter ""B"" in it also includes this piece?",who was the anthropologist who thought that the plaster casts that were discovered by Paul Freeman were a critical piece of evidence?,dense+hybrid,none,0,0,0,1,1,0,0,1,0,0
5ab67bf255429954757d32f5,5a866fed554299211dda2b2e,0.1554,PISCES was developed by the company that is headquartered in what city?,Psycho-physical Awareness was developed into an original and dependable method by a Russian-American actor who was referred to by Konstantin Stanislavski as what?,dense,bm25+hybrid,0,0,1,0,1,0,0,0,1,0
5ab840e255429934fafe6d3b,5ac4ec9955429924173fb4da,0.1553,"Hudson Austin formed a military government with himself as chairman to rule Grenada, after the killing of a Grenadian politician who was the leader of what movement that was an effort in the areas of socio-economic development, education, and black liberation?",What genre was the movie that Austin Nichols was in with Kirsten Dunst?,all,none,0,1,0,0,1,0,0,1,0,0
5a75e33855429976ec32bc74,5adf3ab95542992d7e9f92f3,0.1551,Which team's 2013-2014 season had players including a Slovenian who plays at both the point guard and shooting guard positions?, The 2011–12 Houston Rockets season began with the drafting of the player who now plays for what team?,dense,none,0,0,0,1,1,0,0,0,0,1
5ae0a59a55429945ae9593e2,5ae80919554299540e5a56f6,0.155,This Celtic ruler who was born in AD 43 ruled southeastern Britain prior to conquest by which empire?,Isabella Kelly was born at a ruined castle characterized as one of the most isolated fortifications in Britain by who?,all,dense+hybrid,0,1,0,0,1,1,1,1,1,1
5a7af32e55429931da12c99c,5a8f18d555429918e830d189,0.1549,"The song ""Judgment Night"" was a collaboration between Onyx and the heavy metal band formed in which city?",What city is between Normanby le Wold and the A46 Junction between Lincoln and Grimsby?,dense+hybrid,none,0,0,0,1,1,0,0,1,0,0
5ac532335542994611c8b41c,5ae65c925542992ae0d162f9,0.1549,Howard Van Doren Shaw was the designer of which 1917 Progressive Era community? ,Who was the producer of the 1994 American animated epic musical film which Mel Shaw animated?,none,none,1,0,0,1,0,0,1,0,0,1
5ae2070a5542994d89d5b313,5a879adb5542996e4f30887f,0.1546,"Which performance act has a higher instrument to person ratio, Badly Drawn Boy or Wolf Alice? ",What other political position did the person who introduced the DISCLOSE Act hold?,none,none,1,0,0,1,0,0,1,0,0,1
5a7c9d2e55429935c91b5261,5a83a2a15542993344746063,0.1544,"What legend that lends its name to a modern medical term, inspired the plot of the horror film Ghostkeeper?","In regards to the high school that forced Manchester High School to change its name in 1922, when was its first graduating class?",bm25+hybrid,dense+hybrid,0,1,0,0,0,1,0,1,1,1
5a7a46605542994f819ef1ad,5ab2a8b655429929539467ab,0.1544,What year did Roy Rogers and his third wife star in a film directed by Frank McDonald?,Name a musician that worked with Hiren Roy and Vilayat Khan.,all,dense+hybrid,0,1,0,0,1,1,1,1,1,1
5ae1f596554299234fd04372,5ac3bab155429939154138fb,0.1541,When did the game which held three times in  in East Asia first held ,"The House of Hanover held the British throne until after Victoria's death, when it was past to the dynasty that ruled which duchy?",dense+hybrid,all,0,0,1,0,1,1,1,1,1,1
5ae7eaf65542994a481bbe1d,5ae236da5542994d89d5b397,0.154,When was the  former Indian cricketer who made his ODI debuts during the 2000 ICC KnockOut Trophy born? ,"When was the American actor, film director which  Dana Brunetti is the president of his company born ",all,none,0,1,0,0,1,0,0,1,0,0
5a77a9df55429967ab10521c,5ac270025542990b17b15390,0.1539,What British novelist born in November 1898 wrote Surprised by Joy: The Shape of My Early Life?,How many venues was in the complex at which Night of Joy was held? ,all,all,1,1,1,1,1,1,1,1,1,1
5ab6ff3a5542991d3222372a,5adce36e5542990d50227d55,0.1538,James Fieser received his B.A. from what liberal arts work college that was founded in 1855?,Vivian Pinn taught at which college founded in Massachusetts in 1852?,bm25+hybrid,all,0,1,1,1,0,1,0,1,1,1
5aba7cfe554299232ef4a2fd,5ae5305b5542990ba0bbb1f5,0.1537,The 2017–18 Wigan Athletic F.C. season will be a year in which the team competes in the league cup known as what for sponsorship reasons?,"When would be the professional wrestling video game release in which Mark Henry will appear as ""legend""?",dense+hybrid,none,0,0,0,1,1,0,0,1,0,0
5ab96ab755429970cfb8eacd,5a83aaeb5542996488c2e483,0.1535,"Ellie Goulding worked with what other writers on her third studio album, Delirium?",What studio album did Kanye West record with Roc-A-Fella Records and soul singer Dwele?,none,all,0,0,1,0,0,1,0,0,1,0
5a83411655429966c78a6b5d,5ae3c0cc5542992f92d82369,0.1534,Who created the NBC sitcom that Johnny Pemberton appears in as the character Bo Thompson?,"Peter Marc Jacobson is best known as the co-creator of the popular sitcom ""The Nanny"", which he created and wrote with his then wife an actress born in which year ?",all,none,0,1,0,0,1,0,0,1,0,0
5ab67772554299110f219a12,5a8eb51655429917b4a5bdb5,0.1534,What type of media does J. T. Petty and Outlast have in common?,What type of arts that have existed since ancient times did the Stieber Twins specialize in?,dense+hybrid,none,0,0,0,1,1,0,0,1,0,0
5a7d3470554299452d57bb56,5ae5e1345542996de7b71a50,0.1533,A scam involving a male calling small town fast-food restaurants and pretending to be a police officer to have them strip search employees was turned into a movie of what name?,What fictional character created by Tom Clancy was turned into a film in 2002?,none,all,0,0,1,0,0,1,0,0,1,0
5a85b2d95542997b5ce40028,5a863d2d5542991e771815d2,0.1532,Who was known by his stage name Aladin and helped organizations improve their performance as a consultant?,Which utility holding company did Alfred A. Marcus work as a consultant?,all,none,0,1,0,0,1,0,0,1,0,0
5a7b76735542997c3ec9719f,5a8c7232554299585d9e36a6,0.1531,"which is traditionally drunk before retiring to bed, Hot toddy or Kir?",What is a Southern European island country that was home to an airline pilot who flew the CASA-212-200 Aviocar before retiring in 2008 for health reasons? ,all,all,1,1,1,1,1,1,1,1,1,1
5a85fb085542994775f606de,5a72c6f65542994cef4bc402,0.1531,What is the name of the executive producer of the film that has a score composed by Jerry Goldsmith?,Wheat salad is composed typically of what red fruit?,none,all,0,0,1,0,0,1,0,0,1,0
5ae057fd55429945ae959328,5ae6914755429908198fa627,0.153, Robert Smith founded the multinational company headquartered in what city?,Brian Olsen was the lst WEC heavyweight champion before the promotion company founded in what month purchased the organization?,none,all,0,0,1,0,0,1,0,0,1,0
5a855b5c5542997b5ce3ffeb,5ab4fd0b55429942dd415fbb,0.153,"What is the main industry of this town with a population of around 2,600 as of 2010 that has Mountain Valley High School attendees as residents?","Mundo Perdido was influenced by an ancient Mesoamerican city located in a sub-valley of the Valley of Mexico, that is 40 km northeast of what modern day city?",bm25+hybrid,all,0,1,1,1,0,1,0,1,1,1
5adc5b875542996e68525328,5a7119f75542994082a3e58e,0.1529,In which St. Louis Cardinal season did a player born in 1972 blow ten saves before undergoing season-ending hip surgery?,"When was the composer of ""Persian Surgery Dervishes"" born?",bm25,all,0,1,1,1,0,1,0,0,1,0
5a722b8655429971e9dc9329,5a75f79555429976ec32bcca,0.1528,Who was the writer of These Boots Are Made for Walkin' and who died in 2007?,"Considered the strongest recorded tropical cyclone, which cyclone had a film made about it in 2007?",dense+hybrid,bm25+hybrid,0,0,1,0,1,0,0,1,1,1
5ae1b2b9554299422ee99684,5a807ea1554299485f598624,0.1525,Who did President Franklin Roosevelt appoint that was responsible to transmit votes of the Electoral College to Congress?,What church was the college Marjorie Hass is the 20th president of formerly affiliated with?,none,dense+hybrid,0,0,0,1,0,1,0,0,1,0
5ab5a4555542997d4ad1f19c,5ac21bac5542991316484bf2,0.1523,The Cineplex Odeon Theatres are now operated as which American movie theater chain majority-owned by Chinese conglomerate Dalian Wanda Group?,What casino in Las Vegas which is now operated by MGM Resorts International was developed by William G. Bennett?,all,none,0,1,0,0,1,0,0,1,0,0
5abe7eb05542993f32c2a12c,5ae5d7b755429929b08079cd,0.1523,When was the date of birth of one of the founder of Congo Reform Association?,What was the last date the creator of  the NOI was seen by Elijah Muhammad?,none,hybrid,0,0,0,1,0,0,1,0,1,0
5a8a9bc15542996c9b8d5f36,5ae65c925542992ae0d162f9,0.1521,"What forim is Nicholas Dante most famous for writing in, musical, such as ""A Chorus Line"", or epic verse like ""Inferno""?",Who was the producer of the 1994 American animated epic musical film which Mel Shaw animated?,all,none,0,1,0,0,1,0,0,1,0,0
5ab28b12554299449642c8ee,5a8a0cb75542992d82986e7d,0.152,The northern English anglian Kingdom in the Humber estuary spoke what dialect of english?,How long is the tidal estuary in which Branford is a shoreline town?,all,none,0,1,0,0,1,0,0,1,0,0
5ae53b545542990ba0bbb23c,5ab69c25554299110f219a39,0.152,Where does the hotel and casino located in which Bill Cosby's third album was recorded?,"Which American audio engineer and clandestine chemist, who was a key figure in the San Francisco Bay Area hippie movement during the 1960s recorded the album ""Old and in the Way?""",none,dense+hybrid,0,0,0,1,0,1,0,0,1,0
5a88fc4255429938390d4019,5add2b435542990d50227e11,0.1515,On what date will the comedy film directed by Kevin Tent and starring the Bulgarian-Canadian actress known for portraying the role of Mia Jones be released on video on demand services?,Who will Billy Howle be seen opposite in the upcoming British drama film directed by Dominic Cooke?,none,all,0,0,1,0,0,1,0,0,1,0
5abd12bb55429933744ab703,5adbf34955429947ff173862,0.1515,Conrad Anker located the body of a mountaineer who took part it the first three British expeditions to which mountain?,Is Karjiang a mountain and Sherpi Kangri a mountain peak?,all,all,1,1,1,1,1,1,1,1,1,1
5a7b12a355429927d897bf2a,5ac2680055429963665199a8,0.1514,When was the palace founded at which Columba de Dunbar died in 1435?,What position did Ernest Newman hold at Her Majesty's Royal Palace and Fortress?,dense+hybrid,none,0,0,0,1,1,0,0,1,0,0
5ae4585c5542996836b02c89,5abcf5ec55429959677d6b76,0.1514,Which band has more members Band of Skulls or Live ?,Clone of clones played alongside a band from where? ,dense+hybrid,dense+hybrid,1,0,0,1,1,1,1,1,1,1
5ae0a54e5542993d6555ebdd,5adca8375542990d50227cd4,0.1513,Joseph Benavidez has been compared favorably to which retired bantamweight and featherweight MMA fighter?,"What year was the song that some critics compared to ""Fading"" released? ",all,none,0,1,0,0,1,0,0,1,0,0
5a8d02cc554299441c6b9fb6,5ae7922f5542994a481bbdac,0.1511,"John MacGregor, Baron MacGregor of Pulham Market was educated at the University of St Andrews and another university established by what monach?",Where was the university at which  Barrie Ciliberti was a professor located? ,all,all,1,1,1,1,1,1,1,1,1,1
5ab5ec0a5542997d4ad1f250,5a7b55bc55429927d897bf98,0.1511,"Approximately how many locations is BJ's Wholesale Club operating in, as of early 2008?",How many assists did the Bosnian football player account for during the 2008–09 VfL Wolfsburg season?,all,none,0,1,0,0,1,0,0,1,0,0
5add61d65542995b365fab21,5ae21937554299234fd043d3,0.1511,What type of forum did a former Soviet statesman initiate?,"Who is descended from William, 4th Lord Livingston and was a statesman from New York City? ",all,all,1,1,1,1,1,1,1,1,1,1
5ae2075f5542994d89d5b315,5abc091555429965836003f6,0.151,What is Gary Cole's character based on?,Which of Darren Aronofsky's movies is based on a Russian ballet?,bm25+hybrid,none,0,1,0,0,0,0,1,1,0,0
5a876f785542993e715abf42,5a8a265b5542992d82986ecc,0.1507,"Which person, William Blake Herron or John Carpenter, held more diverse roles in the movie industry?","Between Frederick King Keller and Ian Schneider, which filmmaker had more diverse job experiences?",all,all,1,1,1,1,1,1,1,1,1,1
5a85a3005542991dd0999e72,5a7766b15542993569682d7e,0.1505,"The Azad Hind Dal was created by an Indian nationalist whose defiant patriotism made him a hero in India, but whose attempt to rid India of British rule during what war left a troubled legacy?","What was the location of the execution of Roger David Casement, the Irish Nationalist who made made efforts during World War I to gain German military aid for the 1916 Easter Rising that sought to gain Irish independence?",bm25,none,0,1,0,0,0,0,1,0,0,1
5a729e7b5542992359bc313d,5ade0fb95542997545bbbe39,0.1504,"Which river system in Chilhowie, Virginia was the starting place for most Longhunters?",How long is the river for which Frenchmans Creek is a tributary?,dense+hybrid,dense+hybrid,1,0,0,1,1,1,1,1,1,1
5abffc41554299012d1db551,5a8077ca5542992bc0c4a729,0.1504,"The 1984 film ""Marlene"" is a documentary about an actress born in what year?","Abraham Lokin was born on an archipelago between the Norwegian Sea and North Atlantic, that is about 200 miles north-northwest of where?",dense+hybrid,bm25+hybrid,0,0,1,0,1,0,0,1,1,1
5ae0d52e554299603e418469,5a875154554299211dda2be7,0.1502,"The actress that played the leading role in the independent film ""A Perfect Ending"" also stars with John Bregar in a 2008 film directed by who?",Who founded the honky tonk that is at the center  of John Travolta's  third major acting role?,bm25+hybrid,none,0,1,0,0,0,0,1,1,0,0
5a7ed5af5542994959419a84,5ac249bd55429951e9e68528,0.1499,"Which band has more members, Kitchens of Distinction or Royal Blood?",What flow of goods and services were managed and distributed by General Blood?,dense+hybrid,all,0,0,1,0,1,1,1,1,1,1
5a7a33205542996a35c1712f,5ae4c01e55429913cc2044f3,0.1498,"Out of two American colonies that had a series of skirmishes and raids between 1701 and 1765 at the disputed border, which British proprietary colony became a royal colony on the northeast coast of North America?",Which Captain launched the attack which led to more casualties than any other incident in the war fought between the settlers of the nascent colony of New Netherland and the native Lenape population?,all,bm25+hybrid,0,1,1,1,1,0,0,1,1,1
5a8f24cc55429924144829e7,5abdaa0f55429965af743dad,0.1497,Andrei Ivanovich Gorchakov commanded the 1st Infanty Corps in what major engagement of the Napoleonic Wars?,Which division did people from the division Major General Robert Walker Grow commanded originally come from?,bm25+hybrid,bm25+hybrid,1,1,1,1,0,0,1,1,1,1
5adebea1554299728e26c7b6,5ae74818554299572ea547ad,0.1497,Muz-TV was launched before the 24-hour music channel that was operated by what company?,James Fowle Baldwin helped design a historic railroad that operated in Massachusetts and whose line later operated as part of what?,none,all,0,0,1,0,0,1,0,0,1,0
5a8b57f25542995d1e6f1371,5abb8aaf5542993f40c73b1c,0.1497,Were Scott Derrickson and Ed Wood of the same nationality?,In what city did Jennifer Paige Chambers appear with the creator of the characters Jiminy Glick and Ed Grimley?,dense+hybrid,all,0,0,1,0,1,1,1,1,1,1
5a7c2f145542996dd594b8b4,5adfc9a555429906c02daa42,0.1493,The actress who made her film debut in Friday Night Lights also starred in a 2014 French-American crime-thriller directed by whi?,"Who directed the 2017 horror-thriller film in which Barry Keoghan, Nicole Kidman, Colin Farrell, and Alicia Silverstone appeared?",all,all,1,1,1,1,1,1,1,1,1,1
5ae164685542997b2ef7d1cb,5a84992e5542992a431d1a6d,0.149,"Who was the lead character designer on ""Pepper Ann"", and the creator of Cartoon Network's 13th ""Cartoon Cartoons""?",Who owns the hotel where the 13th Anniversary Show took place?,dense,none,0,0,0,1,1,0,0,0,0,1
5ae4890a5542995ad6573d60,5ac2dfac554299657fa290b3,0.1487,In what field does the firm at which Claudio Fernández-Aráoz was a currently a senior adviser offers services?,"What multinational professional services firm, headquartered in London, England, is one of the ""Big Four"" accounting firms and is also a tenant in InfoPark, Kochi?",all,dense+hybrid,0,1,0,0,1,1,1,1,1,1
5ab84bf555429916710eb01f,5ab5a4555542997d4ad1f19c,0.1484,In 1991 Euromarché was bought by a chain that operated how any hypermarkets at the end of 2016?,The Cineplex Odeon Theatres are now operated as which American movie theater chain majority-owned by Chinese conglomerate Dalian Wanda Group?,none,all,0,0,1,0,0,1,0,0,1,0
5ae6795855429908198fa5e4,5abee41a5542993fe9a41d79,0.1482,This event which was part of the 1954 AAA National Championship Trail was held at a racing circuit located at the corner of what?,"What type of auto racing, performed on clay or dirt surfaced oval tracks, is run for the Australian Street Stock Championship? ",bm25,all,0,1,1,1,0,1,0,0,1,0
5ae10df355429920d52342ac,5a71674f5542994082a3e819,0.1481,Where was the host of Australia's Got Talent born?,When was the magazine Sam Duckworth got his name Get Cape. Wear Cape. Fly from launched?,bm25+hybrid,none,0,1,0,0,0,0,1,1,0,0
5a8f45ca5542997ba9cb320e,5ab7f7465542993667794071,0.1481,"What type of film are both ""500 Years Later"" and ""Manson""?",What type of engine powered both the Saab 36 and the Avro Vulcan?,all,all,1,1,1,1,1,1,1,1,1,1
5a864ff7554299211dda2af2,5a9030ef5542995651fb50e4,0.148,"Yoann Lemoine, a French video director, has created music videos for Lana Del Rey, Katy Perry, and an orchestral country pop ballad by which top pop artist?",Show Her is a song written by a country music artist who is also a former player of what sport?,bm25+hybrid,all,0,1,1,1,0,1,0,1,1,1
5a7571135542992d0ec05f98,5a83041355429966c78a6ae8,0.1476,Ralph Hefferline was a psychology professor at a university that is located in what city?,Both Ralph Bakshi and Béla Gaál had what roll in film making?,all,none,0,1,0,0,1,0,0,1,0,0
5abbf3845542993f40c73c2e,5a72908f5542994cef4bc33b,0.1475,Of which band was the singer who released the record I Get Weak once a member ?,"Which musician, Ciaran Gribbin or Brett Scallions, is a member of the post-grunge band Fuel?",dense,all,0,0,1,0,1,1,1,0,1,0
5a863d2d5542991e771815d2,5a80a7f6554299485f598680,0.1475,Which utility holding company did Alfred A. Marcus work as a consultant?,Abraham Lincoln Neiman and his wife Carrie Marcus Neiman cofounded Neiman Marcus with Carrie's brother Herbert in which American city in 1907?,none,hybrid,0,0,0,1,0,0,1,0,1,0
5a721d5a55429971e9dc9283,5a88a42f554299206df2b317,0.1474,What Australian beer is a British style pale ale whose label features a character conceived in 1926? ,What literary style describes the 1968 book that features a 1939 international Harvester school bus?,dense+hybrid,all,0,0,1,0,1,1,1,1,1,1
5a7997a2554299029c4b5f59,5ac3bab155429939154138fb,0.1469,Tefik Selim Mborja was a part of a party that held power in Albania until what year? ,"The House of Hanover held the British throne until after Victoria's death, when it was past to the dynasty that ruled which duchy?",dense,all,0,0,1,0,1,1,1,0,1,0
5ade15a45542997545bbbe46,5abc095c5542993f40c73c5d,0.1468,Are both Upper Crust Pizzeria and Eatza Pizza restaurants?,"Which company is based in Kentucky, Vocelli Pizza or Fazoli's?",all,all,1,1,1,1,1,1,1,1,1,1
5a7c53a855429935c91b515d,5ae835f25542997ec272776f,0.1468,What drum machine was introduced in 1989 and allowed 32 notes to be played simultaneously?,Charles Barkley changed his jersey number to #32 in honor of a player born in which year ?,all,none,0,1,0,0,1,0,0,1,0,0
5ade69e455429975fa854ec5,5a8841195542994846c1ce65,0.1467,What director worked with Vikram Bhatt on a film starring actors Rajneesh Duggal and Adah Sharma?,"Who produced the 1998 British comedy starring the director of the feature film ""Eddie the Eagle""?",none,dense,0,0,0,1,0,1,0,0,0,1
5ab92e02554299753720f775,5a7150c75542994082a3e7be,0.1462,What was the largest passenger capacity of the plane type used for BOAC Flight 911 ?,What is the capacity of the stadium that hosts games of the team that was coached by Barry Switzer in 1981?,none,bm25,0,0,1,0,0,0,1,0,0,1
5a717d4c5542994082a3e854,5a8c30f6554299240d9c20d1,0.1462,"Who has written more than 300 papers, Semyon Aranovich Gershgorin or Pavel Alexandrov?",Were The Bomb and Rolling Papers released in the same year?,none,dense+hybrid,0,0,0,1,0,1,0,0,1,0
5a7c9f325542990527d554e6,5ab5744e554299494045efdf,0.146,What act for Innocent Records achieved Platinum sales and shares its name with a primary color in the RGB color model?,The third solo album by David Gates of Bread shares a name with a 1977 film directed by who?,bm25,bm25,1,1,1,1,0,0,1,0,0,1
5ab8854555429934fafe6e0c,5a7c6bcc55429935c91b519c,0.1459,"Works by Hanna Leena Kristiina Varis are part of a collection in a museum that houses approximately 65,000 what?",Rock Springs is a collection of short stories by an author born in what year?,dense+hybrid,dense+hybrid,1,0,0,1,1,1,1,1,1,1
5ae21937554299234fd043d3,5a800ca555429969796c1bac,0.1458,"Who is descended from William, 4th Lord Livingston and was a statesman from New York City? ","The ""New York Times"" bestselling book ""The 50th Law"" contains lessons and anecdotes from this historical figure who was a classical Greek (Athenian) philosopher who is known mainly through the writings of which philosopher?",all,all,1,1,1,1,1,1,1,1,1,1
5ac19d4c55429963665198bb,5ae6795855429908198fa5e4,0.1456,The Argentine National Anthem was adopted 3 years after which event that led to the removal of Viceroy Baltasar Hildalgo de Cisneros?,This event which was part of the 1954 AAA National Championship Trail was held at a racing circuit located at the corner of what?,all,bm25,0,1,1,1,1,0,0,1,0,0
5a8325b35542990548d0b18f,5a72ba165542992359bc318a,0.145,"Who held the record for the longest service in the Australian Parliament for a woman, and was surpassed by  a former Australian politician who was the 29th Speaker of the House of Representatives?",Who runs the website surpassed by both Baidu Baike and Hudong.com?,none,none,1,0,0,1,0,0,1,0,0,1
5abc5951554299114383a116,5ac1bff05542994ab5c67dfc,0.1448,"Which Argentine telenovela broadcast by Telefe from March 12 to December 19, 2012 starred Isabel Macedo as Jimena Benitez?",Who was the eldest brother of the Mexican drug trafficker born 12 March 1952?,bm25,none,0,1,0,0,0,0,1,0,0,1
5ae6b6065542991bbc976168,5a7e1a5455429965cec5ea5f,0.1446,"Out of the actors who have played the role of Luc Deveraux in the Universal Soldier franchise, which actor has also starred in the movies Holby City, Doctor Strange, the Bourne Ultimatum and Zero Dark Thirty?",Moonlight starred the actor who played whom on the remake of Hawaii Five-0?,all,none,0,1,0,0,1,0,0,1,0,0
5ae7e1fc55429952e35ea9cc,5a7c9f325542990527d554e6,0.1445,What color clothing do people of the Netherlands wear during Oranjegekte or to celebrate the national holiday Koningsdag? ,What act for Innocent Records achieved Platinum sales and shares its name with a primary color in the RGB color model?,all,bm25,0,1,1,1,1,0,0,1,0,0
5a79c6a55542994bb9457091,5ac279345542990b17b153b0,0.1443,"What prolific English engineer, who died on 15 December 1857, contributed to the advent of the hot air engine by way of their open cycle devices?",What is the date of birth of the English inventor that developed the Richard Hornsby & Sons oil engine? ,all,all,1,1,1,1,1,1,1,1,1,1
5a85ae455542997175ce1ff0,5ae3de615542992f92d823a5,0.1442,What is Rachelle Amy Beinart's role in the film that follows a group of rebels on a mission?, The Human Condition is a film trilogy that follows a Japanese pacifist and socialist as he tries to survive in a political system that strives to regulate what?,none,none,1,0,0,1,0,0,1,0,0,1
5a8e2ba05542995085b373b8,5a8b5b1c5542995d1e6f1387,0.144,Are the libretto of Tristan und Isolde and Ariane et Barbe-bleue in the same language?,Are Aladdin and Song of the South produced by the same company?,all,dense+hybrid,0,1,0,0,1,1,1,1,1,1
5ae52c0f5542992663a4f12e,5ae01fcf554299025d62a411,0.1436,What major city is the Faith Lutheran Middle School and High School located by?,What type of students attend the school adjacent to Pilgram Hospital?,none,none,1,0,0,1,0,0,1,0,0,1
5a7ce6bf55429909bec7686c,5adec62a55429975fa854f89,0.1433,Which Dutch footballer is featured on the song Wij zijn Ajax by Ajax and Friends?,"The song that came out ahead of The Wanted's ""Lightning"" on the UK Singles Chart was featured on which album?",none,none,1,0,0,1,0,0,1,0,0,1
5ae534bb5542990ba0bbb21d,5a8077ca5542992bc0c4a729,0.143,"In between Liberty and MIT Technology Review which has a circulation of over 200,000?","Abraham Lokin was born on an archipelago between the Norwegian Sea and North Atlantic, that is about 200 miles north-northwest of where?",dense+hybrid,bm25+hybrid,0,0,1,0,1,0,0,1,1,1
5a7363ec5542991f29ee2dd7,5ae5f3bb5542996de7b71a7e,0.1429,"The USS Tortuga was named after the Dry Tortugas, a group of desert coral islets 60 miles west of which city with the motto ""One Human Family""?",Which star of The Human Stain was born in 1937?,all,none,0,1,0,0,1,0,0,1,0,0
5a839c8b5542996488c2e479,5ac048ea554299294b218f74,0.1425,James Spedding was chiefly known as the editor of the works of an author who served both as Attorney General and as what?,Who did Fredric Rieders tesify agains who had killed as many as 60 patients and recieved three consecutive life terms to be served in Florence Colorado?,all,bm25+hybrid,0,1,1,1,1,0,0,1,1,1
5a7bbb64554299042af8f7cc,5ab8f3235542991b5579f084,0.1424,"Who is older, Annie Morton or Terry Richardson?",What number president was Annie Caputo nominated by to become a member of the Nuclear Regulatory Commission?,bm25+hybrid,all,0,1,1,1,0,1,0,1,1,1
5a70f1685542994082a3e40f,5a8555ea5542992a431d1b07,0.1424,Which piece did Ludwig van Beethoven publish in 1801 that was dedicated to Count Moritz von Fries? ,"The movie that was the directorial debut of Jonathan Glazer included the musical piece Lujon. Which other movie that has the letter ""B"" in it also includes this piece?",none,dense+hybrid,0,0,0,1,0,1,0,0,1,0
5ae5736e5542990ba0bbb2b3,5a7a1cd85542990783324e65,0.1422,"When was the American lawyer, lobbyist and political consultant who was a senior member of the presidential campaign of Donald Trump born?",What was the 58th quadrennial American presidential election held after the 2016 Michigan Democratic primary?,all,all,1,1,1,1,1,1,1,1,1,1
5ab29c24554299449642c932,5aba6d4b5542994dbf019906,0.1422,Are Giuseppe Verdi and Ambroise Thomas both Opera composers ?,"Giuseppe Tornatore, an italian film director and screenwriter, wrote and directed his film ""The Best Offer"" in what language?",all,all,1,1,1,1,1,1,1,1,1,1
5a77cb335542997042120b3a,5a7c68575542996dd594b91c,0.1419,What American professional Hawaiian surfer born 18 October 1992 won the Rip Curl Pro Portugal?,What was the sequel of the game that e was published by U.S. Gold in 1992?,none,bm25,0,0,1,0,0,0,1,0,0,1
5ae74fc45542997b22f6a6b4,5ae675245542991bbc9760dc,0.1406,What is the full name of the viral respiratory disease in which Yi Guan's research helped to prevent the outbreak of?,What is the name of the father of Childericus?,all,dense+hybrid,0,1,0,0,1,1,1,1,1,1
5ade42b55542992fa25da717,5a87c19a5542994846c1cde6,0.1403,How many novels are there in the series of novels of which Shadows in Flight is the tenth novel ?,"Which shore does the castle, which Sir James Montgomery, 4th Baronet is the tenth laird of, stand?",none,all,0,0,1,0,0,1,0,0,1,0
5abed9435542994516f45457,5a8c8502554299585d9e36d0,0.1403,Which of the following stars Jeff Bridges as a computer programmer: Tron or The Million Dollar Duck?,"Who was appointed to the board of supervisors first, Jeff Sheehy or Ed Lee?",dense+hybrid,none,0,0,0,1,1,0,0,1,0,0
5ababbe9554299232ef4a38a,5ac401bb55429919431738f4,0.14,"Which author influenced the animated Easter television special ""The First Easter Rabbit""? ",Who worked on the origins of Mickey Mouse and created Oswald the Lucky Rabbit?,none,bm25+hybrid,0,0,1,0,0,0,1,0,1,0
5a84b4005542991dd0999d99,5a86edcc55429960ec39b6da,0.1393,"When did the Disney sitcom in which Genevieve Knight ""G"" Hannelius starred as Avery Jennings end?","What actress portrayed Rachel Green on the sitcom ""Friends"" and starred in the movie ""She's Funny That Way""?",dense+hybrid,none,0,0,0,1,1,0,0,1,0,0
5a8133725542995ce29dcbdb,5ab8688b55429934fafe6daa,0.1393,"Which writer was from England, Henry Roth or Robert Erskine Childers?","What material did a hairdresser from Yorkshire, England invent that was named by his granddaughter?",all,all,1,1,1,1,1,1,1,1,1,1
5adc459255429944faac24ad,5a78f26055429970f5fffdeb,0.1392,Which member of the research project conducted by the Creation Research Society and the Institute for Creation Research between 1997 and 2005 was Kevin R. Henke most critical of? ,Which former president of the Fédération Internationale de l'Automobile (FIA) cofounded Simtek Research?,none,all,0,0,1,0,0,1,0,0,1,0
5a764c0b55429976ec32bd89,5adf3ab95542992d7e9f92f3,0.1392,What criteria subjectively qualifies the Houston Astrodome to be called the Eighth Wonder of the World?, The 2011–12 Houston Rockets season began with the drafting of the player who now plays for what team?,all,none,0,1,0,0,1,0,0,1,0,0
5a901e5c55429933b8a2047c,5ae3bb0d5542992f92d82357,0.1391,Who is the author of the 1993 production Madge Ryan participated in?,Which Russian figure skating coach was a former competitive ice dancer who competed with Olga Pershankova in 1993?,none,none,1,0,0,1,0,0,1,0,0,1
5a887f5c554299206df2b2c0,5a83c56d5542996488c2e4c3,0.139,"Besides the founder of Led Zeppelin, and Bert Jansch, what other to British musician was heavily influenced by Davey Graham?","Which magazine, the British response to magazines such as ""Playboy"" and ""Penthouse"" did horror author Graham Masterton edit?",dense+hybrid,all,0,0,1,0,1,1,1,1,1,1
5a79ca585542996c55b2dc71,5ae5f3bb5542996de7b71a7e,0.1389,"Who starred in the film The Human Factor in 1979, alongside fellow English actors Richard Attenborough and Derek Jacobi?",Which star of The Human Stain was born in 1937?,all,none,0,1,0,0,1,0,0,1,0,0
5a7624b85542992db947372c,5a7119f75542994082a3e58e,0.1389,When was the plaintiff in the 1892 Barbed Wire Patent Case born?,"When was the composer of ""Persian Surgery Dervishes"" born?",none,all,0,0,1,0,0,1,0,0,1,0
5ab446d455429942dd415f07,5abb8aaf5542993f40c73b1c,0.1383,What city did the characters from Gargoyles the Movie: The Heroes Awaken wake up in after being in an enchantedly petrified state for a thousand years?,In what city did Jennifer Paige Chambers appear with the creator of the characters Jiminy Glick and Ed Grimley?,dense+hybrid,all,0,0,1,0,1,1,1,1,1,1
5a8cca64554299653c1aa125,5ab3e577554299233954ffe3,0.1376,"who were James Hill and John Vereker, 6th Viscount Gort officers for?", Jaroslav Seifert and John McGahern were both part of what shared profession? ,all,all,1,1,1,1,1,1,1,1,1,1
5a8759395542994775f607e0,5abbcba05542992ccd8e7fa3,0.1375,Who is older between the brothers that J. Todd Anderson has primarily worked with?,With whom did Lever Brothers merge to create an Indonesian soap factory?,dense+hybrid,all,0,0,1,0,1,1,1,1,1,1
5ae2ee5e5542991a06ce990a,5ac3271e554299218029dbd3,0.1374,The 1st Virginia Regiment saw action at a battle that led to the departure of what Royal Governor?,What team did Kenny Brown manage following the departure of Dean Holdsworth?,bm25+hybrid,all,0,1,1,1,0,1,0,1,1,1
5ab5f854554299637185c64e,5abe19895542991f661060c2,0.1371,What country do both Adnan Akmal and Kamran Akmal represent in cricket?,Liaocheng and Shayang County are both located in which country?,all,all,1,1,1,1,1,1,1,1,1,1
5ae363ff5542992f92d822bc,5a8530cc5542992a431d1aeb,0.1366,Erwin Lambert was a member of which paramilitary organization under Hitler?,The university which David R. Marchant was a member of in 1994 is located in what city?,bm25+hybrid,dense+hybrid,0,1,0,0,0,1,0,1,1,1
5adc094a55429947ff1738c0,5a8fc3b155429933b8a20454,0.1362,American Blues included the drummer from which American rock band?,In recent decades American schools have included much more on ncient times tens of thousands of years ago with the settlement of the Americas by who?,none,all,0,0,1,0,0,1,0,0,1,0
5a7b7bed5542997c3ec971bc,5abaeda95542992ccd8e7e5d,0.1361,The Waterloo Vase has been used as a garden ornament at whose residence and administrative headquarters?,"What is the fictional name of the mall in the movie ""Back to the Future"" which was filmed at the headquarters of EverTrust Bank?",all,all,1,1,1,1,1,1,1,1,1,1
5ac547525542993e66e822a3,5adcde255542992c1e3a243f,0.1359,"In 2017, what was 3/4th of the organization that also has a Center for Veterinary Medicine as well as part of the U.S. Department of Health and Human Services, spent on?","Which WWE wrestler who performs on the Smackdown brand has his initials as part of the team ""Rated-RKO",none,none,1,0,0,1,0,0,1,0,0,1
5ac3ad7f5542995ef918c1de,5ac3af895542995ef918c1f0,0.1358,The Aviation Hall of Fame and Museum of New Jersey is located at the airport in which New Jersey county?,Janne Kyttanen has had work exhibited at which modern art museum in Amsterdam?,dense+hybrid,all,0,0,1,0,1,1,1,1,1,1
5a8492ab5542992a431d1a5b,5abc7bf75542993a06baf8f0,0.1358,"Which plane has seen more combat, the Northrop F-15 Reporter or the Northrop P-61 Black Widow?",Which has more species Laurus or Liriodendron?,all,hybrid,0,1,0,0,1,0,0,1,1,1
5ae0361155429925eb1afc2c,5adef1b35542993a75d263af,0.1352,Which  French ace pilot and adventurer fly L'Oiseau Blanc,which Mexican and American film actress is Ethel Houbiers  French voice of ,none,dense+hybrid,0,0,0,1,0,1,0,0,1,0
5ae1319c55429920d5234301,5abf04ae5542993fe9a41dbf,0.1348,The tap dancing soloist in My Feet Keep Dancing also starred in what 1935 MGM musical?,What musical action does Ndebele music and Musical bow have in common?,none,none,1,0,0,1,0,0,1,0,0,1
5ab659e355429954757d324e,5aba9e2455429939ce03dd3a,0.1347,hree Men on a Horse is a play by a playwright born in which year ?,"Rejuvelac is kind of grain water invented and promoted by a ""holistic health"" practitioner born in which year ?",dense,all,0,0,1,0,1,1,1,0,1,0
5ac2a399554299218029dada,5a80cddd554299260e20a169,0.1342,Who programmed a cartridge-based development system made by a company noted for authoring Atari's BASIC?,Multiple award-winning actor Gary Sinise appeared in The Stand in 1994 - a miniseries based on a novel and screenplay by which noted author?,bm25+hybrid,none,0,1,0,0,0,0,1,1,0,0
5a7b46e55542995eb53be8e5,5ae7eb3c5542994a481bbe20,0.133,"Spaceware Sky Division II is manufactured by this subsidiary, which is one of twelve subdivisions of Inner Mongolia, China?",The Panel with striding lion  was one of many that lined the way north of the gate to the inner city of what location?,all,all,1,1,1,1,1,1,1,1,1,1
5ac2bbd0554299218029db09,5ae5ffbb5542996de7b71ad4,0.1329,The author of The Thing of It Is... is what Nationality?,"Michaël Llodra of France, called ""the best volleyer on tour"", defeated Juan Martín del Potro a professional of what nationality?",dense,dense,1,0,0,1,1,1,1,0,0,1
5ae54eea5542993aec5ec19d,5ae28b76554299495565daa8,0.1321,"Which band was formed first, Wavves or Social Code?",What three categories does income get levied under the Parliament of Australia's tax code?,dense,all,0,0,1,0,1,1,1,0,1,0
5a8799c55542996e4f308877,5ae80919554299540e5a56f6,0.1314,"Jens Risom introduced what type of design, characterized by minimalism and functionality?",Isabella Kelly was born at a ruined castle characterized as one of the most isolated fortifications in Britain by who?,all,dense+hybrid,0,1,0,0,1,1,1,1,1,1
5a88658955429938390d3f47,5ae7eb3c5542994a481bbe20,0.1313,Rostker v. Goldberg held that the practice of what way of filling armed forces vacancies was consitutional?,The Panel with striding lion  was one of many that lined the way north of the gate to the inner city of what location?,dense+hybrid,all,0,0,1,0,1,1,1,1,1,1
5a7a276d5542996c55b2dd27,5a8ee4315542990e94052ba7,0.1312,Who was Chamberlain and Colonel of the military staff of The Merrie Monarch?,What officially ended the first phase of the military conflict between the British Raj and the Emirate of Afghanistan from 1878 to 1880?,none,all,0,0,1,0,0,1,0,0,1,0
5ac1c6805542994ab5c67e11,5a9072dd5542990a98493656,0.1305,For what type of work is the production company for The Year Without a Santa Claus best known?,What type of music did Dave Wyndorf and Poly Styrene perform as part of their work in Monster Magnet and X-Ray Spex?,all,all,1,1,1,1,1,1,1,1,1,1
5ab5b6c1554299637185c5e5,5a901f735542990a98493591,0.1299,Did Franki Valli sing with Hellogoodbye or The Four Seasons?,The third emperor in the Year of the Four Emperors had how many wives? ,dense+hybrid,none,0,0,0,1,1,0,0,1,0,0
5a7759fc5542993569682d60,5ae6828f5542996d980e7bb9,0.1296,Where are Teide National Park and Garajonay National Park located?,Salisbury Woodland Gardens links a zoo with a park designed and built under the watchful eye of who?,all,dense+hybrid,0,1,0,0,1,1,1,1,1,1
5a7a46605542994f819ef1ad,5ab7fa7b5542992aa3b8c897,0.1295,What year did Roy Rogers and his third wife star in a film directed by Frank McDonald?,What type of music were vocalists Billie Joe Armstrong and Frank Iero involved with?,all,hybrid,0,1,0,0,1,0,0,1,1,1
5ac048cc554299294b218f73,5ab207f65542993be8fa98b8,0.1274,The major benefactor who donated money to build Archbold Gymnasium sold his oil company to whom?,Edmund Robert Harris is the principal benefactor of a museum located where ?,all,all,1,1,1,1,1,1,1,1,1,1
5ab44ab25542991779162c58,5ab67c3f55429954757d32f9,0.1268,What are both Camel Up and Outrage!?,Are Maro Ajemian and Patricia Field both pianists?,none,all,0,0,1,0,0,1,0,0,1,0
5a7c3178554299683c1c62e1,5abd6a7455429933744ab7c5,0.1265,"The Fast On-orbit Rapid Recording of Transient Events (FORTE) was co-developed and launched by this lab located a short distance northwest of Santa Fe, New Mexico that was involved with which nuclear weapon program during World War II?","What German medium tank, sometimes called the ""Mark V"", that was deployed on the Eastern and Western fronts from mid-1943 provided the armor and suspension for the chassis of the tank destroyer built by Nazi Germany during World War II?",all,bm25,0,1,1,1,1,0,0,1,0,0
5ae7ba7a5542993210983f12,5a77897f55429949eeb29edc,0.1263,"What is the name of the singer who's song was released as the lead single from the album ""Confessions"", and that had popular song stuck behind for eight consecutive weeks?"," Jason Regler, stated that he had the idea for the flashing wristbands during a song built around which instrument ?",all,none,0,1,0,0,1,0,0,1,0,0
5ab9ccef55429955dce3ed86,5abd6a7455429933744ab7c5,0.1262,WHat dish is  Dacryopinax spathularia included in that is also sometimes called Luóhàn cài?,"What German medium tank, sometimes called the ""Mark V"", that was deployed on the Eastern and Western fronts from mid-1943 provided the armor and suspension for the chassis of the tank destroyer built by Nazi Germany during World War II?",bm25+hybrid,bm25,0,1,1,1,0,0,1,1,0,0
5a7cbf93554299452d57b9f5,5a7d9bc65542990b8f5039cb,0.1259,Which constituent college of the University of Oxford endows four professorial fellowships for sciences including chemistry and pure mathematics?,"A wide receiver for the Toronto Argonauts played college football for a team that represents the University of Oklahoma, which belongs to what conference?",all,bm25+hybrid,0,1,1,1,1,0,0,1,1,1
5ac2bbd0554299218029db09,5ac1a3fa5542991316484b7d,0.1254,The author of The Thing of It Is... is what Nationality?,"Although a dependent territory remains politically outside of the controlling state's integral area, what else can it contain?",dense,dense,1,0,0,1,1,1,1,0,0,1
5ab41d855542996a3a969f4b,5a8b595855429949d91db563,0.1233,"Is the Pakistan fast bowler who joined the Kent County Cricket Club in June, 2011 a left-hand or right-hand batsmans?","In what year was the band, whose bassist joined Arvas in 1996, formed?",all,none,0,1,0,0,1,0,0,1,0,0
5adccdd55542992c1e3a2408,5ae0d9c555429924de1b719a,0.122,"Meaning ""reddish water"" in Hawaiian, which location was Butch Van Artsdalen known for surfing 25-foot waves at?","Van Andel Institute was founded in part by what American businessman, who was best known as co-founder of the Amway Corporation?",all,bm25+hybrid,0,1,1,1,1,0,0,1,1,1
5a7a276d5542996c55b2dd27,5a7e283655429965cec5eaab,0.1219,Who was Chamberlain and Colonel of the military staff of The Merrie Monarch?,"The founder of this Canadian owned, American manufacturer of business jets for civilian and military developed this portable tape system.",none,all,0,0,1,0,0,1,0,0,1,0
5a7577785542992d0ec05fa0,5ac38bf355429939154137ba,0.1195,The Northern Chamber Orchestra gives concerts at what estate owned by the National Trust?,"William McGrath was a loyalist from Northern Ireland, and was known for opposing what? ",dense+hybrid,dense+hybrid,1,0,0,1,1,1,1,1,1,1
5a7a8a9c554299042af8f666,5ab92e02554299753720f775,0.1175,The lamp used in many lighthouses is similiar to this type of lamp patented in 1780 by Aimé Argand?,What was the largest passenger capacity of the plane type used for BOAC Flight 911 ?,all,none,0,1,0,0,1,0,0,1,0,0
5a7bae20554299294a54aa96,5a87e3d65542993e715abff8,0.115,Onika Tanya Maraj is a judge on a television show hosted by whom? ,Alfie Allen played Theon Greyjoy on which show?,none,all,0,0,1,0,0,1,0,0,1,0
5a8463545542990548d0b2a3,5ae6860e5542991bbc976112,0.1135,What was the position of Jean Baptiste Androuet du Cerceau under the man who was King of the Polish-Lithuanian Commonwealth from 1573 to 1575?,"How did Emilie du Chatelet, Voltaire's love, contribute to the basic laws of physics?",all,all,1,1,1,1,1,1,1,1,1,1
5ac3165c5542995ef918c10a,5abc039a5542993f40c73c49,0.1107,Which American film director hosted the 18th Independent Spirit Awards in 2002?,The Adoption and Safe Families Act and the Adoption 2002 Initiative were both instituted under which administration?,bm25,all,0,1,1,1,0,1,0,0,1,0
5a87c13f5542996e4f30890c,5ae0d3da5542990adbacf66d,0.108,"In what city did the ""Prince of tenors"" star in a film based on an opera by Giacomo Puccini?",Which Prince of Bismarcks EMS dispatch incited France to declare the Franco-Prussian War in July 1870,none,dense+hybrid,0,0,0,1,0,1,0,0,1,0
5ae5b301554299546bf82f2d,5a7c68575542996dd594b91c,0.0652,What produces the hormone that promotes sodium retention in the distal nephron?,What was the sequel of the game that e was published by U.S. Gold in 1992?,bm25+dense,bm25,0,1,1,1,1,0,0,0,0,1
5a7e7ed05542991319bc94c2,5ae0038655429925eb1afbe0,0.0643,"Which magazine is older, Gallery or Dime Magazine?","Which is a Macedonian weekly, Hänt Extra or Tea Moderna?",hybrid,all,0,0,1,0,0,1,0,1,1,1
