policy,t,lesson,arm,op,reason,width_before,width_after,n_support,n_contra,n_exceptions,utility,gain_n
boundary:query,2,L1,dense,create,"default missed, dense hit",,2.0,1,0,0,0.0,0
boundary:query,2,L2,hybrid,create,"default missed, hybrid hit",,2.0,1,0,0,0.0,0
boundary:query,3,L3,dense,create,"default missed, dense hit",,2.0,1,0,0,0.0,0
boundary:query,3,L4,hybrid,create,"default missed, hybrid hit",,2.0,1,0,0,0.0,0
boundary:query,5,L5,dense,create,"default missed, dense hit",,2.0,1,0,0,0.0,0
boundary:query,5,L6,hybrid,create,"default missed, hybrid hit",,2.0,1,0,0,0.0,0
boundary:query,7,L7,hybrid,create,"default missed, hybrid hit",,2.0,1,0,0,0.0,0
boundary:query,12,L8,dense,create,"default missed, dense hit",,2.0,1,0,0,0.0,0
boundary:query,17,L1,dense,expand,arm beat the default just outside the box,2.0151,2.1175,2,0,0,0.0,0
boundary:query,17,L2,hybrid,expand,arm beat the default just outside the box,2.0151,2.1175,2,0,0,0.0,0
boundary:query,27,L7,hybrid,expand,arm beat the default just outside the box,2.1661,2.1933,2,2,0,0.0,2
boundary:query,27,L8,dense,expand,arm beat the default just outside the box,2.1196,2.1419,2,1,0,0.0,1
boundary:query,27,L9,dense,create,"default missed, dense hit",,2.0,1,0,0,0.0,0
boundary:query,27,L10,hybrid,create,"default missed, hybrid hit",,2.0,1,0,0,0.0,0
boundary:query,28,L9,dense,expand,arm beat the default just outside the box,2.0175,2.0501,2,0,0,0.0,0
boundary:query,28,L10,hybrid,expand,arm beat the default just outside the box,2.0175,2.0501,2,0,0,0.0,0
boundary:query,32,L1,dense,exception,contradicted; every cut loses a supporter,2.2584,2.2584,4,4,1,0.1667,6
boundary:query,32,L2,hybrid,exception,contradicted; every cut loses a supporter,2.2584,2.2584,4,4,1,0.1667,6
boundary:query,32,L3,dense,exception,contradicted; every cut loses a supporter,1.943,1.943,4,5,1,0.25,8
boundary:query,32,L4,hybrid,exception,contradicted; every cut loses a supporter,1.943,1.943,4,5,1,0.25,8
boundary:query,36,L5,dense,narrow,contradicted; cut f:query_len_tokens,2.1614,2.02,2,5,0,0.1667,6
boundary:query,36,L6,hybrid,narrow,contradicted; cut f:query_len_tokens,2.1614,2.02,2,5,0,0.1667,6
boundary:query,37,L7,hybrid,retire,utility <= 0,,2.2389,2,5,0,0.0,5
boundary:query,37,L9,dense,retire,utility <= 0,,2.0755,3,4,0,0.0,5
boundary:query,37,L10,hybrid,retire,utility <= 0,,2.0755,3,4,0,0.0,5
boundary:query,38,L8,dense,retire,utility <= 0,,2.187,2,5,0,0.0,5
boundary:query,39,L1,dense,exception,contradicted; every cut loses a supporter,2.2602,2.2602,4,5,2,0.1429,7
boundary:query,39,L2,hybrid,exception,contradicted; every cut loses a supporter,2.2602,2.2602,4,5,2,0.1429,7
boundary:query,39,L3,dense,narrow,contradicted; cut f:query_len_tokens,1.9456,1.8577,4,6,1,0.2222,9
boundary:query,39,L4,hybrid,narrow,contradicted; cut f:query_len_tokens,1.9456,1.8577,4,6,1,0.2222,9
boundary:query,40,L11,hybrid,create,"default missed, hybrid hit",,2.0,1,0,0,0.0,0
boundary:query,41,L5,dense,narrow,contradicted; cut f:query_len_tokens,2.0295,2.0061,2,6,0,0.1429,7
boundary:query,41,L6,hybrid,narrow,contradicted; cut f:query_len_tokens,2.0295,2.0061,2,6,0,0.1429,7
boundary:query,45,L1,dense,exception,contradicted; every cut loses a supporter,2.2487,2.2487,4,6,3,0.125,8
boundary:query,45,L2,hybrid,exception,contradicted; every cut loses a supporter,2.2487,2.2487,4,6,3,0.125,8
boundary:query,45,L3,dense,exception,contradicted; every cut loses a supporter,1.8466,1.8466,4,7,2,0.2,10
boundary:query,45,L4,hybrid,exception,contradicted; every cut loses a supporter,1.8466,1.8466,4,7,2,0.2,10
boundary:query,47,L12,dense,create,"default missed, dense hit",,2.0,1,0,0,0.0,0
boundary:query,47,L13,hybrid,create,"default missed, hybrid hit",,2.0,1,0,0,0.0,0
boundary:query,53,L3,dense,narrow,contradicted; cut f:query_len_tokens,1.8086,1.7906,4,8,2,0.1818,11
boundary:query,53,L4,hybrid,narrow,contradicted; cut f:query_len_tokens,1.8086,1.7906,4,8,2,0.1818,11
boundary:query,54,L1,dense,exception,contradicted; every cut loses a supporter,2.1948,2.1948,4,7,4,0.1111,9
boundary:query,54,L2,hybrid,exception,contradicted; every cut loses a supporter,2.1948,2.1948,4,7,4,0.1111,9
boundary:query,54,L1,dense,split,4 exceptions; cut f:query_cap_spans at 1,,2.1948,4,7,4,0.1111,9
boundary:query,54,L1.lo,dense,create,split of L1,,2.1948,4,0,0,0.0,0
boundary:query,54,L2,hybrid,split,4 exceptions; cut f:query_cap_spans at 1,,2.1948,4,7,4,0.1111,9
boundary:query,54,L2.lo,hybrid,create,split of L2,,2.1948,4,0,0,0.0,0
boundary:query,55,L5,dense,expand,arm beat the default just outside the box,1.9539,2.0223,3,6,0,0.1429,7
boundary:query,55,L6,hybrid,expand,arm beat the default just outside the box,1.9539,2.0223,3,6,0,0.1429,7
boundary:query,55,L16,dense,create,"default missed, dense hit",,2.0,1,0,0,0.0,0
boundary:query,55,L17,hybrid,create,"default missed, hybrid hit",,2.0,1,0,0,0.0,0
boundary:query,57,L3,dense,narrow,contradicted; cut f:query_len_tokens,1.7971,1.7742,4,9,2,0.1667,12
boundary:query,57,L4,hybrid,narrow,contradicted; cut f:query_len_tokens,1.7971,1.7742,4,9,2,0.1667,12
boundary:query,62,L18,dense,create,"default missed, dense hit",,2.0,1,0,0,0.0,0
boundary:query,62,L19,hybrid,create,"default missed, hybrid hit",,2.0,1,0,0,0.0,0
boundary:query,63,L5,dense,expand,arm beat the default just outside the box,2.0413,2.0875,4,6,0,0.1429,7
boundary:query,63,L12,dense,expand,arm beat the default just outside the box,1.9775,1.9975,2,2,0,0.0,2
boundary:query,63,L16,dense,expand,arm beat the default just outside the box,2.0202,2.0363,2,0,0,0.0,0
boundary:query,63,L20,dense,create,"default missed, dense hit",,2.0,1,0,0,0.0,0
boundary:query,66,L5,dense,expand,arm beat the default just outside the box,2.076,2.1475,5,6,0,0.1429,7
boundary:query,66,L6,hybrid,expand,arm beat the default just outside the box,2.0306,2.1475,4,6,0,0.1429,7
boundary:query,66,L13,hybrid,expand,arm beat the default just outside the box,1.9671,1.9868,2,3,0,0.0,3
boundary:query,66,L17,hybrid,expand,arm beat the default just outside the box,2.01,2.0259,2,0,0,0.0,0
boundary:query,66,L21,hybrid,create,"default missed, hybrid hit",,2.0,1,0,0,0.0,0
boundary:query,67,L5,dense,exception,contradicted; every cut loses a supporter,2.1424,2.1424,5,7,1,0.125,8
boundary:query,67,L6,hybrid,exception,contradicted; every cut loses a supporter,2.1424,2.1424,4,7,1,0.125,8
boundary:query,68,L1.lo,dense,retire,utility <= 0,,2.1944,4,5,0,-0.2,5
boundary:query,68,L2.lo,hybrid,retire,utility <= 0,,2.1944,4,5,0,-0.2,5
boundary:query,69,L18,dense,expand,arm beat the default just outside the box,1.9814,2.0003,2,0,0,0.0,0
boundary:query,69,L19,hybrid,expand,arm beat the default just outside the box,1.9814,2.0003,2,0,0,0.0,0
boundary:query,69,L22,dense,create,"default missed, dense hit",,2.0,1,0,0,0.0,0
boundary:query,69,L23,hybrid,create,"default missed, hybrid hit",,2.0,1,0,0,0.0,0
boundary:query,70,L3,dense,narrow,contradicted; cut f:query_len_tokens,1.7672,1.743,4,10,2,0.1538,13
boundary:query,70,L4,hybrid,narrow,contradicted; cut f:query_len_tokens,1.7672,1.743,4,10,2,0.1538,13
boundary:query,73,L18,dense,expand,arm beat the default just outside the box,2.0262,2.0455,3,2,0,0.0,2
boundary:query,73,L24,dense,create,"default missed, dense hit",,2.0,1,0,0,0.0,0
boundary:query,74,L3,dense,exception,contradicted; every cut loses a supporter,1.7633,1.7633,4,11,3,0.0714,14
boundary:query,74,L4,hybrid,exception,contradicted; every cut loses a supporter,1.7633,1.7633,4,11,3,0.0714,14
boundary:query,75,L20,dense,expand,arm beat the default just outside the box,2.0154,2.0359,3,0,0,1.0,1
boundary:query,75,L21,hybrid,expand,arm beat the default just outside the box,2.0254,2.0427,2,0,0,0.0,0
boundary:query,77,L18,dense,retire,utility <= 0,,2.0566,3,5,0,-0.4,5
boundary:query,77,L19,hybrid,retire,utility <= 0,,2.0371,3,4,0,-0.2,5
boundary:query,81,L5,dense,exception,contradicted; every cut loses a supporter,2.197,2.197,5,8,2,0.1111,9
boundary:query,81,L6,hybrid,exception,contradicted; every cut loses a supporter,2.197,2.197,4,8,2,0.1111,9
boundary:query,83,L3,dense,expand,arm beat the default just outside the box,1.7789,1.7789,5,11,3,0.0714,14
boundary:query,83,L4,hybrid,expand,arm beat the default just outside the box,1.7789,1.7789,5,11,3,0.0714,14
boundary:query,83,L24,dense,expand,arm beat the default just outside the box,2.0309,2.0495,2,0,0,0.0,0
boundary:query,83,L25,dense,create,"default missed, dense hit",,2.0,1,0,0,0.0,0
boundary:query,83,L26,hybrid,create,"default missed, hybrid hit",,2.0,1,0,0,0.0,0
boundary:query,84,L3,dense,exception,contradicted; every cut loses a supporter,1.7832,1.7832,5,12,4,0.0,15
boundary:query,84,L4,hybrid,exception,contradicted; every cut loses a supporter,1.7832,1.7832,5,12,4,0.0,15
boundary:query,84,L3,dense,split,4 exceptions; cut f:query_len_tokens at 21,,1.7832,5,12,4,0.0,15
boundary:query,84,L3.lo,dense,create,split of L3,,1.7574,4,0,0,0.0,0
boundary:query,84,L3.hi,dense,create,split of L3,,1.6286,1,0,0,0.0,0
boundary:query,84,L4,hybrid,split,4 exceptions; cut f:query_len_tokens at 21,,1.7832,5,12,4,0.0,15
boundary:query,84,L4.lo,hybrid,create,split of L4,,1.7574,4,0,0,0.0,0
boundary:query,84,L4.hi,hybrid,create,split of L4,,1.6286,1,0,0,0.0,0
boundary:query,88,L5,dense,exception,contradicted; every cut loses a supporter,2.2247,2.2247,5,9,3,0.1,10
boundary:query,88,L6,hybrid,exception,contradicted; every cut loses a supporter,2.2247,2.2247,4,9,3,0.1,10
boundary:query,89,L11,hybrid,expand,arm beat the default just outside the box,2.0112,2.0913,2,1,0,0.0,1
boundary:query,89,L31,hybrid,create,"default missed, hybrid hit",,2.0,1,0,0,0.0,0
boundary:query,91,L24,dense,retire,utility <= 0,,2.0695,3,4,0,0.0,5
boundary:query,92,L21,hybrid,expand,arm beat the default just outside the box,2.0866,2.0869,3,2,0,0.0,2
boundary:query,96,L12,dense,exception,contradicted; every cut loses a supporter,2.0104,2.0104,4,5,1,0.2857,7
boundary:query,96,L13,hybrid,exception,contradicted; every cut loses a supporter,2.0104,2.0104,3,5,1,0.1667,6
boundary:query,97,L20,dense,expand,arm beat the default just outside the box,2.03,2.0481,5,2,0,0.5,4
boundary:query,97,L21,hybrid,expand,arm beat the default just outside the box,2.0364,2.0518,4,2,0,0.0,2
boundary:query,97,L32,dense,create,"default missed, dense hit",,2.0,1,0,0,0.0,0
boundary:query,97,L33,hybrid,create,"default missed, hybrid hit",,2.0,1,0,0,0.0,0
boundary:query,100,L25,dense,retire,utility <= 0,,1.9821,1,5,0,-0.4,5
boundary:query,100,L26,hybrid,retire,utility <= 0,,1.9821,1,5,0,-0.2,5
boundary:query,102,L11,hybrid,retire,utility <= 0,,2.064,2,5,0,-0.2,5
boundary:query,104,L12,dense,narrow,contradicted; cut f:query_len_tokens,2.0208,1.9462,4,6,1,0.25,8
boundary:query,104,L13,hybrid,narrow,contradicted; cut f:query_len_tokens,2.0208,1.9462,3,6,1,0.1429,7
boundary:query,105,L16,dense,exception,contradicted; every cut loses a supporter,2.0595,2.0595,5,4,1,0.4286,7
boundary:query,105,L17,hybrid,exception,contradicted; every cut loses a supporter,2.0595,2.0595,4,4,1,0.3333,6
boundary:query,105,L20,dense,exception,contradicted; every cut loses a supporter,2.0613,2.0613,5,4,1,0.3333,6
boundary:query,106,L5,dense,exception,contradicted; every cut loses a supporter,2.1877,2.1877,6,10,4,0.0833,12
boundary:query,106,L6,hybrid,exception,contradicted; every cut loses a supporter,2.1877,2.1877,5,10,4,0.1667,12
boundary:query,106,L16,dense,narrow,contradicted; cut f:query_len_tokens,2.0535,1.9915,5,5,1,0.25,8
boundary:query,106,L17,hybrid,narrow,contradicted; cut f:query_len_tokens,2.0535,1.9915,4,5,1,0.2857,7
boundary:query,106,L20,dense,narrow,contradicted; cut f:query_len_tokens,2.0554,1.944,5,5,1,0.1429,7
boundary:query,106,L5,dense,split,4 exceptions; cut f:query_cap_spans at 1.5,,2.1877,6,10,4,0.0833,12
boundary:query,106,L5.lo,dense,create,split of L5,,1.9777,3,0,0,0.0,0
boundary:query,106,L5.hi,dense,create,split of L5,,2.1039,3,0,0,0.0,0
boundary:query,106,L6,hybrid,split,4 exceptions; cut f:query_cap_spans at 2,,2.1877,5,10,4,0.1667,12
boundary:query,106,L6.lo,hybrid,create,split of L6,,2.0615,5,0,0,0.0,0
boundary:query,107,L12,dense,exception,contradicted; every cut loses a supporter,1.9307,1.9307,4,7,2,0.2222,9
boundary:query,107,L13,hybrid,exception,contradicted; every cut loses a supporter,1.9307,1.9307,3,7,2,0.125,8
boundary:query,107,L20,dense,exception,contradicted; every cut loses a supporter,1.9378,1.9378,5,6,2,0.125,8
boundary:query,108,L3.lo,dense,expand,arm beat the default just outside the box,1.7295,1.8664,5,4,0,-0.25,4
boundary:query,108,L3.hi,dense,expand,arm beat the default just outside the box,1.5953,1.7053,2,1,0,0.0,1
boundary:query,108,L4.lo,hybrid,expand,arm beat the default just outside the box,1.7295,1.8664,5,4,0,0.0,4
boundary:query,108,L4.hi,hybrid,expand,arm beat the default just outside the box,1.5953,1.7053,2,1,0,0.0,1
boundary:query,108,L37,dense,create,"default missed, dense hit",,2.0,1,0,0,0.0,0
boundary:query,108,L38,hybrid,create,"default missed, hybrid hit",,2.0,1,0,0,0.0,0
boundary:query,109,L22,dense,expand,arm beat the default just outside the box,2.0284,2.0415,2,2,0,0.0,2
boundary:query,109,L23,hybrid,expand,arm beat the default just outside the box,2.0284,2.0415,3,1,0,0.5,2
boundary:query,109,L3.lo,dense,expand,arm beat the default just outside the box,1.8703,1.8972,6,4,0,-0.25,4
boundary:query,109,L4.lo,hybrid,expand,arm beat the default just outside the box,1.8703,1.8972,6,4,0,0.0,4
boundary:query,109,L31,hybrid,expand,arm beat the default just outside the box,1.9573,1.9791,2,0,0,0.0,0
boundary:query,109,L37,dense,expand,arm beat the default just outside the box,2.0045,2.0797,2,0,0,0.0,0
boundary:query,109,L38,hybrid,expand,arm beat the default just outside the box,2.0045,2.0797,2,0,0,0.0,0
boundary:query,109,L39,dense,create,"default missed, dense hit",,2.0,1,0,0,0.0,0
boundary:query,109,L40,hybrid,create,"default missed, hybrid hit",,2.0,1,0,0,0.0,0
boundary:query,110,L3.lo,dense,retire,utility <= 0,,1.9006,6,5,0,-0.2,5
boundary:query,110,L4.lo,hybrid,retire,utility <= 0,,1.9006,6,5,0,0.0,5
boundary:query,111,L37,dense,expand,arm beat the default just outside the box,2.0874,2.1415,3,1,0,0.0,1
boundary:query,111,L38,hybrid,expand,arm beat the default just outside the box,2.0874,2.1415,3,1,0,0.0,1
boundary:query,116,L37,dense,retire,utility <= 0,,2.1417,3,5,0,0.0,5
boundary:query,116,L38,hybrid,retire,utility <= 0,,2.1417,3,5,0,0.0,5
boundary:query,118,L22,dense,expand,arm beat the default just outside the box,2.0472,2.0765,4,4,0,0.2,5
boundary:query,118,L23,hybrid,expand,arm beat the default just outside the box,2.0472,2.0765,5,3,0,0.4,5
boundary:query,118,L3.hi,dense,expand,arm beat the default just outside the box,1.7118,1.7662,3,3,0,0.0,3
boundary:query,118,L4.hi,hybrid,expand,arm beat the default just outside the box,1.7118,1.7662,3,3,0,0.0,3
boundary:query,118,L31,hybrid,expand,arm beat the default just outside the box,1.9844,2.0555,4,0,0,1.0,1
boundary:query,119,L22,dense,exception,contradicted; every cut loses a supporter,2.0785,2.0785,4,5,1,0.1667,6
boundary:query,119,L23,hybrid,exception,contradicted; every cut loses a supporter,2.0785,2.0785,5,4,1,0.3333,6
boundary:query,120,L21,hybrid,retire,utility <= 0,,2.0622,4,5,0,0.0,5
boundary:query,122,L39,dense,expand,arm beat the default just outside the box,2.002,2.0024,4,0,0,1.0,2
boundary:query,122,L41,dense,create,"default missed, dense hit",,2.0,1,0,0,0.0,0
boundary:query,130,L12,dense,exception,contradicted; every cut loses a supporter,1.9293,1.9293,4,8,3,0.2,10
boundary:query,130,L13,hybrid,exception,contradicted; every cut loses a supporter,1.9293,1.9293,3,8,3,0.1111,9
boundary:query,130,L16,dense,exception,contradicted; every cut loses a supporter,1.9833,1.9833,5,6,2,0.2222,9
boundary:query,130,L17,hybrid,exception,contradicted; every cut loses a supporter,1.9833,1.9833,4,6,2,0.25,8
boundary:query,130,L20,dense,exception,contradicted; every cut loses a supporter,1.9364,1.9364,5,7,3,0.1111,9
boundary:query,132,L22,dense,exception,contradicted; every cut loses a supporter,2.0674,2.0674,4,6,2,0.1429,7
boundary:query,132,L23,hybrid,exception,contradicted; every cut loses a supporter,2.0674,2.0674,5,5,2,0.2857,7
boundary:query,133,L22,dense,exception,contradicted; every cut loses a supporter,2.0716,2.0716,4,7,3,0.125,8
boundary:query,133,L23,hybrid,exception,contradicted; every cut loses a supporter,2.0716,2.0716,5,6,3,0.25,8
boundary:query,134,L5.hi,dense,expand,arm beat the default just outside the box,2.1028,2.1853,4,2,0,0.0,2
boundary:query,138,L3.hi,dense,retire,utility <= 0,,1.7677,3,5,0,-0.2,5
boundary:query,138,L4.hi,hybrid,retire,utility <= 0,,1.7677,3,5,0,0.0,5
boundary:query,142,L31,hybrid,exception,contradicted; every cut loses a supporter,2.0234,2.0234,4,5,1,0.1667,6
boundary:query,144,L5.lo,dense,expand,arm beat the default just outside the box,1.9587,2.0392,5,1,0,0.5,2
boundary:query,145,L22,dense,exception,contradicted; every cut loses a supporter,2.0491,2.0491,4,8,4,0.1111,9
boundary:query,145,L23,hybrid,exception,contradicted; every cut loses a supporter,2.0491,2.0491,5,7,4,0.2222,9
boundary:query,145,L31,hybrid,exception,contradicted; every cut loses a supporter,2.0275,2.0275,4,6,2,0.1429,7
boundary:query,145,L39,dense,exception,contradicted; every cut loses a supporter,1.9814,1.9814,4,4,1,0.3333,6
boundary:query,145,L22,dense,split,4 exceptions; cut f:query_cap_spans at 1,,2.0491,4,8,4,0.1111,9
boundary:query,145,L22.lo,dense,create,split of L22,,2.0491,4,0,0,0.0,0
boundary:query,145,L23,hybrid,split,4 exceptions; cut f:query_cap_spans at 1,,2.0491,5,7,4,0.2222,9
boundary:query,145,L23.lo,hybrid,create,split of L23,,2.0491,5,0,0,0.0,0
boundary:query,146,L16,dense,exception,contradicted; every cut loses a supporter,1.9687,1.9687,6,7,3,0.2727,11
boundary:query,146,L17,hybrid,exception,contradicted; every cut loses a supporter,1.9687,1.9687,5,7,3,0.3,10
boundary:query,146,L20,dense,exception,contradicted; every cut loses a supporter,1.9231,1.9231,6,8,4,0.1818,11
boundary:query,146,L6.lo,hybrid,exception,contradicted; every cut loses a supporter,2.0385,2.0385,8,4,1,0.4286,7
boundary:query,146,L20,dense,split,4 exceptions; cut f:query_len_tokens at 11.5,,1.9231,6,8,4,0.1818,11
boundary:query,146,L20.lo,dense,create,split of L20,,1.752,3,0,0,0.0,0
boundary:query,146,L20.hi,dense,create,split of L20,,1.833,3,0,0,0.0,0
boundary:query,147,L39,dense,expand,arm beat the default just outside the box,1.9813,1.9816,5,4,1,0.3333,6
boundary:query,147,L40,hybrid,expand,arm beat the default just outside the box,1.981,1.9813,4,2,0,0.5,4
boundary:query,147,L46,dense,create,"default missed, dense hit",,2.0,1,0,0,0.0,0
boundary:query,149,L39,dense,exception,contradicted; every cut loses a supporter,1.9876,1.9876,5,5,2,0.2857,7
boundary:query,149,L40,hybrid,exception,contradicted; every cut loses a supporter,1.9873,1.9873,4,4,1,0.3333,6
boundary:query,150,L31,hybrid,exception,contradicted; every cut loses a supporter,2.0364,2.0364,5,7,3,0.2222,9
boundary:query,150,L39,dense,exception,contradicted; every cut loses a supporter,1.9902,1.9902,5,6,3,0.25,8
boundary:query,150,L40,hybrid,exception,contradicted; every cut loses a supporter,1.9898,1.9898,4,5,2,0.2857,7
boundary:query,152,L16,dense,narrow,contradicted; cut f:query_len_tokens,1.9797,1.9717,6,8,3,0.25,12
boundary:query,152,L17,hybrid,narrow,contradicted; cut f:query_len_tokens,1.9797,1.9717,5,8,3,0.2727,11
boundary:query,154,L31,hybrid,exception,contradicted; every cut loses a supporter,2.0403,2.0403,5,8,4,0.2,10
boundary:query,154,L39,dense,exception,contradicted; every cut loses a supporter,1.9934,1.9934,5,7,4,0.2222,9
boundary:query,154,L40,hybrid,exception,contradicted; every cut loses a supporter,1.9931,1.9931,4,6,3,0.25,8
boundary:query,154,L31,hybrid,split,4 exceptions; cut f:query_cap_spans at 1,,2.0403,5,8,4,0.2,10
boundary:query,154,L31.lo,hybrid,create,split of L31,,1.7346,3,0,0,0.0,0
boundary:query,154,L31.hi,hybrid,create,split of L31,,2.0403,2,0,0,0.0,0
boundary:query,154,L39,dense,split,4 exceptions; cut f:query_cap_spans at 1,,1.9934,5,7,4,0.2222,9
boundary:query,154,L39.lo,dense,create,split of L39,,1.8299,4,0,0,0.0,0
boundary:query,154,L39.hi,dense,create,split of L39,,1.8299,1,0,0,0.0,0
boundary:query,154,L46,dense,retire,utility <= 0,,2.012,1,5,0,0.0,5
boundary:query,155,L40,hybrid,exception,contradicted; every cut loses a supporter,1.9964,1.9964,4,7,4,0.2222,9
boundary:query,155,L40,hybrid,split,4 exceptions; cut f:query_cap_spans at 1,,1.9964,4,7,4,0.2222,9
boundary:query,155,L40.lo,hybrid,create,split of L40,,1.8325,3,0,0,0.0,0
boundary:query,155,L40.hi,hybrid,create,split of L40,,1.8328,1,0,0,0.0,0
boundary:query,159,L39.hi,dense,expand,arm beat the default just outside the box,1.8433,1.8915,5,1,0,0.75,4
boundary:query,159,L53,dense,create,"default missed, dense hit",,2.0,1,0,0,0.0,0
boundary:query,160,L41,dense,exception,contradicted; every cut loses a supporter,2.0075,2.0075,4,5,1,0.375,8
boundary:query,161,L41,dense,exception,contradicted; every cut loses a supporter,2.0102,2.0102,4,6,2,0.2222,9
boundary:query,161,L22.lo,dense,exception,contradicted; every cut loses a supporter,2.0823,2.0823,7,3,1,0.3333,6
boundary:query,161,L23.lo,hybrid,exception,contradicted; every cut loses a supporter,2.0823,2.0823,7,4,1,0.3333,6
boundary:query,162,L31.hi,hybrid,exception,contradicted; every cut loses a supporter,2.0626,2.0626,4,4,1,0.3333,6
boundary:query,162,L39.hi,dense,narrow,contradicted; cut f:query_len_tokens,1.8974,1.8125,5,3,0,0.3333,6
boundary:query,163,L22.lo,dense,exception,contradicted; every cut loses a supporter,2.0858,2.0858,7,4,2,0.2857,7
boundary:query,163,L23.lo,hybrid,exception,contradicted; every cut loses a supporter,2.0858,2.0858,7,5,2,0.2857,7
boundary:query,163,L39.lo,dense,exception,contradicted; every cut loses a supporter,1.8506,1.8506,7,3,1,0.3333,6
boundary:query,164,L13,hybrid,exception,contradicted; every cut loses a supporter,1.9481,1.9481,3,9,4,0.1,10
boundary:query,164,L17,hybrid,exception,contradicted; every cut loses a supporter,1.9946,1.9946,5,9,4,0.25,12
boundary:query,164,L33,hybrid,narrow,contradicted; cut f:query_len_tokens,2.0174,1.9292,2,5,0,0.1667,6
boundary:query,164,L6.lo,hybrid,exception,contradicted; every cut loses a supporter,2.0757,2.0757,8,5,2,0.375,8
boundary:query,164,L20.hi,dense,expand,arm beat the default just outside the box,1.8619,1.902,4,0,0,0.0,0
boundary:query,164,L13,hybrid,split,4 exceptions; cut f:query_cap_spans at 1,,1.9481,3,9,4,0.1,10
boundary:query,164,L13.lo,hybrid,create,split of L13,,1.9481,3,0,0,0.0,0
boundary:query,164,L17,hybrid,split,4 exceptions; cut f:query_len_tokens at 12,,1.9946,5,9,4,0.25,12
boundary:query,164,L17.lo,hybrid,create,split of L17,,1.781,3,0,0,0.0,0
boundary:query,164,L17.hi,hybrid,create,split of L17,,1.8878,2,0,0,0.0,0
boundary:query,165,L31.hi,hybrid,exception,contradicted; every cut loses a supporter,2.0634,2.0634,4,5,2,0.2857,7
boundary:query,165,L39.hi,dense,narrow,contradicted; cut f:query_len_tokens,1.8126,1.7591,5,4,0,0.2857,7
boundary:query,165,L40.hi,hybrid,narrow,contradicted; cut f:query_len_tokens,1.8493,1.7106,3,4,0,0.3333,6
boundary:query,166,L57,dense,create,"default missed, dense hit",,2.0,1,0,0,0.0,0
boundary:query,166,L58,hybrid,create,"default missed, hybrid hit",,2.0,1,0,0,0.0,0
boundary:query,167,L22.lo,dense,expand,arm beat the default just outside the box,2.0789,2.1574,8,4,2,0.2857,7
boundary:query,167,L23.lo,hybrid,expand,arm beat the default just outside the box,2.0789,2.1574,8,5,2,0.2857,7
boundary:query,167,L31.lo,hybrid,expand,arm beat the default just outside the box,1.7469,1.8254,6,2,0,0.5,4
boundary:query,167,L31.hi,hybrid,expand,arm beat the default just outside the box,2.0567,2.1353,5,5,2,0.2857,7
boundary:query,167,L39.lo,dense,expand,arm beat the default just outside the box,1.8447,1.8922,8,3,1,0.3333,6
boundary:query,167,L40.lo,hybrid,expand,arm beat the default just outside the box,1.8443,1.8918,6,1,0,0.6667,3
boundary:query,167,L40.hi,hybrid,expand,arm beat the default just outside the box,1.7089,1.7564,4,4,0,0.3333,6
boundary:query,167,L59,hybrid,create,"default missed, hybrid hit",,2.0,1,0,0,0.0,0
boundary:query,168,L41,dense,narrow,contradicted; cut f:query_len_tokens,2.0101,1.9033,4,7,2,0.2,10
boundary:query,168,L22.lo,dense,narrow,contradicted; cut f:query_len_tokens,2.1594,2.0044,8,5,2,0.25,8
boundary:query,168,L23.lo,hybrid,narrow,contradicted; cut f:query_len_tokens,2.1594,2.0044,8,6,2,0.25,8
boundary:query,168,L31.hi,hybrid,exception,contradicted; every cut loses a supporter,2.1372,2.1372,5,6,3,0.25,8
boundary:query,168,L39.lo,dense,narrow,contradicted; cut f:query_len_tokens,1.8938,1.8366,8,4,1,0.2857,7
boundary:query,169,L32,dense,exception,contradicted; every cut loses a supporter,2.0126,2.0126,3,5,1,0.2857,7
boundary:query,169,L33,hybrid,exception,contradicted; every cut loses a supporter,1.9261,1.9261,2,6,1,0.1429,7
boundary:query,170,L57,dense,expand,arm beat the default just outside the box,1.9981,2.0144,2,0,0,0.0,0
boundary:query,170,L58,hybrid,expand,arm beat the default just outside the box,1.9981,2.0144,2,0,0,0.0,0
boundary:query,170,L60,hybrid,create,"default missed, hybrid hit",,2.0,1,0,0,0.0,0
boundary:query,171,L41,dense,exception,contradicted; every cut loses a supporter,1.9,1.9,4,8,3,0.1818,11
boundary:query,171,L22.lo,dense,exception,contradicted; every cut loses a supporter,2.0009,2.0009,8,6,3,0.2222,9
boundary:query,171,L23.lo,hybrid,exception,contradicted; every cut loses a supporter,2.0009,2.0009,8,7,3,0.2222,9
boundary:query,171,L31.lo,hybrid,exception,contradicted; every cut loses a supporter,1.8242,1.8242,6,4,1,0.3333,6
boundary:query,171,L31.hi,hybrid,exception,contradicted; every cut loses a supporter,2.1334,2.1334,5,7,4,0.2222,9
boundary:query,171,L39.lo,dense,exception,contradicted; every cut loses a supporter,1.8338,1.8338,8,5,2,0.25,8
boundary:query,171,L39.hi,dense,narrow,contradicted; cut f:query_len_tokens,1.7555,1.7294,6,5,0,0.3333,9
boundary:query,171,L40.hi,hybrid,narrow,contradicted; cut f:query_len_tokens,1.7555,1.7294,4,5,0,0.2857,7
boundary:query,171,L31.hi,hybrid,split,4 exceptions; cut f:query_len_tokens at 17,,2.1334,5,7,4,0.2222,9
boundary:query,171,L31.hi.lo,hybrid,create,split of L31.hi,,2.0028,3,0,0,0.0,0
boundary:query,171,L31.hi.hi,hybrid,create,split of L31.hi,,1.7839,2,0,0,0.0,0
boundary:query,172,L39.hi,dense,narrow,contradicted; cut f:query_len_tokens,1.7317,1.7056,6,6,0,0.3,10
boundary:query,172,L40.lo,hybrid,exception,contradicted; every cut loses a supporter,1.8933,1.8933,6,4,1,0.3333,6
boundary:query,172,L40.hi,hybrid,narrow,contradicted; cut f:query_len_tokens,1.7317,1.7056,4,6,0,0.25,8
boundary:query,173,L31.lo,hybrid,narrow,contradicted; cut f:query_len_tokens,1.8274,1.6865,6,5,1,0.2857,7
boundary:query,173,L40.lo,hybrid,narrow,contradicted; cut f:query_len_tokens,1.8945,1.8635,6,5,1,0.2857,7
boundary:query,174,L33,hybrid,expand,arm beat the default just outside the box,1.9284,1.9545,3,6,1,0.1429,7
boundary:query,174,L20.hi,dense,expand,arm beat the default just outside the box,1.9019,1.928,5,1,0,0.0,1
boundary:query,174,L17.hi,hybrid,expand,arm beat the default just outside the box,1.8877,1.966,3,0,0,0.0,0
boundary:query,175,L23.lo,hybrid,exception,contradicted; every cut loses a supporter,2.0051,2.0051,8,8,4,0.2,10
boundary:query,175,L31.lo,hybrid,exception,contradicted; every cut loses a supporter,1.6846,1.6846,6,6,2,0.25,8
boundary:query,175,L40.hi,hybrid,exception,contradicted; every cut loses a supporter,1.7056,1.7056,4,7,1,0.2222,9
boundary:query,175,L23.lo,hybrid,split,4 exceptions; cut f:query_len_tokens at 16.5,,2.0051,8,8,4,0.2,10
boundary:query,175,L23.lo.lo,hybrid,create,split of L23.lo,,1.8612,4,0,0,0.0,0
boundary:query,175,L23.lo.hi,hybrid,create,split of L23.lo,,1.835,4,0,0,0.0,0
boundary:query,176,L5.lo,dense,exception,contradicted; every cut loses a supporter,2.0685,2.0685,7,3,1,0.5,6
boundary:query,176,L5.hi,dense,exception,contradicted; every cut loses a supporter,2.1945,2.1945,8,4,1,0.5,8
boundary:query,178,L16,dense,expand,arm beat the default just outside the box,1.9901,1.9901,9,8,3,0.3571,14
boundary:query,178,L20.lo,dense,expand,arm beat the default just outside the box,1.7787,1.7787,6,1,0,0.6667,3
boundary:query,178,L20.hi,dense,expand,arm beat the default just outside the box,1.926,1.9521,6,2,0,0.0,2
boundary:query,178,L17.lo,hybrid,expand,arm beat the default just outside the box,1.7813,1.7813,5,1,0,0.5,2
boundary:query,178,L17.hi,hybrid,expand,arm beat the default just outside the box,1.964,1.9901,4,1,0,0.0,1
boundary:query,178,L65,dense,create,"default missed, dense hit",,2.0,1,0,0,0.0,0
boundary:query,182,L31.lo,hybrid,narrow,contradicted; cut f:query_len_tokens,1.6797,1.6538,7,7,2,0.3,10
boundary:query,182,L40.lo,hybrid,narrow,contradicted; cut f:query_len_tokens,1.8584,1.8325,7,6,1,0.3333,9
boundary:query,182,L31.hi.lo,hybrid,exception,contradicted; every cut loses a supporter,2.0039,2.0039,4,5,1,0.1667,6
boundary:query,183,L31.hi.lo,hybrid,exception,contradicted; every cut loses a supporter,2.0062,2.0062,4,6,2,0.1429,7
boundary:query,184,L5.lo,dense,exception,contradicted; every cut loses a supporter,2.0667,2.0667,7,4,2,0.4286,7
boundary:query,184,L5.hi,dense,exception,contradicted; every cut loses a supporter,2.1936,2.1936,8,5,2,0.4444,9
boundary:query,186,L31.lo,hybrid,exception,contradicted; every cut loses a supporter,1.6518,1.6518,7,8,3,0.2727,11
boundary:query,186,L39.lo,dense,exception,contradicted; every cut loses a supporter,1.8321,1.8321,10,6,3,0.3636,11
boundary:query,186,L40.lo,hybrid,exception,contradicted; every cut loses a supporter,1.8318,1.8318,7,7,2,0.3,10
boundary:query,186,L31.hi.lo,hybrid,exception,contradicted; every cut loses a supporter,2.0039,2.0039,4,7,3,0.125,8
boundary:query,188,L31.hi.lo,hybrid,exception,contradicted; every cut loses a supporter,2.0036,2.0036,4,8,4,0.1111,9
boundary:query,188,L31.hi.lo,hybrid,split,4 exceptions; cut f:query_cap_spans at 1.5,,2.0036,4,8,4,0.1111,9
boundary:query,188,L31.hi.lo.lo,hybrid,create,split of L31.hi.lo,,1.771,2,0,0,0.0,0
boundary:query,188,L31.hi.lo.hi,hybrid,create,split of L31.hi.lo,,1.9187,2,0,0,0.0,0
boundary:query,189,L22.lo,dense,exception,contradicted; every cut loses a supporter,2.0047,2.0047,9,7,4,0.2727,11
boundary:query,189,L31.lo,hybrid,exception,contradicted; every cut loses a supporter,1.6519,1.6519,7,9,4,0.25,12
boundary:query,189,L39.lo,dense,exception,contradicted; every cut loses a supporter,1.8332,1.8332,10,7,4,0.3333,12
boundary:query,189,L39.hi,dense,exception,contradicted; every cut loses a supporter,1.7043,1.7043,7,7,1,0.3333,12
boundary:query,189,L40.lo,hybrid,exception,contradicted; every cut loses a supporter,1.8329,1.8329,7,8,3,0.2727,11
boundary:query,189,L40.hi,hybrid,exception,contradicted; every cut loses a supporter,1.7043,1.7043,4,8,2,0.2,10
boundary:query,189,L22.lo,dense,split,4 exceptions; cut f:query_len_tokens at 16,,2.0047,9,7,4,0.2727,11
boundary:query,189,L22.lo.lo,dense,create,split of L22.lo,,1.8501,5,0,0,0.0,0
boundary:query,189,L22.lo.hi,dense,create,split of L22.lo,,1.8501,4,0,0,0.0,0
boundary:query,189,L31.lo,hybrid,split,4 exceptions; cut f:query_len_tokens at 16,,1.6519,7,9,4,0.25,12
boundary:query,189,L31.lo.lo,hybrid,create,split of L31.lo,,1.4972,4,0,0,0.0,0
boundary:query,189,L31.lo.hi,hybrid,create,split of L31.lo,,1.4972,3,0,0,0.0,0
boundary:query,189,L39.lo,dense,split,4 exceptions; cut f:query_len_tokens at 16,,1.8332,10,7,4,0.3333,12
boundary:query,189,L39.lo.lo,dense,create,split of L39.lo,,1.6785,6,0,0,0.0,0
boundary:query,189,L39.lo.hi,dense,create,split of L39.lo,,1.6785,4,0,0,0.0,0
boundary:query,190,L41,dense,exception,contradicted; every cut loses a supporter,1.9081,1.9081,5,9,4,0.2308,13
boundary:query,190,L39.hi,dense,exception,contradicted; every cut loses a supporter,1.7064,1.7064,7,8,2,0.3077,13
boundary:query,190,L41,dense,split,4 exceptions; cut f:query_len_tokens at 16,,1.9081,5,9,4,0.2308,13
boundary:query,190,L41.lo,dense,create,split of L41,,1.8543,3,0,0,0.0,0
boundary:query,190,L41.hi,dense,create,split of L41,,1.753,2,0,0,0.0,0
boundary:query,192,L40.lo,hybrid,expand,arm beat the default just outside the box,1.8379,1.8641,8,8,3,0.2727,11
boundary:query,192,L23.lo.lo,hybrid,expand,arm beat the default just outside the box,1.8677,1.8936,6,4,0,0.2,5
boundary:query,192,L22.lo.lo,dense,expand,arm beat the default just outside the box,1.8548,1.8807,6,1,0,0.0,1
boundary:query,192,L39.lo.lo,dense,expand,arm beat the default just outside the box,1.683,1.7088,7,1,0,0.0,1
boundary:query,192,L41.lo,dense,expand,arm beat the default just outside the box,1.8566,1.8825,4,0,0,0.0,0
boundary:query,192,L76,dense,create,"default missed, dense hit",,2.0,1,0,0,0.0,0
boundary:query,192,L77,hybrid,create,"default missed, hybrid hit",,2.0,1,0,0,0.0,0
boundary:query,194,L39.hi,dense,expand,arm beat the default just outside the box,1.7121,1.7639,8,8,2,0.3077,13
boundary:query,194,L22.lo.hi,dense,expand,arm beat the default just outside the box,1.8586,1.9105,5,1,0,0.0,1
boundary:query,194,L39.lo.hi,dense,expand,arm beat the default just outside the box,1.6862,1.738,5,1,0,0.0,1
boundary:query,194,L59,hybrid,retire,utility <= 0,,2.0119,1,5,0,0.0,5
boundary:query,195,L23.lo.lo,hybrid,exception,contradicted; every cut loses a supporter,1.8998,1.8998,6,5,1,0.0,6
boundary:query,195,L23.lo.lo,hybrid,retire,utility <= 0,,1.8998,6,5,1,0.0,6
boundary:query,196,L40.hi,hybrid,exception,contradicted; every cut loses a supporter,1.7159,1.7159,4,9,3,0.1818,11
boundary:query,197,L22.lo.lo,dense,expand,arm beat the default just outside the box,1.8914,1.9175,7,2,0,-0.5,2
boundary:query,197,L31.lo.lo,hybrid,expand,arm beat the default just outside the box,1.5085,1.5346,5,2,0,-0.5,2
boundary:query,197,L39.lo.lo,dense,expand,arm beat the default just outside the box,1.7179,1.744,8,2,0,-0.5,2
boundary:query,197,L41.lo,dense,expand,arm beat the default just outside the box,1.8932,1.9193,5,1,0,-1.0,1
boundary:query,197,L76,dense,expand,arm beat the default just outside the box,2.0117,2.0563,2,0,0,0.0,0
boundary:query,197,L77,hybrid,expand,arm beat the default just outside the box,2.0117,2.0563,2,0,0,0.0,0
boundary:query,198,L32,dense,narrow,contradicted; cut f:query_len_tokens,2.0309,2.023,4,6,1,0.3333,9
boundary:query,198,L5.lo,dense,narrow,contradicted; cut f:query_len_tokens,2.0805,1.8651,7,5,2,0.375,8
boundary:query,198,L5.hi,dense,narrow,contradicted; cut f:query_len_tokens,2.2104,1.9949,8,6,2,0.4,10
boundary:query,198,L6.lo,hybrid,narrow,contradicted; cut f:query_len_tokens,2.0805,1.8651,9,6,2,0.4,10
boundary:query,200,L31.hi.lo.lo,hybrid,retire,utility <= 0,,1.7872,3,4,0,-0.2,5
boundary:query,201,L20.lo,dense,exception,contradicted; every cut loses a supporter,1.7989,1.7989,6,4,1,0.3333,6
boundary:query,201,L20.hi,dense,retire,utility <= 0,,1.9727,6,5,0,0.0,5
boundary:query,202,L40.lo,hybrid,exception,contradicted; every cut loses a supporter,1.8733,1.8733,9,9,4,0.3077,13
boundary:query,202,L40.lo,hybrid,split,4 exceptions; cut f:query_len_tokens at 16,,1.8733,9,9,4,0.3077,13
boundary:query,202,L40.lo.lo,hybrid,create,split of L40.lo,,1.7161,5,0,0,0.0,0
boundary:query,202,L40.lo.hi,hybrid,create,split of L40.lo,,1.6899,4,0,0,0.0,0
boundary:query,203,L39.hi,dense,exception,contradicted; every cut loses a supporter,1.7706,1.7706,9,9,3,0.3333,15
boundary:query,203,L40.hi,hybrid,exception,contradicted; every cut loses a supporter,1.7181,1.7181,4,10,4,0.1667,12
boundary:query,203,L53,dense,exception,contradicted; every cut loses a supporter,2.0235,2.0235,8,3,1,0.7,10
boundary:query,203,L40.hi,hybrid,split,4 exceptions; cut f:query_len_tokens at 17.5,,1.7181,4,10,4,0.1667,12
boundary:query,203,L40.hi.lo,hybrid,create,split of L40.hi,,1.5999,2,0,0,0.0,0
boundary:query,203,L40.hi.hi,hybrid,create,split of L40.hi,,1.6524,2,0,0,0.0,0
boundary:query,204,L5.lo,dense,exception,contradicted; every cut loses a supporter,1.8664,1.8664,7,6,3,0.3333,9
boundary:query,204,L5.hi,dense,exception,contradicted; every cut loses a supporter,1.9972,1.9972,8,7,3,0.3636,11
boundary:query,204,L6.lo,hybrid,exception,contradicted; every cut loses a supporter,1.8664,1.8664,9,7,3,0.3636,11
boundary:query,204,L17.hi,hybrid,retire,utility <= 0,,2.0115,4,5,0,0.0,5
boundary:query,205,L22.lo.lo,dense,retire,utility <= 0,,1.9167,8,4,0,-0.2,5
boundary:query,205,L39.lo.lo,dense,retire,utility <= 0,,1.7423,9,4,0,-0.2,5
boundary:query,207,L39.hi,dense,exception,contradicted; every cut loses a supporter,1.7718,1.7718,9,10,4,0.25,16
boundary:query,207,L53,dense,exception,contradicted; every cut loses a supporter,2.0253,2.0253,8,4,2,0.5455,11
boundary:query,207,L39.hi,dense,split,4 exceptions; cut f:query_len_tokens at 17,,1.7718,9,10,4,0.25,16
boundary:query,207,L39.hi.lo,dense,create,split of L39.hi,,1.5873,5,0,0,0.0,0
boundary:query,207,L39.hi.hi,dense,create,split of L39.hi,,1.7191,4,0,0,0.0,0
boundary:query,208,L53,dense,exception,contradicted; every cut loses a supporter,2.0256,2.0256,8,5,3,0.5,12
boundary:query,209,L17.lo,hybrid,exception,contradicted; every cut loses a supporter,1.8017,1.8017,5,5,1,0.1667,6
boundary:query,209,L65,dense,retire,utility <= 0,,2.0232,1,5,0,0.0,5
boundary:query,210,L53,dense,exception,contradicted; every cut loses a supporter,2.0248,2.0248,8,6,4,0.4615,13
boundary:query,210,L53,dense,split,4 exceptions; cut f:query_cap_spans at 1,,2.0248,8,6,4,0.4615,13
boundary:query,210,L53.lo,dense,create,split of L53,,1.6768,5,0,0,0.0,0
boundary:query,210,L53.hi,dense,create,split of L53,,2.0236,3,0,0,0.0,0
boundary:query,211,L5.lo,dense,expand,arm beat the default just outside the box,1.8672,1.9202,8,6,3,0.3333,9
boundary:query,211,L5.hi,dense,expand,arm beat the default just outside the box,1.9979,2.0509,9,7,3,0.3636,11
boundary:query,211,L6.lo,hybrid,expand,arm beat the default just outside the box,1.8672,1.9202,10,7,3,0.3636,11
boundary:query,211,L86,hybrid,create,"default missed, hybrid hit",,2.0,1,0,0,0.0,0
boundary:query,212,L16,dense,exception,contradicted; every cut loses a supporter,2.0099,2.0099,10,9,4,0.375,16
boundary:query,212,L32,dense,narrow,contradicted; cut f:query_len_tokens,2.0254,1.9989,4,7,1,0.3,10
boundary:query,212,L5.lo,dense,narrow,contradicted; cut f:query_len_tokens,1.9165,1.8901,8,7,3,0.3,10
boundary:query,212,L5.hi,dense,exception,contradicted; every cut loses a supporter,2.0475,2.0475,9,8,4,0.3333,12
boundary:query,212,L6.lo,hybrid,exception,contradicted; every cut loses a supporter,1.9165,1.9165,10,8,4,0.3333,12
boundary:query,212,L20.lo,dense,exception,contradicted; every cut loses a supporter,1.7959,1.7959,6,5,2,0.2857,7
boundary:query,212,L17.lo,hybrid,exception,contradicted; every cut loses a supporter,1.7982,1.7982,5,6,2,0.1429,7
boundary:query,212,L16,dense,split,4 exceptions; cut f:query_cap_spans at 1.5,,2.0099,10,9,4,0.375,16
boundary:query,212,L16.lo,dense,create,split of L16,,1.764,5,0,0,0.0,0
boundary:query,212,L16.hi,dense,create,split of L16,,1.923,5,0,0,0.0,0
boundary:query,212,L5.hi,dense,split,4 exceptions; cut f:query_len_tokens at 10,,2.0475,9,8,4,0.3333,12
boundary:query,212,L5.hi.lo,dense,create,split of L5.hi,,1.8357,5,0,0,0.0,0
boundary:query,212,L5.hi.hi,dense,create,split of L5.hi,,1.9681,4,0,0,0.0,0
boundary:query,212,L6.lo,hybrid,split,4 exceptions; cut f:query_cap_spans at 2,,1.9165,10,8,4,0.3333,12
boundary:query,212,L6.lo.lo,hybrid,create,split of L6.lo,,1.9165,10,0,0,0.0,0
boundary:query,213,L41.lo,dense,retire,utility <= 0,,1.917,6,4,0,-0.2,5
boundary:query,214,L31.lo.lo,hybrid,retire,utility <= 0,,1.5306,5,5,0,-0.4,5
boundary:query,214,L76,dense,retire,utility <= 0,,2.0595,3,4,0,0.0,5
boundary:query,214,L77,hybrid,retire,utility <= 0,,2.0595,2,5,0,-0.2,5
boundary:query,215,L5.lo,dense,exception,contradicted; every cut loses a supporter,1.891,1.891,8,8,4,0.2727,11
boundary:query,215,L5.lo,dense,split,4 exceptions; cut f:query_cap_spans at 1,,1.891,8,8,4,0.2727,11
boundary:query,215,L5.lo.lo,dense,create,split of L5.lo,,1.7168,6,0,0,0.0,0
boundary:query,215,L5.lo.hi,dense,create,split of L5.lo,,1.891,2,0,0,0.0,0
boundary:query,216,L57,dense,expand,arm beat the default just outside the box,2.0376,2.0641,3,1,0,0.0,1
boundary:query,216,L58,hybrid,expand,arm beat the default just outside the box,2.0376,2.0641,3,1,0,0.0,1
boundary:query,217,L31.hi.hi,hybrid,exception,contradicted; every cut loses a supporter,1.8013,1.8013,3,5,1,0.1667,6
boundary:query,217,L22.lo.hi,dense,exception,contradicted; every cut loses a supporter,1.9158,1.9158,7,4,1,0.3333,6
boundary:query,217,L39.lo.hi,dense,exception,contradicted; every cut loses a supporter,1.7411,1.7411,7,4,1,0.3333,6
boundary:query,218,L31.hi.lo.hi,hybrid,retire,utility <= 0,,1.9387,2,5,0,0.0,5
boundary:query,219,L22.lo.hi,dense,expand,arm beat the default just outside the box,1.9193,1.9991,8,4,1,0.3333,6
boundary:query,219,L39.lo.hi,dense,expand,arm beat the default just outside the box,1.744,1.8239,8,4,1,0.3333,6
boundary:query,219,L41.hi,dense,expand,arm beat the default just outside the box,1.7638,1.8437,5,2,0,0.5,4
boundary:query,219,L39.hi.lo,dense,expand,arm beat the default just outside the box,1.5843,1.6375,6,0,0,0.0,0
boundary:query,219,L53.lo,dense,expand,arm beat the default just outside the box,1.676,1.7485,6,1,0,0.0,1
boundary:query,219,L53.hi,dense,expand,arm beat the default just outside the box,2.0245,2.0971,5,1,0,0.5,2
boundary:query,219,L94,dense,create,"default missed, dense hit",,2.0,1,0,0,0.0,0
boundary:query,220,L23.lo.hi,hybrid,exception,contradicted; every cut loses a supporter,1.8547,1.8547,5,5,1,0.1667,6
boundary:query,220,L31.lo.hi,hybrid,exception,contradicted; every cut loses a supporter,1.5068,1.5068,4,5,1,0.1667,6
boundary:query,220,L39.hi.lo,dense,expand,arm beat the default just outside the box,1.6391,1.6658,7,0,0,0.0,0
boundary:query,221,L23.lo.hi,hybrid,exception,contradicted; every cut loses a supporter,1.8551,1.8551,5,6,2,0.1429,7
boundary:query,221,L94,dense,expand,arm beat the default just outside the box,2.0028,2.0835,3,0,0,1.0,1
boundary:query,222,L23.lo.hi,hybrid,exception,contradicted; every cut loses a supporter,1.8558,1.8558,5,7,3,0.125,8
boundary:query,222,L22.lo.hi,dense,exception,contradicted; every cut loses a supporter,2.0029,2.0029,9,5,2,0.375,8
boundary:query,222,L39.lo.hi,dense,exception,contradicted; every cut loses a supporter,1.828,1.828,9,5,2,0.375,8
boundary:query,222,L41.hi,dense,narrow,contradicted; cut f:query_cap_spans,1.8466,1.672,6,3,0,0.5,6
boundary:query,222,L40.lo.hi,hybrid,retire,utility <= 0,,1.6942,4,5,0,0.0,5
boundary:query,223,L31.hi.hi,hybrid,narrow,contradicted; cut f:query_cap_spans,1.8091,1.6578,3,6,1,0.1429,7
boundary:query,225,L22.lo.hi,dense,exception,contradicted; every cut loses a supporter,2.0092,2.0092,9,6,3,0.3333,9
boundary:query,225,L39.lo.hi,dense,exception,contradicted; every cut loses a supporter,1.8336,1.8336,9,6,3,0.3333,9
boundary:query,225,L41.hi,dense,exception,contradicted; every cut loses a supporter,1.6767,1.6767,6,4,1,0.4286,7
boundary:query,225,L53.hi,dense,exception,contradicted; every cut loses a supporter,2.1081,2.1081,6,4,1,0.3333,6
boundary:query,225,L40.lo.lo,hybrid,retire,utility <= 0,,1.7259,5,5,0,0.0,5
boundary:query,227,L41.hi,dense,exception,contradicted; every cut loses a supporter,1.6801,1.6801,6,5,2,0.375,8
boundary:query,227,L53.hi,dense,exception,contradicted; every cut loses a supporter,2.1133,2.1133,6,5,2,0.2857,7
boundary:query,229,L53.hi,dense,exception,contradicted; every cut loses a supporter,2.1108,2.1108,6,6,3,0.25,8
boundary:query,230,L41.hi,dense,expand,arm beat the default just outside the box,1.6812,1.6812,7,5,2,0.375,8
boundary:query,231,L31.hi.hi,hybrid,expand,arm beat the default just outside the box,1.6668,1.6938,4,6,1,0.1429,7
boundary:query,231,L40.hi.hi,hybrid,expand,arm beat the default just outside the box,1.6646,1.7051,3,4,0,0.0,4
boundary:query,231,L39.hi.hi,dense,expand,arm beat the default just outside the box,1.732,1.759,6,4,0,0.2,5
boundary:query,231,L94,dense,expand,arm beat the default just outside the box,2.0974,2.105,5,4,0,0.3333,6
boundary:query,232,L41.hi,dense,expand,arm beat the default just outside the box,1.6843,1.7361,8,5,2,0.375,8
boundary:query,232,L40.hi.lo,hybrid,expand,arm beat the default just outside the box,1.6121,1.6796,4,2,0,0.3333,3
boundary:query,232,L39.hi.lo,dense,expand,arm beat the default just outside the box,1.6796,1.7337,9,4,0,0.2,5
boundary:query,233,L39.hi.lo,dense,exception,contradicted; every cut loses a supporter,1.7354,1.7354,9,5,1,0.1667,6
boundary:query,233,L53.lo,dense,exception,contradicted; every cut loses a supporter,1.7696,1.7696,8,5,1,0.2857,7
boundary:query,233,L94,dense,exception,contradicted; every cut loses a supporter,2.1097,2.1097,6,5,1,0.375,8
boundary:query,234,L31.hi.hi,hybrid,exception,contradicted; every cut loses a supporter,1.6986,1.6986,5,7,2,0.2222,9
boundary:query,234,L40.hi.hi,hybrid,exception,contradicted; every cut loses a supporter,1.7099,1.7099,4,5,1,0.1667,6
boundary:query,234,L39.hi.lo,dense,exception,contradicted; every cut loses a supporter,1.737,1.737,9,6,2,0.1429,7
boundary:query,234,L39.hi.hi,dense,exception,contradicted; every cut loses a supporter,1.7642,1.7642,7,5,1,0.2857,7
boundary:query,234,L53.hi,dense,exception,contradicted; every cut loses a supporter,2.1211,2.1211,8,7,4,0.3636,11
boundary:query,234,L94,dense,exception,contradicted; every cut loses a supporter,2.112,2.112,6,6,2,0.3333,9
boundary:query,234,L53.hi,dense,split,4 exceptions; cut f:query_len_tokens at 19,,2.1211,8,7,4,0.3636,11
boundary:query,234,L53.hi.lo,dense,create,split of L53.hi,,1.8694,4,0,0,0.0,0
boundary:query,234,L53.hi.hi,dense,create,split of L53.hi,,1.9583,4,0,0,0.0,0
boundary:query,237,L20.lo,dense,exception,contradicted; every cut loses a supporter,1.8107,1.8107,6,6,3,0.25,8
boundary:query,239,L94,dense,narrow,contradicted; cut f:query_len_tokens,2.1029,2.042,6,7,2,0.3,10
boundary:query,240,L17.lo,hybrid,exception,contradicted; every cut loses a supporter,1.8114,1.8114,5,7,3,0.125,8
boundary:query,240,L6.lo.lo,hybrid,retire,utility <= 0,,1.9334,10,5,0,-0.2,5
boundary:query,241,L31.hi.hi,hybrid,exception,contradicted; every cut loses a supporter,1.6894,1.6894,5,8,3,0.2,10
boundary:query,241,L40.hi.hi,hybrid,exception,contradicted; every cut loses a supporter,1.7006,1.7006,4,6,2,0.1429,7
boundary:query,241,L39.hi.hi,dense,exception,contradicted; every cut loses a supporter,1.7546,1.7546,7,6,2,0.25,8
boundary:query,241,L94,dense,exception,contradicted; every cut loses a supporter,2.0415,2.0415,6,8,3,0.2727,11
boundary:query,242,L12,dense,exception,contradicted; every cut loses a supporter,1.9801,1.9801,6,9,4,0.3077,13
boundary:query,242,L32,dense,narrow,contradicted; cut f:query_len_tokens,2.016,1.8995,4,8,1,0.2727,11
boundary:query,242,L33,hybrid,narrow,contradicted; cut f:query_len_tokens,1.9889,1.8724,3,7,1,0.125,8
boundary:query,242,L12,dense,split,4 exceptions; cut f:query_cap_spans at 1,,1.9801,6,9,4,0.3077,13
boundary:query,242,L12.lo,dense,create,split of L12,,1.9801,6,0,0,0.0,0
boundary:query,243,L60,hybrid,retire,utility <= 0,,2.0425,2,4,0,0.0,5
boundary:query,244,L53.hi.hi,dense,expand,arm beat the default just outside the box,1.951,1.9782,5,3,0,-0.3333,3
boundary:query,245,L31.hi.hi,hybrid,exception,contradicted; every cut loses a supporter,1.6913,1.6913,5,9,4,0.1818,11
boundary:query,245,L23.lo.hi,hybrid,exception,contradicted; every cut loses a supporter,1.8663,1.8663,6,8,4,0.2,10
boundary:query,245,L22.lo.hi,dense,exception,contradicted; every cut loses a supporter,2.0158,2.0158,11,7,4,0.4167,12
boundary:query,245,L31.lo.hi,hybrid,exception,contradicted; every cut loses a supporter,1.5148,1.5148,5,6,2,0.25,8
boundary:query,245,L39.lo.hi,dense,exception,contradicted; every cut loses a supporter,1.8384,1.8384,11,7,4,0.4167,12
boundary:query,245,L41.hi,dense,exception,contradicted; every cut loses a supporter,1.7321,1.7321,8,6,3,0.3333,9
boundary:query,245,L40.hi.lo,hybrid,exception,contradicted; every cut loses a supporter,1.6753,1.6753,5,4,1,0.3333,6
boundary:query,245,L40.hi.hi,hybrid,exception,contradicted; every cut loses a supporter,1.7025,1.7025,4,7,3,0.125,8
boundary:query,245,L39.hi.lo,dense,exception,contradicted; every cut loses a supporter,1.7297,1.7297,9,7,3,0.125,8
boundary:query,245,L39.hi.hi,dense,exception,contradicted; every cut loses a supporter,1.7568,1.7568,7,7,3,0.2222,9
boundary:query,245,L53.lo,dense,exception,contradicted; every cut loses a supporter,1.7631,1.7631,8,6,2,0.25,8
boundary:query,245,L94,dense,exception,contradicted; every cut loses a supporter,2.0456,2.0456,6,9,4,0.25,12
boundary:query,245,L31.hi.hi,hybrid,split,4 exceptions; cut f:query_cap_spans at 1,,1.6913,5,9,4,0.1818,11
boundary:query,245,L31.hi.hi.lo,hybrid,create,split of L31.hi.hi,,1.5148,4,0,0,0.0,0
boundary:query,245,L31.hi.hi.hi,hybrid,create,split of L31.hi.hi,,1.6913,1,0,0,0.0,0
boundary:query,245,L23.lo.hi,hybrid,split,4 exceptions; cut f:query_cap_spans at 1,,1.8663,6,8,4,0.2,10
boundary:query,245,L23.lo.hi.lo,hybrid,create,split of L23.lo.hi,,1.8663,6,0,0,0.0,0
boundary:query,245,L22.lo.hi,dense,split,4 exceptions; cut f:query_cap_spans at 1,,2.0158,11,7,4,0.4167,12
boundary:query,245,L22.lo.hi.lo,dense,create,split of L22.lo.hi,,2.0158,11,0,0,0.0,0
boundary:query,245,L39.lo.hi,dense,split,4 exceptions; cut f:query_cap_spans at 1,,1.8384,11,7,4,0.4167,12
boundary:query,245,L39.lo.hi.lo,dense,create,split of L39.lo.hi,,1.8384,11,0,0,0.0,0
boundary:query,245,L94,dense,split,4 exceptions; cut f:query_cap_spans at 1,,2.0456,6,9,4,0.25,12
boundary:query,245,L94.lo,dense,create,split of L94,,1.8691,5,0,0,0.0,0
boundary:query,245,L94.hi,dense,create,split of L94,,1.8691,1,0,0,0.0,0
boundary:query,246,L16.hi,dense,retire,utility <= 0,,1.9417,5,5,0,-0.2,5
boundary:query,246,L5.lo.hi,dense,retire,utility <= 0,,1.9072,2,5,0,-0.2,5
boundary:query,247,L31.lo.hi,hybrid,expand,arm beat the default just outside the box,1.513,1.5946,6,6,2,0.25,8
boundary:query,247,L40.hi.lo,hybrid,expand,arm beat the default just outside the box,1.674,1.7283,6,4,1,0.3333,6
boundary:query,247,L40.hi.hi,hybrid,expand,arm beat the default just outside the box,1.7012,1.7827,5,7,3,0.125,8
boundary:query,247,L39.hi.hi,dense,expand,arm beat the default just outside the box,1.7555,1.8371,8,7,3,0.2222,9
boundary:query,247,L31.hi.hi.lo,hybrid,expand,arm beat the default just outside the box,1.513,1.5946,5,0,0,0.0,0
boundary:query,247,L31.hi.hi.hi,hybrid,expand,arm beat the default just outside the box,1.69,1.7716,2,0,0,0.0,0
boundary:query,247,L105,hybrid,create,"default missed, hybrid hit",,2.0,1,0,0,0.0,0
boundary:query,248,L31.lo.hi,hybrid,exception,contradicted; every cut loses a supporter,1.5956,1.5956,6,7,3,0.2222,9
boundary:query,248,L40.hi.hi,hybrid,exception,contradicted; every cut loses a supporter,1.7841,1.7841,5,8,4,0.1111,9
boundary:query,248,L39.hi.hi,dense,exception,contradicted; every cut loses a supporter,1.8385,1.8385,8,8,4,0.1,10
boundary:query,248,L53.lo,dense,exception,contradicted; every cut loses a supporter,1.7624,1.7624,9,7,3,0.2,10
boundary:query,248,L40.hi.hi,hybrid,split,4 exceptions; cut f:query_len_tokens at 18,,1.7841,5,8,4,0.1111,9
boundary:query,248,L40.hi.hi.lo,hybrid,create,split of L40.hi.hi,,1.6753,3,0,0,0.0,0
boundary:query,248,L40.hi.hi.hi,hybrid,create,split of L40.hi.hi,,1.6481,2,0,0,0.0,0
boundary:query,248,L39.hi.hi,dense,split,4 exceptions; cut f:query_cap_spans at 1,,1.8385,8,8,4,0.1,10
boundary:query,248,L39.hi.hi.lo,dense,create,split of L39.hi.hi,,1.6612,6,0,0,0.0,0
boundary:query,248,L39.hi.hi.hi,dense,create,split of L39.hi.hi,,1.8385,2,0,0,0.0,0
boundary:query,248,L53.hi.hi,dense,retire,utility <= 0,,1.981,5,5,0,-0.4,5
boundary:query,249,L40.hi.lo,hybrid,exception,contradicted; every cut loses a supporter,1.7313,1.7313,6,5,2,0.2857,7
boundary:query,249,L39.hi.lo,dense,exception,contradicted; every cut loses a supporter,1.7313,1.7313,10,8,4,0.2,10
boundary:query,249,L53.lo,dense,exception,contradicted; every cut loses a supporter,1.7641,1.7641,9,8,4,0.1818,11
boundary:query,249,L39.hi.lo,dense,split,4 exceptions; cut f:query_len_tokens at 16.5,,1.7313,10,8,4,0.2,10
boundary:query,249,L39.hi.lo.lo,dense,create,split of L39.hi.lo,,1.6359,5,0,0,0.0,0
boundary:query,249,L39.hi.lo.hi,dense,create,split of L39.hi.lo,,1.6359,5,0,0,0.0,0
boundary:query,249,L53.lo,dense,split,4 exceptions; cut f:query_len_tokens at 17,,1.7641,9,8,4,0.1818,11
boundary:query,249,L53.lo.lo,dense,create,split of L53.lo,,1.4569,5,0,0,0.0,0
boundary:query,249,L53.lo.hi,dense,create,split of L53.lo,,1.6552,4,0,0,0.0,0
boundary:query,251,L40.hi.lo,hybrid,exception,contradicted; every cut loses a supporter,1.7342,1.7342,6,6,3,0.25,8
boundary:query,251,L94.hi,dense,retire,utility <= 0,,1.8745,2,4,0,0.0,5
boundary:query,252,L32,dense,exception,contradicted; every cut loses a supporter,1.9068,1.9068,4,9,2,0.25,12
boundary:query,252,L33,hybrid,exception,contradicted; every cut loses a supporter,1.8795,1.8795,3,8,2,0.1111,9
boundary:query,252,L20.lo,dense,narrow,contradicted; cut f:query_cap_spans,1.8148,1.8148,6,7,3,0.2222,9
boundary:query,254,L31.lo.hi,hybrid,exception,contradicted; every cut loses a supporter,1.598,1.598,6,8,4,0.2,10
boundary:query,254,L41.hi,dense,exception,contradicted; every cut loses a supporter,1.7344,1.7344,9,7,4,0.3636,11
boundary:query,254,L40.hi.lo,hybrid,exception,contradicted; every cut loses a supporter,1.732,1.732,6,7,4,0.2222,9
boundary:query,254,L31.lo.hi,hybrid,split,4 exceptions; cut f:query_len_tokens at 18.5,,1.598,6,8,4,0.2,10
boundary:query,254,L31.lo.hi.lo,hybrid,create,split of L31.lo.hi,,1.5026,3,0,0,0.0,0
boundary:query,254,L31.lo.hi.hi,hybrid,create,split of L31.lo.hi,,1.4481,3,0,0,0.0,0
boundary:query,254,L41.hi,dense,split,4 exceptions; cut f:query_len_tokens at 17,,1.7344,9,7,4,0.3636,11
boundary:query,254,L41.hi.lo,dense,create,split of L41.hi,,1.6526,6,0,0,0.0,0
boundary:query,254,L41.hi.hi,dense,create,split of L41.hi,,1.6254,3,0,0,0.0,0
boundary:query,254,L40.hi.lo,hybrid,split,4 exceptions; cut f:query_cap_spans at 1.5,,1.732,6,7,4,0.2222,9
boundary:query,254,L40.hi.lo.lo,hybrid,create,split of L40.hi.lo,,1.6433,3,0,0,0.0,0
boundary:query,254,L40.hi.lo.hi,hybrid,create,split of L40.hi.lo,,1.6433,3,0,0,0.0,0
boundary:query,254,L31.hi.hi.hi,hybrid,retire,utility <= 0,,1.7753,2,5,0,0.0,5
boundary:query,254,L22.lo.hi.lo,dense,retire,utility <= 0,,2.0192,12,4,0,0.0,5
boundary:query,254,L39.lo.hi.lo,dense,retire,utility <= 0,,1.841,12,4,0,0.0,5
boundary:query,254,L94.lo,dense,retire,utility <= 0,,1.8719,6,4,0,0.0,5
boundary:query,255,L53.hi.lo,dense,exception,contradicted; every cut loses a supporter,1.8687,1.8687,6,4,1,0.3333,6
boundary:query,255,L31.hi.hi.lo,hybrid,retire,utility <= 0,,1.5994,5,5,0,0.0,5
boundary:query,255,L39.hi.hi.hi,dense,retire,utility <= 0,,1.8428,2,5,0,0.0,5
boundary:query,256,L105,hybrid,expand,arm beat the default just outside the box,2.0069,2.0172,2,4,0,0.0,4
boundary:query,256,L120,hybrid,create,"default missed, hybrid hit",,2.0,1,0,0,0.0,0
boundary:query,257,L53.hi.lo,dense,expand,arm beat the default just outside the box,1.8708,1.8981,7,4,1,0.3333,6
boundary:query,257,L40.hi.hi.lo,hybrid,expand,arm beat the default just outside the box,1.681,1.7084,4,3,0,0.0,3
boundary:query,257,L39.hi.hi.lo,dense,expand,arm beat the default just outside the box,1.6678,1.6951,7,4,0,0.0,4
boundary:query,257,L39.hi.lo.lo,dense,expand,arm beat the default just outside the box,1.6399,1.6673,6,2,0,0.0,2
boundary:query,257,L53.lo.lo,dense,expand,arm beat the default just outside the box,1.461,1.4884,6,2,0,0.0,2
boundary:query,257,L31.lo.hi.lo,hybrid,expand,arm beat the default just outside the box,1.506,1.5333,4,1,0,0.0,1
boundary:query,257,L41.hi.lo,dense,expand,arm beat the default just outside the box,1.6561,1.6835,8,1,0,0.5,2
boundary:query,257,L40.hi.lo.lo,hybrid,expand,arm beat the default just outside the box,1.647,1.6744,4,1,0,0.0,1
boundary:query,257,L120,hybrid,expand,arm beat the default just outside the box,2.0017,2.0123,2,0,0,0.0,0
boundary:query,257,L121,dense,create,"default missed, dense hit",,2.0,1,0,0,0.0,0
boundary:query,258,L23.lo.hi.lo,hybrid,expand,arm beat the default just outside the box,1.8749,1.9161,7,3,0,0.0,3
boundary:query,258,L40.hi.hi.hi,hybrid,expand,arm beat the default just outside the box,1.6551,1.7373,3,3,0,0.0,3
boundary:query,258,L39.hi.lo.hi,dense,expand,arm beat the default just outside the box,1.6413,1.6825,6,2,0,0.0,2
boundary:query,258,L53.lo.hi,dense,expand,arm beat the default just outside the box,1.6617,1.7165,5,1,0,0.0,1
boundary:query,258,L41.hi.hi,dense,expand,arm beat the default just outside the box,1.6301,1.6849,4,0,0,0.0,0
boundary:query,259,L5.hi.hi,dense,retire,utility <= 0,,1.9957,4,5,0,-0.2,5
boundary:query,260,L23.lo.hi.lo,hybrid,expand,arm beat the default just outside the box,1.9142,1.9416,8,3,0,0.0,3
boundary:query,260,L41.hi.hi,dense,expand,arm beat the default just outside the box,1.6831,1.7106,5,0,0,0.0,0
boundary:query,260,L121,dense,expand,arm beat the default just outside the box,2.0005,2.0114,3,0,0,1.0,1
boundary:query,261,L53.hi.lo,dense,exception,contradicted; every cut loses a supporter,1.8997,1.8997,7,5,2,0.2857,7
boundary:query,262,L53.hi.lo,dense,expand,arm beat the default just outside the box,1.8994,1.927,8,5,2,0.2857,7
boundary:query,262,L122,dense,create,"default missed, dense hit",,2.0,1,0,0,0.0,0
boundary:query,262,L123,hybrid,create,"default missed, hybrid hit",,2.0,1,0,0,0.0,0
boundary:query,263,L40.hi.hi.lo,hybrid,exception,contradicted; every cut loses a supporter,1.7114,1.7114,5,5,1,0.1667,6
boundary:query,263,L40.hi.hi.hi,hybrid,retire,utility <= 0,,1.739,3,5,0,0.0,5
boundary:query,265,L23.lo.hi.lo,hybrid,expand,arm beat the default just outside the box,1.9423,1.9699,9,3,0,0.0,3
boundary:query,265,L41.hi.hi,dense,expand,arm beat the default just outside the box,1.7115,1.7943,6,0,0,0.0,0
boundary:query,265,L124,dense,create,"default missed, dense hit",,2.0,1,0,0,0.0,0
boundary:query,265,L125,hybrid,create,"default missed, hybrid hit",,2.0,1,0,0,0.0,0
boundary:query,266,L39.hi.lo.hi,dense,expand,arm beat the default just outside the box,1.6829,1.7105,7,4,0,0.0,4
boundary:query,266,L53.lo.hi,dense,expand,arm beat the default just outside the box,1.719,1.7466,6,1,0,0.0,1
boundary:query,266,L124,dense,expand,arm beat the default just outside the box,2.0019,2.094,2,0,0,0.0,0
boundary:query,266,L125,hybrid,expand,arm beat the default just outside the box,2.0019,2.094,2,0,0,0.0,0
boundary:query,268,L105,hybrid,exception,contradicted; every cut loses a supporter,2.0246,2.0246,6,5,1,0.4444,9
boundary:query,268,L41.hi.lo,dense,exception,contradicted; every cut loses a supporter,1.6872,1.6872,11,2,1,0.6667,6
boundary:query,269,L32,dense,exception,contradicted; every cut loses a supporter,1.9135,1.9135,4,10,3,0.2308,13
boundary:query,269,L33,hybrid,exception,contradicted; every cut loses a supporter,1.8858,1.8858,3,9,3,0.1,10
boundary:query,269,L20.lo,dense,exception,contradicted; every cut loses a supporter,1.8202,1.8202,6,8,4,0.2,10
boundary:query,269,L17.lo,hybrid,exception,contradicted; every cut loses a supporter,1.8229,1.8229,5,8,4,0.1111,9
boundary:query,269,L20.lo,dense,split,4 exceptions; cut f:query_cap_spans at 1,,1.8202,6,8,4,0.2,10
boundary:query,269,L20.lo.lo,dense,create,split of L20.lo,,1.6427,4,0,0,0.0,0
boundary:query,269,L20.lo.hi,dense,create,split of L20.lo,,1.6427,2,0,0,0.0,0
boundary:query,269,L17.lo,hybrid,split,4 exceptions; cut f:query_len_tokens at 9,,1.8229,5,8,4,0.1111,9
boundary:query,269,L17.lo.lo,hybrid,create,split of L17.lo,,1.7398,3,0,0,0.0,0
boundary:query,269,L17.lo.hi,hybrid,create,split of L17.lo,,1.7952,2,0,0,0.0,0
boundary:query,270,L130,dense,create,"default missed, dense hit",,2.0,1,0,0,0.0,0
boundary:query,272,L53.hi.lo,dense,exception,contradicted; every cut loses a supporter,1.9262,1.9262,9,6,3,0.3333,9
boundary:query,272,L105,hybrid,exception,contradicted; every cut loses a supporter,2.0199,2.0199,6,6,2,0.4,10
boundary:query,272,L40.hi.hi.lo,hybrid,exception,contradicted; every cut loses a supporter,1.7083,1.7083,6,6,2,0.25,8
boundary:query,272,L39.hi.hi.lo,dense,exception,contradicted; every cut loses a supporter,1.6946,1.6946,9,5,1,0.2857,7
boundary:query,272,L39.hi.lo.lo,dense,exception,contradicted; every cut loses a supporter,1.6671,1.6671,8,5,1,0.2857,7
boundary:query,272,L41.hi.lo,dense,exception,contradicted; every cut loses a supporter,1.6833,1.6833,11,3,2,0.5714,7
boundary:query,274,L39.hi.hi.lo,dense,exception,contradicted; every cut loses a supporter,1.6964,1.6964,9,6,2,0.25,8
boundary:query,274,L39.hi.lo.lo,dense,exception,contradicted; every cut loses a supporter,1.6694,1.6694,8,6,2,0.25,8
boundary:query,274,L53.lo.lo,dense,exception,contradicted; every cut loses a supporter,1.4893,1.4893,8,4,1,0.3333,6
boundary:query,274,L41.hi.lo,dense,exception,contradicted; every cut loses a supporter,1.6856,1.6856,11,4,3,0.5,8
boundary:query,274,L39.hi.lo.hi,dense,retire,utility <= 0,,1.7106,7,5,0,0.0,5
boundary:query,276,L105,hybrid,expand,arm beat the default just outside the box,2.0256,2.036,8,6,2,0.4545,11
boundary:query,276,L121,dense,expand,arm beat the default just outside the box,2.0174,2.0283,5,3,0,0.4,5
boundary:query,276,L122,dense,expand,arm beat the default just outside the box,2.0042,2.0147,2,0,0,0.0,0
boundary:query,276,L123,hybrid,expand,arm beat the default just outside the box,2.0042,2.0147,2,0,0,0.0,0
boundary:query,277,L23.lo.hi.lo,hybrid,exception,contradicted; every cut loses a supporter,1.976,1.976,11,5,1,0.2857,7
boundary:query,277,L120,hybrid,exception,contradicted; every cut loses a supporter,2.0196,2.0196,6,3,1,0.5714,7
boundary:query,277,L121,dense,exception,contradicted; every cut loses a supporter,2.029,2.029,5,4,1,0.3333,6
boundary:query,278,L86,hybrid,retire,utility <= 0,,2.0335,1,5,0,-0.2,5
boundary:query,279,L39.hi.lo.lo,dense,expand,arm beat the default just outside the box,1.6714,1.7128,10,6,2,0.3333,9
boundary:query,279,L53.lo.lo,dense,expand,arm beat the default just outside the box,1.4909,1.5185,9,4,1,0.3333,6
boundary:query,279,L31.lo.hi.hi,hybrid,expand,arm beat the default just outside the box,1.4534,1.4672,4,0,0,0.0,0
boundary:query,279,L41.hi.lo,dense,expand,arm beat the default just outside the box,1.6877,1.7153,12,4,3,0.5,8
boundary:query,281,L53.hi.lo,dense,exception,contradicted; every cut loses a supporter,1.9255,1.9255,11,7,4,0.3333,12
boundary:query,281,L23.lo.hi.lo,hybrid,exception,contradicted; every cut loses a supporter,1.9696,1.9696,12,6,2,0.2222,9
boundary:query,281,L105,hybrid,narrow,contradicted; cut f:query_len_tokens,2.0303,2.0267,9,7,2,0.3846,13
boundary:query,281,L39.hi.hi.lo,dense,exception,contradicted; every cut loses a supporter,1.7012,1.7012,10,7,3,0.2,10
boundary:query,281,L41.hi.hi,dense,exception,contradicted; every cut loses a supporter,1.7958,1.7958,8,4,1,0.1667,6
boundary:query,281,L40.hi.lo.lo,hybrid,exception,contradicted; every cut loses a supporter,1.6782,1.6782,8,3,1,0.4286,7
boundary:query,281,L120,hybrid,narrow,contradicted; cut f:query_len_tokens,2.0134,2.0108,7,4,1,0.4444,9
boundary:query,281,L124,dense,exception,contradicted; every cut loses a supporter,2.0916,2.0916,3,5,1,0.0,6
boundary:query,281,L125,hybrid,exception,contradicted; every cut loses a supporter,2.0916,2.0916,4,4,1,0.1667,6
boundary:query,281,L53.hi.lo,dense,split,4 exceptions; cut f:query_cap_spans at 1,,1.9255,11,7,4,0.3333,12
boundary:query,281,L53.hi.lo.lo,dense,create,split of L53.hi.lo,,1.5743,6,0,0,0.0,0
boundary:query,281,L53.hi.lo.hi,dense,create,split of L53.hi.lo,,1.9255,5,0,0,0.0,0
boundary:query,281,L53.lo.hi,dense,retire,utility <= 0,,1.7488,7,4,0,0.0,5
boundary:query,281,L124,dense,retire,utility <= 0,,2.0916,3,5,1,0.0,6
boundary:query,282,L105,hybrid,exception,contradicted; every cut loses a supporter,2.0284,2.0284,9,8,3,0.3571,14
boundary:query,282,L40.hi.hi.lo,hybrid,exception,contradicted; every cut loses a supporter,1.7118,1.7118,9,7,3,0.4167,12
boundary:query,282,L39.hi.lo.lo,dense,exception,contradicted; every cut loses a supporter,1.7118,1.7118,10,7,3,0.3,10
boundary:query,282,L121,dense,exception,contradicted; every cut loses a supporter,2.0243,2.0243,6,5,2,0.375,8
boundary:query,284,L125,hybrid,narrow,contradicted; cut f:query_len_tokens,2.0938,1.982,5,5,1,0.25,8
boundary:query,286,L23.lo.hi.lo,hybrid,exception,contradicted; every cut loses a supporter,1.9715,1.9715,12,7,3,0.1,10
boundary:query,286,L105,hybrid,exception,contradicted; every cut loses a supporter,2.0291,2.0291,9,9,4,0.2667,15
boundary:query,286,L40.hi.hi.lo,hybrid,exception,contradicted; every cut loses a supporter,1.712,1.712,9,8,4,0.3077,13
boundary:query,286,L39.hi.hi.lo,dense,exception,contradicted; every cut loses a supporter,1.7036,1.7036,10,8,4,0.0909,11
boundary:query,286,L39.hi.lo.lo,dense,exception,contradicted; every cut loses a supporter,1.712,1.712,10,8,4,0.1818,11
boundary:query,286,L53.lo.lo,dense,exception,contradicted; every cut loses a supporter,1.5218,1.5218,9,5,2,0.1429,7
boundary:query,286,L31.lo.hi.lo,hybrid,exception,contradicted; every cut loses a supporter,1.5396,1.5396,8,3,1,0.4286,7
boundary:query,286,L41.hi.lo,dense,exception,contradicted; every cut loses a supporter,1.7145,1.7145,12,5,4,0.3333,9
boundary:query,286,L41.hi.hi,dense,exception,contradicted; every cut loses a supporter,1.7977,1.7977,9,5,2,0.125,8
boundary:query,286,L40.hi.lo.lo,hybrid,exception,contradicted; every cut loses a supporter,1.68,1.68,8,4,2,0.25,8
boundary:query,286,L120,hybrid,exception,contradicted; every cut loses a supporter,2.0131,2.0131,7,5,2,0.3,10
boundary:query,286,L121,dense,exception,contradicted; every cut loses a supporter,2.025,2.025,6,6,3,0.2222,9
boundary:query,286,L125,hybrid,exception,contradicted; every cut loses a supporter,1.9821,1.9821,5,6,2,0.1111,9
boundary:query,286,L105,hybrid,split,4 exceptions; cut f:query_len_tokens at 14,,2.0291,9,9,4,0.2667,15
boundary:query,286,L105.lo,hybrid,create,split of L105,,1.8903,6,0,0,0.0,0
boundary:query,286,L105.hi,hybrid,create,split of L105,,1.8311,3,0,0,0.0,0
boundary:query,286,L40.hi.hi.lo,hybrid,split,4 exceptions; cut f:query_cap_spans at 1,,1.712,9,8,4,0.3077,13
boundary:query,286,L40.hi.hi.lo.lo,hybrid,create,split of L40.hi.hi.lo,,1.537,7,0,0,0.0,0
boundary:query,286,L40.hi.hi.lo.hi,hybrid,create,split of L40.hi.hi.lo,,1.712,2,0,0,0.0,0
boundary:query,286,L39.hi.hi.lo,dense,split,4 exceptions; cut f:query_len_tokens at 18,,1.7036,10,8,4,0.0909,11
boundary:query,286,L39.hi.hi.lo.lo,dense,create,split of L39.hi.hi.lo,,1.537,7,0,0,0.0,0
boundary:query,286,L39.hi.hi.lo.hi,dense,create,split of L39.hi.hi.lo,,1.537,3,0,0,0.0,0
boundary:query,286,L39.hi.lo.lo,dense,split,4 exceptions; cut f:query_cap_spans at 1,,1.712,10,8,4,0.1818,11
boundary:query,286,L39.hi.lo.lo.lo,dense,create,split of L39.hi.lo.lo,,1.537,8,0,0,0.0,0
boundary:query,286,L39.hi.lo.lo.hi,dense,create,split of L39.hi.lo.lo,,1.712,2,0,0,0.0,0
boundary:query,286,L41.hi.lo,dense,split,4 exceptions; cut f:query_len_tokens at 14,,1.7145,12,5,4,0.3333,9
boundary:query,286,L41.hi.lo.lo,dense,create,split of L41.hi.lo,,1.6035,7,0,0,0.0,0
boundary:query,286,L41.hi.lo.hi,dense,create,split of L41.hi.lo,,1.659,5,0,0,0.0,0
boundary:query,287,L13.lo,hybrid,exception,contradicted; every cut loses a supporter,1.9941,1.9941,4,5,1,0.1667,6
boundary:query,287,L5.hi.lo,dense,retire,utility <= 0,,1.8583,5,5,0,0.0,5
boundary:query,288,L53.lo.lo,dense,exception,contradicted; every cut loses a supporter,1.5201,1.5201,9,6,3,0.125,8
boundary:query,288,L31.lo.hi.lo,hybrid,exception,contradicted; every cut loses a supporter,1.5379,1.5379,8,4,2,0.375,8
boundary:query,288,L40.hi.lo.lo,hybrid,exception,contradicted; every cut loses a supporter,1.6786,1.6786,8,5,3,0.2222,9
boundary:query,288,L120,hybrid,exception,contradicted; every cut loses a supporter,2.0126,2.0126,7,6,3,0.2727,11
boundary:query,288,L121,dense,exception,contradicted; every cut loses a supporter,2.0244,2.0244,6,7,4,0.2,10
boundary:query,288,L121,dense,split,4 exceptions; cut f:query_len_tokens at 14,,2.0244,6,7,4,0.2,10
boundary:query,288,L121.lo,dense,create,split of L121,,1.9109,4,0,0,0.0,0
boundary:query,288,L121.hi,dense,create,split of L121,,1.7999,2,0,0,0.0,0
boundary:query,289,L23.lo.hi.lo,hybrid,exception,contradicted; every cut loses a supporter,1.9726,1.9726,12,8,4,0.0909,11
boundary:query,289,L31.lo.hi.lo,hybrid,exception,contradicted; every cut loses a supporter,1.5391,1.5391,8,5,3,0.3333,9
boundary:query,289,L41.hi.hi,dense,exception,contradicted; every cut loses a supporter,1.7981,1.7981,9,6,3,0.1111,9
boundary:query,289,L40.hi.lo.lo,hybrid,exception,contradicted; every cut loses a supporter,1.6799,1.6799,8,6,4,0.2,10
boundary:query,289,L120,hybrid,exception,contradicted; every cut loses a supporter,2.0144,2.0144,7,7,4,0.25,12
boundary:query,289,L125,hybrid,exception,contradicted; every cut loses a supporter,1.9834,1.9834,5,7,3,0.1,10
boundary:query,289,L23.lo.hi.lo,hybrid,split,4 exceptions; cut f:query_len_tokens at 17.5,,1.9726,12,8,4,0.0909,11
boundary:query,289,L23.lo.hi.lo.lo,hybrid,create,split of L23.lo.hi.lo,,1.8196,6,0,0,0.0,0
boundary:query,289,L23.lo.hi.lo.hi,hybrid,create,split of L23.lo.hi.lo,,1.8752,6,0,0,0.0,0
boundary:query,289,L40.hi.lo.lo,hybrid,split,4 exceptions; cut f:query_len_tokens at 15,,1.6799,8,6,4,0.2,10
boundary:query,289,L40.hi.lo.lo.lo,hybrid,create,split of L40.hi.lo.lo,,1.5409,5,0,0,0.0,0
boundary:query,289,L40.hi.lo.lo.hi,hybrid,create,split of L40.hi.lo.lo,,1.5965,3,0,0,0.0,0
boundary:query,289,L120,hybrid,split,4 exceptions; cut f:query_len_tokens at 14,,2.0144,7,7,4,0.25,12
boundary:query,289,L120.lo,hybrid,create,split of L120,,1.8754,4,0,0,0.0,0
boundary:query,289,L120.hi,hybrid,create,split of L120,,1.8172,3,0,0,0.0,0
boundary:query,291,L53.hi.lo.hi,dense,expand,arm beat the default just outside the box,1.9264,1.9817,6,4,0,-0.25,4
boundary:query,295,L53.hi.lo.hi,dense,retire,utility <= 0,,1.9768,6,5,0,-0.2,5
boundary:query,296,L17.lo.lo,hybrid,expand,arm beat the default just outside the box,1.7364,1.7635,4,0,0,0.0,0
boundary:query,297,L121.lo,dense,expand,arm beat the default just outside the box,1.906,1.9605,5,0,0,0.0,0
boundary:query,298,L53.hi.lo.lo,dense,retire,utility <= 0,,1.5718,6,5,0,-0.2,5
boundary:query,298,L40.hi.hi.lo.hi,hybrid,retire,utility <= 0,,1.7089,2,5,0,0.0,5
boundary:query,301,L53.lo.lo,dense,expand,arm beat the default just outside the box,1.5176,1.5721,10,6,3,0.125,8
boundary:query,301,L31.lo.hi.lo,hybrid,expand,arm beat the default just outside the box,1.5352,1.5897,9,5,3,0.3333,9
boundary:query,301,L40.hi.hi.lo.lo,hybrid,expand,arm beat the default just outside the box,1.5328,1.5873,8,4,0,0.0,4
boundary:query,301,L39.hi.hi.lo.lo,dense,expand,arm beat the default just outside the box,1.5328,1.5873,8,4,0,0.0,4
boundary:query,301,L39.hi.lo.lo.lo,dense,expand,arm beat the default just outside the box,1.5328,1.5873,9,4,0,0.0,4
boundary:query,301,L39.hi.lo.lo.hi,dense,expand,arm beat the default just outside the box,1.7082,1.7627,4,4,0,0.2,5
boundary:query,301,L41.hi.lo.lo,dense,expand,arm beat the default just outside the box,1.6016,1.6561,8,1,0,0.0,1
boundary:query,301,L40.hi.lo.lo.lo,hybrid,expand,arm beat the default just outside the box,1.5387,1.5932,6,1,0,0.0,1
boundary:query,302,L40.hi.lo.hi,hybrid,exception,contradicted; every cut loses a supporter,1.6489,1.6489,4,5,1,0.1667,6
boundary:query,302,L39.hi.lo.lo.hi,dense,exception,contradicted; every cut loses a supporter,1.7639,1.7639,4,5,1,0.1667,6
boundary:query,302,L123,hybrid,retire,utility <= 0,,2.0066,2,5,0,0.0,5
boundary:query,302,L105.hi,hybrid,retire,utility <= 0,,1.8295,3,5,0,0.0,5
boundary:query,304,L31.lo.hi.lo,hybrid,expand,arm beat the default just outside the box,1.5925,1.6061,10,5,3,0.3333,9
boundary:query,304,L40.hi.hi.lo.lo,hybrid,expand,arm beat the default just outside the box,1.5901,1.6174,9,4,0,0.0,4
boundary:query,304,L23.lo.hi.lo.lo,hybrid,expand,arm beat the default just outside the box,1.8194,1.8603,7,2,0,0.0,2
boundary:query,304,L120.hi,hybrid,expand,arm beat the default just outside the box,1.816,1.816,4,2,0,0.0,2
boundary:query,305,L39.hi.lo.lo.hi,dense,exception,contradicted; every cut loses a supporter,1.767,1.767,4,6,2,0.1429,7
boundary:query,305,L121.lo,dense,exception,contradicted; every cut loses a supporter,1.9662,1.9662,6,5,1,0.1667,6
boundary:query,305,L121.hi,dense,exception,contradicted; every cut loses a supporter,1.8021,1.8021,3,5,1,0.1667,6
boundary:query,305,L40.hi.hi.lo.lo,hybrid,retire,utility <= 0,,1.6186,9,5,0,0.0,5
boundary:query,305,L39.hi.hi.lo.lo,dense,retire,utility <= 0,,1.5913,8,5,0,0.0,5
boundary:query,305,L39.hi.lo.lo.lo,dense,retire,utility <= 0,,1.5913,9,5,0,0.0,5
boundary:query,306,L41.hi.hi,dense,exception,contradicted; every cut loses a supporter,1.7975,1.7975,9,7,4,0.1,10
boundary:query,306,L125,hybrid,exception,contradicted; every cut loses a supporter,1.9813,1.9813,5,8,4,0.0909,11
boundary:query,306,L41.hi.hi,dense,split,4 exceptions; cut f:query_cap_spans at 1,,1.7975,9,7,4,0.1,10
boundary:query,306,L41.hi.hi.lo,dense,create,split of L41.hi.hi,,1.7967,9,0,0,0.0,0
boundary:query,306,L125,hybrid,split,4 exceptions; cut f:query_len_tokens at 15,,1.9813,5,8,4,0.0909,11
boundary:query,306,L125.lo,hybrid,create,split of L125,,1.7076,3,0,0,0.0,0
boundary:query,306,L125.hi,hybrid,create,split of L125,,1.954,2,0,0,0.0,0
boundary:query,307,L41.hi.lo.hi,dense,expand,arm beat the default just outside the box,1.6617,1.7438,6,4,0,0.0,4
boundary:query,307,L121.hi,dense,expand,arm beat the default just outside the box,1.8036,1.8857,4,5,1,0.1667,6
boundary:query,307,L23.lo.hi.lo.lo,hybrid,expand,arm beat the default just outside the box,1.8635,1.9456,8,3,0,0.0,3
boundary:query,307,L120.hi,hybrid,expand,arm beat the default just outside the box,1.819,1.9012,5,3,0,0.0,3
boundary:query,307,L41.hi.hi.lo,dense,expand,arm beat the default just outside the box,1.7978,1.88,10,0,0,0.0,0
boundary:query,307,L125.lo,hybrid,expand,arm beat the default just outside the box,1.7088,1.791,4,0,0,0.0,0
boundary:query,310,L105.lo,hybrid,exception,contradicted; every cut loses a supporter,1.8883,1.8883,8,5,1,0.2857,7
boundary:query,310,L122,dense,expand,arm beat the default just outside the box,2.0078,2.0887,5,3,0,0.4,5
boundary:query,311,L40.hi.lo.hi,hybrid,exception,contradicted; every cut loses a supporter,1.653,1.653,4,6,2,0.1429,7
boundary:query,311,L122,dense,exception,contradicted; every cut loses a supporter,2.0904,2.0904,5,4,1,0.3333,6
boundary:query,311,L39.hi.lo.lo.hi,dense,narrow,contradicted; cut f:query_len_tokens,1.7676,1.7401,6,7,2,0.3,10
boundary:query,311,L121.hi,dense,exception,contradicted; every cut loses a supporter,1.8831,1.8831,5,6,2,0.25,8
boundary:query,312,L122,dense,exception,contradicted; every cut loses a supporter,2.0918,2.0918,5,5,2,0.2857,7
boundary:query,313,L121.lo,dense,exception,contradicted; every cut loses a supporter,1.9673,1.9673,8,6,2,0.3333,9
boundary:query,313,L121.hi,dense,narrow,contradicted; cut f:query_cap_spans,1.8848,1.8848,5,7,2,0.2222,9
boundary:query,313,L41.hi.lo.hi,dense,retire,utility <= 0,,1.7445,6,5,0,0.0,5
boundary:query,315,L105.lo,hybrid,exception,contradicted; every cut loses a supporter,1.8942,1.8942,8,6,2,0.25,8
boundary:query,315,L39.hi.lo.lo.hi,dense,exception,contradicted; every cut loses a supporter,1.7444,1.7444,6,8,3,0.1818,11
boundary:query,315,L121.lo,dense,exception,contradicted; every cut loses a supporter,1.9702,1.9702,8,7,3,0.2,10
boundary:query,315,L121.hi,dense,exception,contradicted; every cut loses a supporter,1.8876,1.8876,5,8,3,0.1,10
boundary:query,315,L23.lo.hi.lo.lo,hybrid,retire,utility <= 0,,1.9479,8,5,0,0.0,5
boundary:query,315,L120.hi,hybrid,retire,utility <= 0,,1.9032,5,5,0,0.0,5
boundary:query,316,L31.lo.hi.hi,hybrid,expand,arm beat the default just outside the box,1.4767,1.5595,6,2,0,0.0,3
boundary:query,316,L105.lo,hybrid,expand,arm beat the default just outside the box,1.8957,1.9233,9,6,2,0.25,8
boundary:query,316,L23.lo.hi.lo.hi,hybrid,expand,arm beat the default just outside the box,1.8805,1.9495,8,2,0,0.3333,3
boundary:query,316,L120.lo,hybrid,expand,arm beat the default just outside the box,1.8797,1.9073,7,3,0,0.4,5
boundary:query,317,L105.lo,hybrid,exception,contradicted; every cut loses a supporter,1.9248,1.9248,9,7,3,0.2222,9
boundary:query,317,L40.hi.lo.lo.lo,hybrid,exception,contradicted; every cut loses a supporter,1.6042,1.6042,8,4,1,0.3333,6
boundary:query,317,L40.hi.lo.lo.hi,hybrid,exception,contradicted; every cut loses a supporter,1.6042,1.6042,5,5,1,0.2857,7
boundary:query,317,L120.lo,hybrid,exception,contradicted; every cut loses a supporter,1.9089,1.9089,7,4,1,0.3333,6
boundary:query,317,L41.hi.hi.lo,dense,retire,utility <= 0,,1.8869,10,5,0,-0.2,5
boundary:query,318,L16.lo,dense,exception,contradicted; every cut loses a supporter,1.8014,1.8014,6,5,1,0.1667,6
boundary:query,319,L122,dense,narrow,contradicted; cut f:query_len_tokens,2.0979,2.069,5,6,2,0.25,8
boundary:query,321,L20.lo.lo,dense,expand,arm beat the default just outside the box,1.6458,1.6458,6,2,0,0.3333,3
boundary:query,322,L154,dense,create,"default missed, dense hit",,2.0,1,0,0,0.0,0
boundary:query,323,L5.lo.lo,dense,exception,contradicted; every cut loses a supporter,1.7468,1.7468,7,5,1,0.1667,6
boundary:query,323,L12.lo,dense,exception,contradicted; every cut loses a supporter,1.995,1.995,8,5,1,0.2857,7
boundary:query,324,L121.hi,dense,exception,contradicted; every cut loses a supporter,1.8845,1.8845,5,9,4,0.0909,11
boundary:query,324,L23.lo.hi.lo.hi,hybrid,exception,contradicted; every cut loses a supporter,1.9444,1.9444,8,5,1,0.1667,6
boundary:query,324,L40.hi.lo.lo.hi,hybrid,exception,contradicted; every cut loses a supporter,1.5971,1.5971,5,6,2,0.25,8
boundary:query,324,L125.hi,hybrid,exception,contradicted; every cut loses a supporter,1.9548,1.9548,3,5,1,0.1667,6
boundary:query,324,L31.lo.hi.hi,hybrid,retire,utility <= 0,,1.5533,6,4,0,0.0,5
boundary:query,324,L121.hi,dense,split,4 exceptions; cut f:query_cap_spans at 1,,1.8845,5,9,4,0.0909,11
boundary:query,324,L121.hi.lo,dense,create,split of L121.hi,,1.709,3,0,0,0.0,0
boundary:query,324,L121.hi.hi,dense,create,split of L121.hi,,1.709,2,0,0,0.0,0
boundary:query,325,L125.lo,hybrid,expand,arm beat the default just outside the box,1.79,1.8177,6,3,0,0.25,4
boundary:query,325,L121.hi.lo,dense,expand,arm beat the default just outside the box,1.7099,1.7376,4,0,0,0.0,0
boundary:query,325,L121.hi.hi,dense,expand,arm beat the default just outside the box,1.7099,1.7376,3,0,0,0.0,0
boundary:query,326,L105.lo,hybrid,narrow,contradicted; cut f:query_len_tokens,1.9196,1.8884,10,8,3,0.2727,11
boundary:query,326,L120.lo,hybrid,narrow,contradicted; cut f:query_len_tokens,1.9037,1.8735,8,5,1,0.375,8
boundary:query,326,L41.hi.lo.lo,dense,expand,arm beat the default just outside the box,1.6609,1.7161,11,2,0,0.25,4
boundary:query,326,L121.hi.lo,dense,expand,arm beat the default just outside the box,1.7377,1.7929,5,0,0,0.0,0
boundary:query,327,L105.lo,hybrid,exception,contradicted; every cut loses a supporter,1.8889,1.8889,10,9,4,0.25,12
boundary:query,327,L120.lo,hybrid,exception,contradicted; every cut loses a supporter,1.8739,1.8739,8,6,2,0.3333,9
boundary:query,327,L105.lo,hybrid,split,4 exceptions; cut f:query_len_tokens at 13,,1.8889,10,9,4,0.25,12
boundary:query,327,L105.lo.lo,hybrid,create,split of L105.lo,,1.8336,6,0,0,0.0,0
boundary:query,327,L105.lo.hi,hybrid,create,split of L105.lo,,1.7507,4,0,0,0.0,0
boundary:query,328,L41.hi.lo.lo,dense,exception,contradicted; every cut loses a supporter,1.7178,1.7178,11,4,1,0.1667,6
boundary:query,328,L40.hi.lo.lo.lo,hybrid,exception,contradicted; every cut loses a supporter,1.6,1.6,9,5,2,0.375,8
boundary:query,328,L120.lo,hybrid,exception,contradicted; every cut loses a supporter,1.8752,1.8752,8,7,3,0.3,10
boundary:query,328,L125.lo,hybrid,exception,contradicted; every cut loses a supporter,1.8192,1.8192,6,5,1,0.1667,6
boundary:query,329,L23.lo.hi.lo.hi,hybrid,exception,contradicted; every cut loses a supporter,1.9486,1.9486,8,6,2,0.1429,7
boundary:query,329,L125.hi,hybrid,exception,contradicted; every cut loses a supporter,1.9588,1.9588,3,6,2,0.1429,7
boundary:query,330,L57,dense,retire,utility <= 0,,2.104,3,5,0,-0.2,5
boundary:query,330,L58,hybrid,retire,utility <= 0,,2.104,3,5,0,0.0,5
boundary:query,331,L41.hi.lo.lo,dense,exception,contradicted; every cut loses a supporter,1.7189,1.7189,11,5,2,0.1429,7
boundary:query,331,L121.lo,dense,exception,contradicted; every cut loses a supporter,1.9701,1.9701,10,8,4,0.3077,13
boundary:query,331,L120.lo,hybrid,narrow,contradicted; cut f:query_len_tokens,1.8755,1.848,8,8,3,0.2727,11
boundary:query,331,L121.lo,dense,split,4 exceptions; cut f:query_cap_spans at 1,,1.9701,10,8,4,0.3077,13
boundary:query,331,L121.lo.lo,dense,create,split of L121.lo,,1.7953,7,0,0,0.0,0
boundary:query,331,L121.lo.hi,dense,create,split of L121.lo,,1.7953,3,0,0,0.0,0
boundary:query,333,L23.lo.hi.lo.hi,hybrid,exception,contradicted; every cut loses a supporter,1.9499,1.9499,8,7,3,0.125,8
boundary:query,333,L125.hi,hybrid,exception,contradicted; every cut loses a supporter,1.9598,1.9598,3,7,3,0.125,8
boundary:query,333,L121.hi.lo,dense,retire,utility <= 0,,1.7976,5,5,0,-0.2,5
boundary:query,338,L105.lo.hi,hybrid,expand,arm beat the default just outside the box,1.7549,1.8379,5,0,0,0.0,0
boundary:query,339,L122,dense,exception,contradicted; every cut loses a supporter,2.0703,2.0703,5,7,3,0.1111,9
boundary:query,341,L39.hi.hi.lo.hi,dense,retire,utility <= 0,,1.546,3,5,0,-0.2,5
boundary:query,342,L161,dense,create,"default missed, dense hit",,2.0,1,0,0,0.0,0
boundary:query,342,L162,hybrid,create,"default missed, hybrid hit",,2.0,1,0,0,0.0,0
boundary:query,343,L121.lo.lo,dense,retire,utility <= 0,,1.7982,8,4,0,0.0,5
boundary:query,345,L121.hi.hi,dense,retire,utility <= 0,,1.7453,3,5,0,-0.2,5
boundary:query,347,L20.lo.lo,dense,narrow,contradicted; cut f:query_len_tokens,1.6524,1.6524,6,5,0,0.1667,6
boundary:query,349,L40.hi.lo.hi,hybrid,narrow,contradicted; cut f:query_len_tokens,1.6613,1.6336,4,7,2,0.125,8
boundary:query,349,L122,dense,exception,contradicted; every cut loses a supporter,2.0728,2.0728,5,8,4,0.1,10
boundary:query,349,L122,dense,split,4 exceptions; cut f:query_len_tokens at 16,,2.0728,5,8,4,0.1,10
boundary:query,349,L122.lo,dense,create,split of L122,,1.824,3,0,0,0.0,0
boundary:query,349,L122.hi,dense,create,split of L122,,1.9346,2,0,0,0.0,0
boundary:query,350,L39.hi.lo.lo.hi,dense,expand,arm beat the default just outside the box,1.7502,1.7502,8,8,3,0.25,12
boundary:query,350,L41.hi.lo.lo,dense,expand,arm beat the default just outside the box,1.725,1.808,12,5,2,0.1429,7
boundary:query,350,L40.hi.lo.lo.lo,hybrid,expand,arm beat the default just outside the box,1.607,1.6624,10,5,2,0.375,8
boundary:query,350,L120.lo,hybrid,expand,arm beat the default just outside the box,1.8546,1.9099,11,8,3,0.3846,13
boundary:query,350,L125.lo,hybrid,expand,arm beat the default just outside the box,1.8262,1.8816,9,5,1,0.375,8
boundary:query,350,L154,dense,expand,arm beat the default just outside the box,2.0096,2.018,2,0,0,0.0,0
boundary:query,350,L105.lo.hi,hybrid,expand,arm beat the default just outside the box,1.8419,1.8972,7,0,0,1.0,1
boundary:query,350,L121.lo.hi,dense,expand,arm beat the default just outside the box,1.8017,1.8294,4,3,0,-0.3333,3
boundary:query,350,L165,dense,create,"default missed, dense hit",,2.0,1,0,0,0.0,0
boundary:query,350,L166,hybrid,create,"default missed, hybrid hit",,2.0,1,0,0,0.0,0
boundary:query,353,L20.lo.hi,dense,expand,arm beat the default just outside the box,1.6522,1.6934,4,4,0,0.2,5
boundary:query,353,L17.lo.lo,hybrid,expand,arm beat the default just outside the box,1.7744,1.8569,5,2,0,0.0,2
boundary:query,353,L17.lo.hi,hybrid,expand,arm beat the default just outside the box,1.8019,1.8294,4,4,0,0.2,5
boundary:query,355,L39.hi.lo.lo.hi,dense,expand,arm beat the default just outside the box,1.7467,1.8012,9,8,3,0.25,12
boundary:query,355,L121.lo.hi,dense,expand,arm beat the default just outside the box,1.8242,1.8787,5,3,0,-0.3333,3
boundary:query,355,L122.lo,dense,expand,arm beat the default just outside the box,1.8215,1.9034,4,0,0,0.0,0
boundary:query,355,L165,dense,expand,arm beat the default just outside the box,1.9934,2.0023,2,0,0,0.0,0
boundary:query,357,L23.lo.hi.lo.hi,hybrid,expand,arm beat the default just outside the box,1.9521,2.034,9,7,3,0.125,8
boundary:query,357,L40.hi.lo.lo.hi,hybrid,expand,arm beat the default just outside the box,1.6065,1.6884,6,6,2,0.25,8
boundary:query,357,L125.hi,hybrid,expand,arm beat the default just outside the box,1.961,2.0428,4,7,3,0.125,8
boundary:query,358,L31.lo.hi.lo,hybrid,exception,contradicted; every cut loses a supporter,1.6177,1.6177,11,6,4,0.3636,11
boundary:query,358,L39.hi.lo.lo.hi,dense,exception,contradicted; every cut loses a supporter,1.8043,1.8043,9,9,4,0.2308,13
boundary:query,358,L23.lo.hi.lo.hi,hybrid,exception,contradicted; every cut loses a supporter,2.0355,2.0355,9,8,4,0.1111,9
boundary:query,358,L40.hi.lo.lo.hi,hybrid,exception,contradicted; every cut loses a supporter,1.6894,1.6894,6,7,3,0.2222,9
boundary:query,358,L125.hi,hybrid,exception,contradicted; every cut loses a supporter,2.0444,2.0444,4,8,4,0.1111,9
boundary:query,358,L31.lo.hi.lo,hybrid,split,4 exceptions; cut f:query_len_tokens at 15,,1.6177,11,6,4,0.3636,11
boundary:query,358,L31.lo.hi.lo.lo,hybrid,create,split of L31.lo.hi.lo,,1.5085,7,0,0,0.0,0
boundary:query,358,L31.lo.hi.lo.hi,hybrid,create,split of L31.lo.hi.lo,,1.4811,4,0,0,0.0,0
boundary:query,358,L39.hi.lo.lo.hi,dense,split,4 exceptions; cut f:query_cap_spans at 2,,1.8043,9,9,4,0.2308,13
boundary:query,358,L39.hi.lo.lo.hi.lo,dense,create,split of L39.hi.lo.lo.hi,,1.8043,9,0,0,0.0,0
boundary:query,358,L23.lo.hi.lo.hi,hybrid,split,4 exceptions; cut f:query_cap_spans at 1,,2.0355,9,8,4,0.1111,9
boundary:query,358,L23.lo.hi.lo.hi.lo,hybrid,create,split of L23.lo.hi.lo.hi,,2.0355,9,0,0,0.0,0
boundary:query,358,L125.hi,hybrid,split,4 exceptions; cut f:query_len_tokens at 16.5,,2.0444,4,8,4,0.1111,9
boundary:query,358,L125.hi.lo,hybrid,create,split of L125.hi,,1.8121,2,0,0,0.0,0
boundary:query,358,L125.hi.hi,hybrid,create,split of L125.hi,,1.9214,2,0,0,0.0,0
boundary:query,358,L121.lo.hi,dense,retire,utility <= 0,,1.8819,5,5,0,-0.2,5
boundary:query,362,L41.hi.lo.lo,dense,exception,contradicted; every cut loses a supporter,1.8062,1.8062,12,6,3,0.125,8
boundary:query,362,L40.hi.lo.lo.lo,hybrid,exception,contradicted; every cut loses a supporter,1.6628,1.6628,10,6,3,0.3333,9
boundary:query,362,L120.lo,hybrid,exception,contradicted; every cut loses a supporter,1.9062,1.9062,11,9,4,0.3571,14
boundary:query,362,L125.lo,hybrid,exception,contradicted; every cut loses a supporter,1.8784,1.8784,9,6,2,0.3333,9
boundary:query,362,L120.lo,hybrid,split,4 exceptions; cut f:query_cap_spans at 1,,1.9062,11,9,4,0.3571,14
boundary:query,362,L120.lo.lo,hybrid,create,split of L120.lo,,1.9062,11,0,0,0.0,0
boundary:query,363,L105.lo.lo,hybrid,narrow,contradicted; cut f:query_cap_spans,1.8407,1.8407,9,4,0,0.4286,7
boundary:query,363,L165,dense,retire,utility <= 0,,2.0039,2,5,0,0.0,5
boundary:query,365,L40.hi.lo.lo.hi,hybrid,exception,contradicted; every cut loses a supporter,1.692,1.692,6,8,4,0.2,10
boundary:query,365,L105.lo.lo,hybrid,exception,contradicted; every cut loses a supporter,1.8426,1.8426,9,5,1,0.375,8
boundary:query,365,L40.hi.lo.lo.hi,hybrid,split,4 exceptions; cut f:query_len_tokens at 17,,1.692,6,8,4,0.2,10
boundary:query,365,L40.hi.lo.lo.hi.lo,hybrid,create,split of L40.hi.lo.lo.hi,,1.6107,3,0,0,0.0,0
boundary:query,365,L40.hi.lo.lo.hi.hi,hybrid,create,split of L40.hi.lo.lo.hi,,1.5565,3,0,0,0.0,0
boundary:query,366,L105.lo.hi,hybrid,exception,contradicted; every cut loses a supporter,1.898,1.898,8,4,1,0.3333,6
boundary:query,367,L105.lo.hi,hybrid,exception,contradicted; every cut loses a supporter,1.8993,1.8993,8,5,2,0.2857,7
boundary:query,367,L166,hybrid,exception,contradicted; every cut loses a supporter,1.9993,1.9993,2,5,1,0.1667,6
boundary:query,367,L154,dense,expand,arm beat the default just outside the box,2.0172,2.0434,3,3,0,-0.3333,3
boundary:query,368,L32,dense,narrow,contradicted; cut f:query_len_tokens,1.9245,1.8973,4,11,3,0.2143,14
boundary:query,368,L33,hybrid,narrow,contradicted; cut f:query_len_tokens,1.8973,1.8702,3,10,3,0.0909,11
boundary:query,368,L13.lo,hybrid,exception,contradicted; every cut loses a supporter,2.0057,2.0057,5,6,2,0.25,8
boundary:query,368,L16.lo,dense,exception,contradicted; every cut loses a supporter,1.8068,1.8068,6,6,2,0.1429,7
boundary:query,368,L5.lo.lo,dense,exception,contradicted; every cut loses a supporter,1.7618,1.7618,7,6,2,0.1429,7
boundary:query,368,L12.lo,dense,exception,contradicted; every cut loses a supporter,2.0057,2.0057,8,6,2,0.25,8
boundary:query,371,L20.lo.hi,dense,exception,contradicted; every cut loses a supporter,1.6963,1.6963,4,5,1,0.1667,6
boundary:query,371,L17.lo.hi,hybrid,exception,contradicted; every cut loses a supporter,1.833,1.833,4,5,1,0.1667,6
boundary:query,372,L166,hybrid,narrow,contradicted; cut f:query_len_tokens,1.9967,1.9689,2,6,1,0.1429,7
boundary:query,372,L23.lo.hi.lo.hi.lo,hybrid,retire,utility <= 0,,2.0353,9,5,0,0.0,5
boundary:query,374,L17.lo.lo,hybrid,retire,utility <= 0,,1.8574,5,5,0,0.0,5
boundary:query,376,L154,dense,expand,arm beat the default just outside the box,2.0387,2.0933,4,4,0,-0.25,4
boundary:query,376,L105.lo.lo,hybrid,expand,arm beat the default just outside the box,1.8389,1.8662,10,5,1,0.375,8
boundary:query,376,L31.lo.hi.lo.hi,hybrid,expand,arm beat the default just outside the box,1.4786,1.5059,5,2,0,0.0,2
boundary:query,376,L125.hi.hi,hybrid,expand,arm beat the default just outside the box,1.9188,1.9871,3,2,0,0.0,2
boundary:query,376,L40.hi.lo.lo.hi.hi,hybrid,expand,arm beat the default just outside the box,1.5503,1.6322,4,0,0,0.0,0
boundary:query,379,L53.lo.lo,dense,expand,arm beat the default just outside the box,1.5808,1.6082,12,6,3,0.2222,9
boundary:query,379,L41.hi.lo.lo,dense,expand,arm beat the default just outside the box,1.8015,1.8563,14,6,3,0.2222,9
boundary:query,379,L40.hi.lo.lo.lo,hybrid,expand,arm beat the default just outside the box,1.6565,1.7113,11,6,3,0.3333,9
boundary:query,379,L125.lo,hybrid,expand,arm beat the default just outside the box,1.8758,1.9305,11,6,2,0.4,10
boundary:query,379,L105.lo.hi,hybrid,expand,arm beat the default just outside the box,1.8914,1.9461,10,5,2,0.375,8
boundary:query,379,L125.hi.lo,hybrid,expand,arm beat the default just outside the box,1.8073,1.8758,4,3,0,0.25,4
boundary:query,379,L120.lo.lo,hybrid,expand,arm beat the default just outside the box,1.9038,1.9585,13,3,0,0.25,4
boundary:query,379,L40.hi.lo.lo.hi.lo,hybrid,expand,arm beat the default just outside the box,1.6018,1.6565,5,2,0,0.3333,3
boundary:query,379,L154,dense,retire,utility <= 0,,2.0918,5,4,0,0.0,5
boundary:query,380,L53.lo.lo,dense,exception,contradicted; every cut loses a supporter,1.6087,1.6087,12,7,4,0.2,10
boundary:query,380,L105.lo.lo,hybrid,exception,contradicted; every cut loses a supporter,1.865,1.865,10,6,2,0.3333,9
boundary:query,380,L105.lo.hi,hybrid,exception,contradicted; every cut loses a supporter,1.9471,1.9471,10,6,3,0.3333,9
boundary:query,380,L39.hi.lo.lo.hi.lo,dense,exception,contradicted; every cut loses a supporter,1.7998,1.7998,12,5,1,0.375,8
boundary:query,380,L53.lo.lo,dense,split,4 exceptions; cut f:query_len_tokens at 14.5,,1.6087,12,7,4,0.2,10
boundary:query,380,L53.lo.lo.lo,dense,create,split of L53.lo.lo,,1.4856,6,0,0,0.0,0
boundary:query,380,L53.lo.lo.hi,dense,create,split of L53.lo.lo,,1.4856,6,0,0,0.0,0
boundary:query,381,L125.lo,hybrid,exception,contradicted; every cut loses a supporter,1.9328,1.9328,11,7,3,0.3636,11
boundary:query,381,L120.lo.lo,hybrid,exception,contradicted; every cut loses a supporter,1.9608,1.9608,13,5,1,0.1667,6
boundary:query,381,L53.lo.lo.lo,dense,expand,arm beat the default just outside the box,1.4864,1.5001,7,0,0,0.0,0
boundary:query,382,L40.hi.lo.hi,hybrid,expand,arm beat the default just outside the box,1.6316,1.6865,5,7,2,0.125,8
boundary:query,382,L105.lo.hi,hybrid,expand,arm beat the default just outside the box,1.9494,2.0043,11,6,3,0.3333,9
boundary:query,382,L122.lo,dense,expand,arm beat the default just outside the box,1.9054,1.9603,5,3,0,0.0,3
boundary:query,382,L166,hybrid,expand,arm beat the default just outside the box,1.9681,1.977,5,6,1,0.3333,9
boundary:query,382,L39.hi.lo.lo.hi.lo,dense,expand,arm beat the default just outside the box,1.8019,1.8567,14,5,1,0.4444,9
boundary:query,382,L178,hybrid,create,"default missed, hybrid hit",,2.0,1,0,0,0.0,0
boundary:query,383,L105.lo.hi,hybrid,exception,contradicted; every cut loses a supporter,2.0054,2.0054,11,7,4,0.3,10
boundary:query,383,L166,hybrid,exception,contradicted; every cut loses a supporter,1.9781,1.9781,5,7,2,0.3,10
boundary:query,383,L122.hi,dense,expand,arm beat the default just outside the box,1.9339,2.0163,5,2,0,0.25,4
boundary:query,383,L105.lo.hi,hybrid,split,4 exceptions; cut f:query_cap_spans at 1,,2.0054,11,7,4,0.3,10
boundary:query,383,L105.lo.hi.lo,hybrid,create,split of L105.lo.hi,,1.8293,9,0,0,0.0,0
boundary:query,383,L105.lo.hi.hi,hybrid,create,split of L105.lo.hi,,1.8293,2,0,0,0.0,0
boundary:query,384,L125.lo,hybrid,exception,contradicted; every cut loses a supporter,1.935,1.935,11,8,4,0.3333,12
boundary:query,384,L105.lo.lo,hybrid,exception,contradicted; every cut loses a supporter,1.8683,1.8683,10,7,3,0.3,10
boundary:query,384,L120.lo.lo,hybrid,exception,contradicted; every cut loses a supporter,1.9631,1.9631,13,6,2,0.1429,7
boundary:query,384,L125.lo,hybrid,split,4 exceptions; cut f:query_cap_spans at 1,,1.935,11,8,4,0.3333,12
boundary:query,384,L125.lo.lo,hybrid,create,split of L125.lo,,1.935,11,0,0,0.0,0
boundary:query,386,L41.hi.lo.lo,dense,exception,contradicted; every cut loses a supporter,1.8601,1.8601,15,7,4,0.1818,11
boundary:query,386,L40.hi.lo.lo.lo,hybrid,exception,contradicted; every cut loses a supporter,1.7145,1.7145,11,7,4,0.3,10
boundary:query,386,L166,hybrid,exception,contradicted; every cut loses a supporter,1.9782,1.9782,5,8,3,0.2727,11
boundary:query,386,L31.lo.hi.lo.lo,hybrid,exception,contradicted; every cut loses a supporter,1.505,1.505,8,5,1,0.1667,6
boundary:query,386,L39.hi.lo.lo.hi.lo,dense,exception,contradicted; every cut loses a supporter,1.8576,1.8576,15,6,2,0.3636,11
boundary:query,386,L125.hi.lo,hybrid,exception,contradicted; every cut loses a supporter,1.8798,1.8798,4,5,1,0.1667,6
boundary:query,386,L120.lo.lo,hybrid,exception,contradicted; every cut loses a supporter,1.9629,1.9629,13,7,3,0.125,8
boundary:query,386,L41.hi.lo.lo,dense,split,4 exceptions; cut f:query_len_tokens at 13,,1.8601,15,7,4,0.1818,11
boundary:query,386,L41.hi.lo.lo.lo,dense,create,split of L41.hi.lo.lo,,1.6952,9,0,0,0.0,0
boundary:query,386,L41.hi.lo.lo.hi,dense,create,split of L41.hi.lo.lo,,1.7226,6,0,0,0.0,0
boundary:query,386,L40.hi.lo.lo.lo,hybrid,split,4 exceptions; cut f:query_len_tokens at 14,,1.7145,11,7,4,0.3,10
boundary:query,386,L40.hi.lo.lo.lo.lo,hybrid,create,split of L40.hi.lo.lo.lo,,1.577,6,0,0,0.0,0
boundary:query,386,L40.hi.lo.lo.lo.hi,hybrid,create,split of L40.hi.lo.lo.lo,,1.6045,5,0,0,0.0,0
boundary:query,387,L39.hi.lo.lo.hi.lo,dense,exception,contradicted; every cut loses a supporter,1.8586,1.8586,15,7,3,0.3333,12
boundary:query,387,L105.lo.lo,hybrid,expand,arm beat the default just outside the box,1.869,1.869,11,7,3,0.3,10
boundary:query,387,L178,hybrid,expand,arm beat the default just outside the box,2.0023,2.0552,2,0,0,0.0,0
boundary:query,390,L125.hi.lo,hybrid,exception,contradicted; every cut loses a supporter,1.8826,1.8826,4,6,2,0.1429,7
boundary:query,390,L125.hi.hi,hybrid,exception,contradicted; every cut loses a supporter,1.9925,1.9925,4,5,1,0.1667,6
boundary:query,390,L120.lo.lo,hybrid,exception,contradicted; every cut loses a supporter,1.9657,1.9657,13,8,4,0.1111,9
boundary:query,390,L40.hi.lo.lo.hi.lo,hybrid,exception,contradicted; every cut loses a supporter,1.6621,1.6621,5,5,1,0.1667,6
boundary:query,390,L53.lo.lo.lo,dense,expand,arm beat the default just outside the box,1.5034,1.5584,8,1,0,-1.0,1
boundary:query,390,L120.lo.lo,hybrid,split,4 exceptions; cut f:query_cap_spans at 1,,1.9657,13,8,4,0.1111,9
boundary:query,390,L120.lo.lo.lo,hybrid,create,split of L120.lo.lo,,1.9657,13,0,0,0.0,0
boundary:query,391,L166,hybrid,exception,contradicted; every cut loses a supporter,1.9822,1.9822,5,9,4,0.25,12
boundary:query,391,L31.lo.hi.lo.hi,hybrid,exception,contradicted; every cut loses a supporter,1.5083,1.5083,6,5,1,0.1667,6
boundary:query,391,L39.hi.lo.lo.hi.lo,dense,exception,contradicted; every cut loses a supporter,1.8615,1.8615,16,8,4,0.3571,14
boundary:query,391,L166,hybrid,split,4 exceptions; cut f:query_len_tokens at 17,,1.9822,5,9,4,0.25,12
boundary:query,391,L166.lo,hybrid,create,split of L166,,1.8446,3,0,0,0.0,0
boundary:query,391,L166.hi,hybrid,create,split of L166,,1.8166,2,0,0,0.0,0
boundary:query,391,L39.hi.lo.lo.hi.lo,dense,split,4 exceptions; cut f:query_len_tokens at 15.5,,1.8615,16,8,4,0.3571,14
boundary:query,391,L39.hi.lo.lo.hi.lo.lo,dense,create,split of L39.hi.lo.lo.hi.lo,,1.7102,8,0,0,0.0,0
boundary:query,391,L39.hi.lo.lo.hi.lo.hi,dense,create,split of L39.hi.lo.lo.hi.lo,,1.7102,8,0,0,0.0,0
boundary:query,391,L105.lo.hi.lo,hybrid,retire,utility <= 0,,1.8329,9,5,0,0.0,5
boundary:query,392,L161,dense,expand,arm beat the default just outside the box,2.004,2.0856,4,1,0,0.6667,3
boundary:query,392,L162,hybrid,expand,arm beat the default just outside the box,2.004,2.0856,4,1,0,0.6667,3
boundary:query,392,L191,dense,create,"default missed, dense hit",,2.0,1,0,0,0.0,0
boundary:query,392,L192,hybrid,create,"default missed, hybrid hit",,2.0,1,0,0,0.0,0
boundary:query,393,L122.hi,dense,exception,contradicted; every cut loses a supporter,2.0195,2.0195,5,4,1,0.1667,6
boundary:query,395,L31.lo.hi.lo.hi,hybrid,exception,contradicted; every cut loses a supporter,1.5057,1.5057,6,6,2,0.1429,7
boundary:query,396,L161,dense,expand,arm beat the default just outside the box,2.0837,2.1197,5,1,0,0.6667,3
boundary:query,396,L162,hybrid,expand,arm beat the default just outside the box,2.0837,2.1197,5,1,0,0.6667,3
boundary:query,396,L191,dense,expand,arm beat the default just outside the box,1.998,2.0082,2,0,0,0.0,0
boundary:query,396,L192,hybrid,expand,arm beat the default just outside the box,1.998,2.0082,2,0,0,0.0,0
boundary:query,397,L31.lo.hi.lo.lo,hybrid,exception,contradicted; every cut loses a supporter,1.5042,1.5042,8,6,2,0.1429,7
boundary:query,397,L105.lo.hi.hi,hybrid,narrow,contradicted; cut f:query_cap_spans,1.8296,1.8296,3,5,0,0.1667,6
boundary:query,397,L125.lo.lo,hybrid,retire,utility <= 0,,1.9358,11,5,0,0.0,5
boundary:query,399,L122.lo,dense,expand,arm beat the default just outside the box,1.9618,1.9894,7,4,0,0.2,5
boundary:query,399,L39.hi.lo.lo.hi.lo.hi,dense,expand,arm beat the default just outside the box,1.7054,1.733,9,1,0,0.0,1
boundary:query,399,L193,dense,create,"default missed, dense hit",,2.0,1,0,0,0.0,0
boundary:query,401,L125.hi.lo,hybrid,narrow,contradicted; cut f:query_cap_spans,1.881,1.7142,4,7,2,0.125,8
boundary:query,401,L125.hi.hi,hybrid,exception,contradicted; every cut loses a supporter,1.9914,1.9914,4,6,2,0.1429,7
boundary:query,402,L40.hi.lo.lo.hi.hi,hybrid,exception,contradicted; every cut loses a supporter,1.6327,1.6327,5,5,1,0.1667,6
boundary:query,402,L120.lo.lo.lo,hybrid,retire,utility <= 0,,1.9658,13,5,0,0.0,5
boundary:query,404,L125.hi.hi,hybrid,narrow,contradicted; cut f:query_len_tokens,1.9945,1.9668,4,7,2,0.125,8
boundary:query,406,L53.lo.lo.hi,dense,exception,contradicted; every cut loses a supporter,1.4896,1.4896,8,4,1,0.3333,6
boundary:query,406,L41.hi.lo.lo.hi,dense,exception,contradicted; every cut loses a supporter,1.7267,1.7267,7,5,1,0.1667,6
boundary:query,406,L53.lo.lo.lo,dense,retire,utility <= 0,,1.5587,8,5,0,-0.2,5
boundary:query,406,L40.hi.lo.lo.lo.hi,hybrid,retire,utility <= 0,,1.6077,5,5,0,0.0,5
boundary:query,410,L130,dense,expand,arm beat the default just outside the box,2.0138,2.0249,2,3,0,-0.3333,3
boundary:query,410,L193,dense,expand,arm beat the default just outside the box,2.0033,2.0844,3,1,0,0.5,2
boundary:query,410,L194,dense,create,"default missed, dense hit",,2.0,1,0,0,0.0,0
boundary:query,411,L105.lo.lo,hybrid,exception,contradicted; every cut loses a supporter,1.873,1.873,11,8,4,0.2727,11
boundary:query,411,L41.hi.lo.lo.hi,dense,narrow,contradicted; cut f:query_len_tokens,1.7261,1.7261,7,6,1,0.1429,7
boundary:query,411,L105.lo.lo,hybrid,split,4 exceptions; cut f:query_cap_spans at 1,,1.873,11,8,4,0.2727,11
boundary:query,411,L105.lo.lo.lo,hybrid,create,split of L105.lo.lo,,1.695,10,0,0,0.0,0
boundary:query,411,L105.lo.lo.hi,hybrid,create,split of L105.lo.lo,,1.695,1,0,0,0.0,0
boundary:query,411,L41.hi.lo.lo.lo,dense,retire,utility <= 0,,1.6987,9,5,0,0.0,5
boundary:query,414,L31.lo.hi.lo.hi,hybrid,expand,arm beat the default just outside the box,1.5089,1.5364,7,6,2,0.1429,7
boundary:query,414,L125.hi.lo,hybrid,expand,arm beat the default just outside the box,1.7191,1.7466,5,7,2,0.125,8
boundary:query,414,L40.hi.lo.lo.hi.lo,hybrid,expand,arm beat the default just outside the box,1.6642,1.6917,6,5,1,0.1667,6
boundary:query,414,L53.lo.lo.hi,dense,expand,arm beat the default just outside the box,1.4911,1.5186,9,4,1,0.3333,6
boundary:query,414,L178,hybrid,expand,arm beat the default just outside the box,2.0604,2.0698,4,3,0,0.25,4
boundary:query,414,L105.lo.hi.hi,hybrid,expand,arm beat the default just outside the box,1.8344,1.8344,5,5,0,0.2857,7
boundary:query,414,L41.hi.lo.lo.hi,dense,expand,arm beat the default just outside the box,1.728,1.7555,9,6,1,0.25,8
boundary:query,414,L166.lo,hybrid,expand,arm beat the default just outside the box,1.8471,1.9296,4,4,0,0.0,4
boundary:query,414,L193,dense,expand,arm beat the default just outside the box,2.087,2.0977,4,1,0,0.5,2
boundary:query,415,L122.lo,dense,exception,contradicted; every cut loses a supporter,1.9963,1.9963,8,5,1,0.2857,7
boundary:query,415,L122.hi,dense,exception,contradicted; every cut loses a supporter,2.0238,2.0238,5,5,2,0.1429,7
boundary:query,415,L105.lo.hi.hi,hybrid,exception,contradicted; every cut loses a supporter,1.8353,1.8353,5,6,1,0.25,8
boundary:query,415,L166.lo,hybrid,retire,utility <= 0,,1.9306,4,5,0,0.0,5
boundary:query,416,L178,hybrid,exception,contradicted; every cut loses a supporter,2.0723,2.0723,4,5,1,0.1667,6
boundary:query,416,L105.lo.hi.hi,hybrid,exception,contradicted; every cut loses a supporter,1.8364,1.8364,5,7,2,0.2222,9
boundary:query,416,L39.hi.lo.lo.hi.lo.hi,dense,exception,contradicted; every cut loses a supporter,1.7412,1.7412,11,4,1,0.3333,6
boundary:query,417,L41.hi.lo.lo.hi,dense,exception,contradicted; every cut loses a supporter,1.758,1.758,9,7,2,0.2222,9
boundary:query,418,L125.hi.hi,hybrid,exception,contradicted; every cut loses a supporter,1.9717,1.9717,5,8,3,0.2,10
boundary:query,419,L13.lo,hybrid,exception,contradicted; every cut loses a supporter,2.0113,2.0113,5,7,3,0.2222,9
boundary:query,419,L12.lo,dense,exception,contradicted; every cut loses a supporter,2.0113,2.0113,8,7,3,0.2222,9
boundary:query,419,L20.lo.lo,dense,exception,contradicted; every cut loses a supporter,1.659,1.659,7,6,1,0.25,8
boundary:query,420,L41.hi.lo.lo.hi,dense,exception,contradicted; every cut loses a supporter,1.7567,1.7567,9,8,3,0.1,10
boundary:query,421,L178,hybrid,exception,contradicted; every cut loses a supporter,2.0723,2.0723,4,6,2,0.1429,7
boundary:query,421,L105.lo.hi.hi,hybrid,exception,contradicted; every cut loses a supporter,1.8369,1.8369,5,8,3,0.2,10
boundary:query,421,L39.hi.lo.lo.hi.lo.lo,dense,expand,arm beat the default just outside the box,1.7137,1.7275,9,3,0,0.0,3
boundary:query,422,L40.hi.lo.lo.hi.lo,hybrid,exception,contradicted; every cut loses a supporter,1.695,1.695,6,6,2,0.1429,7
boundary:query,422,L178,hybrid,exception,contradicted; every cut loses a supporter,2.0735,2.0735,4,7,3,0.125,8
boundary:query,422,L105.lo.hi.hi,hybrid,exception,contradicted; every cut loses a supporter,1.8379,1.8379,5,9,4,0.1818,11
boundary:query,422,L105.lo.hi.hi,hybrid,split,4 exceptions; cut f:query_cap_spans at 2,,1.8379,5,9,4,0.1818,11
boundary:query,422,L105.lo.hi.hi.lo,hybrid,create,split of L105.lo.hi.hi,,1.8379,5,0,0,0.0,0
boundary:query,424,L41.hi.lo.lo.hi,dense,expand,arm beat the default just outside the box,1.7568,1.812,10,8,3,0.1,10
boundary:query,424,L198,dense,create,"default missed, dense hit",,2.0,1,0,0,0.0,0
boundary:query,425,L41.hi.lo.lo.hi,dense,expand,arm beat the default just outside the box,1.8121,1.8948,11,8,3,0.1,10
boundary:query,425,L105.lo.lo.lo,hybrid,expand,arm beat the default just outside the box,1.6982,1.6982,11,3,0,0.0,3
boundary:query,425,L199,hybrid,create,"default missed, hybrid hit",,2.0,1,0,0,0.0,0
boundary:query,426,L32,dense,exception,contradicted; every cut loses a supporter,1.9007,1.9007,5,12,4,0.25,16
boundary:query,426,L33,hybrid,exception,contradicted; every cut loses a supporter,1.8731,1.8731,4,11,4,0.1538,13
boundary:query,426,L20.lo.hi,dense,exception,contradicted; every cut loses a supporter,1.6995,1.6995,6,6,2,0.3333,9
boundary:query,426,L17.lo.hi,hybrid,exception,contradicted; every cut loses a supporter,1.8382,1.8382,6,6,2,0.3333,9
boundary:query,426,L161,dense,exception,contradicted; every cut loses a supporter,2.126,2.126,5,4,1,0.3333,6
boundary:query,426,L162,hybrid,exception,contradicted; every cut loses a supporter,2.126,2.126,5,4,1,0.3333,6
boundary:query,426,L32,dense,split,4 exceptions; cut f:query_cap_spans at 1,,1.9007,5,12,4,0.25,16
boundary:query,426,L32.lo,dense,create,split of L32,,1.8993,5,0,0,0.0,0
boundary:query,426,L33,hybrid,split,4 exceptions; cut f:query_cap_spans at 1,,1.8731,4,11,4,0.1538,13
boundary:query,426,L33.lo,hybrid,create,split of L33,,1.8717,4,0,0,0.0,0
boundary:query,427,L178,hybrid,exception,contradicted; every cut loses a supporter,2.0712,2.0712,4,8,4,0.0,9
boundary:query,427,L178,hybrid,split,4 exceptions; cut f:query_len_tokens at 20.5,,2.0712,4,8,4,0.0,9
boundary:query,427,L178.lo,hybrid,create,split of L178,,1.8895,2,0,0,0.0,0
boundary:query,427,L178.hi,hybrid,create,split of L178,,1.864,2,0,0,0.0,0
boundary:query,427,L39.hi.lo.lo.hi.lo.lo,dense,retire,utility <= 0,,1.7261,9,5,0,-0.2,5
boundary:query,428,L41.hi.lo.lo.hi,dense,exception,contradicted; every cut loses a supporter,1.8953,1.8953,11,9,4,0.0909,11
boundary:query,428,L41.hi.lo.lo.hi,dense,split,4 exceptions; cut f:query_len_tokens at 15,,1.8953,11,9,4,0.0909,11
boundary:query,428,L41.hi.lo.lo.hi.lo,dense,create,split of L41.hi.lo.lo.hi,,1.7571,6,0,0,0.0,0
boundary:query,428,L41.hi.lo.lo.hi.hi,dense,create,split of L41.hi.lo.lo.hi,,1.7018,5,0,0,0.0,0
boundary:query,430,L122.lo,dense,exception,contradicted; every cut loses a supporter,1.9984,1.9984,9,6,2,0.3333,9
boundary:query,430,L39.hi.lo.lo.hi.lo.hi,dense,exception,contradicted; every cut loses a supporter,1.7419,1.7419,12,5,2,0.375,8
boundary:query,430,L193,dense,exception,contradicted; every cut loses a supporter,2.1013,2.1013,5,4,1,0.1667,6
boundary:query,431,L166.hi,hybrid,narrow,contradicted; cut f:query_len_tokens,1.8226,1.8226,4,4,0,0.3333,6
boundary:query,431,L193,dense,exception,contradicted; every cut loses a supporter,2.1026,2.1026,5,5,2,0.1429,7
boundary:query,432,L161,dense,exception,contradicted; every cut loses a supporter,2.1292,2.1292,5,5,2,0.2857,7
boundary:query,432,L162,hybrid,exception,contradicted; every cut loses a supporter,2.1292,2.1292,5,5,2,0.2857,7
boundary:query,432,L191,dense,retire,utility <= 0,,2.0174,2,5,0,0.0,5
boundary:query,432,L192,hybrid,retire,utility <= 0,,2.0174,2,5,0,0.0,5
boundary:query,434,L105.lo.lo.lo,hybrid,retire,utility <= 0,,1.6975,11,5,0,0.0,5
boundary:query,435,L40.hi.lo.hi,hybrid,exception,contradicted; every cut loses a supporter,1.693,1.693,6,8,3,0.2,10
boundary:query,435,L166.hi,hybrid,exception,contradicted; every cut loses a supporter,1.8211,1.8211,4,5,1,0.2857,7
boundary:query,437,L122.lo,dense,narrow,contradicted; cut f:query_cap_spans,1.9986,1.8312,10,7,2,0.3636,11
boundary:query,437,L122.hi,dense,exception,contradicted; every cut loses a supporter,2.0263,2.0263,7,6,3,0.3,10
boundary:query,439,L105.lo.hi.hi.lo,hybrid,retire,utility <= 0,,1.8361,5,5,0,-0.2,5
boundary:query,441,L20.lo.hi,dense,exception,contradicted; every cut loses a supporter,1.693,1.693,6,7,3,0.3,10
boundary:query,442,L125.hi.hi,hybrid,exception,contradicted; every cut loses a supporter,1.9579,1.9579,5,9,4,0.1818,11
boundary:query,442,L193,dense,exception,contradicted; every cut loses a supporter,2.0862,2.0862,6,6,3,0.2222,9
boundary:query,442,L125.hi.hi,hybrid,split,4 exceptions; cut f:query_cap_spans at 1,,1.9579,5,9,4,0.1818,11
boundary:query,442,L125.hi.hi.lo,hybrid,create,split of L125.hi.hi,,1.9579,5,0,0,0.0,0
boundary:query,446,L198,dense,expand,arm beat the default just outside the box,1.9895,1.9999,3,1,0,0.5,2
boundary:query,446,L40.hi.lo.lo.lo.lo,hybrid,retire,utility <= 0,,1.58,6,5,0,0.0,5
boundary:query,446,L105.lo.lo.hi,hybrid,retire,utility <= 0,,1.6925,1,5,0,-0.2,5
boundary:query,448,L125.hi.lo,hybrid,expand,arm beat the default just outside the box,1.7433,1.7433,6,7,2,0.125,8
boundary:query,448,L166.hi,hybrid,expand,arm beat the default just outside the box,1.8105,1.8743,5,5,1,0.2857,7
boundary:query,448,L199,hybrid,expand,arm beat the default just outside the box,1.9907,2.017,2,1,0,0.0,1
boundary:query,449,L122.lo,dense,exception,contradicted; every cut loses a supporter,1.8259,1.8259,10,8,3,0.3333,12
boundary:query,449,L122.hi,dense,exception,contradicted; every cut loses a supporter,2.0156,2.0156,7,7,4,0.2727,11
boundary:query,449,L166.hi,hybrid,exception,contradicted; every cut loses a supporter,1.8753,1.8753,5,6,2,0.25,8
boundary:query,449,L39.hi.lo.lo.hi.lo.hi,dense,exception,contradicted; every cut loses a supporter,1.7369,1.7369,13,6,3,0.4,10
boundary:query,449,L193,dense,exception,contradicted; every cut loses a supporter,2.0907,2.0907,6,7,4,0.2,10
boundary:query,449,L122.hi,dense,split,4 exceptions; cut f:query_len_tokens at 20,,2.0156,7,7,4,0.2727,11
boundary:query,449,L122.hi.lo,dense,create,split of L122.hi,,1.8779,5,0,0,0.0,0
boundary:query,449,L122.hi.hi,dense,create,split of L122.hi,,1.8228,2,0,0,0.0,0
boundary:query,449,L193,dense,split,4 exceptions; cut f:query_cap_spans at 2,,2.0907,6,7,4,0.2,10
boundary:query,449,L193.lo,dense,create,split of L193,,1.9286,6,0,0,0.0,0
boundary:query,451,L125.hi.lo,hybrid,exception,contradicted; every cut loses a supporter,1.743,1.743,6,8,3,0.1111,9
boundary:query,451,L40.hi.lo.lo.hi.lo,hybrid,exception,contradicted; every cut loses a supporter,1.6909,1.6909,6,7,3,0.125,8
boundary:query,451,L40.hi.lo.lo.hi.hi,hybrid,exception,contradicted; every cut loses a supporter,1.6358,1.6358,6,6,2,0.25,8
boundary:query,451,L53.lo.lo.hi,dense,exception,contradicted; every cut loses a supporter,1.5202,1.5202,9,5,2,0.2857,7
boundary:query,451,L166.hi,hybrid,exception,contradicted; every cut loses a supporter,1.8742,1.8742,5,7,3,0.2222,9
boundary:query,451,L39.hi.lo.lo.hi.lo.hi,dense,exception,contradicted; every cut loses a supporter,1.7357,1.7357,13,7,4,0.3636,11
boundary:query,451,L39.hi.lo.lo.hi.lo.hi,dense,split,4 exceptions; cut f:query_cap_spans at 2,,1.7357,13,7,4,0.3636,11
boundary:query,451,L39.hi.lo.lo.hi.lo.hi.lo,dense,create,split of L39.hi.lo.lo.hi.lo.hi,,1.7357,13,0,0,0.0,0
boundary:query,451,L178.lo,hybrid,retire,utility <= 0,,1.8804,2,5,0,0.0,5
boundary:query,453,L125.hi.lo,hybrid,exception,contradicted; every cut loses a supporter,1.7418,1.7418,6,9,4,0.1,10
boundary:query,453,L125.hi.lo,hybrid,split,4 exceptions; cut f:query_len_tokens at 15,,1.7418,6,9,4,0.1,10
boundary:query,453,L125.hi.lo.lo,hybrid,create,split of L125.hi.lo,,1.6039,4,0,0,0.0,0
boundary:query,453,L125.hi.lo.hi,hybrid,create,split of L125.hi.lo,,1.6591,2,0,0,0.0,0
boundary:query,454,L166.hi,hybrid,exception,contradicted; every cut loses a supporter,1.8732,1.8732,5,8,4,0.2,10
boundary:query,454,L198,dense,expand,arm beat the default just outside the box,2.0002,2.082,5,3,0,0.4,5
boundary:query,454,L166.hi,hybrid,split,4 exceptions; cut f:query_len_tokens at 20,,1.8732,5,8,4,0.2,10
boundary:query,454,L166.hi.lo,hybrid,create,split of L166.hi,,1.818,3,0,0,0.0,0
boundary:query,454,L166.hi.hi,hybrid,create,split of L166.hi,,1.7352,2,0,0,0.0,0
boundary:query,455,L161,dense,exception,contradicted; every cut loses a supporter,2.1158,2.1158,6,6,3,0.2222,9
boundary:query,455,L162,hybrid,exception,contradicted; every cut loses a supporter,2.1158,2.1158,6,6,3,0.3333,9
boundary:query,456,L161,dense,exception,contradicted; every cut loses a supporter,2.1143,2.1143,6,7,4,0.2,10
boundary:query,456,L162,hybrid,exception,contradicted; every cut loses a supporter,2.1143,2.1143,6,7,4,0.3,10
boundary:query,456,L161,dense,split,4 exceptions; cut f:query_cap_spans at 2,,2.1143,6,7,4,0.2,10
boundary:query,456,L161.lo,dense,create,split of L161,,1.9501,6,0,0,0.0,0
boundary:query,456,L162,hybrid,split,4 exceptions; cut f:query_cap_spans at 2,,2.1143,6,7,4,0.3,10
boundary:query,456,L162.lo,hybrid,create,split of L162,,1.9501,6,0,0,0.0,0
boundary:query,457,L198,dense,exception,contradicted; every cut loses a supporter,2.0798,2.0798,5,4,1,0.3333,6
boundary:query,457,L41.hi.lo.lo.hi.hi,dense,exception,contradicted; every cut loses a supporter,1.6931,1.6931,7,4,1,0.3333,6
boundary:query,457,L125.hi.hi.lo,hybrid,exception,contradicted; every cut loses a supporter,1.9571,1.9571,6,5,1,0.1667,6
boundary:query,459,L198,dense,exception,contradicted; every cut loses a supporter,2.0791,2.0791,5,5,2,0.2857,7
boundary:query,459,L41.hi.lo.lo.hi.lo,dense,exception,contradicted; every cut loses a supporter,1.7474,1.7474,8,4,1,0.3333,6
boundary:query,463,L198,dense,exception,contradicted; every cut loses a supporter,2.0836,2.0836,5,6,3,0.25,8
boundary:query,463,L41.hi.lo.lo.hi.hi,dense,exception,contradicted; every cut loses a supporter,1.6954,1.6954,7,5,2,0.2857,7
boundary:query,463,L125.hi.hi.lo,hybrid,exception,contradicted; every cut loses a supporter,1.9605,1.9605,6,6,2,0.1429,7
boundary:query,464,L31.lo.hi.lo.lo,hybrid,exception,contradicted; every cut loses a supporter,1.5091,1.5091,8,7,3,0.125,8
boundary:query,464,L40.hi.lo.lo.hi.lo,hybrid,exception,contradicted; every cut loses a supporter,1.6904,1.6904,6,8,4,0.1111,9
boundary:query,464,L40.hi.lo.lo.hi.hi,hybrid,exception,contradicted; every cut loses a supporter,1.6349,1.6349,6,7,3,0.2222,9
boundary:query,464,L53.lo.lo.hi,dense,exception,contradicted; every cut loses a supporter,1.5189,1.5189,9,6,3,0.25,8
boundary:query,464,L198,dense,exception,contradicted; every cut loses a supporter,2.0849,2.0849,5,7,4,0.2222,9
boundary:query,464,L41.hi.lo.lo.hi.lo,dense,exception,contradicted; every cut loses a supporter,1.7517,1.7517,8,5,2,0.2857,7
boundary:query,464,L41.hi.lo.lo.hi.hi,dense,exception,contradicted; every cut loses a supporter,1.6962,1.6962,7,6,3,0.25,8
boundary:query,464,L125.hi.hi.lo,hybrid,exception,contradicted; every cut loses a supporter,1.9616,1.9616,6,7,3,0.125,8
boundary:query,464,L40.hi.lo.lo.hi.lo,hybrid,split,4 exceptions; cut f:query_len_tokens at 15.5,,1.6904,6,8,4,0.1111,9
boundary:query,464,L40.hi.lo.lo.hi.lo.lo,hybrid,create,split of L40.hi.lo.lo.hi.lo,,1.5655,3,0,0,0.0,0
boundary:query,464,L40.hi.lo.lo.hi.lo.hi,hybrid,create,split of L40.hi.lo.lo.hi.lo,,1.5932,3,0,0,0.0,0
boundary:query,464,L198,dense,split,4 exceptions; cut f:query_len_tokens at 11,,2.0849,5,7,4,0.2222,9
boundary:query,464,L198.lo,dense,create,split of L198,,1.8351,3,0,0,0.0,0
boundary:query,464,L198.hi,dense,create,split of L198,,1.9173,2,0,0,0.0,0
boundary:query,464,L125.hi.lo.lo,hybrid,retire,utility <= 0,,1.6043,4,5,0,0.0,5
boundary:query,465,L125.hi.lo.hi,hybrid,retire,utility <= 0,,1.6606,2,5,0,0.0,5
boundary:query,467,L166.hi.lo,hybrid,retire,utility <= 0,,1.8199,3,5,0,0.0,5
boundary:query,468,L41.hi.lo.lo.hi.lo,dense,exception,contradicted; every cut loses a supporter,1.7526,1.7526,8,6,3,0.25,8
boundary:query,469,L125.hi.hi.lo,hybrid,exception,contradicted; every cut loses a supporter,1.9637,1.9637,6,8,4,0.1111,9
boundary:query,469,L41.hi.lo.lo.hi.lo,dense,expand,arm beat the default just outside the box,1.7531,1.8088,9,6,3,0.25,8
boundary:query,469,L125.hi.hi.lo,hybrid,split,4 exceptions; cut f:query_cap_spans at 1,,1.9637,6,8,4,0.1111,9
boundary:query,469,L125.hi.hi.lo.lo,hybrid,create,split of L125.hi.hi.lo,,1.9637,6,0,0,0.0,0
boundary:query,470,L41.hi.lo.lo.hi.lo,dense,exception,contradicted; every cut loses a supporter,1.8098,1.8098,9,7,4,0.2222,9
boundary:query,470,L41.hi.lo.lo.hi.lo,dense,split,4 exceptions; cut f:query_cap_spans at 0,,1.8098,9,7,4,0.2222,9
boundary:query,470,L41.hi.lo.lo.hi.lo.lo,dense,create,split of L41.hi.lo.lo.hi.lo,,1.6353,5,0,0,0.0,0
boundary:query,470,L41.hi.lo.lo.hi.lo.hi,dense,create,split of L41.hi.lo.lo.hi.lo,,1.8098,4,0,0,0.0,0
boundary:query,470,L193.lo,dense,retire,utility <= 0,,1.9323,6,5,0,0.0,5
boundary:query,473,L39.hi.lo.lo.hi.lo.hi.lo,dense,retire,utility <= 0,,1.7372,13,5,0,-0.2,5
boundary:query,473,L198.hi,dense,retire,utility <= 0,,1.92,3,4,0,0.0,5
boundary:query,474,L41.hi.lo.lo.hi.lo.lo,dense,expand,arm beat the default just outside the box,1.6359,1.6918,6,0,0,0.0,0
boundary:query,474,L41.hi.lo.lo.hi.lo.hi,dense,expand,arm beat the default just outside the box,1.8101,1.866,5,1,0,-1.0,1
boundary:query,474,L224,dense,create,"default missed, dense hit",,2.0,1,0,0,0.0,0
boundary:query,478,L41.hi.lo.lo.hi.hi,dense,exception,contradicted; every cut loses a supporter,1.6986,1.6986,8,7,4,0.3,10
boundary:query,478,L41.hi.lo.lo.hi.hi,dense,split,4 exceptions; cut f:query_len_tokens at 17.5,,1.6986,8,7,4,0.3,10
boundary:query,478,L41.hi.lo.lo.hi.hi.lo,dense,create,split of L41.hi.lo.lo.hi.hi,,1.6286,4,0,0,0.0,0
boundary:query,478,L41.hi.lo.lo.hi.hi.hi,dense,create,split of L41.hi.lo.lo.hi.hi,,1.6286,4,0,0,0.0,0
boundary:query,479,L31.lo.hi.lo.lo,hybrid,expand,arm beat the default just outside the box,1.5116,1.5677,9,7,3,0.125,8
boundary:query,479,L199,hybrid,expand,arm beat the default just outside the box,2.0252,2.0915,3,3,0,0.0,3
boundary:query,479,L40.hi.lo.lo.hi.lo.lo,hybrid,expand,arm beat the default just outside the box,1.5679,1.61,4,1,0,0.0,1
boundary:query,479,L224,dense,expand,arm beat the default just outside the box,2.0022,2.009,2,1,0,0.0,1
boundary:query,479,L41.hi.lo.lo.hi.hi.hi,dense,expand,arm beat the default just outside the box,1.6293,1.6433,5,0,0,0.0,0
boundary:query,479,L41.hi.lo.lo.hi.lo.hi,dense,retire,utility <= 0,,1.8678,6,4,0,0.0,5
boundary:query,480,L20.lo.lo,dense,expand,arm beat the default just outside the box,1.6553,1.6974,8,6,1,0.25,8
boundary:query,483,L20.lo.lo,dense,expand,arm beat the default just outside the box,1.6944,1.7506,9,6,1,0.25,8
boundary:query,483,L20.lo.hi,dense,expand,arm beat the default just outside the box,1.6944,1.7506,7,7,3,0.3,10
boundary:query,483,L17.lo.hi,hybrid,expand,arm beat the default just outside the box,1.8295,1.8857,7,6,2,0.3333,9
boundary:query,483,L32.lo,dense,expand,arm beat the default just outside the box,1.8914,1.9194,7,2,0,0.3333,3
boundary:query,483,L33.lo,hybrid,expand,arm beat the default just outside the box,1.8633,1.8914,6,2,0,0.3333,3
boundary:query,485,L53.lo.lo.hi,dense,expand,arm beat the default just outside the box,1.5185,1.5607,10,6,3,0.25,8
boundary:query,485,L198.lo,dense,expand,arm beat the default just outside the box,1.8369,1.8931,4,2,0,0.0,2
boundary:query,485,L224,dense,expand,arm beat the default just outside the box,2.0072,2.0083,3,1,0,0.0,1
boundary:query,485,L41.hi.lo.lo.hi.hi.lo,dense,expand,arm beat the default just outside the box,1.6262,1.6824,6,0,0,1.0,1
boundary:query,485,L227,dense,create,"default missed, dense hit",,2.0,1,0,0,0.0,0
boundary:query,486,L178.hi,hybrid,retire,utility <= 0,,1.8582,2,5,0,0.0,5
boundary:query,487,L20.lo.lo,dense,exception,contradicted; every cut loses a supporter,1.7514,1.7514,9,7,2,0.2222,9
boundary:query,487,L161.lo,dense,exception,contradicted; every cut loses a supporter,1.959,1.959,9,4,1,0.4286,7
boundary:query,487,L162.lo,hybrid,exception,contradicted; every cut loses a supporter,1.959,1.959,9,4,1,0.4286,7
boundary:query,488,L40.hi.lo.lo.hi.lo.hi,hybrid,exception,contradicted; every cut loses a supporter,1.5926,1.5926,4,5,1,0.1667,6
boundary:query,488,L125.hi.hi.lo.lo,hybrid,exception,contradicted; every cut loses a supporter,1.9654,1.9654,7,5,1,0.1667,6
boundary:query,489,L227,dense,expand,arm beat the default just outside the box,2.0011,2.0086,2,0,0,0.0,0
boundary:query,490,L20.lo.hi,dense,exception,contradicted; every cut loses a supporter,1.7514,1.7514,7,8,4,0.2727,11
boundary:query,490,L17.lo.hi,hybrid,exception,contradicted; every cut loses a supporter,1.8868,1.8868,7,7,3,0.3,10
boundary:query,490,L161.lo,dense,exception,contradicted; every cut loses a supporter,1.9597,1.9597,9,5,2,0.375,8
boundary:query,490,L162.lo,hybrid,exception,contradicted; every cut loses a supporter,1.9597,1.9597,9,5,2,0.375,8
boundary:query,490,L20.lo.hi,dense,split,4 exceptions; cut f:query_len_tokens at 10,,1.7514,7,8,4,0.2727,11
boundary:query,490,L20.lo.hi.lo,dense,create,split of L20.lo.hi,,1.6103,4,0,0,0.0,0
boundary:query,490,L20.lo.hi.hi,dense,create,split of L20.lo.hi,,1.6949,3,0,0,0.0,0
boundary:query,491,L31.lo.hi.lo.hi,hybrid,expand,arm beat the default just outside the box,1.5359,1.5924,8,6,2,0.1429,7
boundary:query,491,L40.hi.lo.lo.hi.hi,hybrid,expand,arm beat the default just outside the box,1.6346,1.6911,7,7,3,0.2222,9
boundary:query,491,L53.lo.lo.hi,dense,expand,arm beat the default just outside the box,1.5601,1.5884,11,6,3,0.25,8
boundary:query,491,L125.hi.hi.lo.lo,hybrid,expand,arm beat the default just outside the box,1.9656,2.0221,9,5,1,0.2857,7
boundary:query,491,L224,dense,expand,arm beat the default just outside the box,2.0093,2.0375,5,2,0,0.3333,3
boundary:query,491,L41.hi.lo.lo.hi.hi.lo,dense,expand,arm beat the default just outside the box,1.6821,1.7103,8,0,0,1.0,2
boundary:query,492,L31.lo.hi.lo.hi,hybrid,exception,contradicted; every cut loses a supporter,1.593,1.593,8,7,3,0.125,8
boundary:query,494,L31.lo.hi.lo.hi,hybrid,exception,contradicted; every cut loses a supporter,1.5943,1.5943,8,8,4,0.1111,9
boundary:query,494,L40.hi.lo.lo.hi.hi,hybrid,exception,contradicted; every cut loses a supporter,1.6933,1.6933,7,8,4,0.2,10
boundary:query,494,L53.lo.lo.hi,dense,exception,contradicted; every cut loses a supporter,1.5903,1.5903,11,7,4,0.2222,9
boundary:query,494,L199,hybrid,exception,contradicted; every cut loses a supporter,2.0943,2.0943,5,5,1,0.2857,7
boundary:query,494,L125.hi.hi.lo.lo,hybrid,exception,contradicted; every cut loses a supporter,2.025,2.025,9,6,2,0.25,8
boundary:query,494,L31.lo.hi.lo.hi,hybrid,split,4 exceptions; cut f:query_len_tokens at 18,,1.5943,8,8,4,0.1111,9
boundary:query,494,L31.lo.hi.lo.hi.lo,hybrid,create,split of L31.lo.hi.lo.hi,,1.5377,5,0,0,0.0,0
boundary:query,494,L31.lo.hi.lo.hi.hi,hybrid,create,split of L31.lo.hi.lo.hi,,1.4245,3,0,0,0.0,0
boundary:query,494,L40.hi.lo.lo.hi.hi,hybrid,split,4 exceptions; cut f:query_len_tokens at 19,,1.6933,7,8,4,0.2,10
boundary:query,494,L40.hi.lo.lo.hi.hi.lo,hybrid,create,split of L40.hi.lo.lo.hi.hi,,1.665,5,0,0,0.0,0
boundary:query,494,L40.hi.lo.lo.hi.hi.hi,hybrid,create,split of L40.hi.lo.lo.hi.hi,,1.4952,2,0,0,0.0,0
boundary:query,494,L53.lo.lo.hi,dense,split,4 exceptions; cut f:query_len_tokens at 16,,1.5903,11,7,4,0.2222,9
boundary:query,494,L53.lo.lo.hi.lo,dense,create,split of L53.lo.lo.hi,,1.4771,6,0,0,0.0,0
boundary:query,494,L53.lo.lo.hi.hi,dense,create,split of L53.lo.lo.hi,,1.4771,5,0,0,0.0,0
boundary:query,495,L199,hybrid,exception,contradicted; every cut loses a supporter,2.0948,2.0948,5,6,2,0.25,8
boundary:query,495,L125.hi.hi.lo.lo,hybrid,exception,contradicted; every cut loses a supporter,2.0255,2.0255,9,7,3,0.2222,9
boundary:query,495,L198.lo,dense,expand,arm beat the default just outside the box,1.8967,1.9534,6,3,0,0.25,4
boundary:query,495,L41.hi.lo.lo.hi.hi.hi,dense,expand,arm beat the default just outside the box,1.6423,1.6989,7,2,0,0.3333,3
boundary:query,496,L224,dense,exception,contradicted; every cut loses a supporter,2.042,2.042,6,5,1,0.2857,7
boundary:query,499,L194,dense,expand,arm beat the default just outside the box,2.0057,2.017,2,1,0,-1.0,1
boundary:query,499,L236,hybrid,create,"default missed, hybrid hit",,2.0,1,0,0,0.0,0
boundary:query,500,L227,dense,expand,arm beat the default just outside the box,2.014,2.0216,5,1,0,0.6667,3
boundary:query,500,L122.hi.lo,dense,retire,utility <= 0,,1.8854,6,4,0,0.0,5
boundary:query,500,L237,hybrid,create,"default missed, hybrid hit",,2.0,1,0,0,0.0,0
boundary:query,501,L224,dense,exception,contradicted; every cut loses a supporter,2.0435,2.0435,6,6,2,0.25,8
boundary:query,501,L41.hi.lo.lo.hi.hi.hi,dense,exception,contradicted; every cut loses a supporter,1.7018,1.7018,7,5,1,0.1667,6
boundary:query,503,L199,hybrid,exception,contradicted; every cut loses a supporter,2.0995,2.0995,5,7,3,0.2222,9
boundary:query,503,L198.lo,dense,exception,contradicted; every cut loses a supporter,1.9579,1.9579,6,5,1,0.1667,6
boundary:query,503,L125.hi.hi.lo.lo,hybrid,exception,contradicted; every cut loses a supporter,2.0302,2.0302,9,8,4,0.2,10
boundary:query,503,L224,dense,exception,contradicted; every cut loses a supporter,2.0456,2.0456,6,7,3,0.2222,9
boundary:query,503,L41.hi.lo.lo.hi.hi.lo,dense,exception,contradicted; every cut loses a supporter,1.7175,1.7175,9,3,1,0.5,6
boundary:query,503,L227,dense,exception,contradicted; every cut loses a supporter,2.0241,2.0241,5,4,1,0.3333,6
boundary:query,503,L125.hi.hi.lo.lo,hybrid,split,4 exceptions; cut f:query_len_tokens at 17,,2.0302,9,8,4,0.2,10
boundary:query,503,L125.hi.hi.lo.lo.lo,hybrid,create,split of L125.hi.hi.lo.lo,,1.8317,5,0,0,0.0,0
boundary:query,503,L125.hi.hi.lo.lo.hi,hybrid,create,split of L125.hi.hi.lo.lo,,1.8884,4,0,0,0.0,0
boundary:query,504,L224,dense,narrow,contradicted; cut f:query_len_tokens,2.0465,1.9342,6,8,3,0.2,10
boundary:query,505,L31.lo.hi.lo.lo,hybrid,exception,contradicted; every cut loses a supporter,1.5721,1.5721,9,8,4,0.1111,9
boundary:query,505,L199,hybrid,exception,contradicted; every cut loses a supporter,2.1016,2.1016,5,8,4,0.2,10
boundary:query,505,L40.hi.lo.lo.hi.lo.lo,hybrid,exception,contradicted; every cut loses a supporter,1.6146,1.6146,5,5,1,0.1667,6
boundary:query,505,L40.hi.lo.lo.hi.lo.hi,hybrid,exception,contradicted; every cut loses a supporter,1.6004,1.6004,4,6,2,0.1429,7
boundary:query,505,L198.lo,dense,expand,arm beat the default just outside the box,1.9598,2.0166,7,5,1,0.1667,6
boundary:query,505,L53.lo.lo.hi.lo,dense,expand,arm beat the default just outside the box,1.4829,1.5113,7,1,0,0.0,1
boundary:query,505,L31.lo.hi.lo.lo,hybrid,split,4 exceptions; cut f:query_len_tokens at 14,,1.5721,9,8,4,0.1111,9
boundary:query,505,L31.lo.hi.lo.lo.lo,hybrid,create,split of L31.lo.hi.lo.lo,,1.487,6,0,0,0.0,0
boundary:query,505,L31.lo.hi.lo.lo.hi,hybrid,create,split of L31.lo.hi.lo.lo,,1.4586,3,0,0,0.0,0
boundary:query,505,L199,hybrid,split,4 exceptions; cut f:query_cap_spans at 0,,2.1016,5,8,4,0.2,10
boundary:query,505,L199.lo,hybrid,create,split of L199,,1.9261,3,0,0,0.0,0
boundary:query,505,L199.hi,hybrid,create,split of L199,,1.9365,2,0,0,0.0,0
boundary:query,507,L198.lo,dense,exception,contradicted; every cut loses a supporter,2.0147,2.0147,7,6,2,0.1429,7
boundary:query,507,L41.hi.lo.lo.hi.hi.lo,dense,exception,contradicted; every cut loses a supporter,1.7174,1.7174,10,4,2,0.5,8
boundary:query,507,L227,dense,exception,contradicted; every cut loses a supporter,2.0241,2.0241,6,5,2,0.375,8
boundary:query,508,L41.hi.lo.lo.hi.hi.hi,dense,exception,contradicted; every cut loses a supporter,1.704,1.704,8,6,2,0.25,8
boundary:query,508,L227,dense,narrow,contradicted; cut f:query_len_tokens,2.0252,1.9989,6,6,2,0.3333,9
boundary:query,508,L40.hi.lo.lo.hi.hi.lo,hybrid,retire,utility <= 0,,1.6707,5,5,0,0.0,5
boundary:query,509,L41.hi.lo.lo.hi.lo.lo,dense,exception,contradicted; every cut loses a supporter,1.6992,1.6992,8,4,1,0.3333,6
boundary:query,510,L17.lo.hi,hybrid,expand,arm beat the default just outside the box,1.895,1.9234,8,7,3,0.3,10
boundary:query,510,L161.lo,dense,expand,arm beat the default just outside the box,1.9686,1.997,10,5,2,0.375,8
boundary:query,510,L162.lo,hybrid,expand,arm beat the default just outside the box,1.9686,1.997,10,5,2,0.375,8
boundary:query,510,L20.lo.hi.hi,dense,expand,arm beat the default just outside the box,1.7022,1.759,4,0,0,0.0,0
boundary:query,510,L244,hybrid,create,"default missed, hybrid hit",,2.0,1,0,0,0.0,0
boundary:query,511,L41.hi.lo.lo.hi.hi.hi,dense,exception,contradicted; every cut loses a supporter,1.7036,1.7036,8,7,3,0.2222,9
boundary:query,511,L40.hi.lo.lo.hi.lo.hi,hybrid,expand,arm beat the default just outside the box,1.5992,1.6134,5,6,2,0.1429,7
boundary:query,511,L237,hybrid,expand,arm beat the default just outside the box,2.0034,2.0118,2,1,0,0.0,1
boundary:query,511,L125.hi.hi.lo.lo.hi,hybrid,expand,arm beat the default just outside the box,1.889,1.9459,5,3,0,0.0,3
boundary:query,511,L31.lo.hi.lo.lo.lo,hybrid,expand,arm beat the default just outside the box,1.4858,1.5142,7,0,0,0.0,0
boundary:query,512,L198.lo,dense,exception,contradicted; every cut loses a supporter,2.0167,2.0167,7,7,3,0.0,8
boundary:query,512,L224,dense,exception,contradicted; every cut loses a supporter,1.9351,1.9351,7,9,4,0.1667,12
boundary:query,512,L41.hi.lo.lo.hi.hi.lo,dense,exception,contradicted; every cut loses a supporter,1.7186,1.7186,10,5,3,0.3333,9
boundary:query,512,L227,dense,exception,contradicted; every cut loses a supporter,1.9998,1.9998,6,7,3,0.2,10
boundary:query,512,L198.lo,dense,retire,utility <= 0,,2.0167,7,7,3,0.0,8
boundary:query,512,L224,dense,split,4 exceptions; cut f:query_cap_spans at 1,,1.9351,7,9,4,0.1667,12
boundary:query,512,L224.lo,dense,create,split of L224,,1.9351,7,0,0,0.0,0
boundary:query,512,L53.lo.lo.hi.hi,dense,retire,utility <= 0,,1.4823,6,4,0,0.0,5
boundary:query,513,L31.lo.hi.lo.hi.lo,hybrid,exception,contradicted; every cut loses a supporter,1.5439,1.5439,6,5,1,0.1667,6
boundary:query,513,L125.hi.hi.lo.lo.lo,hybrid,exception,contradicted; every cut loses a supporter,1.834,1.834,6,5,1,0.1667,6
boundary:query,513,L125.hi.hi.lo.lo.hi,hybrid,retire,utility <= 0,,1.9479,5,5,0,0.0,5
boundary:query,515,L122.lo,dense,exception,contradicted; every cut loses a supporter,1.8396,1.8396,10,9,4,0.2308,13
boundary:query,515,L122.lo,dense,split,4 exceptions; cut f:query_len_tokens at 17.5,,1.8396,10,9,4,0.2308,13
boundary:query,515,L122.lo.lo,dense,create,split of L122.lo,,1.7114,5,0,0,0.0,0
boundary:query,515,L122.lo.hi,dense,create,split of L122.lo,,1.6545,5,0,0,0.0,0
boundary:query,517,L125.hi.hi.lo.lo.lo,hybrid,exception,contradicted; every cut loses a supporter,1.8352,1.8352,6,6,2,0.1429,7
boundary:query,517,L199.hi,hybrid,narrow,contradicted; cut f:query_cap_spans,1.9384,1.9384,3,5,0,0.1667,6
boundary:query,518,L227,dense,narrow,contradicted; cut f:query_len_tokens,2.002,1.9758,6,8,3,0.1818,11
boundary:query,519,L13.lo,hybrid,expand,arm beat the default just outside the box,2.0184,2.0184,6,7,3,0.2222,9
boundary:query,519,L12.lo,dense,expand,arm beat the default just outside the box,2.0184,2.0184,9,7,3,0.2222,9
boundary:query,519,L20.lo.lo,dense,expand,arm beat the default just outside the box,1.7613,1.7613,10,7,2,0.2222,9
boundary:query,519,L32.lo,dense,expand,arm beat the default just outside the box,1.9316,1.9316,8,3,0,0.25,4
boundary:query,519,L33.lo,hybrid,expand,arm beat the default just outside the box,1.9032,1.9316,7,3,0,0.25,4
boundary:query,519,L248,dense,create,"default missed, dense hit",,2.0,1,0,0,0.0,0
boundary:query,519,L249,hybrid,create,"default missed, hybrid hit",,2.0,1,0,0,0.0,0
boundary:query,520,L41.hi.lo.lo.hi.lo.lo,dense,exception,contradicted; every cut loses a supporter,1.6999,1.6999,8,5,2,0.2857,7
boundary:query,520,L41.hi.lo.lo.hi.hi.hi,dense,exception,contradicted; every cut loses a supporter,1.7056,1.7056,8,8,4,0.2,10
boundary:query,520,L125.hi.hi.lo.lo.lo,hybrid,exception,contradicted; every cut loses a supporter,1.834,1.834,6,7,3,0.125,8
boundary:query,520,L41.hi.lo.lo.hi.hi.hi,dense,split,4 exceptions; cut f:query_cap_spans at 0.5,,1.7056,8,8,4,0.2,10
boundary:query,520,L41.hi.lo.lo.hi.hi.hi.lo,dense,create,split of L41.hi.lo.lo.hi.hi.hi,,1.6172,4,0,0,0.0,0
boundary:query,520,L41.hi.lo.lo.hi.hi.hi.hi,dense,create,split of L41.hi.lo.lo.hi.hi.hi,,1.6179,4,0,0,0.0,0
boundary:query,521,L194,dense,expand,arm beat the default just outside the box,2.0236,2.078,3,2,0,-0.5,2
boundary:query,521,L166.hi.hi,hybrid,expand,arm beat the default just outside the box,1.7462,1.7746,3,2,0,0.0,2
boundary:query,521,L236,hybrid,expand,arm beat the default just outside the box,2.0065,2.0661,2,0,0,0.0,0
boundary:query,521,L237,hybrid,expand,arm beat the default just outside the box,2.014,2.0738,3,4,0,0.0,4
boundary:query,521,L224.lo,dense,expand,arm beat the default just outside the box,1.9364,1.9931,8,3,0,-0.3333,3
boundary:query,521,L252,dense,create,"default missed, dense hit",,2.0,1,0,0,0.0,0
boundary:query,521,L253,hybrid,create,"default missed, hybrid hit",,2.0,1,0,0,0.0,0
boundary:query,522,L237,hybrid,retire,utility <= 0,,2.0744,3,5,0,0.0,5
boundary:query,523,L40.hi.lo.lo.hi.lo.lo,hybrid,exception,contradicted; every cut loses a supporter,1.6171,1.6171,6,6,2,0.25,8
boundary:query,523,L41.hi.lo.lo.hi.hi.lo,dense,exception,contradicted; every cut loses a supporter,1.7217,1.7217,10,6,4,0.3,10
boundary:query,523,L227,dense,exception,contradicted; every cut loses a supporter,1.9763,1.9763,6,9,4,0.1667,12
boundary:query,523,L31.lo.hi.lo.hi.lo,hybrid,exception,contradicted; every cut loses a supporter,1.546,1.546,6,6,2,0.1429,7
boundary:query,523,L125.hi.hi.lo.lo.lo,hybrid,exception,contradicted; every cut loses a supporter,1.8362,1.8362,6,8,4,0.1111,9
boundary:query,523,L199.hi,hybrid,exception,contradicted; every cut loses a supporter,1.9389,1.9389,3,6,1,0.1429,7
boundary:query,523,L41.hi.lo.lo.hi.hi.lo,dense,split,4 exceptions; cut f:query_len_tokens at 17,,1.7217,10,6,4,0.3,10
boundary:query,523,L41.hi.lo.lo.hi.hi.lo.lo,dense,create,split of L41.hi.lo.lo.hi.hi.lo,,1.7075,10,0,0,0.0,0
boundary:query,523,L227,dense,split,4 exceptions; cut f:query_cap_spans at 1,,1.9763,6,9,4,0.1667,12
boundary:query,523,L227.lo,dense,create,split of L227,,1.8005,5,0,0,0.0,0
boundary:query,523,L227.hi,dense,create,split of L227,,1.8005,1,0,0,0.0,0
boundary:query,523,L53.lo.lo.hi.lo,dense,retire,utility <= 0,,1.5136,7,5,0,-0.2,5
boundary:query,523,L125.hi.hi.lo.lo.lo,hybrid,split,4 exceptions; cut f:query_cap_spans at 1,,1.8362,6,8,4,0.1111,9
boundary:query,523,L125.hi.hi.lo.lo.lo.lo,hybrid,create,split of L125.hi.hi.lo.lo.lo,,1.8362,6,0,0,0.0,0
boundary:query,523,L224.lo,dense,retire,utility <= 0,,1.9947,8,5,0,-0.2,5
boundary:query,524,L41.hi.lo.lo.hi.lo.lo,dense,exception,contradicted; every cut loses a supporter,1.702,1.702,8,6,3,0.25,8
boundary:query,524,L199.lo,hybrid,retire,utility <= 0,,1.9291,3,5,0,0.0,5
boundary:query,527,L199.hi,hybrid,exception,contradicted; every cut loses a supporter,1.9419,1.9419,3,7,2,0.125,8
boundary:query,529,L41.hi.lo.lo.hi.hi.lo.lo,dense,retire,utility <= 0,,1.7109,10,5,0,0.0,5
boundary:query,529,L227.lo,dense,retire,utility <= 0,,1.8044,5,5,0,0.0,5
boundary:query,529,L125.hi.hi.lo.lo.lo.lo,hybrid,retire,utility <= 0,,1.8393,6,5,0,0.0,5
boundary:query,530,L130,dense,retire,utility <= 0,,2.0409,3,4,0,0.0,5
boundary:query,531,L40.hi.lo.lo.hi.lo.lo,hybrid,exception,contradicted; every cut loses a supporter,1.6208,1.6208,6,7,3,0.1111,9
boundary:query,531,L31.lo.hi.lo.hi.lo,hybrid,exception,contradicted; every cut loses a supporter,1.5497,1.5497,6,7,3,0.0,8
boundary:query,531,L31.lo.hi.lo.lo.hi,hybrid,narrow,contradicted; cut f:query_len_tokens,1.4646,1.4646,4,5,0,0.0,6
boundary:query,531,L199.hi,hybrid,exception,contradicted; every cut loses a supporter,1.942,1.942,3,8,3,0.0,9
boundary:query,531,L31.lo.hi.lo.hi.lo,hybrid,retire,utility <= 0,,1.5497,6,7,3,0.0,8
boundary:query,531,L31.lo.hi.lo.lo.hi,hybrid,retire,utility <= 0,,1.4646,4,5,0,0.0,6
boundary:query,531,L199.hi,hybrid,retire,utility <= 0,,1.942,3,8,3,0.0,9
boundary:query,532,L227.hi,dense,retire,utility <= 0,,1.8045,1,5,0,-0.2,5
boundary:query,534,L194,dense,retire,utility <= 0,,2.0842,3,5,0,-0.2,5
boundary:query,536,L31.lo.hi.lo.lo.lo,hybrid,retire,utility <= 0,,1.5214,7,5,0,-0.2,5
boundary:query,537,L32.lo,dense,exception,contradicted; every cut loses a supporter,1.9373,1.9373,8,5,1,0.1667,6
boundary:query,537,L33.lo,hybrid,exception,contradicted; every cut loses a supporter,1.9373,1.9373,7,5,1,0.1667,6
boundary:query,538,L252,dense,expand,arm beat the default just outside the box,2.0051,2.0654,2,1,0,0.0,1
boundary:query,538,L253,hybrid,expand,arm beat the default just outside the box,2.0051,2.0654,2,1,0,0.0,1
boundary:query,539,L161.lo,dense,exception,contradicted; every cut loses a supporter,2.0028,2.0028,10,6,3,0.3333,9
boundary:query,539,L162.lo,hybrid,exception,contradicted; every cut loses a supporter,2.0028,2.0028,10,6,3,0.3333,9
boundary:query,540,L17.lo.hi,hybrid,exception,contradicted; every cut loses a supporter,1.9294,1.9294,8,8,4,0.2727,11
boundary:query,540,L161.lo,dense,exception,contradicted; every cut loses a supporter,2.0009,2.0009,10,7,4,0.3,10
boundary:query,540,L162.lo,hybrid,exception,contradicted; every cut loses a supporter,2.0009,2.0009,10,7,4,0.3,10
boundary:query,540,L17.lo.hi,hybrid,split,4 exceptions; cut f:query_cap_spans at 2,,1.9294,8,8,4,0.2727,11
boundary:query,540,L17.lo.hi.lo,hybrid,create,split of L17.lo.hi,,1.7681,8,0,0,0.0,0
boundary:query,540,L161.lo,dense,split,4 exceptions; cut f:query_cap_spans at 2,,2.0009,10,7,4,0.3,10
boundary:query,540,L161.lo.lo,dense,create,split of L161.lo,,2.0009,10,0,0,0.0,0
boundary:query,540,L162.lo,hybrid,split,4 exceptions; cut f:query_cap_spans at 2,,2.0009,10,7,4,0.3,10
boundary:query,540,L162.lo.lo,hybrid,create,split of L162.lo,,2.0009,10,0,0,0.0,0
boundary:query,543,L31.lo.hi.lo.hi.hi,hybrid,expand,arm beat the default just outside the box,1.4336,1.4903,4,3,0,0.0,3
boundary:query,546,L166.hi.hi,hybrid,expand,arm beat the default just outside the box,1.7812,1.838,5,3,0,0.25,4
boundary:query,546,L252,dense,expand,arm beat the default just outside the box,2.067,2.0759,3,4,0,0.0,4
boundary:query,546,L253,hybrid,expand,arm beat the default just outside the box,2.067,2.0759,5,2,0,0.5,4
boundary:query,546,L261,hybrid,create,"default missed, hybrid hit",,2.0,1,0,0,0.0,0
boundary:query,549,L252,dense,expand,arm beat the default just outside the box,2.0784,2.1157,4,4,0,0.0,4
boundary:query,550,L41.hi.lo.lo.hi.hi.hi.hi,dense,exception,contradicted; every cut loses a supporter,1.6253,1.6253,5,5,1,0.0,6
boundary:query,550,L31.lo.hi.lo.hi.hi,hybrid,retire,utility <= 0,,1.4939,4,5,0,-0.2,5
boundary:query,550,L41.hi.lo.lo.hi.hi.hi.hi,dense,retire,utility <= 0,,1.6253,5,5,1,0.0,6
boundary:query,550,L252,dense,retire,utility <= 0,,2.1168,4,5,0,-0.2,5
boundary:query,551,L253,hybrid,exception,contradicted; every cut loses a supporter,2.0805,2.0805,5,4,1,0.1667,6
boundary:query,552,L253,hybrid,exception,contradicted; every cut loses a supporter,2.081,2.081,5,5,2,0.0,7
boundary:query,552,L253,hybrid,retire,utility <= 0,,2.081,5,5,2,0.0,7
boundary:query,553,L261,hybrid,expand,arm beat the default just outside the box,2.0058,2.0163,2,1,0,-1.0,1
boundary:query,553,L262,dense,create,"default missed, dense hit",,2.0,1,0,0,0.0,0
boundary:query,554,L166.hi.hi,hybrid,exception,contradicted; every cut loses a supporter,1.8437,1.8437,5,5,1,0.1667,6
boundary:query,555,L20.lo.lo,dense,exception,contradicted; every cut loses a supporter,1.7718,1.7718,10,8,3,0.2,10
boundary:query,555,L32.lo,dense,exception,contradicted; every cut loses a supporter,1.9446,1.9446,8,6,2,0.1429,7
boundary:query,555,L33.lo,hybrid,exception,contradicted; every cut loses a supporter,1.9446,1.9446,7,6,2,0.1429,7
boundary:query,556,L166.hi.hi,hybrid,expand,arm beat the default just outside the box,1.8428,1.8714,6,5,1,0.1667,6
boundary:query,556,L262,dense,expand,arm beat the default just outside the box,2.0002,2.0112,2,1,0,0.0,1
boundary:query,557,L40.hi.lo.lo.hi.lo.lo,hybrid,expand,arm beat the default just outside the box,1.6249,1.6821,7,7,3,0.1111,9
boundary:query,558,L13.lo,hybrid,exception,contradicted; every cut loses a supporter,2.0315,2.0315,6,8,4,0.2,10
boundary:query,558,L12.lo,dense,exception,contradicted; every cut loses a supporter,2.0315,2.0315,9,8,4,0.2,10
boundary:query,558,L20.lo.lo,dense,exception,contradicted; every cut loses a supporter,1.7713,1.7713,10,9,4,0.1818,11
boundary:query,558,L32.lo,dense,exception,contradicted; every cut loses a supporter,1.9439,1.9439,8,7,3,0.125,8
boundary:query,558,L33.lo,hybrid,exception,contradicted; every cut loses a supporter,1.9439,1.9439,7,7,3,0.125,8
boundary:query,558,L13.lo,hybrid,split,4 exceptions; cut f:query_len_tokens at 9.5,,2.0315,6,8,4,0.2,10
boundary:query,558,L13.lo.lo,hybrid,create,split of L13.lo,,1.7661,3,0,0,0.0,0
boundary:query,558,L13.lo.hi,hybrid,create,split of L13.lo,,1.9886,3,0,0,0.0,0
boundary:query,558,L12.lo,dense,split,4 exceptions; cut f:query_cap_spans at 1,,2.0315,9,8,4,0.2,10
boundary:query,558,L12.lo.lo,dense,create,split of L12.lo,,2.0315,9,0,0,0.0,0
boundary:query,558,L20.lo.lo,dense,split,4 exceptions; cut f:query_cap_spans at 1,,1.7713,10,9,4,0.1818,11
boundary:query,558,L20.lo.lo.lo,dense,create,split of L20.lo.lo,,1.7713,10,0,0,0.0,0
boundary:query,559,L40.hi.lo.lo.hi.hi.hi,hybrid,expand,arm beat the default just outside the box,1.5093,1.5379,4,3,0,0.25,4
boundary:query,563,L261,hybrid,narrow,contradicted; cut f:query_len_tokens,2.0199,1.995,5,3,0,0.3333,6
boundary:query,564,L122.lo.hi,dense,expand,arm beat the default just outside the box,1.6663,1.7094,6,1,0,-1.0,1
boundary:query,564,L262,dense,expand,arm beat the default just outside the box,2.0155,2.0265,5,3,0,0.4,5
boundary:query,565,L20.lo.hi.hi,dense,retire,utility <= 0,,1.774,4,5,0,0.0,5
boundary:query,566,L261,hybrid,exception,contradicted; every cut loses a supporter,1.9955,1.9955,5,4,1,0.2857,7
boundary:query,566,L262,dense,exception,contradicted; every cut loses a supporter,2.0262,2.0262,5,4,1,0.3333,6
boundary:query,567,L261,hybrid,exception,contradicted; every cut loses a supporter,1.9959,1.9959,5,5,2,0.25,8
boundary:query,568,L166.hi.hi,hybrid,exception,contradicted; every cut loses a supporter,1.8755,1.8755,7,6,2,0.25,8
boundary:query,568,L261,hybrid,narrow,contradicted; cut f:query_len_tokens,1.9967,1.9141,5,6,2,0.2222,9
boundary:query,570,L40.hi.lo.lo.hi.hi.hi,hybrid,exception,contradicted; every cut loses a supporter,1.5416,1.5416,4,5,1,0.1667,6
boundary:query,572,L166.hi.hi,hybrid,exception,contradicted; every cut loses a supporter,1.8754,1.8754,7,7,3,0.2222,9
boundary:query,572,L261,hybrid,exception,contradicted; every cut loses a supporter,1.9141,1.9141,5,7,3,0.2,10
boundary:query,572,L262,dense,exception,contradicted; every cut loses a supporter,2.0277,2.0277,6,5,2,0.375,8
boundary:query,573,L262,dense,exception,contradicted; every cut loses a supporter,2.0286,2.0286,6,6,3,0.3333,9
boundary:query,573,L166.hi.hi,hybrid,expand,arm beat the default just outside the box,1.8763,1.934,8,7,3,0.2222,9
boundary:query,576,L122.lo.lo,dense,exception,contradicted; every cut loses a supporter,1.7241,1.7241,7,4,1,0.3333,6
boundary:query,576,L262,dense,narrow,contradicted; cut f:query_len_tokens,2.0279,1.9749,6,7,3,0.3,10
boundary:query,579,L166.hi.hi,hybrid,exception,contradicted; every cut loses a supporter,1.9322,1.9322,8,8,4,0.2,10
boundary:query,579,L261,hybrid,exception,contradicted; every cut loses a supporter,1.9133,1.9133,6,8,4,0.25,12
boundary:query,579,L166.hi.hi,hybrid,split,4 exceptions; cut f:query_cap_spans at 1,,1.9322,8,8,4,0.2,10
boundary:query,579,L166.hi.hi.lo,hybrid,create,split of L166.hi.hi,,1.7534,5,0,0,0.0,0
boundary:query,579,L166.hi.hi.hi,hybrid,create,split of L166.hi.hi,,1.7534,3,0,0,0.0,0
boundary:query,579,L261,hybrid,split,4 exceptions; cut f:query_cap_spans at 1,,1.9133,6,8,4,0.25,12
boundary:query,579,L261.lo,hybrid,create,split of L261,,1.9133,6,0,0,0.0,0
boundary:query,582,L262,dense,narrow,contradicted; cut f:query_len_tokens,1.9742,1.9167,6,8,3,0.2727,11
boundary:query,584,L262,dense,narrow,contradicted; cut f:query_len_tokens,1.9182,1.8941,6,9,3,0.25,12
boundary:query,593,L17.lo.hi.lo,hybrid,retire,utility <= 0,,1.7805,8,5,0,0.0,5
boundary:query,593,L162.lo.lo,hybrid,retire,utility <= 0,,2.0163,10,5,0,0.0,5
boundary:query,594,L161.lo.lo,dense,exception,contradicted; every cut loses a supporter,2.0149,2.0149,11,5,1,0.1667,6
boundary:query,594,L244,hybrid,retire,utility <= 0,,2.0194,1,5,0,0.0,5
boundary:query,595,L41.hi.lo.lo.hi.hi.hi.lo,dense,exception,contradicted; every cut loses a supporter,1.6282,1.6282,8,3,1,0.4286,7
boundary:query,597,L40.hi.lo.lo.hi.lo.hi,hybrid,expand,arm beat the default just outside the box,1.6271,1.6844,9,6,2,0.4,10
boundary:query,597,L262,dense,expand,arm beat the default just outside the box,1.8924,1.8924,7,9,3,0.25,12
boundary:query,597,L166.hi.hi.lo,hybrid,expand,arm beat the default just outside the box,1.754,1.8113,7,3,0,0.25,4
boundary:query,597,L166.hi.hi.hi,hybrid,expand,arm beat the default just outside the box,1.754,1.8113,4,2,0,0.0,2
boundary:query,597,L261.lo,hybrid,expand,arm beat the default just outside the box,1.9136,1.9136,8,3,0,0.25,4
boundary:query,597,L270,dense,create,"default missed, dense hit",,2.0,1,0,0,0.0,0
boundary:query,597,L271,hybrid,create,"default missed, hybrid hit",,2.0,1,0,0,0.0,0
boundary:query,598,L122.lo.lo,dense,exception,contradicted; every cut loses a supporter,1.7245,1.7245,7,5,2,0.2857,7
boundary:query,598,L262,dense,exception,contradicted; every cut loses a supporter,1.893,1.893,7,10,4,0.2308,13
boundary:query,598,L262,dense,split,4 exceptions; cut f:query_cap_spans at 1,,1.893,7,10,4,0.2308,13
boundary:query,598,L262.lo,dense,create,split of L262,,1.7144,6,0,0,0.0,0
boundary:query,598,L262.hi,dense,create,split of L262,,1.7144,1,0,0,0.0,0
boundary:query,599,L161.lo.lo,dense,exception,contradicted; every cut loses a supporter,2.0149,2.0149,11,6,2,0.1429,7
boundary:query,603,L40.hi.lo.lo.hi.lo.lo,hybrid,expand,arm beat the default just outside the box,1.6828,1.7395,8,7,3,0.1111,9
boundary:query,605,L270,dense,expand,arm beat the default just outside the box,1.994,2.0059,3,0,0,1.0,1
boundary:query,606,L166.hi.hi.hi,hybrid,retire,utility <= 0,,1.8072,4,5,0,0.0,5
boundary:query,608,L161.lo.lo,dense,exception,contradicted; every cut loses a supporter,2.0087,2.0087,11,7,3,0.125,8
boundary:query,610,L270,dense,expand,arm beat the default just outside the box,2.0078,2.0131,4,0,0,1.0,1
boundary:query,610,L271,hybrid,expand,arm beat the default just outside the box,1.9959,2.0012,3,0,0,1.0,1
boundary:query,611,L236,hybrid,exception,contradicted; every cut loses a supporter,2.0786,2.0786,3,5,1,0.1667,6
boundary:query,612,L122.lo.hi,dense,retire,utility <= 0,,1.708,6,5,0,-0.4,5
boundary:query,612,L262.hi,dense,retire,utility <= 0,,1.712,2,4,0,-0.2,5
boundary:query,614,L41.hi.lo.lo.hi.hi.hi.lo,dense,exception,contradicted; every cut loses a supporter,1.6288,1.6288,8,4,2,0.375,8
boundary:query,614,L166.hi.hi.lo,hybrid,exception,contradicted; every cut loses a supporter,1.8096,1.8096,8,5,1,0.2857,7
boundary:query,614,L261.lo,hybrid,exception,contradicted; every cut loses a supporter,1.9123,1.9123,9,4,1,0.3333,6
boundary:query,615,L236,hybrid,exception,contradicted; every cut loses a supporter,2.0811,2.0811,3,6,2,0.1429,7
boundary:query,615,L166.hi.hi.lo,hybrid,exception,contradicted; every cut loses a supporter,1.8101,1.8101,8,6,2,0.25,8
boundary:query,616,L166.hi.hi.lo,hybrid,exception,contradicted; every cut loses a supporter,1.8109,1.8109,8,7,3,0.2222,9
boundary:query,616,L261.lo,hybrid,exception,contradicted; every cut loses a supporter,1.9137,1.9137,9,5,2,0.2857,7
boundary:query,618,L166.hi.hi.lo,hybrid,expand,arm beat the default just outside the box,1.8119,1.8404,9,7,3,0.2222,9
boundary:query,618,L261.lo,hybrid,expand,arm beat the default just outside the box,1.9147,1.9431,10,5,2,0.2857,7
boundary:query,618,L271,hybrid,expand,arm beat the default just outside the box,2.0055,2.0174,5,2,0,0.5,4
boundary:query,618,L262.lo,dense,expand,arm beat the default just outside the box,1.7151,1.7435,9,2,0,0.5,4
boundary:query,618,L274,hybrid,create,"default missed, hybrid hit",,2.0,1,0,0,0.0,0
boundary:query,619,L161.lo.lo,dense,exception,contradicted; every cut loses a supporter,2.0135,2.0135,11,8,4,0.1111,9
boundary:query,619,L161.lo.lo,dense,split,4 exceptions; cut f:query_cap_spans at 2,,2.0135,11,8,4,0.1111,9
boundary:query,619,L161.lo.lo.lo,dense,create,split of L161.lo.lo,,2.0135,11,0,0,0.0,0
boundary:query,620,L40.hi.lo.lo.hi.lo.lo,hybrid,exception,contradicted; every cut loses a supporter,1.7421,1.7421,10,8,4,0.1667,12
boundary:query,620,L270,dense,exception,contradicted; every cut loses a supporter,2.0173,2.0173,6,4,1,0.2857,7
boundary:query,620,L40.hi.lo.lo.hi.lo.lo,hybrid,split,4 exceptions; cut f:query_len_tokens at 15,,1.7421,10,8,4,0.1667,12
boundary:query,620,L40.hi.lo.lo.hi.lo.lo.lo,hybrid,create,split of L40.hi.lo.lo.hi.lo.lo,,1.6283,6,0,0,0.0,0
boundary:query,620,L40.hi.lo.lo.hi.lo.lo.hi,hybrid,create,split of L40.hi.lo.lo.hi.lo.lo,,1.5998,4,0,0,0.0,0
boundary:query,622,L40.hi.lo.lo.hi.lo.hi,hybrid,exception,contradicted; every cut loses a supporter,1.6864,1.6864,9,7,3,0.3636,11
boundary:query,622,L166.hi.hi.lo,hybrid,exception,contradicted; every cut loses a supporter,1.8414,1.8414,9,8,4,0.2,10
boundary:query,622,L261.lo,hybrid,exception,contradicted; every cut loses a supporter,1.9444,1.9444,10,6,3,0.25,8
boundary:query,622,L270,dense,exception,contradicted; every cut loses a supporter,2.0189,2.0189,6,5,2,0.25,8
boundary:query,622,L271,hybrid,exception,contradicted; every cut loses a supporter,2.0189,2.0189,5,4,1,0.1667,6
boundary:query,622,L262.lo,dense,exception,contradicted; every cut loses a supporter,1.7443,1.7443,9,4,1,0.1667,6
boundary:query,622,L166.hi.hi.lo,hybrid,split,4 exceptions; cut f:query_len_tokens at 17,,1.8414,9,8,4,0.2,10
boundary:query,622,L166.hi.hi.lo.lo,hybrid,create,split of L166.hi.hi.lo,,1.6704,5,0,0,0.0,0
boundary:query,622,L166.hi.hi.lo.hi,hybrid,create,split of L166.hi.hi.lo,,1.6989,4,0,0,0.0,0
boundary:query,625,L270,dense,exception,contradicted; every cut loses a supporter,2.0205,2.0205,6,6,3,0.2222,9
boundary:query,625,L271,hybrid,exception,contradicted; every cut loses a supporter,2.0205,2.0205,5,5,2,0.1429,7
boundary:query,625,L262.lo,dense,exception,contradicted; every cut loses a supporter,1.7459,1.7459,9,5,2,0.1429,7
boundary:query,627,L274,hybrid,expand,arm beat the default just outside the box,2.0048,2.0168,2,0,0,0.0,0
boundary:query,627,L40.hi.lo.lo.hi.lo.lo.hi,hybrid,expand,arm beat the default just outside the box,1.6035,1.6321,5,2,0,0.0,2
boundary:query,627,L280,dense,create,"default missed, dense hit",,2.0,1,0,0,0.0,0
boundary:query,628,L20.lo.hi.lo,dense,exception,contradicted; every cut loses a supporter,1.6364,1.6364,5,5,1,0.1667,6
boundary:query,629,L122.hi.hi,dense,retire,utility <= 0,,1.8531,3,4,0,0.0,5
boundary:query,629,L281,hybrid,create,"default missed, hybrid hit",,2.0,1,0,0,0.0,0
boundary:query,630,L270,dense,exception,contradicted; every cut loses a supporter,2.0213,2.0213,6,7,4,0.1,10
boundary:query,630,L271,hybrid,exception,contradicted; every cut loses a supporter,2.0213,2.0213,5,6,3,0.0,8
boundary:query,630,L270,dense,split,4 exceptions; cut f:query_len_tokens at 12.5,,2.0213,6,7,4,0.1,10
boundary:query,630,L270.lo,dense,create,split of L270,,1.8355,3,0,0,0.0,0
boundary:query,630,L270.hi,dense,create,split of L270,,1.8694,3,0,0,0.0,0
boundary:query,630,L271,hybrid,retire,utility <= 0,,2.0213,5,6,3,0.0,8
boundary:query,630,L40.hi.lo.lo.hi.lo.lo.lo,hybrid,retire,utility <= 0,,1.6313,7,4,0,0.0,5
boundary:query,636,L274,hybrid,expand,arm beat the default just outside the box,2.0156,2.0195,3,3,0,-0.3333,3
boundary:query,636,L166.hi.hi.lo.lo,hybrid,expand,arm beat the default just outside the box,1.6715,1.7,7,4,0,0.2,5
boundary:query,639,L166.hi.hi.lo.lo,hybrid,exception,contradicted; every cut loses a supporter,1.7015,1.7015,7,5,1,0.1667,6
boundary:query,641,L5.lo.lo,dense,exception,contradicted; every cut loses a supporter,1.7877,1.7877,7,7,3,0.125,8
boundary:query,641,L13.lo.hi,hybrid,retire,utility <= 0,,1.9992,3,5,0,0.0,5
boundary:query,641,L12.lo.lo,dense,retire,utility <= 0,,2.042,9,5,0,0.0,5
boundary:query,641,L20.lo.lo.lo,dense,retire,utility <= 0,,1.7799,10,5,0,0.0,5
boundary:query,645,L40.hi.lo.lo.hi.lo.lo.hi,hybrid,exception,contradicted; every cut loses a supporter,1.6319,1.6319,6,5,1,0.1667,6
boundary:query,645,L274,hybrid,retire,utility <= 0,,2.0211,3,5,0,-0.2,5
boundary:query,645,L280,dense,retire,utility <= 0,,2.0003,2,4,0,0.0,5
boundary:query,646,L284,dense,create,"default missed, dense hit",,2.0,1,0,0,0.0,0
boundary:query,646,L285,hybrid,create,"default missed, hybrid hit",,2.0,1,0,0,0.0,0
boundary:query,649,L285,hybrid,expand,arm beat the default just outside the box,2.0004,2.0132,2,0,0,0.0,0
boundary:query,649,L161.lo.lo.lo,dense,retire,utility <= 0,,2.0185,11,5,0,0.0,5
boundary:query,649,L286,hybrid,create,"default missed, hybrid hit",,2.0,1,0,0,0.0,0
boundary:query,651,L261.lo,hybrid,exception,contradicted; every cut loses a supporter,1.9474,1.9474,10,7,4,0.2222,9
boundary:query,651,L262.lo,dense,exception,contradicted; every cut loses a supporter,1.7467,1.7467,9,6,3,0.125,8
boundary:query,651,L166.hi.hi.lo.lo,hybrid,exception,contradicted; every cut loses a supporter,1.7009,1.7009,7,6,2,0.1429,7
boundary:query,651,L261.lo,hybrid,split,4 exceptions; cut f:query_cap_spans at 1,,1.9474,10,7,4,0.2222,9
boundary:query,651,L261.lo.lo,hybrid,create,split of L261.lo,,1.9474,10,0,0,0.0,0
boundary:query,653,L166.hi.hi.lo.lo,hybrid,exception,contradicted; every cut loses a supporter,1.702,1.702,7,7,3,0.125,8
boundary:query,653,L270.hi,dense,exception,contradicted; every cut loses a supporter,1.8712,1.8712,4,5,1,0.1667,6
boundary:query,657,L40.hi.lo.lo.hi.lo.hi,hybrid,expand,arm beat the default just outside the box,1.6898,1.7185,10,7,3,0.3636,11
boundary:query,657,L40.hi.lo.lo.hi.hi.hi,hybrid,expand,arm beat the default just outside the box,1.5461,1.5748,5,5,1,0.1667,6
boundary:query,657,L236,hybrid,expand,arm beat the default just outside the box,2.0915,2.1489,4,6,2,0.1429,7
boundary:query,657,L40.hi.lo.lo.hi.lo.lo.hi,hybrid,expand,arm beat the default just outside the box,1.6323,1.6898,7,5,1,0.1667,6
boundary:query,657,L261.lo.lo,hybrid,expand,arm beat the default just outside the box,1.9498,1.9498,11,2,0,0.0,2
boundary:query,660,L270.hi,dense,expand,arm beat the default just outside the box,1.868,1.8799,5,5,1,0.1667,6
boundary:query,663,L40.hi.lo.lo.hi.lo.lo.hi,hybrid,expand,arm beat the default just outside the box,1.6897,1.7185,8,5,1,0.1667,6
boundary:query,663,L270.lo,dense,expand,arm beat the default just outside the box,1.8357,1.8501,4,0,0,0.0,0
boundary:query,663,L288,dense,create,"default missed, dense hit",,2.0,1,0,0,0.0,0
boundary:query,664,L286,hybrid,expand,arm beat the default just outside the box,1.9996,2.0124,2,1,0,0.0,1
boundary:query,665,L32.lo,dense,exception,contradicted; every cut loses a supporter,1.9506,1.9506,8,8,4,0.0,9
boundary:query,665,L33.lo,hybrid,exception,contradicted; every cut loses a supporter,1.9506,1.9506,7,8,4,0.1111,9
boundary:query,665,L32.lo,dense,split,4 exceptions; cut f:query_cap_spans at 1,,1.9506,8,8,4,0.0,9
boundary:query,665,L32.lo.lo,dense,create,split of L32.lo,,1.9506,8,0,0,0.0,0
boundary:query,665,L33.lo,hybrid,split,4 exceptions; cut f:query_cap_spans at 1,,1.9506,7,8,4,0.1111,9
boundary:query,665,L33.lo.lo,hybrid,create,split of L33.lo,,1.9506,7,0,0,0.0,0
boundary:query,666,L41.hi.lo.lo.hi.hi.hi.lo,dense,exception,contradicted; every cut loses a supporter,1.6313,1.6313,8,5,3,0.3333,9
boundary:query,666,L270.hi,dense,narrow,contradicted; cut f:query_cap_spans,1.8784,1.8784,5,6,1,0.1429,7
boundary:query,667,L261.lo.lo,hybrid,exception,contradicted; every cut loses a supporter,1.9449,1.9449,12,5,1,0.1667,6
boundary:query,668,L236,hybrid,exception,contradicted; every cut loses a supporter,2.1447,2.1447,4,7,3,0.125,8
boundary:query,669,L270.hi,dense,exception,contradicted; every cut loses a supporter,1.8802,1.8802,5,7,2,0.125,8
boundary:query,670,L261.lo.lo,hybrid,exception,contradicted; every cut loses a supporter,1.9469,1.9469,12,6,2,0.1429,7
boundary:query,672,L262.lo,dense,exception,contradicted; every cut loses a supporter,1.7478,1.7478,9,7,4,0.1111,9
boundary:query,672,L261.lo.lo,hybrid,exception,contradicted; every cut loses a supporter,1.9477,1.9477,12,7,3,0.125,8
boundary:query,672,L262.lo,dense,split,4 exceptions; cut f:query_len_tokens at 17,,1.7478,9,7,4,0.1111,9
boundary:query,672,L262.lo.lo,dense,create,split of L262.lo,,1.6613,5,0,0,0.0,0
boundary:query,672,L262.lo.hi,dense,create,split of L262.lo,,1.6037,4,0,0,0.0,0
boundary:query,673,L288,dense,retire,utility <= 0,,2.0011,1,5,0,0.0,5
boundary:query,674,L270.hi,dense,exception,contradicted; every cut loses a supporter,1.8831,1.8831,5,8,3,0.1111,9
boundary:query,677,L270.lo,dense,expand,arm beat the default just outside the box,1.8516,1.9094,5,1,0,0.0,1
boundary:query,677,L262.lo.hi,dense,expand,arm beat the default just outside the box,1.6045,1.6623,5,0,0,0.0,0
boundary:query,681,L236,hybrid,exception,contradicted; every cut loses a supporter,2.1501,2.1501,4,8,4,0.1111,9
boundary:query,681,L236,hybrid,split,4 exceptions; cut f:query_len_tokens at 23,,2.1501,4,8,4,0.1111,9
boundary:query,681,L236.lo,hybrid,create,split of L236,,1.7501,3,0,0,0.0,0
boundary:query,681,L236.hi,hybrid,create,split of L236,,2.0925,1,0,0,0.0,0
boundary:query,684,L262.lo.lo,dense,retire,utility <= 0,,1.6648,6,4,0,0.0,5
boundary:query,685,L261.lo.lo,hybrid,exception,contradicted; every cut loses a supporter,1.9522,1.9522,12,8,4,0.1111,9
boundary:query,685,L261.lo.lo,hybrid,split,4 exceptions; cut f:query_len_tokens at 17,,1.9522,12,8,4,0.1111,9
boundary:query,685,L261.lo.lo.lo,hybrid,create,split of L261.lo.lo,,1.8369,7,0,0,0.0,0
boundary:query,685,L261.lo.lo.hi,hybrid,create,split of L261.lo.lo,,1.808,5,0,0,0.0,0
boundary:query,686,L40.hi.lo.hi,hybrid,expand,arm beat the default just outside the box,1.723,1.7519,7,8,3,0.2,10
boundary:query,686,L270.lo,dense,expand,arm beat the default just outside the box,1.9128,1.9247,6,4,0,0.0,4
boundary:query,686,L270.hi,dense,expand,arm beat the default just outside the box,1.8868,1.9012,6,8,3,0.1111,9
boundary:query,686,L297,dense,create,"default missed, dense hit",,2.0,1,0,0,0.0,0
boundary:query,686,L298,hybrid,create,"default missed, hybrid hit",,2.0,1,0,0,0.0,0
boundary:query,687,L270.lo,dense,retire,utility <= 0,,1.9255,6,5,0,0.0,5
boundary:query,688,L20.lo.hi.lo,dense,expand,arm beat the default just outside the box,1.6407,1.6696,6,5,1,0.1667,6
boundary:query,688,L284,dense,expand,arm beat the default just outside the box,2.0069,2.0197,3,0,0,1.0,1
boundary:query,688,L299,dense,create,"default missed, dense hit",,2.0,1,0,0,0.0,0
boundary:query,694,L281,hybrid,expand,arm beat the default just outside the box,2.008,2.0541,2,3,0,0.0,3
boundary:query,698,L281,hybrid,retire,utility <= 0,,2.0545,2,5,0,0.0,5
boundary:query,700,L297,dense,expand,arm beat the default just outside the box,2.0019,2.0145,3,0,0,1.0,1
boundary:query,700,L300,dense,create,"default missed, dense hit",,2.0,1,0,0,0.0,0
boundary:query,701,L300,dense,expand,arm beat the default just outside the box,2.0,2.0128,2,0,0,0.0,0
boundary:query,702,L166.hi.hi.lo.lo,hybrid,exception,contradicted; every cut loses a supporter,1.7084,1.7084,7,8,4,0.1111,9
boundary:query,702,L166.hi.hi.lo.hi,hybrid,exception,contradicted; every cut loses a supporter,1.7084,1.7084,6,4,1,0.3333,6
boundary:query,702,L166.hi.hi.lo.lo,hybrid,split,4 exceptions; cut f:query_cap_spans at 1,,1.7084,7,8,4,0.1111,9
boundary:query,702,L166.hi.hi.lo.lo.lo,hybrid,create,split of L166.hi.hi.lo.lo,,1.7084,7,0,0,0.0,0
boundary:query,703,L40.hi.lo.lo.hi.lo.lo.hi,hybrid,exception,contradicted; every cut loses a supporter,1.7262,1.7262,8,6,2,0.1429,7
boundary:query,703,L166.hi.hi.lo.hi,hybrid,narrow,contradicted; cut f:query_len_tokens,1.709,1.709,6,5,1,0.2857,7
boundary:query,703,L270.hi,dense,exception,contradicted; every cut loses a supporter,1.9042,1.9042,7,9,4,0.0909,11
boundary:query,703,L270.hi,dense,split,4 exceptions; cut f:query_cap_spans at 1,,1.9042,7,9,4,0.0909,11
boundary:query,703,L270.hi.lo,dense,create,split of L270.hi,,1.7249,4,0,0,0.0,0
boundary:query,703,L270.hi.hi,dense,create,split of L270.hi,,1.7249,3,0,0,0.0,0
boundary:query,705,L41.hi.lo.lo.hi.hi.hi.lo,dense,expand,arm beat the default just outside the box,1.6414,1.6701,9,5,3,0.3333,9
boundary:query,705,L262.lo.hi,dense,expand,arm beat the default just outside the box,1.6682,1.697,6,3,0,-0.3333,3
boundary:query,705,L270.hi.lo,dense,expand,arm beat the default just outside the box,1.7244,1.7244,5,0,0,0.0,0
boundary:query,707,L270.hi.lo,dense,expand,arm beat the default just outside the box,1.725,1.7537,6,0,0,0.0,0
boundary:query,709,L261.lo.lo.lo,hybrid,exception,contradicted; every cut loses a supporter,1.8409,1.8409,8,5,1,0.1667,6
boundary:query,710,L40.hi.lo.lo.hi.lo.hi,hybrid,expand,arm beat the default just outside the box,1.7278,1.7853,11,7,3,0.3636,11
boundary:query,710,L40.hi.lo.lo.hi.lo.lo.hi,hybrid,expand,arm beat the default just outside the box,1.7278,1.7853,9,6,2,0.1429,7
boundary:query,710,L261.lo.lo.lo,hybrid,expand,arm beat the default just outside the box,1.8415,1.8703,9,5,1,0.1667,6
boundary:query,710,L298,hybrid,expand,arm beat the default just outside the box,2.0035,2.016,3,1,0,0.5,2
boundary:query,710,L166.hi.hi.lo.lo.lo,hybrid,expand,arm beat the default just outside the box,1.7105,1.7393,9,2,0,0.3333,3
boundary:query,710,L300,dense,retire,utility <= 0,,2.0143,4,3,0,0.0,5
boundary:query,710,L304,hybrid,create,"default missed, hybrid hit",,2.0,1,0,0,0.0,0
boundary:query,711,L297,dense,retire,utility <= 0,,2.0165,3,4,0,0.0,5
boundary:query,712,L261.lo.lo.lo,hybrid,exception,contradicted; every cut loses a supporter,1.8715,1.8715,9,6,2,0.1429,7
boundary:query,712,L262.lo.hi,dense,retire,utility <= 0,,1.6997,6,5,0,-0.4,5
boundary:query,714,L40.hi.lo.lo.hi.lo.hi,hybrid,exception,contradicted; every cut loses a supporter,1.7874,1.7874,11,8,4,0.3333,12
boundary:query,714,L40.hi.lo.lo.hi.lo.lo.hi,hybrid,exception,contradicted; every cut loses a supporter,1.7874,1.7874,9,7,3,0.125,8
boundary:query,714,L261.lo.lo.lo,hybrid,exception,contradicted; every cut loses a supporter,1.8726,1.8726,9,7,3,0.125,8
boundary:query,714,L298,hybrid,exception,contradicted; every cut loses a supporter,2.0185,2.0185,3,5,1,0.1667,6
boundary:query,714,L40.hi.lo.lo.hi.lo.hi,hybrid,split,4 exceptions; cut f:query_len_tokens at 15,,1.7874,11,8,4,0.3333,12
boundary:query,714,L40.hi.lo.lo.hi.lo.hi.lo,hybrid,create,split of L40.hi.lo.lo.hi.lo.hi,,1.6146,6,0,0,0.0,0
boundary:query,714,L40.hi.lo.lo.hi.lo.hi.hi,hybrid,create,split of L40.hi.lo.lo.hi.lo.hi,,1.6722,5,0,0,0.0,0
boundary:query,716,L298,hybrid,narrow,contradicted; cut f:query_len_tokens,2.0177,1.9955,3,6,1,0.1429,7
boundary:query,716,L166.hi.hi.lo.lo.lo,hybrid,exception,contradicted; every cut loses a supporter,1.7411,1.7411,9,5,1,0.1667,6
boundary:query,716,L261.lo.lo.hi,hybrid,retire,utility <= 0,,1.8155,5,5,0,0.0,5
boundary:query,716,L270.hi.lo,dense,retire,utility <= 0,,1.7566,6,5,0,-0.2,5
boundary:query,717,L41.hi.lo.lo.hi.hi.hi.lo,dense,expand,arm beat the default just outside the box,1.6743,1.7029,10,5,3,0.3333,9
boundary:query,717,L304,hybrid,expand,arm beat the default just outside the box,2.0019,2.0142,2,2,0,0.0,2
boundary:query,717,L307,dense,create,"default missed, dense hit",,2.0,1,0,0,0.0,0
boundary:query,718,L298,hybrid,narrow,contradicted; cut f:query_len_tokens,1.9965,1.9679,3,7,1,0.125,8
boundary:query,719,L285,hybrid,exception,contradicted; every cut loses a supporter,2.0251,2.0251,4,4,1,0.3333,6
boundary:query,721,L261.lo.lo.lo,hybrid,exception,contradicted; every cut loses a supporter,1.872,1.872,10,8,4,0.2,10
boundary:query,721,L298,hybrid,exception,contradicted; every cut loses a supporter,1.9658,1.9658,3,8,2,0.1111,9
boundary:query,721,L166.hi.hi.lo.lo.lo,hybrid,exception,contradicted; every cut loses a supporter,1.7404,1.7404,10,6,2,0.25,8
boundary:query,721,L261.lo.lo.lo,hybrid,split,4 exceptions; cut f:query_cap_spans at 0.5,,1.872,10,8,4,0.2,10
boundary:query,721,L261.lo.lo.lo.lo,hybrid,create,split of L261.lo.lo.lo,,1.7823,5,0,0,0.0,0
boundary:query,721,L261.lo.lo.lo.hi,hybrid,create,split of L261.lo.lo.lo,,1.6135,5,0,0,0.0,0
boundary:query,721,L270.hi.hi,dense,retire,utility <= 0,,1.7273,3,5,0,-0.2,5
boundary:query,722,L122.lo.lo,dense,exception,contradicted; every cut loses a supporter,1.7398,1.7398,8,6,3,0.3333,9
boundary:query,723,L307,dense,expand,arm beat the default just outside the box,1.9998,2.0126,2,0,0,0.0,0
boundary:query,723,L310,dense,create,"default missed, dense hit",,2.0,1,0,0,0.0,0
boundary:query,724,L298,hybrid,exception,contradicted; every cut loses a supporter,1.9677,1.9677,3,9,3,0.1,10
boundary:query,725,L166.hi.hi.lo.lo.lo,hybrid,exception,contradicted; every cut loses a supporter,1.7423,1.7423,11,7,3,0.3,10
boundary:query,725,L304,hybrid,narrow,contradicted; cut f:query_len_tokens,2.015,1.9637,3,5,0,0.1667,6
boundary:query,726,L286,hybrid,narrow,contradicted; cut f:query_len_tokens,2.0248,1.9727,3,5,0,0.1667,6
boundary:query,728,L166.hi.hi.lo.hi,hybrid,exception,contradicted; every cut loses a supporter,1.7132,1.7132,6,6,2,0.25,8
boundary:query,729,L41.hi.lo.lo.hi.lo.lo,dense,exception,contradicted; every cut loses a supporter,1.7284,1.7284,11,7,4,0.4167,12
boundary:query,729,L304,hybrid,narrow,contradicted; cut f:query_len_tokens,1.9634,1.8262,3,6,0,0.1429,7
boundary:query,729,L41.hi.lo.lo.hi.lo.lo,dense,split,4 exceptions; cut f:query_len_tokens at 14,,1.7284,11,7,4,0.4167,12
boundary:query,729,L41.hi.lo.lo.hi.lo.lo.lo,dense,create,split of L41.hi.lo.lo.hi.lo.lo,,1.5853,6,0,0,0.0,0
boundary:query,729,L41.hi.lo.lo.hi.lo.lo.hi,dense,create,split of L41.hi.lo.lo.hi.lo.lo,,1.5567,5,0,0,0.0,0
boundary:query,734,L166.hi.hi.lo.lo.lo,hybrid,exception,contradicted; every cut loses a supporter,1.7422,1.7422,11,8,4,0.2727,11
boundary:query,734,L304,hybrid,exception,contradicted; every cut loses a supporter,1.8268,1.8268,3,7,1,0.125,8
boundary:query,734,L166.hi.hi.lo.lo.lo,hybrid,split,4 exceptions; cut f:query_cap_spans at 1,,1.7422,11,8,4,0.2727,11
boundary:query,734,L166.hi.hi.lo.lo.lo.lo,hybrid,create,split of L166.hi.hi.lo.lo.lo,,1.7422,11,0,0,0.0,0
boundary:query,734,L307,dense,retire,utility <= 0,,2.0136,2,5,0,-0.2,5
boundary:query,735,L304,hybrid,narrow,contradicted; cut f:query_len_tokens,1.8275,1.7989,3,8,1,0.1111,9
boundary:query,737,L166.hi.hi.lo.hi,hybrid,exception,contradicted; every cut loses a supporter,1.7153,1.7153,6,7,3,0.2222,9
boundary:query,737,L40.hi.lo.lo.hi.lo.hi.hi,hybrid,retire,utility <= 0,,1.6748,5,5,0,0.0,5
boundary:query,739,L166.hi.hi.lo.hi,hybrid,expand,arm beat the default just outside the box,1.7142,1.7715,7,7,3,0.2222,9
boundary:query,739,L236.lo,hybrid,expand,arm beat the default just outside the box,1.7617,1.8189,4,1,0,0.0,1
boundary:query,739,L314,dense,create,"default missed, dense hit",,2.0,1,0,0,0.0,0
boundary:query,742,L122.lo.lo,dense,expand,arm beat the default just outside the box,1.7413,1.8125,9,6,3,0.3333,9
boundary:query,742,L315,dense,create,"default missed, dense hit",,2.0,1,0,0,0.0,0
boundary:query,742,L316,hybrid,create,"default missed, hybrid hit",,2.0,1,0,0,0.0,0
boundary:query,743,L298,hybrid,exception,contradicted; every cut loses a supporter,1.9682,1.9682,3,10,4,0.0909,11
boundary:query,743,L298,hybrid,split,4 exceptions; cut f:query_cap_spans at 2,,1.9682,3,10,4,0.0909,11
boundary:query,743,L298.lo,hybrid,create,split of L298,,1.8011,3,0,0,0.0,0
boundary:query,744,L40.hi.lo.lo.hi.hi.hi,hybrid,exception,contradicted; every cut loses a supporter,1.5891,1.5891,5,6,2,0.1429,7
boundary:query,744,L40.hi.lo.lo.hi.lo.lo.hi,hybrid,exception,contradicted; every cut loses a supporter,1.7885,1.7885,9,8,4,0.1111,9
boundary:query,744,L166.hi.hi.lo.hi,hybrid,exception,contradicted; every cut loses a supporter,1.7718,1.7718,7,8,4,0.2,10
boundary:query,744,L40.hi.lo.lo.hi.lo.lo.hi,hybrid,split,4 exceptions; cut f:query_len_tokens at 18,,1.7885,9,8,4,0.1111,9
boundary:query,744,L40.hi.lo.lo.hi.lo.lo.hi.lo,hybrid,create,split of L40.hi.lo.lo.hi.lo.lo.hi,,1.7031,5,0,0,0.0,0
boundary:query,744,L40.hi.lo.lo.hi.lo.lo.hi.hi,hybrid,create,split of L40.hi.lo.lo.hi.lo.lo.hi,,1.5891,4,0,0,0.0,0
boundary:query,744,L166.hi.hi.lo.hi,hybrid,split,4 exceptions; cut f:query_len_tokens at 21,,1.7718,7,8,4,0.2,10
boundary:query,744,L166.hi.hi.lo.hi.lo,hybrid,create,split of L166.hi.hi.lo.hi,,1.6579,4,0,0,0.0,0
boundary:query,744,L166.hi.hi.lo.hi.hi,hybrid,create,split of L166.hi.hi.lo.hi,,1.6579,3,0,0,0.0,0
boundary:query,745,L122.lo.lo,dense,exception,contradicted; every cut loses a supporter,1.8141,1.8141,9,7,4,0.3,10
boundary:query,745,L122.lo.lo,dense,split,4 exceptions; cut f:query_cap_spans at 2,,1.8141,9,7,4,0.3,10
boundary:query,745,L122.lo.lo.lo,dense,create,split of L122.lo.lo,,1.6342,8,0,0,0.0,0
boundary:query,745,L122.lo.lo.hi,dense,create,split of L122.lo.lo,,1.8141,1,0,0,0.0,0
boundary:query,749,L310,dense,expand,arm beat the default just outside the box,2.0043,2.0219,2,3,0,-0.3333,3
boundary:query,749,L314,dense,expand,arm beat the default just outside the box,2.0022,2.0492,2,2,0,-0.5,2
boundary:query,749,L315,dense,expand,arm beat the default just outside the box,2.0039,2.0169,2,0,0,0.0,0
boundary:query,750,L40.hi.lo.lo.hi.hi.hi,hybrid,expand,arm beat the default just outside the box,1.5918,1.6203,6,6,2,0.1429,7
boundary:query,750,L40.hi.lo.lo.hi.lo.hi.lo,hybrid,expand,arm beat the default just outside the box,1.6203,1.6774,8,3,0,0.25,4
boundary:query,750,L298.lo,hybrid,expand,arm beat the default just outside the box,1.8047,1.8332,4,0,0,0.0,0
boundary:query,750,L40.hi.lo.lo.hi.lo.lo.hi.hi,hybrid,expand,arm beat the default just outside the box,1.5918,1.6203,5,1,0,0.0,1
boundary:query,750,L166.hi.hi.lo.hi.lo,hybrid,expand,arm beat the default just outside the box,1.6607,1.6607,5,1,0,0.0,1
boundary:query,751,L40.hi.lo.lo.hi.hi.hi,hybrid,expand,arm beat the default just outside the box,1.6208,1.6779,7,6,2,0.1429,7
boundary:query,751,L304,hybrid,expand,arm beat the default just outside the box,1.8032,1.8318,4,8,1,0.1111,9
boundary:query,751,L40.hi.lo.lo.hi.lo.lo.hi.hi,hybrid,expand,arm beat the default just outside the box,1.6208,1.6779,6,1,0,0.0,1
boundary:query,751,L166.hi.hi.lo.hi.lo,hybrid,expand,arm beat the default just outside the box,1.6612,1.7183,6,1,0,0.0,1
boundary:query,751,L310,dense,retire,utility <= 0,,2.0234,3,4,0,0.0,5
boundary:query,753,L40.hi.lo.lo.hi.hi.hi,hybrid,exception,contradicted; every cut loses a supporter,1.6789,1.6789,7,7,3,0.125,8
boundary:query,753,L304,hybrid,exception,contradicted; every cut loses a supporter,1.8329,1.8329,4,9,2,0.1,10
boundary:query,753,L40.hi.lo.lo.hi.lo.hi.lo,hybrid,exception,contradicted; every cut loses a supporter,1.6789,1.6789,9,4,1,0.3333,6
boundary:query,753,L261.lo.lo.lo.hi,hybrid,exception,contradicted; every cut loses a supporter,1.6203,1.6203,8,4,1,0.4286,7
boundary:query,753,L166.hi.hi.lo.lo.lo.lo,hybrid,exception,contradicted; every cut loses a supporter,1.7479,1.7479,13,4,1,0.3333,6
boundary:query,754,L166.hi.hi.lo.hi.lo,hybrid,expand,arm beat the default just outside the box,1.7196,1.7482,7,2,0,0.0,2
boundary:query,756,L248,dense,expand,arm beat the default just outside the box,2.0415,2.0506,2,4,0,-0.25,4
boundary:query,756,L249,hybrid,expand,arm beat the default just outside the box,2.0415,2.0506,2,4,0,0.0,4
boundary:query,756,L13.lo.lo,hybrid,expand,arm beat the default just outside the box,1.7966,1.8109,4,1,0,0.0,1
boundary:query,756,L286,hybrid,expand,arm beat the default just outside the box,1.9801,1.9931,4,5,0,0.1667,6
boundary:query,756,L299,dense,expand,arm beat the default just outside the box,2.0126,2.0255,2,3,0,-0.3333,3
boundary:query,758,L304,hybrid,exception,contradicted; every cut loses a supporter,1.8334,1.8334,5,10,3,0.1667,12
boundary:query,758,L166.hi.hi.lo.lo.lo.lo,hybrid,exception,contradicted; every cut loses a supporter,1.7483,1.7483,14,5,2,0.375,8
boundary:query,758,L261.lo.lo.lo.lo,hybrid,retire,utility <= 0,,1.7907,6,4,0,0.0,5
boundary:query,759,L20.lo.hi.lo,dense,exception,contradicted; every cut loses a supporter,1.6844,1.6844,7,6,2,0.25,8
boundary:query,759,L286,hybrid,exception,contradicted; every cut loses a supporter,1.9929,1.9929,4,6,1,0.1429,7
boundary:query,759,L248,dense,retire,utility <= 0,,2.0504,2,5,0,-0.2,5
boundary:query,759,L249,hybrid,retire,utility <= 0,,2.0504,2,5,0,0.0,5
boundary:query,761,L314,dense,retire,utility <= 0,,2.0512,3,4,0,0.0,5
boundary:query,762,L20.lo.hi.lo,dense,exception,contradicted; every cut loses a supporter,1.6829,1.6829,7,7,3,0.2222,9
boundary:query,762,L299,dense,retire,utility <= 0,,2.0232,2,5,0,-0.2,5
boundary:query,763,L304,hybrid,exception,contradicted; every cut loses a supporter,1.8304,1.8304,5,11,4,0.0769,13
boundary:query,763,L166.hi.hi.lo.lo.lo.lo,hybrid,exception,contradicted; every cut loses a supporter,1.746,1.746,14,6,3,0.2222,9
boundary:query,763,L304,hybrid,split,4 exceptions; cut f:query_len_tokens at 13,,1.8304,5,11,4,0.0769,13
boundary:query,763,L304.lo,hybrid,create,split of L304,,1.7731,3,0,0,0.0,0
boundary:query,763,L304.hi,hybrid,create,split of L304,,1.7444,2,0,0,0.0,0
boundary:query,763,L166.hi.hi.lo.hi.lo,hybrid,retire,utility <= 0,,1.746,7,5,0,-0.2,5
boundary:query,764,L236.lo,hybrid,expand,arm beat the default just outside the box,1.8221,1.8507,5,3,0,-0.3333,3
boundary:query,764,L166.hi.hi.lo.hi.hi,hybrid,expand,arm beat the default just outside the box,1.6604,1.689,4,2,0,-0.5,2
boundary:query,764,L236.hi,hybrid,retire,utility <= 0,,2.1054,3,3,0,0.0,5
boundary:query,764,L326,dense,create,"default missed, dense hit",,2.0,1,0,0,0.0,0
boundary:query,766,L40.hi.lo.lo.hi.lo.hi.lo,hybrid,exception,contradicted; every cut loses a supporter,1.6775,1.6775,9,5,2,0.2857,7
boundary:query,766,L261.lo.lo.lo.hi,hybrid,exception,contradicted; every cut loses a supporter,1.619,1.619,8,5,2,0.375,8
boundary:query,766,L166.hi.hi.lo.lo.lo.lo,hybrid,exception,contradicted; every cut loses a supporter,1.7463,1.7463,14,7,4,0.2,10
boundary:query,766,L166.hi.hi.lo.lo.lo.lo,hybrid,split,4 exceptions; cut f:query_cap_spans at 1,,1.7463,14,7,4,0.2,10
boundary:query,766,L166.hi.hi.lo.lo.lo.lo.lo,hybrid,create,split of L166.hi.hi.lo.lo.lo.lo,,1.7463,14,0,0,0.0,0
boundary:query,768,L40.hi.lo.lo.hi.lo.hi.lo,hybrid,exception,contradicted; every cut loses a supporter,1.6785,1.6785,9,6,3,0.25,8
boundary:query,768,L261.lo.lo.lo.hi,hybrid,exception,contradicted; every cut loses a supporter,1.6199,1.6199,8,6,3,0.3333,9
boundary:query,768,L40.hi.lo.lo.hi.lo.lo.hi.lo,hybrid,exception,contradicted; every cut loses a supporter,1.707,1.707,7,4,1,0.3333,6
boundary:query,768,L40.hi.lo.lo.hi.lo.lo.hi.hi,hybrid,retire,utility <= 0,,1.6785,6,5,0,0.0,5
boundary:query,768,L328,dense,create,"default missed, dense hit",,2.0,1,0,0,0.0,0
boundary:query,769,L298.lo,hybrid,exception,contradicted; every cut loses a supporter,1.8347,1.8347,5,5,1,0.1667,6
boundary:query,769,L40.hi.lo.lo.hi.lo.lo.hi.lo,hybrid,exception,contradicted; every cut loses a supporter,1.7074,1.7074,7,5,2,0.2857,7
boundary:query,770,L304.hi,hybrid,expand,arm beat the default just outside the box,1.7475,1.7761,3,1,0,0.0,1
boundary:query,772,L285,hybrid,exception,contradicted; every cut loses a supporter,2.0322,2.0322,4,5,2,0.2857,7
boundary:query,772,L286,hybrid,exception,contradicted; every cut loses a supporter,1.993,1.993,4,7,2,0.125,8
boundary:query,772,L284,dense,retire,utility <= 0,,2.0322,3,4,0,0.0,5
boundary:query,773,L304.lo,hybrid,expand,arm beat the default just outside the box,1.7761,1.8332,4,2,0,0.0,2
boundary:query,775,L166.hi.hi.lo.lo.lo.lo.lo,hybrid,exception,contradicted; every cut loses a supporter,1.747,1.747,16,4,1,0.3333,6
boundary:query,775,L41.hi.lo.lo.hi.lo.lo.hi,dense,retire,utility <= 0,,1.561,6,4,0,0.0,5
boundary:query,776,L298.lo,hybrid,narrow,contradicted; cut f:query_len_tokens,1.8344,1.8122,7,6,1,0.3333,9
boundary:query,777,L166.hi.hi.lo.lo.lo.lo.lo,hybrid,exception,contradicted; every cut loses a supporter,1.7476,1.7476,16,5,2,0.2857,7
boundary:query,779,L166.hi.hi.lo.lo.lo.lo.lo,hybrid,exception,contradicted; every cut loses a supporter,1.7486,1.7486,16,6,3,0.25,8
boundary:query,780,L40.hi.lo.lo.hi.hi.hi,hybrid,expand,arm beat the default just outside the box,1.6801,1.7373,8,7,3,0.125,8
boundary:query,783,L298.lo,hybrid,narrow,contradicted; cut f:query_len_tokens,1.8119,1.7547,7,7,1,0.3,10
boundary:query,784,L298.lo,hybrid,exception,contradicted; every cut loses a supporter,1.7552,1.7552,7,8,2,0.2727,11
boundary:query,785,L298.lo,hybrid,exception,contradicted; every cut loses a supporter,1.7558,1.7558,7,9,3,0.1667,12
boundary:query,785,L328,dense,exception,contradicted; every cut loses a supporter,2.0021,2.0021,4,4,1,0.2857,7
boundary:query,787,L298.lo,hybrid,exception,contradicted; every cut loses a supporter,1.7569,1.7569,7,10,4,0.1538,13
boundary:query,787,L298.lo,hybrid,split,4 exceptions; cut f:query_len_tokens at 15,,1.7569,7,10,4,0.1538,13
boundary:query,787,L298.lo.lo,hybrid,create,split of L298.lo,,1.6995,5,0,0,0.0,0
boundary:query,787,L298.lo.hi,hybrid,create,split of L298.lo,,1.5848,2,0,0,0.0,0
boundary:query,788,L40.hi.lo.lo.hi.lo.lo.hi.lo,hybrid,exception,contradicted; every cut loses a supporter,1.7088,1.7088,8,6,3,0.3333,9
boundary:query,788,L166.hi.hi.lo.lo.lo.lo.lo,hybrid,exception,contradicted; every cut loses a supporter,1.7496,1.7496,17,7,4,0.3,10
boundary:query,788,L328,dense,exception,contradicted; every cut loses a supporter,2.0041,2.0041,4,5,2,0.25,8
boundary:query,788,L166.hi.hi.lo.lo.lo.lo.lo,hybrid,split,4 exceptions; cut f:query_len_tokens at 14,,1.7496,17,7,4,0.3,10
boundary:query,788,L166.hi.hi.lo.lo.lo.lo.lo.lo,hybrid,create,split of L166.hi.hi.lo.lo.lo.lo.lo,,1.6348,9,0,0,0.0,0
boundary:query,788,L166.hi.hi.lo.lo.lo.lo.lo.hi,hybrid,create,split of L166.hi.hi.lo.lo.lo.lo.lo,,1.6635,8,0,0,0.0,0
boundary:query,789,L333,dense,create,"default missed, dense hit",,2.0,1,0,0,0.0,0
boundary:query,790,L285,hybrid,narrow,contradicted; cut f:query_len_tokens,2.0353,1.8964,4,6,2,0.25,8
boundary:query,790,L286,hybrid,narrow,contradicted; cut f:query_len_tokens,1.9958,1.886,4,8,2,0.1111,9
boundary:query,791,L315,dense,retire,utility <= 0,,2.0228,2,5,0,-0.2,5
boundary:query,792,L328,dense,expand,arm beat the default just outside the box,2.0049,2.0185,5,5,2,0.25,8
boundary:query,792,L333,dense,expand,arm beat the default just outside the box,2.0001,2.0148,2,0,0,0.0,0
boundary:query,794,L328,dense,expand,arm beat the default just outside the box,2.0173,2.0503,6,5,2,0.25,8
boundary:query,794,L333,dense,expand,arm beat the default just outside the box,2.0136,2.0477,3,0,0,0.0,0
boundary:query,794,L334,dense,create,"default missed, dense hit",,2.0,1,0,0,0.0,0
boundary:query,795,L236.lo,hybrid,expand,arm beat the default just outside the box,1.8561,1.9219,6,4,0,-0.25,4
boundary:query,795,L316,hybrid,expand,arm beat the default just outside the box,2.0097,2.0228,2,0,0,0.0,0
boundary:query,795,L326,dense,expand,arm beat the default just outside the box,2.0049,2.0519,2,1,0,0.0,1
boundary:query,795,L298.lo.hi,hybrid,expand,arm beat the default just outside the box,1.5862,1.6433,3,3,0,0.0,3
boundary:query,795,L335,hybrid,create,"default missed, hybrid hit",,2.0,1,0,0,0.0,0
boundary:query,796,L304.lo,hybrid,exception,contradicted; every cut loses a supporter,1.8366,1.8366,5,5,1,0.1667,6
boundary:query,796,L304.hi,hybrid,exception,contradicted; every cut loses a supporter,1.7795,1.7795,5,4,1,0.3333,6
boundary:query,797,L328,dense,expand,arm beat the default just outside the box,2.0519,2.0655,8,5,2,0.3333,9
boundary:query,797,L166.hi.hi.lo.lo.lo.lo.lo.hi,hybrid,expand,arm beat the default just outside the box,1.6649,1.6935,9,2,0,0.0,2
boundary:query,797,L333,dense,expand,arm beat the default just outside the box,2.0493,2.064,5,1,0,0.0,2
boundary:query,797,L334,dense,expand,arm beat the default just outside the box,2.0015,2.0165,2,1,0,-1.0,1
boundary:query,800,L166.hi.hi.lo.lo.lo.lo.lo.lo,hybrid,expand,arm beat the default just outside the box,1.6372,1.6658,12,1,0,0.6667,3
boundary:query,800,L335,hybrid,expand,arm beat the default just outside the box,2.0017,2.0168,2,0,0,0.0,0
boundary:query,802,L40.hi.lo.lo.hi.hi.hi,hybrid,exception,contradicted; every cut loses a supporter,1.7383,1.7383,8,8,4,0.1111,9
boundary:query,802,L328,dense,exception,contradicted; every cut loses a supporter,2.0651,2.0651,9,6,3,0.3636,11
boundary:query,802,L298.lo.lo,hybrid,exception,contradicted; every cut loses a supporter,1.7011,1.7011,6,5,1,0.1667,6
boundary:query,802,L40.hi.lo.lo.hi.hi.hi,hybrid,split,4 exceptions; cut f:query_len_tokens at 18.5,,1.7383,8,8,4,0.1111,9
boundary:query,802,L40.hi.lo.lo.hi.hi.hi.lo,hybrid,create,split of L40.hi.lo.lo.hi.hi.hi,,1.6668,4,0,0,0.0,0
boundary:query,802,L40.hi.lo.lo.hi.hi.hi.hi,hybrid,create,split of L40.hi.lo.lo.hi.hi.hi,,1.581,4,0,0,0.0,0
boundary:query,803,L166.hi.hi.lo.lo.lo.lo.lo.hi,hybrid,exception,contradicted; every cut loses a supporter,1.6939,1.6939,11,4,1,0.3333,6
boundary:query,803,L333,dense,exception,contradicted; every cut loses a supporter,2.0644,2.0644,6,4,1,0.1667,6
boundary:query,803,L334,dense,retire,utility <= 0,,2.0169,3,4,0,0.0,5
boundary:query,804,L236.lo,hybrid,retire,utility <= 0,,1.9233,6,5,0,-0.2,5
boundary:query,805,L16.lo,dense,narrow,contradicted; cut f:query_len_tokens,1.8587,1.8015,7,7,2,0.2222,9
boundary:query,805,L5.lo.lo,dense,narrow,contradicted; cut f:query_len_tokens,1.8112,1.8112,7,8,3,0.1111,9
boundary:query,806,L166.hi.hi.lo.lo.lo.lo.lo.hi,hybrid,exception,contradicted; every cut loses a supporter,1.6935,1.6935,11,5,2,0.2857,7
boundary:query,806,L333,dense,exception,contradicted; every cut loses a supporter,2.0644,2.0644,6,5,2,0.1429,7
boundary:query,807,L304.hi,hybrid,expand,arm beat the default just outside the box,1.7803,1.8089,8,4,1,0.5,8
boundary:query,807,L166.hi.hi.lo.lo.lo.lo.lo.hi,hybrid,expand,arm beat the default just outside the box,1.694,1.7226,12,5,2,0.2857,7
boundary:query,807,L335,hybrid,expand,arm beat the default just outside the box,2.017,2.0504,3,2,0,0.0,2
boundary:query,807,L40.hi.lo.lo.hi.hi.hi.lo,hybrid,expand,arm beat the default just outside the box,1.6672,1.6959,5,2,0,0.0,2
boundary:query,808,L328,dense,exception,contradicted; every cut loses a supporter,2.0668,2.0668,9,7,4,0.3333,12
boundary:query,808,L166.hi.hi.lo.lo.lo.lo.lo.hi,hybrid,exception,contradicted; every cut loses a supporter,1.723,1.723,12,6,3,0.25,8
boundary:query,808,L333,dense,exception,contradicted; every cut loses a supporter,2.0653,2.0653,7,6,3,0.2222,9
boundary:query,808,L328,dense,split,4 exceptions; cut f:query_len_tokens at 15,,2.0668,9,7,4,0.3333,12
boundary:query,808,L328.lo,dense,create,split of L328,,1.8422,6,0,0,0.0,0
boundary:query,808,L328.hi,dense,create,split of L328,,1.9236,3,0,0,0.0,0
boundary:query,811,L298.lo.hi,hybrid,exception,contradicted; every cut loses a supporter,1.6455,1.6455,4,5,1,0.1667,6
boundary:query,812,L304.lo,hybrid,exception,contradicted; every cut loses a supporter,1.8387,1.8387,8,6,2,0.4,10
boundary:query,812,L298.lo.lo,hybrid,exception,contradicted; every cut loses a supporter,1.7032,1.7032,6,6,2,0.1429,7
boundary:query,812,L166.hi.hi.lo.lo.lo.lo.lo.lo,hybrid,exception,contradicted; every cut loses a supporter,1.6668,1.6668,13,4,1,0.4286,7
boundary:query,812,L333,dense,exception,contradicted; every cut loses a supporter,2.0663,2.0663,7,7,4,0.1,10
boundary:query,812,L333,dense,split,4 exceptions; cut f:query_cap_spans at 1,,2.0663,7,7,4,0.1,10
boundary:query,812,L333.lo,dense,create,split of L333,,1.8845,5,0,0,0.0,0
boundary:query,812,L333.hi,dense,create,split of L333,,1.8845,2,0,0,0.0,0
boundary:query,814,L40.hi.lo.hi,hybrid,expand,arm beat the default just outside the box,1.7683,1.797,8,8,3,0.2,10
boundary:query,814,L304.lo,hybrid,expand,arm beat the default just outside the box,1.838,1.8504,9,6,2,0.4,10
boundary:query,814,L304.hi,hybrid,expand,arm beat the default just outside the box,1.8093,1.8504,9,4,1,0.5,8
boundary:query,814,L335,hybrid,expand,arm beat the default just outside the box,2.051,2.0797,4,3,0,0.0,3
boundary:query,815,L304.hi,hybrid,exception,contradicted; every cut loses a supporter,1.851,1.851,9,5,2,0.4444,9
boundary:query,815,L298.lo.hi,hybrid,exception,contradicted; every cut loses a supporter,1.6456,1.6456,4,6,2,0.1429,7
boundary:query,816,L328.lo,dense,expand,arm beat the default just outside the box,1.8434,1.8721,8,1,0,0.0,2
boundary:query,816,L333.lo,dense,expand,arm beat the default just outside the box,1.8847,1.9133,6,1,0,0.0,1
boundary:query,816,L333.hi,dense,expand,arm beat the default just outside the box,1.8847,1.9133,4,1,0,0.5,2
boundary:query,816,L342,dense,create,"default missed, dense hit",,2.0,1,0,0,0.0,0
boundary:query,818,L298.lo.hi,hybrid,expand,arm beat the default just outside the box,1.6468,1.7042,5,6,2,0.1429,7
boundary:query,818,L40.hi.lo.lo.hi.hi.hi.lo,hybrid,expand,arm beat the default just outside the box,1.6984,1.7701,7,4,0,0.2,5
boundary:query,818,L166.hi.hi.lo.hi.hi,hybrid,retire,utility <= 0,,1.6964,5,4,0,0.0,5
boundary:query,819,L298.lo.lo,hybrid,narrow,contradicted; cut f:query_len_tokens,1.7045,1.6758,7,7,2,0.2222,9
boundary:query,820,L333.hi,dense,exception,contradicted; every cut loses a supporter,1.915,1.915,6,3,1,0.5,6
boundary:query,822,L41.hi.lo.lo.hi.hi.hi.lo,dense,exception,contradicted; every cut loses a supporter,1.7142,1.7142,12,6,4,0.4167,12
boundary:query,822,L41.hi.lo.lo.hi.lo.lo.lo,dense,exception,contradicted; every cut loses a supporter,1.5944,1.5944,9,4,1,0.4286,7
boundary:query,822,L304.lo,hybrid,exception,contradicted; every cut loses a supporter,1.8524,1.8524,9,7,3,0.3636,11
boundary:query,822,L304.hi,hybrid,exception,contradicted; every cut loses a supporter,1.8524,1.8524,10,6,3,0.4545,11
boundary:query,822,L166.hi.hi.lo.lo.lo.lo.lo.lo,hybrid,exception,contradicted; every cut loses a supporter,1.6675,1.6675,13,5,2,0.375,8
boundary:query,822,L166.hi.hi.lo.lo.lo.lo.lo.hi,hybrid,exception,contradicted; every cut loses a supporter,1.7248,1.7248,13,7,4,0.3,10
boundary:query,822,L328.lo,dense,exception,contradicted; every cut loses a supporter,1.873,1.873,9,4,1,0.1667,6
boundary:query,822,L41.hi.lo.lo.hi.hi.hi.lo,dense,split,4 exceptions; cut f:query_len_tokens at 16,,1.7142,12,6,4,0.4167,12
boundary:query,822,L41.hi.lo.lo.hi.hi.hi.lo.lo,dense,create,split of L41.hi.lo.lo.hi.hi.hi.lo,,1.5995,6,0,0,0.0,0
boundary:query,822,L41.hi.lo.lo.hi.hi.hi.lo.hi,dense,create,split of L41.hi.lo.lo.hi.hi.hi.lo,,1.6282,6,0,0,0.0,0
boundary:query,822,L166.hi.hi.lo.lo.lo.lo.lo.hi,hybrid,split,4 exceptions; cut f:query_cap_spans at 1,,1.7248,13,7,4,0.3,10
boundary:query,822,L166.hi.hi.lo.lo.lo.lo.lo.hi.lo,hybrid,create,split of L166.hi.hi.lo.lo.lo.lo.lo.hi,,1.7248,13,0,0,0.0,0
boundary:query,823,L32.lo.lo,dense,exception,contradicted; every cut loses a supporter,1.981,1.981,9,5,1,0.1667,6
boundary:query,823,L33.lo.lo,hybrid,exception,contradicted; every cut loses a supporter,1.981,1.981,8,5,1,0.1667,6
boundary:query,825,L298.lo.hi,hybrid,expand,arm beat the default just outside the box,1.7018,1.7305,6,6,2,0.1429,7
boundary:query,825,L328.hi,dense,expand,arm beat the default just outside the box,1.9239,1.9525,5,2,0,0.3333,3
boundary:query,827,L316,hybrid,expand,arm beat the default just outside the box,2.0247,2.0575,3,2,0,0.0,2
boundary:query,827,L298.lo.hi,hybrid,expand,arm beat the default just outside the box,1.7304,1.759,7,6,2,0.1429,7
boundary:query,827,L328.hi,dense,expand,arm beat the default just outside the box,1.9521,1.9807,6,2,0,0.3333,3
boundary:query,827,L342,dense,expand,arm beat the default just outside the box,1.9983,2.0138,4,1,0,0.6667,3
boundary:query,829,L41.hi.lo.lo.hi.lo.lo.lo,dense,exception,contradicted; every cut loses a supporter,1.5912,1.5912,9,5,2,0.375,8
boundary:query,829,L328.lo,dense,exception,contradicted; every cut loses a supporter,1.8697,1.8697,11,5,2,0.3333,9
boundary:query,829,L333.lo,dense,exception,contradicted; every cut loses a supporter,1.9104,1.9104,9,4,1,0.4286,7
boundary:query,830,L122.lo.lo.lo,dense,exception,contradicted; every cut loses a supporter,1.639,1.639,13,3,1,0.625,8
boundary:query,830,L122.lo.lo.hi,dense,exception,contradicted; every cut loses a supporter,1.8212,1.8212,7,3,1,0.6667,9
boundary:query,830,L298.lo.hi,hybrid,exception,contradicted; every cut loses a supporter,1.7585,1.7585,7,7,3,0.125,8
boundary:query,830,L335,hybrid,exception,contradicted; every cut loses a supporter,2.0785,2.0785,8,5,1,0.4444,9
boundary:query,830,L333.hi,dense,exception,contradicted; every cut loses a supporter,1.9109,1.9109,8,4,2,0.5556,9
boundary:query,831,L122.lo.lo.lo,dense,exception,contradicted; every cut loses a supporter,1.6395,1.6395,13,4,2,0.5556,9
boundary:query,831,L122.lo.lo.hi,dense,exception,contradicted; every cut loses a supporter,1.8217,1.8217,7,4,2,0.6,10
boundary:query,831,L298.lo.hi,hybrid,exception,contradicted; every cut loses a supporter,1.7589,1.7589,7,8,4,0.1111,9
boundary:query,831,L335,hybrid,exception,contradicted; every cut loses a supporter,2.0791,2.0791,8,6,2,0.4,10
boundary:query,831,L333.hi,dense,exception,contradicted; every cut loses a supporter,1.9115,1.9115,8,5,3,0.5,10
boundary:query,831,L298.lo.hi,hybrid,split,4 exceptions; cut f:query_cap_spans at 1,,1.7589,7,8,4,0.1111,9
boundary:query,831,L298.lo.hi.lo,hybrid,create,split of L298.lo.hi,,1.5767,5,0,0,0.0,0
boundary:query,831,L298.lo.hi.hi,hybrid,create,split of L298.lo.hi,,1.7589,2,0,0,0.0,0
boundary:query,832,L328.hi,dense,exception,contradicted; every cut loses a supporter,1.9813,1.9813,6,5,1,0.1667,6
boundary:query,832,L316,hybrid,retire,utility <= 0,,2.0582,3,5,0,0.0,5
boundary:query,833,L335,hybrid,exception,contradicted; every cut loses a supporter,2.0804,2.0804,8,7,3,0.3636,11
boundary:query,833,L40.hi.lo.lo.hi.hi.hi.lo,hybrid,exception,contradicted; every cut loses a supporter,1.7683,1.7683,8,5,1,0.2857,7
boundary:query,833,L328.hi,dense,exception,contradicted; every cut loses a supporter,1.9819,1.9819,6,6,2,0.1429,7
boundary:query,833,L333.lo,dense,exception,contradicted; every cut loses a supporter,1.9127,1.9127,9,5,2,0.375,8
boundary:query,833,L333.hi,dense,exception,contradicted; every cut loses a supporter,1.9127,1.9127,8,6,4,0.4545,11
boundary:query,833,L333.hi,dense,split,4 exceptions; cut f:query_len_tokens at 13.5,,1.9127,8,6,4,0.4545,11
boundary:query,833,L333.hi.lo,dense,create,split of L333.hi,,1.646,4,0,0,0.0,0
boundary:query,833,L333.hi.hi,dense,create,split of L333.hi,,1.7837,4,0,0,0.0,0
boundary:query,835,L328.hi,dense,narrow,contradicted; cut f:query_cap_spans,1.9827,1.9827,6,7,2,0.125,8
boundary:query,835,L333.lo,dense,exception,contradicted; every cut loses a supporter,1.9137,1.9137,9,6,3,0.3333,9
boundary:query,836,L333.lo,dense,exception,contradicted; every cut loses a supporter,1.914,1.914,9,7,4,0.3,10
boundary:query,836,L333.lo,dense,split,4 exceptions; cut f:query_cap_spans at 1,,1.914,9,7,4,0.3,10
boundary:query,836,L333.lo.lo,dense,create,split of L333.lo,,1.914,9,0,0,0.0,0
boundary:query,837,L122.lo.lo.lo,dense,exception,contradicted; every cut loses a supporter,1.6422,1.6422,13,5,3,0.5,10
boundary:query,837,L122.lo.lo.hi,dense,exception,contradicted; every cut loses a supporter,1.8245,1.8245,7,5,3,0.5455,11
boundary:query,837,L304.lo,hybrid,exception,contradicted; every cut loses a supporter,1.8524,1.8524,10,8,4,0.3846,13
boundary:query,837,L304.hi,hybrid,exception,contradicted; every cut loses a supporter,1.8524,1.8524,11,7,4,0.4615,13
boundary:query,837,L298.lo.lo,hybrid,exception,contradicted; every cut loses a supporter,1.6753,1.6753,8,8,3,0.2727,11
boundary:query,837,L335,hybrid,exception,contradicted; every cut loses a supporter,2.0821,2.0821,8,8,4,0.3333,12
boundary:query,837,L328.lo,dense,exception,contradicted; every cut loses a supporter,1.873,1.873,11,6,3,0.3,10
boundary:query,837,L328.hi,dense,exception,contradicted; every cut loses a supporter,1.9834,1.9834,6,8,3,0.1111,9
boundary:query,837,L304.lo,hybrid,split,4 exceptions; cut f:query_len_tokens at 13,,1.8524,10,8,4,0.3846,13
boundary:query,837,L304.lo.lo,hybrid,create,split of L304.lo,,1.795,9,0,0,0.0,0
boundary:query,837,L304.lo.hi,hybrid,create,split of L304.lo,,1.7662,1,0,0,0.0,0
boundary:query,837,L304.hi,hybrid,split,4 exceptions; cut f:query_len_tokens at 13,,1.8524,11,7,4,0.4615,13
boundary:query,837,L304.hi.lo,hybrid,create,split of L304.hi,,1.7662,7,0,0,0.0,0
boundary:query,837,L304.hi.hi,hybrid,create,split of L304.hi,,1.795,4,0,0,0.0,0
boundary:query,837,L335,hybrid,split,4 exceptions; cut f:query_len_tokens at 13.5,,2.0821,8,8,4,0.3333,12
boundary:query,837,L335.lo,hybrid,create,split of L335,,1.7567,4,0,0,0.0,0
boundary:query,837,L335.hi,hybrid,create,split of L335,,2.0103,4,0,0,0.0,0
boundary:query,838,L40.hi.lo.hi,hybrid,exception,contradicted; every cut loses a supporter,1.7992,1.7992,8,9,4,0.1818,11
boundary:query,838,L40.hi.lo.hi,hybrid,split,4 exceptions; cut f:query_len_tokens at 16.5,,1.7992,8,9,4,0.1818,11
boundary:query,838,L40.hi.lo.hi.lo,hybrid,create,split of L40.hi.lo.hi,,1.67,4,0,0,0.0,0
boundary:query,838,L40.hi.lo.hi.hi,hybrid,create,split of L40.hi.lo.hi,,1.6412,4,0,0,0.0,0
boundary:query,839,L328.hi,dense,expand,arm beat the default just outside the box,1.9843,2.0131,7,8,3,0.1111,9
boundary:query,839,L333.hi.hi,dense,expand,arm beat the default just outside the box,1.7861,1.8292,5,1,0,0.0,1
boundary:query,840,L20.lo.hi.lo,dense,expand,arm beat the default just outside the box,1.6904,1.7479,8,7,3,0.2222,9
boundary:query,840,L359,dense,create,"default missed, dense hit",,2.0,1,0,0,0.0,0
boundary:query,840,L360,hybrid,create,"default missed, hybrid hit",,2.0,1,0,0,0.0,0
boundary:query,841,L166.hi.hi.lo.lo.lo.lo.lo.lo,hybrid,expand,arm beat the default just outside the box,1.6673,1.7248,15,5,2,0.4444,9
boundary:query,841,L342,dense,expand,arm beat the default just outside the box,2.0166,2.032,6,3,0,0.5,6
boundary:query,841,L304.lo.lo,hybrid,expand,arm beat the default just outside the box,1.7947,1.8235,10,2,0,0.0,2
boundary:query,841,L304.hi.lo,hybrid,expand,arm beat the default just outside the box,1.766,1.8235,8,2,0,0.0,2
boundary:query,841,L361,hybrid,create,"default missed, hybrid hit",,2.0,1,0,0,0.0,0
boundary:query,842,L285,hybrid,exception,contradicted; every cut loses a supporter,1.9006,1.9006,4,7,3,0.2222,9
boundary:query,842,L286,hybrid,narrow,contradicted; cut f:query_len_tokens,1.8902,1.8615,4,9,2,0.1,10
boundary:query,843,L328.hi,dense,exception,contradicted; every cut loses a supporter,2.0116,2.0116,7,9,4,0.1,10
boundary:query,843,L328.hi,dense,split,4 exceptions; cut f:query_len_tokens at 16,,2.0116,7,9,4,0.1,10
boundary:query,843,L328.hi.lo,dense,create,split of L328.hi,,1.8148,4,0,0,0.0,0
boundary:query,843,L328.hi.hi,dense,create,split of L328.hi,,1.8965,3,0,0,0.0,0
boundary:query,843,L298.lo.hi.hi,hybrid,retire,utility <= 0,,1.7607,2,5,0,0.0,5
boundary:query,844,L326,dense,expand,arm beat the default just outside the box,2.057,2.0857,4,4,0,0.2,5
boundary:query,844,L328.hi.lo,dense,expand,arm beat the default just outside the box,1.8152,1.8728,5,0,0,0.0,0
boundary:query,846,L342,dense,exception,contradicted; every cut loses a supporter,2.0317,2.0317,6,4,1,0.4286,7
boundary:query,847,L326,dense,exception,contradicted; every cut loses a supporter,2.0858,2.0858,4,5,1,0.0,6
boundary:query,847,L40.hi.lo.lo.hi.hi.hi.lo,hybrid,exception,contradicted; every cut loses a supporter,1.7702,1.7702,8,6,2,0.25,8
boundary:query,847,L326,dense,retire,utility <= 0,,2.0858,4,5,1,0.0,6
boundary:query,847,L333.hi.hi,dense,retire,utility <= 0,,1.8286,6,4,0,0.0,5
boundary:query,848,L298.lo.lo,hybrid,expand,arm beat the default just outside the box,1.6759,1.7334,9,8,3,0.2727,11
boundary:query,848,L304.lo.hi,hybrid,expand,arm beat the default just outside the box,1.7667,1.8242,2,0,0,0.0,0
boundary:query,848,L304.hi.hi,hybrid,expand,arm beat the default just outside the box,1.7955,1.8242,5,0,0,0.0,0
boundary:query,848,L40.hi.lo.hi.lo,hybrid,expand,arm beat the default just outside the box,1.6701,1.6845,5,2,0,0.0,2
boundary:query,849,L166.hi.hi.lo.lo.lo.lo.lo.lo,hybrid,exception,contradicted; every cut loses a supporter,1.726,1.726,15,6,3,0.4,10
boundary:query,849,L40.hi.lo.lo.hi.hi.hi.lo,hybrid,exception,contradicted; every cut loses a supporter,1.7712,1.7712,8,7,3,0.2222,9
boundary:query,849,L328.lo,dense,exception,contradicted; every cut loses a supporter,1.8742,1.8742,11,7,4,0.2727,11
boundary:query,849,L342,dense,exception,contradicted; every cut loses a supporter,2.0335,2.0335,6,5,2,0.375,8
boundary:query,849,L328.lo,dense,split,4 exceptions; cut f:query_cap_spans at 1,,1.8742,11,7,4,0.2727,11
boundary:query,849,L328.lo.lo,dense,create,split of L328.lo,,1.6918,8,0,0,0.0,0
boundary:query,849,L328.lo.hi,dense,create,split of L328.lo,,1.6918,3,0,0,0.0,0
boundary:query,849,L166.hi.hi.lo.lo.lo.lo.lo.hi.lo,hybrid,retire,utility <= 0,,1.726,14,4,0,0.0,5
boundary:query,851,L40.hi.lo.lo.hi.hi.hi.lo,hybrid,exception,contradicted; every cut loses a supporter,1.7704,1.7704,8,8,4,0.2,10
boundary:query,851,L335.hi,hybrid,exception,contradicted; every cut loses a supporter,2.0113,2.0113,5,5,1,0.1667,6
boundary:query,851,L40.hi.lo.lo.hi.hi.hi.lo,hybrid,split,4 exceptions; cut f:query_len_tokens at 14.5,,1.7704,8,8,4,0.2,10
boundary:query,851,L40.hi.lo.lo.hi.hi.hi.lo.lo,hybrid,create,split of L40.hi.lo.lo.hi.hi.hi.lo,,1.5834,4,0,0,0.0,0
boundary:query,851,L40.hi.lo.lo.hi.hi.hi.lo.hi,hybrid,create,split of L40.hi.lo.lo.hi.hi.hi.lo,,1.6985,4,0,0,0.0,0
boundary:query,854,L286,hybrid,exception,contradicted; every cut loses a supporter,1.8608,1.8608,5,10,3,0.1667,12
boundary:query,855,L122.lo.lo.lo,dense,expand,arm beat the default just outside the box,1.6392,1.6965,14,5,3,0.5,10
boundary:query,855,L122.lo.lo.hi,dense,expand,arm beat the default just outside the box,1.822,1.8792,8,5,3,0.5455,11
boundary:query,855,L40.hi.lo.hi.hi,hybrid,expand,arm beat the default just outside the box,1.6384,1.667,6,2,0,0.3333,3
boundary:query,857,L342,dense,exception,contradicted; every cut loses a supporter,2.0293,2.0293,6,6,3,0.2222,9
boundary:query,857,L333.hi.lo,dense,retire,utility <= 0,,1.6446,5,4,0,0.0,5
boundary:query,857,L333.lo.lo,dense,retire,utility <= 0,,1.9109,10,4,0,-0.2,5
boundary:query,858,L298.lo.lo,hybrid,exception,contradicted; every cut loses a supporter,1.7303,1.7303,9,9,4,0.25,12
boundary:query,858,L335.hi,hybrid,exception,contradicted; every cut loses a supporter,2.0082,2.0082,6,6,2,0.25,8
boundary:query,858,L342,dense,expand,arm beat the default just outside the box,2.03,2.064,7,6,3,0.2222,9
boundary:query,858,L328.lo.lo,dense,expand,arm beat the default just outside the box,1.6884,1.717,9,1,0,-1.0,1
boundary:query,858,L328.lo.hi,dense,expand,arm beat the default just outside the box,1.6884,1.717,4,1,0,-1.0,1
boundary:query,858,L298.lo.lo,hybrid,split,4 exceptions; cut f:query_cap_spans at 2,,1.7303,9,9,4,0.25,12
boundary:query,858,L298.lo.lo.lo,hybrid,create,split of L298.lo.lo,,1.7303,9,0,0,0.0,0
boundary:query,858,L298.lo.hi.lo,hybrid,retire,utility <= 0,,1.5759,5,5,0,0.0,5
boundary:query,858,L328.hi.lo,dense,retire,utility <= 0,,1.8714,6,4,0,0.0,5
boundary:query,859,L304.lo.lo,hybrid,expand,arm beat the default just outside the box,1.8227,1.88,11,4,0,-0.25,4
boundary:query,859,L304.hi.lo,hybrid,expand,arm beat the default just outside the box,1.8227,1.88,9,4,0,-0.25,4
boundary:query,859,L335.lo,hybrid,expand,arm beat the default just outside the box,1.7558,1.7988,5,4,0,-0.25,4
boundary:query,859,L361,hybrid,expand,arm beat the default just outside the box,1.9985,2.0199,2,0,0,0.0,0
boundary:query,859,L328.hi.hi,dense,expand,arm beat the default just outside the box,1.8962,1.9248,7,3,0,0.3333,6
boundary:query,859,L40.hi.lo.lo.hi.hi.hi.lo.lo,hybrid,expand,arm beat the default just outside the box,1.581,1.5953,5,1,0,-1.0,1
boundary:query,860,L342,dense,exception,contradicted; every cut loses a supporter,2.0649,2.0649,7,7,4,0.2,10
boundary:query,860,L342,dense,split,4 exceptions; cut f:query_cap_spans at 1,,2.0649,7,7,4,0.2,10
boundary:query,860,L342.lo,dense,create,split of L342,,1.8818,5,0,0,0.0,0
boundary:query,860,L342.hi,dense,create,split of L342,,1.8818,2,0,0,0.0,0
boundary:query,860,L304.lo.lo,hybrid,retire,utility <= 0,,1.8804,11,5,0,-0.2,5
boundary:query,860,L304.hi.lo,hybrid,retire,utility <= 0,,1.8804,9,5,0,-0.2,5
boundary:query,861,L20.lo.hi.lo,dense,exception,contradicted; every cut loses a supporter,1.7454,1.7454,8,8,4,0.2,10
boundary:query,861,L359,dense,exception,contradicted; every cut loses a supporter,1.9978,1.9978,2,5,1,0.1667,6
boundary:query,861,L360,hybrid,exception,contradicted; every cut loses a supporter,1.9978,1.9978,2,5,1,0.1667,6
boundary:query,861,L20.lo.hi.lo,dense,split,4 exceptions; cut f:query_cap_spans at 2,,1.7454,8,8,4,0.2,10
boundary:query,861,L20.lo.hi.lo.lo,dense,create,split of L20.lo.hi.lo,,1.7454,8,0,0,0.0,0
boundary:query,862,L335.hi,hybrid,exception,contradicted; every cut loses a supporter,2.0088,2.0088,6,7,3,0.2222,9
boundary:query,862,L335.lo,hybrid,retire,utility <= 0,,1.7986,5,5,0,-0.2,5
boundary:query,865,L328.hi.hi,dense,exception,contradicted; every cut loses a supporter,1.9248,1.9248,7,4,1,0.2857,7
boundary:query,866,L166.hi.hi.lo.lo.lo.lo.lo.lo,hybrid,exception,contradicted; every cut loses a supporter,1.723,1.723,15,7,4,0.3636,11
boundary:query,866,L166.hi.hi.lo.lo.lo.lo.lo.lo,hybrid,split,4 exceptions; cut f:query_cap_spans at 1,,1.723,15,7,4,0.3636,11
boundary:query,866,L166.hi.hi.lo.lo.lo.lo.lo.lo.lo,hybrid,create,split of L166.hi.hi.lo.lo.lo.lo.lo.lo,,1.723,15,0,0,0.0,0
boundary:query,867,L41.hi.lo.lo.hi.lo.lo.lo,dense,exception,contradicted; every cut loses a supporter,1.5917,1.5917,9,6,3,0.3333,9
boundary:query,867,L328.lo.lo,dense,retire,utility <= 0,,1.7176,10,4,0,0.0,5
boundary:query,868,L335.hi,hybrid,exception,contradicted; every cut loses a supporter,2.009,2.009,6,8,4,0.2,10
boundary:query,868,L328.hi.hi,dense,exception,contradicted; every cut loses a supporter,1.9254,1.9254,7,5,2,0.25,8
boundary:query,868,L335.hi,hybrid,split,4 exceptions; cut f:query_cap_spans at 1.5,,2.009,6,8,4,0.2,10
boundary:query,868,L335.hi.lo,hybrid,create,split of L335.hi,,1.7492,3,0,0,0.0,0
boundary:query,868,L335.hi.hi,hybrid,create,split of L335.hi,,1.9173,3,0,0,0.0,0
boundary:query,869,L328.hi.hi,dense,exception,contradicted; every cut loses a supporter,1.9259,1.9259,7,6,3,0.1111,9
boundary:query,871,L361,hybrid,retire,utility <= 0,,2.0195,2,5,0,0.0,5
boundary:query,871,L328.lo.hi,dense,retire,utility <= 0,,1.7175,5,4,0,0.0,5
boundary:query,871,L342.lo,dense,retire,utility <= 0,,1.8809,5,5,0,-0.2,5
boundary:query,872,L359,dense,narrow,contradicted; cut f:query_len_tokens,1.9972,1.9173,2,6,1,0.1429,7
boundary:query,872,L360,hybrid,narrow,contradicted; cut f:query_len_tokens,1.9972,1.9173,2,6,1,0.1429,7
boundary:query,873,L40.hi.lo.lo.hi.hi.hi.hi,hybrid,expand,arm beat the default just outside the box,1.5807,1.6521,6,2,0,0.3333,3
boundary:query,873,L40.hi.lo.lo.hi.hi.hi.lo.lo,hybrid,expand,arm beat the default just outside the box,1.595,1.6235,6,2,0,-0.5,2
boundary:query,873,L166.hi.hi.lo.lo.lo.lo.lo.lo.lo,hybrid,expand,arm beat the default just outside the box,1.7225,1.7511,16,2,0,0.0,2
boundary:query,874,L304.lo.hi,hybrid,narrow,contradicted; cut f:query_len_tokens,1.8233,1.8233,4,5,0,0.2857,7
boundary:query,874,L304.hi.hi,hybrid,narrow,contradicted; cut f:query_len_tokens,1.8233,1.8233,7,5,0,0.2857,7
boundary:query,874,L298.lo.lo.lo,hybrid,exception,contradicted; every cut loses a supporter,1.7307,1.7307,11,4,1,0.3333,6
boundary:query,874,L342.hi,dense,retire,utility <= 0,,1.8811,3,4,0,0.0,5
boundary:query,875,L40.hi.lo.hi.hi,hybrid,expand,arm beat the default just outside the box,1.6673,1.7102,7,3,0,0.25,4
boundary:query,878,L359,dense,narrow,contradicted; cut f:query_len_tokens,1.9174,1.8377,2,7,1,0.125,8
boundary:query,878,L360,hybrid,narrow,contradicted; cut f:query_len_tokens,1.9174,1.8377,2,7,1,0.125,8
boundary:query,880,L122.lo.lo.lo,dense,exception,contradicted; every cut loses a supporter,1.6952,1.6952,15,6,4,0.4167,12
boundary:query,880,L122.lo.lo.hi,dense,exception,contradicted; every cut loses a supporter,1.8788,1.8788,9,6,4,0.4615,13
boundary:query,880,L304.lo.hi,hybrid,exception,contradicted; every cut loses a supporter,1.8237,1.8237,5,6,1,0.3333,9
boundary:query,880,L304.hi.hi,hybrid,exception,contradicted; every cut loses a supporter,1.8237,1.8237,8,6,1,0.3333,9
boundary:query,880,L328.hi.hi,dense,exception,contradicted; every cut loses a supporter,1.9252,1.9252,8,7,4,0.0909,11
boundary:query,880,L298.lo.lo.lo,hybrid,exception,contradicted; every cut loses a supporter,1.7307,1.7307,12,5,2,0.375,8
boundary:query,880,L122.lo.lo.lo,dense,split,4 exceptions; cut f:query_len_tokens at 15,,1.6952,15,6,4,0.4167,12
boundary:query,880,L122.lo.lo.lo.lo,dense,create,split of L122.lo.lo.lo,,1.4956,8,0,0,0.0,0
boundary:query,880,L122.lo.lo.lo.hi,dense,create,split of L122.lo.lo.lo,,1.5811,7,0,0,0.0,0
boundary:query,880,L122.lo.lo.hi,dense,split,4 exceptions; cut f:query_cap_spans at 2,,1.8788,9,6,4,0.4615,13
boundary:query,880,L122.lo.lo.hi.lo,dense,create,split of L122.lo.lo.hi,,1.6952,7,0,0,0.0,0
boundary:query,880,L122.lo.lo.hi.hi,dense,create,split of L122.lo.lo.hi,,1.8788,2,0,0,0.0,0
boundary:query,880,L328.hi.hi,dense,split,4 exceptions; cut f:query_len_tokens at 17.5,,1.9252,8,7,4,0.0909,11
boundary:query,880,L328.hi.hi.lo,dense,create,split of L328.hi.hi,,1.7728,4,0,0,0.0,0
boundary:query,880,L328.hi.hi.hi,dense,create,split of L328.hi.hi,,1.8539,4,0,0,0.0,0
boundary:query,882,L304.lo.hi,hybrid,exception,contradicted; every cut loses a supporter,1.8243,1.8243,5,7,2,0.3,10
boundary:query,882,L304.hi.hi,hybrid,exception,contradicted; every cut loses a supporter,1.8243,1.8243,8,7,2,0.3,10
boundary:query,882,L298.lo.lo.lo,hybrid,exception,contradicted; every cut loses a supporter,1.7314,1.7314,12,6,3,0.3333,9
boundary:query,882,L40.hi.lo.lo.hi.hi.hi.lo.lo,hybrid,retire,utility <= 0,,1.6248,6,5,0,-0.2,5
boundary:query,882,L166.hi.hi.lo.lo.lo.lo.lo.lo.lo,hybrid,retire,utility <= 0,,1.7522,16,5,0,0.0,5
boundary:query,884,L381,dense,create,"default missed, dense hit",,2.0,1,0,0,0.0,0
boundary:query,887,L40.hi.lo.lo.hi.hi.hi.lo.hi,hybrid,exception,contradicted; every cut loses a supporter,1.6942,1.6942,6,4,1,0.3333,6
boundary:query,888,L304.lo.hi,hybrid,expand,arm beat the default just outside the box,1.8236,1.8236,6,7,2,0.3,10
boundary:query,888,L304.hi.hi,hybrid,expand,arm beat the default just outside the box,1.8236,1.8236,9,7,2,0.3,10
boundary:query,888,L40.hi.lo.hi.hi,hybrid,expand,arm beat the default just outside the box,1.7089,1.7658,8,4,0,0.2,5
boundary:query,888,L335.hi.hi,hybrid,expand,arm beat the default just outside the box,1.9163,1.9305,5,1,0,0.5,2
boundary:query,888,L122.lo.lo.lo.hi,dense,expand,arm beat the default just outside the box,1.5802,1.6372,8,0,0,0.0,0
boundary:query,888,L328.hi.hi.lo,dense,expand,arm beat the default just outside the box,1.7729,1.8298,5,2,0,0.0,2
boundary:query,888,L381,dense,expand,arm beat the default just outside the box,1.9995,2.0166,2,0,0,0.0,0
boundary:query,889,L304.lo.hi,hybrid,exception,contradicted; every cut loses a supporter,1.8241,1.8241,6,8,3,0.2727,11
boundary:query,889,L304.hi.hi,hybrid,exception,contradicted; every cut loses a supporter,1.8241,1.8241,9,8,3,0.2727,11
boundary:query,890,L304.lo.hi,hybrid,expand,arm beat the default just outside the box,1.8246,1.8531,7,8,3,0.2727,11
boundary:query,890,L304.hi.hi,hybrid,expand,arm beat the default just outside the box,1.8246,1.8531,10,8,3,0.2727,11
boundary:query,890,L40.hi.lo.lo.hi.hi.hi.lo.hi,hybrid,expand,arm beat the default just outside the box,1.6955,1.7667,7,4,1,0.3333,6
boundary:query,890,L335.hi.lo,hybrid,expand,arm beat the default just outside the box,1.7484,1.7911,5,3,0,0.25,4
boundary:query,890,L328.hi.hi.lo,dense,expand,arm beat the default just outside the box,1.8308,1.8593,6,3,0,0.0,3
boundary:query,890,L382,hybrid,create,"default missed, hybrid hit",,2.0,1,0,0,0.0,0
boundary:query,891,L13.lo.lo,hybrid,expand,arm beat the default just outside the box,1.8177,1.8461,6,1,0,0.5,2
boundary:query,891,L33.lo.lo,hybrid,expand,arm beat the default just outside the box,1.981,2.0095,10,5,1,0.2857,7
boundary:query,891,L383,hybrid,create,"default missed, hybrid hit",,2.0,1,0,0,0.0,0
boundary:query,892,L298.lo.lo.lo,hybrid,exception,contradicted; every cut loses a supporter,1.73,1.73,13,7,4,0.3636,11
boundary:query,892,L328.hi.hi.lo,dense,expand,arm beat the default just outside the box,1.8583,1.8868,7,3,0,0.0,3
boundary:query,892,L298.lo.lo.lo,hybrid,split,4 exceptions; cut f:query_cap_spans at 2,,1.73,13,7,4,0.3636,11
boundary:query,892,L298.lo.lo.lo.lo,hybrid,create,split of L298.lo.lo.lo,,1.73,13,0,0,0.0,0
boundary:query,894,L40.hi.lo.hi.hi,hybrid,exception,contradicted; every cut loses a supporter,1.7646,1.7646,8,5,1,0.1667,6
boundary:query,895,L304.lo.hi,hybrid,narrow,contradicted; cut f:query_cap_spans,1.8516,1.8516,7,9,3,0.25,12
boundary:query,895,L304.hi.hi,hybrid,exception,contradicted; every cut loses a supporter,1.8516,1.8516,10,9,4,0.25,12
boundary:query,895,L304.hi.hi,hybrid,split,4 exceptions; cut f:query_cap_spans at 1,,1.8516,10,9,4,0.25,12
boundary:query,895,L304.hi.hi.lo,hybrid,create,split of L304.hi.hi,,1.6674,7,0,0,0.0,0
boundary:query,895,L304.hi.hi.hi,hybrid,create,split of L304.hi.hi,,1.6674,3,0,0,0.0,0
boundary:query,896,L41.hi.lo.lo.hi.hi.hi.lo.lo,dense,expand,arm beat the default just outside the box,1.5963,1.6533,7,0,0,0.0,0
boundary:query,896,L328.hi.hi.lo,dense,expand,arm beat the default just outside the box,1.8864,1.9006,8,3,0,0.0,3
boundary:query,896,L328.hi.hi.hi,dense,expand,arm beat the default just outside the box,1.8534,1.8534,5,1,0,0.0,1
boundary:query,896,L381,dense,expand,arm beat the default just outside the box,2.0164,2.095,5,1,0,0.6667,3
boundary:query,897,L40.hi.lo.hi.hi,hybrid,exception,contradicted; every cut loses a supporter,1.7658,1.7658,8,6,2,0.1429,7
boundary:query,899,L40.hi.lo.lo.hi.hi.hi.hi,hybrid,exception,contradicted; every cut loses a supporter,1.6527,1.6527,6,5,1,0.1667,6
boundary:query,899,L335.hi.lo,hybrid,exception,contradicted; every cut loses a supporter,1.7914,1.7914,6,4,1,0.3333,6
boundary:query,900,L304.lo.hi,hybrid,exception,contradicted; every cut loses a supporter,1.8536,1.8536,7,10,4,0.2308,13
boundary:query,900,L40.hi.lo.hi.lo,hybrid,exception,contradicted; every cut loses a supporter,1.6816,1.6816,7,4,1,0.3333,6
boundary:query,900,L40.hi.lo.hi.hi,hybrid,exception,contradicted; every cut loses a supporter,1.7672,1.7672,8,7,3,0.125,8
boundary:query,900,L328.hi.hi.lo,dense,exception,contradicted; every cut loses a supporter,1.9026,1.9026,9,5,1,0.1667,6
boundary:query,900,L381,dense,exception,contradicted; every cut loses a supporter,2.0973,2.0973,6,3,1,0.5,6
boundary:query,900,L304.lo.hi,hybrid,split,4 exceptions; cut f:query_cap_spans at 1,,1.8536,7,10,4,0.2308,13
boundary:query,900,L304.lo.hi.lo,hybrid,create,split of L304.lo.hi,,1.6693,4,0,0,0.0,0
boundary:query,900,L304.lo.hi.hi,hybrid,create,split of L304.lo.hi,,1.6693,3,0,0,0.0,0
boundary:query,901,L32.lo.lo,dense,exception,contradicted; every cut loses a supporter,1.9819,1.9819,10,6,2,0.25,8
boundary:query,901,L33.lo.lo,hybrid,exception,contradicted; every cut loses a supporter,2.0104,2.0104,10,6,2,0.25,8
boundary:query,902,L381,dense,narrow,contradicted; cut f:query_len_tokens,2.0961,1.9579,6,4,1,0.4286,7
boundary:query,903,L40.hi.lo.lo.hi.hi.hi.hi,hybrid,expand,arm beat the default just outside the box,1.6524,1.6809,7,5,1,0.1667,6
boundary:query,903,L40.hi.lo.lo.hi.hi.hi.lo.hi,hybrid,expand,arm beat the default just outside the box,1.7665,1.7951,9,4,1,0.4286,7
boundary:query,904,L40.hi.lo.lo.hi.hi.hi.hi,hybrid,exception,contradicted; every cut loses a supporter,1.6814,1.6814,7,6,2,0.1429,7
boundary:query,904,L40.hi.lo.lo.hi.hi.hi.lo.hi,hybrid,exception,contradicted; every cut loses a supporter,1.7955,1.7955,9,5,2,0.375,8
boundary:query,904,L335.hi.lo,hybrid,exception,contradicted; every cut loses a supporter,1.7917,1.7917,7,5,2,0.375,8
boundary:query,906,L328.hi.hi.lo,dense,exception,contradicted; every cut loses a supporter,1.9032,1.9032,9,6,2,0.1429,7
boundary:query,906,L381,dense,exception,contradicted; every cut loses a supporter,1.9597,1.9597,6,5,2,0.375,8
boundary:query,907,L335.hi.lo,hybrid,narrow,contradicted; cut f:query_len_tokens,1.7926,1.7402,7,6,2,0.3333,9
boundary:query,908,L328.hi.hi.lo,dense,exception,contradicted; every cut loses a supporter,1.9037,1.9037,9,7,3,0.125,8
boundary:query,908,L381,dense,exception,contradicted; every cut loses a supporter,1.9602,1.9602,6,6,3,0.3333,9
boundary:query,909,L381,dense,exception,contradicted; every cut loses a supporter,1.9607,1.9607,6,7,4,0.3,10
boundary:query,909,L381,dense,split,4 exceptions; cut f:query_cap_spans at 1,,1.9607,6,7,4,0.3,10
boundary:query,909,L381.lo,dense,create,split of L381,,1.7762,5,0,0,0.0,0
boundary:query,909,L381.hi,dense,create,split of L381,,1.7762,1,0,0,0.0,0
boundary:query,910,L335.hi.hi,hybrid,narrow,contradicted; cut f:query_len_tokens,1.9341,1.8818,5,5,0,0.1667,6
boundary:query,911,L382,hybrid,narrow,contradicted; cut f:query_len_tokens,2.0033,1.9504,2,5,0,0.1667,6
boundary:query,913,L20.lo.hi.lo.lo,dense,retire,utility <= 0,,1.7473,8,5,0,0.0,5
boundary:query,914,L335.hi.hi,hybrid,exception,contradicted; every cut loses a supporter,1.8809,1.8809,5,6,1,0.1429,7
boundary:query,914,L328.hi.hi.hi,dense,retire,utility <= 0,,1.8562,5,5,0,0.0,5
boundary:query,916,L304.hi.hi.lo,hybrid,exception,contradicted; every cut loses a supporter,1.6681,1.6681,8,5,1,0.1667,6
boundary:query,917,L298.lo.lo.lo.lo,hybrid,exception,contradicted; every cut loses a supporter,1.731,1.731,14,5,1,0.1667,6
boundary:query,917,L304.hi.hi.lo,hybrid,narrow,contradicted; cut f:query_len_tokens,1.6686,1.6686,8,6,1,0.1429,7
boundary:query,917,L304.hi.hi.hi,hybrid,exception,contradicted; every cut loses a supporter,1.6686,1.6686,4,5,1,0.1667,6
boundary:query,918,L40.hi.lo.lo.hi.hi.hi.lo.hi,hybrid,exception,contradicted; every cut loses a supporter,1.7961,1.7961,9,6,3,0.3333,9
boundary:query,918,L335.hi.lo,hybrid,exception,contradicted; every cut loses a supporter,1.74,1.74,7,7,3,0.3,10
boundary:query,918,L328.hi.hi.lo,dense,exception,contradicted; every cut loses a supporter,1.9022,1.9022,9,8,4,0.1111,9
boundary:query,918,L382,hybrid,narrow,contradicted; cut f:query_len_tokens,1.948,1.8907,2,6,0,0.1429,7
boundary:query,918,L298.lo.lo.lo.lo,hybrid,exception,contradicted; every cut loses a supporter,1.7314,1.7314,14,6,2,0.1429,7
boundary:query,918,L304.hi.hi.lo,hybrid,exception,contradicted; every cut loses a supporter,1.669,1.669,8,7,2,0.125,8
boundary:query,918,L304.hi.hi.hi,hybrid,exception,contradicted; every cut loses a supporter,1.669,1.669,4,6,2,0.1429,7
boundary:query,918,L328.hi.hi.lo,dense,split,4 exceptions; cut f:query_cap_spans at 1,,1.9022,9,8,4,0.1111,9
boundary:query,918,L328.hi.hi.lo.lo,dense,create,split of L328.hi.hi.lo,,1.7182,7,0,0,0.0,0
boundary:query,918,L328.hi.hi.lo.hi,dense,create,split of L328.hi.hi.lo,,1.7182,2,0,0,0.0,0
boundary:query,919,L40.hi.lo.hi.lo,hybrid,exception,contradicted; every cut loses a supporter,1.6819,1.6819,7,5,2,0.2857,7
boundary:query,919,L40.hi.lo.hi.hi,hybrid,exception,contradicted; every cut loses a supporter,1.7679,1.7679,8,8,4,0.1111,9
boundary:query,919,L335.hi.hi,hybrid,exception,contradicted; every cut loses a supporter,1.8806,1.8806,5,7,2,0.125,8
boundary:query,919,L122.lo.lo.hi.lo,dense,exception,contradicted; every cut loses a supporter,1.6965,1.6965,8,5,1,0.1667,6
boundary:query,919,L122.lo.lo.hi.hi,dense,exception,contradicted; every cut loses a supporter,1.8806,1.8806,3,5,1,0.1667,6
boundary:query,919,L298.lo.lo.lo.lo,hybrid,exception,contradicted; every cut loses a supporter,1.7319,1.7319,14,7,3,0.125,8
boundary:query,919,L304.hi.hi.hi,hybrid,exception,contradicted; every cut loses a supporter,1.6694,1.6694,4,7,3,0.125,8
boundary:query,919,L40.hi.lo.hi.hi,hybrid,split,4 exceptions; cut f:query_len_tokens at 17.5,,1.7679,8,8,4,0.1111,9
boundary:query,919,L40.hi.lo.hi.hi.lo,hybrid,create,split of L40.hi.lo.hi.hi,,1.6389,4,0,0,0.0,0
boundary:query,919,L40.hi.lo.hi.hi.hi,hybrid,create,split of L40.hi.lo.hi.hi,,1.6389,4,0,0,0.0,0
boundary:query,919,L122.lo.lo.lo.hi,dense,retire,utility <= 0,,1.6392,8,5,0,0.0,5
boundary:query,919,L304.lo.hi.hi,hybrid,retire,utility <= 0,,1.6694,3,5,0,0.0,5
boundary:query,920,L382,hybrid,narrow,contradicted; cut f:query_len_tokens,1.8917,1.863,2,7,0,0.125,8
boundary:query,920,L304.lo.hi.lo,hybrid,retire,utility <= 0,,1.6698,4,5,0,0.0,5
boundary:query,921,L335.hi.hi,hybrid,expand,arm beat the default just outside the box,1.8815,1.9102,6,7,2,0.125,8
boundary:query,921,L382,hybrid,expand,arm beat the default just outside the box,1.8634,1.8809,3,7,0,0.125,8
boundary:query,921,L40.hi.lo.hi.hi.lo,hybrid,expand,arm beat the default just outside the box,1.6397,1.6684,5,0,0,0.0,0
boundary:query,922,L335.hi.hi,hybrid,exception,contradicted; every cut loses a supporter,1.9106,1.9106,6,8,3,0.1111,9
boundary:query,922,L122.lo.lo.hi.lo,dense,exception,contradicted; every cut loses a supporter,1.6977,1.6977,9,6,2,0.25,8
boundary:query,922,L122.lo.lo.hi.hi,dense,exception,contradicted; every cut loses a supporter,1.8819,1.8819,4,6,2,0.25,8
boundary:query,922,L382,hybrid,exception,contradicted; every cut loses a supporter,1.8813,1.8813,3,8,1,0.1111,9
boundary:query,922,L298.lo.lo.lo.lo,hybrid,exception,contradicted; every cut loses a supporter,1.733,1.733,15,8,4,0.2,10
boundary:query,922,L304.hi.hi.hi,hybrid,exception,contradicted; every cut loses a supporter,1.6705,1.6705,5,8,4,0.2,10
boundary:query,922,L381.hi,dense,exception,contradicted; every cut loses a supporter,1.7765,1.7765,3,5,1,0.2857,7
boundary:query,922,L298.lo.lo.lo.lo,hybrid,split,4 exceptions; cut f:query_len_tokens at 15,,1.733,15,8,4,0.2,10
boundary:query,922,L298.lo.lo.lo.lo.lo,hybrid,create,split of L298.lo.lo.lo.lo,,1.6757,13,0,0,0.0,0
boundary:query,922,L298.lo.lo.lo.lo.hi,hybrid,create,split of L298.lo.lo.lo.lo,,1.5896,2,0,0,0.0,0
boundary:query,922,L304.hi.hi.hi,hybrid,split,4 exceptions; cut f:query_cap_spans at 2,,1.6705,5,8,4,0.2,10
boundary:query,922,L304.hi.hi.hi.lo,hybrid,create,split of L304.hi.hi.hi,,1.6705,5,0,0,0.0,0
boundary:query,923,L382,hybrid,narrow,contradicted; cut f:query_len_tokens,1.8816,1.8285,3,9,1,0.1,10
boundary:query,925,L304.hi.hi.lo,hybrid,exception,contradicted; every cut loses a supporter,1.6714,1.6714,8,8,3,0.1111,9
boundary:query,925,L381.lo,dense,exception,contradicted; every cut loses a supporter,1.7775,1.7775,7,5,1,0.1429,7
boundary:query,925,L381.hi,dense,exception,contradicted; every cut loses a supporter,1.7775,1.7775,3,6,2,0.125,8
boundary:query,925,L328.hi.hi.lo.hi,dense,retire,utility <= 0,,1.7207,3,4,0,0.0,5
boundary:query,926,L304.hi.hi.lo,hybrid,exception,contradicted; every cut loses a supporter,1.6716,1.6716,8,9,4,0.1,10
boundary:query,926,L381.lo,dense,exception,contradicted; every cut loses a supporter,1.7778,1.7778,7,6,2,0.125,8
boundary:query,926,L304.hi.hi.lo,hybrid,split,4 exceptions; cut f:query_cap_spans at 1,,1.6716,8,9,4,0.1,10
boundary:query,926,L304.hi.hi.lo.lo,hybrid,create,split of L304.hi.hi.lo,,1.6716,8,0,0,0.0,0
boundary:query,927,L399,dense,create,"default missed, dense hit",,2.0,1,0,0,0.0,0
boundary:query,928,L382,hybrid,narrow,contradicted; cut f:query_len_tokens,1.8292,1.7719,3,10,1,0.0909,11
boundary:query,928,L381.lo,dense,exception,contradicted; every cut loses a supporter,1.7775,1.7775,7,7,3,0.1111,9
boundary:query,928,L381.hi,dense,narrow,contradicted; cut f:query_len_tokens,1.7775,1.7489,3,7,2,0.1111,9
boundary:query,929,L381.lo,dense,expand,arm beat the default just outside the box,1.7777,1.8349,8,7,3,0.1111,9
boundary:query,929,L400,dense,create,"default missed, dense hit",,2.0,1,0,0,0.0,0
boundary:query,930,L382,hybrid,expand,arm beat the default just outside the box,1.7726,1.8297,4,10,1,0.0909,11
boundary:query,930,L381.hi,dense,expand,arm beat the default just outside the box,1.7492,1.8064,4,7,2,0.1111,9
boundary:query,930,L298.lo.lo.lo.lo.lo,hybrid,expand,arm beat the default just outside the box,1.6773,1.7345,14,0,0,0.0,0
boundary:query,930,L400,dense,expand,arm beat the default just outside the box,2.0002,2.0176,2,0,0,0.0,0
boundary:query,930,L401,dense,create,"default missed, dense hit",,2.0,1,0,0,0.0,0
boundary:query,930,L402,hybrid,create,"default missed, hybrid hit",,2.0,1,0,0,0.0,0
boundary:query,931,L382,hybrid,exception,contradicted; every cut loses a supporter,1.83,1.83,4,11,2,0.0833,12
boundary:query,931,L381.hi,dense,exception,contradicted; every cut loses a supporter,1.8066,1.8066,4,8,3,0.0,10
boundary:query,931,L381.hi,dense,retire,utility <= 0,,1.8066,4,8,3,0.0,10
boundary:query,935,L328.hi.hi.lo.lo,dense,retire,utility <= 0,,1.7225,8,4,0,0.0,5
boundary:query,937,L381.lo,dense,exception,contradicted; every cut loses a supporter,1.8371,1.8371,8,8,4,0.0,10
boundary:query,937,L381.lo,dense,split,4 exceptions; cut f:query_len_tokens at 12,,1.8371,8,8,4,0.0,10
boundary:query,937,L381.lo.lo,dense,create,split of L381.lo,,1.6654,5,0,0,0.0,0
boundary:query,937,L381.lo.hi,dense,create,split of L381.lo,,1.694,3,0,0,0.0,0
boundary:query,938,L16.lo,dense,narrow,contradicted; cut f:query_len_tokens,1.8071,1.7785,7,8,2,0.2,10
boundary:query,938,L5.lo.lo,dense,narrow,contradicted; cut f:query_len_tokens,1.8163,1.7877,7,9,3,0.1,10
boundary:query,939,L285,hybrid,expand,arm beat the default just outside the box,1.9053,1.9101,5,7,3,0.2222,9
boundary:query,939,L286,hybrid,expand,arm beat the default just outside the box,1.8665,1.8951,6,10,3,0.1667,12
boundary:query,939,L359,dense,expand,arm beat the default just outside the box,1.8427,1.8713,3,7,1,0.125,8
boundary:query,939,L360,hybrid,expand,arm beat the default just outside the box,1.8427,1.8713,3,7,1,0.125,8
boundary:query,939,L405,dense,create,"default missed, dense hit",,2.0,1,0,0,0.0,0
boundary:query,939,L406,hybrid,create,"default missed, hybrid hit",,2.0,1,0,0,0.0,0
boundary:query,940,L407,dense,create,"default missed, dense hit",,2.0,1,0,0,0.0,0
boundary:query,941,L40.hi.lo.lo.hi.hi.hi.lo.hi,hybrid,exception,contradicted; every cut loses a supporter,1.7999,1.7999,9,7,4,0.3,10
boundary:query,941,L335.hi.lo,hybrid,exception,contradicted; every cut loses a supporter,1.7434,1.7434,7,8,4,0.2727,11
boundary:query,941,L382,hybrid,exception,contradicted; every cut loses a supporter,1.8305,1.8305,4,12,3,0.0769,13
boundary:query,941,L40.hi.lo.lo.hi.hi.hi.lo.hi,hybrid,split,4 exceptions; cut f:query_len_tokens at 16,,1.7999,9,7,4,0.3,10
boundary:query,941,L40.hi.lo.lo.hi.hi.hi.lo.hi.lo,hybrid,create,split of L40.hi.lo.lo.hi.hi.hi.lo.hi,,1.6282,5,0,0,0.0,0
boundary:query,941,L40.hi.lo.lo.hi.hi.hi.lo.hi.hi,hybrid,create,split of L40.hi.lo.lo.hi.hi.hi.lo.hi,,1.6854,4,0,0,0.0,0
boundary:query,941,L335.hi.lo,hybrid,split,4 exceptions; cut f:query_len_tokens at 15,,1.7434,7,8,4,0.2727,11
boundary:query,941,L335.hi.lo.lo,hybrid,create,split of L335.hi.lo,,1.5145,4,0,0,0.0,0
boundary:query,941,L335.hi.lo.hi,hybrid,create,split of L335.hi.lo,,1.6576,3,0,0,0.0,0
boundary:query,941,L304.hi.hi.hi.lo,hybrid,retire,utility <= 0,,1.6727,5,5,0,0.0,5
boundary:query,943,L298.lo.lo.lo.lo.lo,hybrid,retire,utility <= 0,,1.7358,14,5,0,-0.2,5
boundary:query,944,L298.lo.lo.lo.lo.hi,hybrid,retire,utility <= 0,,1.5931,2,5,0,0.0,5
boundary:query,944,L304.hi.hi.lo.lo,hybrid,retire,utility <= 0,,1.6738,8,5,0,0.0,5
boundary:query,946,L359,dense,exception,contradicted; every cut loses a supporter,1.8714,1.8714,4,8,2,0.2,10
boundary:query,946,L360,hybrid,exception,contradicted; every cut loses a supporter,1.8714,1.8714,4,8,2,0.2,10
boundary:query,947,L382,hybrid,expand,arm beat the default just outside the box,1.8298,1.8474,5,12,3,0.0769,13
boundary:query,947,L400,dense,expand,arm beat the default just outside the box,2.0178,2.0353,3,3,0,-0.6667,3
boundary:query,947,L412,hybrid,create,"default missed, hybrid hit",,2.0,1,0,0,0.0,0
boundary:query,949,L381.lo.hi,dense,retire,utility <= 0,,1.6927,3,5,0,0.0,5
boundary:query,950,L32.lo.lo,dense,exception,contradicted; every cut loses a supporter,1.9865,1.9865,10,7,3,0.2222,9
boundary:query,950,L33.lo.lo,hybrid,exception,contradicted; every cut loses a supporter,2.0152,2.0152,10,7,3,0.2222,9
boundary:query,952,L413,hybrid,create,"default missed, hybrid hit",,2.0,1,0,0,0.0,0
boundary:query,954,L335.hi.lo.hi,hybrid,retire,utility <= 0,,1.6565,3,5,0,0.0,5
boundary:query,955,L122.lo.lo.lo.lo,dense,exception,contradicted; every cut loses a supporter,1.4978,1.4978,10,4,1,0.3333,6
boundary:query,957,L359,dense,expand,arm beat the default just outside the box,1.87,1.886,5,8,2,0.2,10
boundary:query,957,L405,dense,expand,arm beat the default just outside the box,1.999,2.0165,3,2,0,0.3333,3
boundary:query,957,L414,dense,create,"default missed, dense hit",,2.0,1,0,0,0.0,0
boundary:query,959,L40.hi.lo.lo.hi.hi.hi.lo.hi.hi,hybrid,retire,utility <= 0,,1.6829,4,5,0,0.0,5
boundary:query,961,L16.lo,dense,exception,contradicted; every cut loses a supporter,1.7749,1.7749,7,9,3,0.1818,11
boundary:query,961,L5.lo.lo,dense,exception,contradicted; every cut loses a supporter,1.7829,1.7829,7,10,4,0.0909,11
boundary:query,961,L5.lo.lo,dense,split,4 exceptions; cut f:query_len_tokens at 10,,1.7829,7,10,4,0.0909,11
boundary:query,961,L5.lo.lo.lo,dense,create,split of L5.lo.lo,,1.5817,4,0,0,0.0,0
boundary:query,961,L5.lo.lo.hi,dense,create,split of L5.lo.lo,,1.7254,3,0,0,0.0,0
boundary:query,963,L40.hi.lo.lo.hi.hi.hi.lo.hi.lo,hybrid,retire,utility <= 0,,1.6253,5,5,0,0.0,5
boundary:query,964,L40.hi.lo.hi.hi.lo,hybrid,retire,utility <= 0,,1.6688,5,5,0,0.0,5
boundary:query,971,L335.hi.lo.lo,hybrid,retire,utility <= 0,,1.5128,4,5,0,0.0,5
boundary:query,974,L335.hi.hi,hybrid,exception,contradicted; every cut loses a supporter,1.9127,1.9127,6,9,4,0.0,10
boundary:query,974,L122.lo.lo.hi.lo,dense,exception,contradicted; every cut loses a supporter,1.6975,1.6975,9,7,3,0.1111,9
boundary:query,974,L122.lo.lo.hi.hi,dense,exception,contradicted; every cut loses a supporter,1.8833,1.8833,4,7,3,0.1111,9
boundary:query,974,L335.hi.hi,hybrid,split,4 exceptions; cut f:query_len_tokens at 16,,1.9127,6,9,4,0.0,10
boundary:query,974,L335.hi.hi.lo,hybrid,create,split of L335.hi.hi,,1.7115,3,0,0,0.0,0
boundary:query,974,L335.hi.hi.hi,hybrid,create,split of L335.hi.hi,,1.7977,3,0,0,0.0,0
boundary:query,976,L407,dense,expand,arm beat the default just outside the box,2.0022,2.0824,3,1,0,0.5,2
boundary:query,976,L412,hybrid,expand,arm beat the default just outside the box,2.0023,2.0649,2,0,0,0.0,0
boundary:query,976,L419,hybrid,create,"default missed, hybrid hit",,2.0,1,0,0,0.0,0
boundary:query,978,L122.lo.lo.hi.hi,dense,exception,contradicted; every cut loses a supporter,1.8832,1.8832,4,8,4,0.0,10
boundary:query,978,L122.lo.lo.hi.hi,dense,split,4 exceptions; cut f:query_cap_spans at 2.5,,1.8832,4,8,4,0.0,10
boundary:query,978,L122.lo.lo.hi.hi.lo,dense,create,split of L122.lo.lo.hi.hi,,1.7905,2,0,0,0.0,0
boundary:query,978,L122.lo.lo.hi.hi.hi,dense,create,split of L122.lo.lo.hi.hi,,1.7905,2,0,0,0.0,0
boundary:query,979,L286,hybrid,exception,contradicted; every cut loses a supporter,1.8949,1.8949,6,11,4,0.1538,13
boundary:query,979,L32.lo.lo,dense,exception,contradicted; every cut loses a supporter,1.9859,1.9859,10,8,4,0.2,10
boundary:query,979,L33.lo.lo,hybrid,exception,contradicted; every cut loses a supporter,2.0147,2.0147,10,8,4,0.2,10
boundary:query,979,L359,dense,narrow,contradicted; cut f:query_len_tokens,1.8871,1.8295,5,9,2,0.1818,11
boundary:query,979,L405,dense,narrow,contradicted; cut f:query_len_tokens,2.0182,1.9945,3,5,0,0.1667,6
boundary:query,979,L286,hybrid,split,4 exceptions; cut f:query_cap_spans at 2,,1.8949,6,11,4,0.1538,13
boundary:query,979,L286.lo,hybrid,create,split of L286,,1.7094,5,0,0,0.0,0
boundary:query,979,L286.hi,hybrid,create,split of L286,,1.7094,1,0,0,0.0,0
boundary:query,979,L32.lo.lo,dense,split,4 exceptions; cut f:query_cap_spans at 1,,1.9859,10,8,4,0.2,10
boundary:query,979,L32.lo.lo.lo,dense,create,split of L32.lo.lo,,1.9859,10,0,0,0.0,0
boundary:query,979,L33.lo.lo,hybrid,split,4 exceptions; cut f:query_len_tokens at 10,,2.0147,10,8,4,0.2,10
boundary:query,979,L33.lo.lo.lo,hybrid,create,split of L33.lo.lo,,1.8707,6,0,0,0.0,0
boundary:query,979,L33.lo.lo.hi,hybrid,create,split of L33.lo.lo,,1.9283,4,0,0,0.0,0
boundary:query,982,L382,hybrid,exception,contradicted; every cut loses a supporter,1.8478,1.8478,5,13,4,0.0714,14
boundary:query,982,L382,hybrid,split,4 exceptions; cut f:query_cap_spans at 1,,1.8478,5,13,4,0.0714,14
boundary:query,982,L382.lo,hybrid,create,split of L382,,1.6623,3,0,0,0.0,0
boundary:query,982,L382.hi,hybrid,create,split of L382,,1.6623,2,0,0,0.0,0
boundary:query,982,L400,dense,retire,utility <= 0,,2.0371,3,5,0,-0.4,5
boundary:query,985,L412,hybrid,expand,arm beat the default just outside the box,2.0644,2.0823,4,0,0,1.0,1
boundary:query,985,L419,hybrid,expand,arm beat the default just outside the box,1.9994,2.0185,3,0,0,1.0,1
boundary:query,985,L429,hybrid,create,"default missed, hybrid hit",,2.0,1,0,0,0.0,0
boundary:query,987,L122.lo.lo.hi.lo,dense,exception,contradicted; every cut loses a supporter,1.6991,1.6991,9,8,4,0.1,10
boundary:query,987,L122.lo.lo.hi.lo,dense,split,4 exceptions; cut f:query_len_tokens at 15,,1.6991,9,8,4,0.1,10
boundary:query,987,L122.lo.lo.hi.lo.lo,dense,create,split of L122.lo.lo.hi.lo,,1.4975,6,0,0,0.0,0
boundary:query,987,L122.lo.lo.hi.lo.hi,dense,create,split of L122.lo.lo.hi.lo,,1.5839,3,0,0,0.0,0
boundary:query,989,L359,dense,exception,contradicted; every cut loses a supporter,1.8308,1.8308,5,10,3,0.1667,12
boundary:query,989,L405,dense,exception,contradicted; every cut loses a supporter,1.9959,1.9959,3,6,1,0.1429,7
boundary:query,992,L412,hybrid,exception,contradicted; every cut loses a supporter,2.0843,2.0843,4,5,1,0.1667,6
boundary:query,994,L419,hybrid,narrow,contradicted; cut f:query_len_tokens,2.0212,1.9694,3,5,0,0.1667,6
boundary:query,995,L407,dense,exception,contradicted; every cut loses a supporter,2.0853,2.0853,6,4,1,0.5,8
boundary:query,995,L419,hybrid,narrow,contradicted; cut f:query_len_tokens,1.9699,1.8315,3,6,0,0.1429,7
boundary:query,995,L429,hybrid,retire,utility <= 0,,2.0032,1,5,0,0.0,5
boundary:query,996,L407,dense,exception,contradicted; every cut loses a supporter,2.0853,2.0853,6,5,2,0.3333,9
boundary:query,997,L40.hi.lo.lo.hi.lo.hi.lo,hybrid,expand,arm beat the default just outside the box,1.6865,1.7154,10,6,3,0.25,8
boundary:query,997,L261.lo.lo.lo.hi,hybrid,expand,arm beat the default just outside the box,1.6277,1.6565,9,6,3,0.3333,9
boundary:query,997,L412,hybrid,expand,arm beat the default just outside the box,2.0863,2.1151,5,5,1,0.1667,6
boundary:query,997,L419,hybrid,expand,arm beat the default just outside the box,1.8322,1.8322,4,6,0,0.1429,7
boundary:query,997,L432,dense,create,"default missed, dense hit",,2.0,1,0,0,0.0,0
boundary:query,997,L433,hybrid,create,"default missed, hybrid hit",,2.0,1,0,0,0.0,0
boundary:query,998,L40.hi.lo.lo.hi.hi.hi.hi,hybrid,exception,contradicted; every cut loses a supporter,1.6868,1.6868,7,7,3,0.125,8
boundary:query,998,L407,dense,exception,contradicted; every cut loses a supporter,2.0863,2.0863,6,6,3,0.3,10
boundary:query,999,L41.hi.lo.lo.hi.hi.hi.lo.lo,dense,exception,contradicted; every cut loses a supporter,1.6601,1.6601,11,4,1,0.5,8
boundary:query,999,L41.hi.lo.lo.hi.hi.hi.lo.hi,dense,exception,contradicted; every cut loses a supporter,1.6313,1.6313,10,5,1,0.4444,9
boundary:query,999,L407,dense,exception,contradicted; every cut loses a supporter,2.0865,2.0865,6,7,4,0.2727,11
boundary:query,999,L412,hybrid,exception,contradicted; every cut loses a supporter,2.1158,2.1158,5,6,2,0.1429,7
boundary:query,999,L419,hybrid,exception,contradicted; every cut loses a supporter,1.8327,1.8327,4,7,1,0.125,8
boundary:query,999,L407,dense,split,4 exceptions; cut f:query_len_tokens at 17,,2.0865,6,7,4,0.2727,11
boundary:query,999,L407.lo,dense,create,split of L407,,1.6875,4,0,0,0.0,0
boundary:query,999,L407.hi,dense,create,split of L407,,2.0865,2,0,0,0.0,0
boundary:query,1000,L407.lo,dense,expand,arm beat the default just outside the box,1.6879,1.7167,5,0,0,0.0,0
boundary:query,1001,L412,hybrid,exception,contradicted; every cut loses a supporter,2.1164,2.1164,6,7,3,0.2222,9
boundary:query,1002,L401,dense,expand,arm beat the default just outside the box,2.0074,2.0251,2,4,0,-0.5,4
boundary:query,1002,L402,hybrid,expand,arm beat the default just outside the box,2.0074,2.0251,2,4,0,-0.25,4
boundary:query,1002,L381.lo.lo,dense,expand,arm beat the default just outside the box,1.6673,1.6962,8,3,0,0.4,5
boundary:query,1002,L419,hybrid,expand,arm beat the default just outside the box,1.8337,1.8337,6,7,1,0.2222,9
boundary:query,1002,L382.lo,hybrid,expand,arm beat the default just outside the box,1.6671,1.6671,4,2,0,0.0,2
boundary:query,1002,L382.hi,hybrid,expand,arm beat the default just outside the box,1.6671,1.6671,3,1,0,0.0,1
boundary:query,1003,L419,hybrid,exception,contradicted; every cut loses a supporter,1.8342,1.8342,6,8,2,0.2,10
boundary:query,1004,L413,hybrid,expand,arm beat the default just outside the box,2.0069,2.0253,2,3,0,-0.3333,3
boundary:query,1004,L335.hi.hi.hi,hybrid,expand,arm beat the default just outside the box,1.8032,1.861,4,2,0,0.0,2
boundary:query,1004,L433,hybrid,expand,arm beat the default just outside the box,2.0023,2.0571,4,2,0,0.5,4
boundary:query,1004,L436,hybrid,create,"default missed, hybrid hit",,2.0,1,0,0,0.0,0
boundary:query,1006,L381.lo.lo,dense,exception,contradicted; every cut loses a supporter,1.6975,1.6975,8,4,1,0.3333,6
boundary:query,1006,L412,hybrid,exception,contradicted; every cut loses a supporter,2.1184,2.1184,6,8,4,0.2,10
boundary:query,1006,L401,dense,retire,utility <= 0,,2.0265,2,5,0,-0.4,5
boundary:query,1006,L402,hybrid,retire,utility <= 0,,2.0265,2,5,0,-0.2,5
boundary:query,1006,L412,hybrid,split,4 exceptions; cut f:query_len_tokens at 17,,2.1184,6,8,4,0.2,10
boundary:query,1006,L412.lo,hybrid,create,split of L412,,2.0895,4,0,0,0.0,0
boundary:query,1006,L412.hi,hybrid,create,split of L412,,1.7192,2,0,0,0.0,0
boundary:query,1007,L433,hybrid,exception,contradicted; every cut loses a supporter,2.0584,2.0584,4,4,1,0.3333,6
boundary:query,1008,L285,hybrid,exception,contradicted; every cut loses a supporter,1.9173,1.9173,5,8,4,0.2,10
boundary:query,1008,L405,dense,exception,contradicted; every cut loses a supporter,2.0021,2.0021,3,7,2,0.125,8
boundary:query,1008,L406,hybrid,exception,contradicted; every cut loses a supporter,2.0082,2.0082,2,5,1,0.1667,6
boundary:query,1008,L285,hybrid,split,4 exceptions; cut f:query_cap_spans at 2,,1.9173,5,8,4,0.2,10
boundary:query,1008,L285.lo,hybrid,create,split of L285,,1.5576,3,0,0,0.0,0
boundary:query,1008,L285.hi,hybrid,create,split of L285,,1.9173,2,0,0,0.0,0
boundary:query,1009,L381.lo.lo,dense,exception,contradicted; every cut loses a supporter,1.6969,1.6969,8,5,2,0.2857,7
boundary:query,1010,L335.hi.hi.hi,hybrid,expand,arm beat the default just outside the box,1.8609,1.8764,5,3,0,0.0,3
boundary:query,1010,L436,hybrid,expand,arm beat the default just outside the box,1.9998,2.0194,2,1,0,0.0,1
boundary:query,1010,L441,hybrid,create,"default missed, hybrid hit",,2.0,1,0,0,0.0,0
boundary:query,1011,L359,dense,exception,contradicted; every cut loses a supporter,1.8355,1.8355,5,11,4,0.1538,13
boundary:query,1011,L405,dense,narrow,contradicted; cut f:query_len_tokens,2.0009,1.9432,3,8,2,0.1111,9
boundary:query,1011,L359,dense,split,4 exceptions; cut f:query_cap_spans at 2,,1.8355,5,11,4,0.1538,13
boundary:query,1011,L359.lo,dense,create,split of L359,,1.6654,5,0,0,0.0,0
boundary:query,1012,L414,dense,expand,arm beat the default just outside the box,2.007,2.0254,2,3,0,0.0,3
boundary:query,1014,L40.hi.lo.lo.hi.lo.hi.lo,hybrid,expand,arm beat the default just outside the box,1.7146,1.7723,11,6,3,0.25,8
boundary:query,1014,L261.lo.lo.lo.hi,hybrid,expand,arm beat the default just outside the box,1.6558,1.7135,10,6,3,0.3333,9
boundary:query,1014,L40.hi.lo.lo.hi.lo.lo.hi.lo,hybrid,expand,arm beat the default just outside the box,1.7146,1.7723,9,6,3,0.3333,9
boundary:query,1015,L436,hybrid,expand,arm beat the default just outside the box,2.0174,2.0724,3,1,0,0.0,1
boundary:query,1015,L412.lo,hybrid,expand,arm beat the default just outside the box,2.0865,2.1153,6,1,0,0.5,2
boundary:query,1017,L414,dense,narrow,contradicted; cut f:query_len_tokens,2.0234,1.9423,3,5,0,0.1667,6
boundary:query,1017,L286.lo,hybrid,exception,contradicted; every cut loses a supporter,1.7117,1.7117,7,4,1,0.3333,6
boundary:query,1018,L399,dense,expand,arm beat the default just outside the box,2.0043,2.0217,3,1,0,0.5,2
boundary:query,1018,L407.hi,dense,expand,arm beat the default just outside the box,2.0835,2.1063,5,0,0,1.0,2
boundary:query,1018,L436,hybrid,expand,arm beat the default just outside the box,2.0701,2.0766,4,1,0,0.0,1
boundary:query,1018,L441,hybrid,expand,arm beat the default just outside the box,1.9956,2.0216,2,0,0,0.0,0
boundary:query,1018,L413,hybrid,retire,utility <= 0,,2.0208,3,4,0,0.0,5
boundary:query,1018,L443,dense,create,"default missed, dense hit",,2.0,1,0,0,0.0,0
boundary:query,1019,L419,hybrid,exception,contradicted; every cut loses a supporter,1.831,1.831,7,9,3,0.25,12
boundary:query,1019,L432,dense,exception,contradicted; every cut loses a supporter,1.9983,1.9983,4,3,1,0.5,6
boundary:query,1019,L433,hybrid,exception,contradicted; every cut loses a supporter,2.053,2.053,5,5,2,0.375,8
boundary:query,1021,L122.lo.lo.lo.lo,dense,exception,contradicted; every cut loses a supporter,1.4973,1.4973,10,5,2,0.1429,7
boundary:query,1021,L122.lo.lo.hi.hi.lo,dense,retire,utility <= 0,,1.7924,2,5,0,-0.4,5
boundary:query,1023,L407.hi,dense,narrow,contradicted; cut f:query_cap_spans,2.1083,2.1083,5,4,0,0.3333,6
boundary:query,1024,L432,dense,exception,contradicted; every cut loses a supporter,2.0002,2.0002,4,4,2,0.4286,7
boundary:query,1024,L433,hybrid,exception,contradicted; every cut loses a supporter,2.055,2.055,5,6,3,0.3333,9
boundary:query,1024,L412.lo,hybrid,exception,contradicted; every cut loses a supporter,2.1154,2.1154,6,5,1,0.1667,6
boundary:query,1026,L382.lo,hybrid,exception,contradicted; every cut loses a supporter,1.6646,1.6646,5,5,1,0.1667,6
boundary:query,1026,L412.lo,hybrid,exception,contradicted; every cut loses a supporter,2.1146,2.1146,6,6,2,0.1429,7
boundary:query,1027,L412.lo,hybrid,exception,contradicted; every cut loses a supporter,2.1149,2.1149,6,7,3,0.125,8
boundary:query,1028,L433,hybrid,exception,contradicted; every cut loses a supporter,2.0549,2.0549,5,7,4,0.3,10
boundary:query,1028,L407.hi,dense,narrow,contradicted; cut f:query_len_tokens,2.1088,2.1088,5,5,0,0.2857,7
boundary:query,1028,L433,hybrid,split,4 exceptions; cut f:query_cap_spans at 1,,2.0549,5,7,4,0.3,10
boundary:query,1028,L433.lo,hybrid,create,split of L433,,1.8684,4,0,0,0.0,0
boundary:query,1028,L433.hi,hybrid,create,split of L433,,1.8879,1,0,0,0.0,0
boundary:query,1029,L406,hybrid,narrow,contradicted; cut f:query_len_tokens,2.0049,1.9522,2,6,1,0.1429,7
boundary:query,1029,L286.lo,hybrid,exception,contradicted; every cut loses a supporter,1.7124,1.7124,7,5,2,0.2857,7
boundary:query,1030,L407.hi,dense,exception,contradicted; every cut loses a supporter,2.1081,2.1081,5,6,1,0.25,8
boundary:query,1030,L335.hi.hi.hi,hybrid,retire,utility <= 0,,1.8734,5,5,0,0.0,5
boundary:query,1031,L360,hybrid,narrow,contradicted; cut f:query_len_tokens,1.8744,1.8455,4,9,2,0.1818,11
boundary:query,1032,L122.lo.lo.hi.lo.hi,dense,retire,utility <= 0,,1.5834,3,5,0,-0.2,5
boundary:query,1033,L41.hi.lo.lo.hi.hi.hi.lo.lo,dense,exception,contradicted; every cut loses a supporter,1.6576,1.6576,11,5,2,0.4444,9
boundary:query,1033,L419,hybrid,exception,contradicted; every cut loses a supporter,1.8311,1.8311,7,10,4,0.2308,13
boundary:query,1033,L419,hybrid,split,4 exceptions; cut f:query_len_tokens at 17,,1.8311,7,10,4,0.2308,13
boundary:query,1033,L419.lo,hybrid,create,split of L419,,1.8021,4,0,0,0.0,0
boundary:query,1033,L419.hi,hybrid,create,split of L419,,1.7154,3,0,0,0.0,0
boundary:query,1034,L414,dense,exception,contradicted; every cut loses a supporter,1.9422,1.9422,3,6,1,0.1429,7
boundary:query,1034,L286.lo,hybrid,exception,contradicted; every cut loses a supporter,1.7114,1.7114,7,6,3,0.25,8
boundary:query,1034,L5.lo.lo.hi,dense,retire,utility <= 0,,1.7262,3,5,0,0.0,5
boundary:query,1035,L432,dense,narrow,contradicted; cut f:query_len_tokens,1.9989,1.8897,4,5,2,0.375,8
boundary:query,1035,L407.hi,dense,exception,contradicted; every cut loses a supporter,2.1078,2.1078,5,7,2,0.2222,9
boundary:query,1035,L436,hybrid,retire,utility <= 0,,2.078,4,5,0,0.0,5
boundary:query,1036,L407.hi,dense,exception,contradicted; every cut loses a supporter,2.1079,2.1079,5,8,3,0.2,10
boundary:query,1037,L407.hi,dense,exception,contradicted; every cut loses a supporter,2.1084,2.1084,5,9,4,0.1818,11
boundary:query,1037,L412.lo,hybrid,exception,contradicted; every cut loses a supporter,2.115,2.115,6,8,4,0.1111,9
boundary:query,1037,L407.hi,dense,split,4 exceptions; cut f:query_len_tokens at 25,,2.1084,5,9,4,0.1818,11
boundary:query,1037,L407.hi.lo,dense,create,split of L407.hi,,1.935,3,0,0,0.0,0
boundary:query,1037,L407.hi.hi,dense,create,split of L407.hi,,1.8771,2,0,0,0.0,0
boundary:query,1037,L412.lo,hybrid,split,4 exceptions; cut f:query_cap_spans at 0.5,,2.115,6,8,4,0.1111,9
boundary:query,1037,L412.lo.lo,hybrid,create,split of L412.lo,,2.0216,3,0,0,0.0,0
boundary:query,1037,L412.lo.hi,hybrid,create,split of L412.lo,,1.8528,3,0,0,0.0,0
boundary:query,1038,L40.hi.lo.lo.hi.hi.hi.hi,hybrid,expand,arm beat the default just outside the box,1.6849,1.7427,8,7,3,0.125,8
boundary:query,1038,L381.lo.lo,dense,expand,arm beat the default just outside the box,1.6938,1.7227,10,5,2,0.375,8
boundary:query,1038,L382.lo,hybrid,expand,arm beat the default just outside the box,1.6646,1.6935,6,5,1,0.1667,6
boundary:query,1038,L382.hi,hybrid,expand,arm beat the default just outside the box,1.6646,1.6935,5,3,0,0.25,4
boundary:query,1038,L452,dense,create,"default missed, dense hit",,2.0,1,0,0,0.0,0
boundary:query,1040,L41.hi.lo.lo.hi.hi.hi.lo.hi,dense,exception,contradicted; every cut loses a supporter,1.6293,1.6293,10,6,2,0.3,10
boundary:query,1041,L40.hi.lo.lo.hi.hi.hi.hi,hybrid,exception,contradicted; every cut loses a supporter,1.7434,1.7434,8,8,4,0.1111,9
boundary:query,1041,L381.lo.lo,dense,exception,contradicted; every cut loses a supporter,1.7233,1.7233,10,6,3,0.2222,9
boundary:query,1041,L382.lo,hybrid,exception,contradicted; every cut loses a supporter,1.6941,1.6941,6,6,2,0.1429,7
boundary:query,1041,L433.hi,hybrid,exception,contradicted; every cut loses a supporter,1.8881,1.8881,2,5,1,0.1667,6
boundary:query,1041,L40.hi.lo.lo.hi.hi.hi.hi,hybrid,split,4 exceptions; cut f:query_len_tokens at 20,,1.7434,8,8,4,0.1111,9
boundary:query,1041,L40.hi.lo.lo.hi.hi.hi.hi.lo,hybrid,create,split of L40.hi.lo.lo.hi.hi.hi.hi,,1.6856,5,0,0,0.0,0
boundary:query,1041,L40.hi.lo.lo.hi.hi.hi.hi.hi,hybrid,create,split of L40.hi.lo.lo.hi.hi.hi.hi,,1.57,3,0,0,0.0,0
boundary:query,1042,L40.hi.lo.hi.hi.hi,hybrid,expand,arm beat the default just outside the box,1.6425,1.7003,5,3,0,0.0,3
boundary:query,1042,L399,dense,expand,arm beat the default just outside the box,2.0248,2.03,4,2,0,0.3333,3
boundary:query,1042,L443,dense,expand,arm beat the default just outside the box,2.003,2.0379,2,0,0,0.0,0
boundary:query,1042,L407.hi.hi,dense,expand,arm beat the default just outside the box,1.8786,1.9074,3,1,0,0.0,1
boundary:query,1043,L13.lo.lo,hybrid,exception,contradicted; every cut loses a supporter,1.8539,1.8539,6,5,1,0.1667,6
boundary:query,1046,L433.hi,hybrid,exception,contradicted; every cut loses a supporter,1.8881,1.8881,3,6,2,0.25,8
boundary:query,1047,L433.hi,hybrid,exception,contradicted; every cut loses a supporter,1.8886,1.8886,3,7,3,0.2222,9
boundary:query,1047,L40.hi.lo.hi.hi.hi,hybrid,retire,utility <= 0,,1.7005,5,5,0,0.0,5
boundary:query,1048,L381.lo.lo,dense,exception,contradicted; every cut loses a supporter,1.7239,1.7239,10,7,4,0.2,10
boundary:query,1048,L382.lo,hybrid,exception,contradicted; every cut loses a supporter,1.6947,1.6947,6,7,3,0.125,8
boundary:query,1048,L381.lo.lo,dense,split,4 exceptions; cut f:query_len_tokens at 10.5,,1.7239,10,7,4,0.2,10
boundary:query,1048,L381.lo.lo.lo,dense,create,split of L381.lo.lo,,1.6226,5,0,0,0.0,0
boundary:query,1048,L381.lo.lo.hi,dense,create,split of L381.lo.lo,,1.6226,5,0,0,0.0,0
boundary:query,1049,L382.hi,hybrid,exception,contradicted; every cut loses a supporter,1.695,1.695,5,5,1,0.1667,6
boundary:query,1049,L432,dense,exception,contradicted; every cut loses a supporter,1.8924,1.8924,4,6,3,0.3333,9
boundary:query,1050,L433.lo,hybrid,narrow,contradicted; cut f:query_len_tokens,1.8701,1.7543,5,5,0,0.0,6
boundary:query,1050,L433.hi,hybrid,exception,contradicted; every cut loses a supporter,1.8896,1.8896,3,8,4,0.1,10
boundary:query,1050,L433.lo,hybrid,retire,utility <= 0,,1.7543,5,5,0,0.0,6
boundary:query,1050,L433.hi,hybrid,split,4 exceptions; cut f:query_len_tokens at 24,,1.8896,3,8,4,0.1,10
boundary:query,1050,L433.hi.lo,hybrid,create,split of L433.hi,,1.8607,2,0,0,0.0,0
boundary:query,1050,L433.hi.hi,hybrid,create,split of L433.hi,,1.5488,1,0,0,0.0,0
boundary:query,1054,L407.hi.lo,dense,retire,utility <= 0,,1.9386,4,4,0,0.0,5
boundary:query,1056,L419.lo,hybrid,exception,contradicted; every cut loses a supporter,1.8066,1.8066,5,5,1,0.1667,6
boundary:query,1057,L433.hi.lo,hybrid,retire,utility <= 0,,1.8629,2,5,0,0.0,5
boundary:query,1058,L419.lo,hybrid,exception,contradicted; every cut loses a supporter,1.8074,1.8074,5,6,2,0.1429,7
boundary:query,1058,L412.lo.hi,hybrid,exception,contradicted; every cut loses a supporter,1.8581,1.8581,4,5,1,0.1667,6
boundary:query,1058,L452,dense,retire,utility <= 0,,2.005,1,5,0,-0.2,5
boundary:query,1061,L382.lo,hybrid,exception,contradicted; every cut loses a supporter,1.6987,1.6987,6,8,4,0.1111,9
boundary:query,1061,L419.lo,hybrid,exception,contradicted; every cut loses a supporter,1.8083,1.8083,5,7,3,0.125,8
boundary:query,1061,L382.lo,hybrid,split,4 exceptions; cut f:query_cap_spans at 1,,1.6987,6,8,4,0.1111,9
boundary:query,1061,L382.lo.lo,hybrid,create,split of L382.lo,,1.6987,6,0,0,0.0,0
boundary:query,1061,L381.lo.lo.hi,dense,retire,utility <= 0,,1.6265,5,5,0,0.0,5
boundary:query,1062,L412.lo.lo,hybrid,retire,utility <= 0,,2.0287,3,5,0,0.0,5
boundary:query,1063,L382.hi,hybrid,exception,contradicted; every cut loses a supporter,1.6993,1.6993,5,6,2,0.1429,7
boundary:query,1063,L412.lo.hi,hybrid,exception,contradicted; every cut loses a supporter,1.86,1.86,4,6,2,0.1429,7
boundary:query,1064,L407.lo,dense,exception,contradicted; every cut loses a supporter,1.7211,1.7211,6,5,1,0.1667,6
boundary:query,1064,L412.hi,hybrid,narrow,contradicted; cut f:query_len_tokens,1.7216,1.7216,3,5,0,0.1667,6
boundary:query,1064,L419.lo,hybrid,exception,contradicted; every cut loses a supporter,1.8092,1.8092,5,8,4,0.1111,9
boundary:query,1064,L412.lo.hi,hybrid,exception,contradicted; every cut loses a supporter,1.8605,1.8605,4,7,3,0.125,8
boundary:query,1064,L419.lo,hybrid,split,4 exceptions; cut f:query_len_tokens at 17,,1.8092,5,8,4,0.1111,9
boundary:query,1064,L419.lo.lo,hybrid,create,split of L419.lo,,1.8092,5,0,0,0.0,0
boundary:query,1065,L405,dense,expand,arm beat the default just outside the box,1.9479,2.0061,4,8,2,0.1111,9
boundary:query,1065,L406,hybrid,expand,arm beat the default just outside the box,1.9592,1.9883,3,6,1,0.1429,7
boundary:query,1065,L414,dense,expand,arm beat the default just outside the box,1.95,1.9791,4,6,1,0.1429,7
boundary:query,1065,L359.lo,dense,expand,arm beat the default just outside the box,1.6684,1.6684,9,3,0,0.5,6
boundary:query,1065,L461,dense,create,"default missed, dense hit",,2.0,1,0,0,0.0,0
boundary:query,1066,L41.hi.lo.lo.hi.hi.hi.lo.lo,dense,exception,contradicted; every cut loses a supporter,1.6636,1.6636,11,6,3,0.4,10
boundary:query,1069,L13.lo.lo,hybrid,exception,contradicted; every cut loses a supporter,1.8588,1.8588,6,6,2,0.1429,7
boundary:query,1069,L32.lo.lo.lo,dense,exception,contradicted; every cut loses a supporter,1.9965,1.9965,11,5,1,0.1667,6
boundary:query,1070,L405,dense,exception,contradicted; every cut loses a supporter,2.0045,2.0045,4,9,3,0.1,10
boundary:query,1070,L406,hybrid,exception,contradicted; every cut loses a supporter,1.9868,1.9868,3,7,2,0.125,8
boundary:query,1070,L414,dense,exception,contradicted; every cut loses a supporter,1.9776,1.9776,4,7,2,0.125,8
boundary:query,1070,L286.lo,hybrid,exception,contradicted; every cut loses a supporter,1.7168,1.7168,7,7,4,0.2222,9
boundary:query,1070,L286.hi,hybrid,exception,contradicted; every cut loses a supporter,1.7168,1.7168,4,4,1,0.4286,7
boundary:query,1070,L285.lo,hybrid,exception,contradicted; every cut loses a supporter,1.5581,1.5581,6,3,1,0.5,6
boundary:query,1070,L285.hi,hybrid,exception,contradicted; every cut loses a supporter,1.919,1.919,5,4,1,0.4286,7
boundary:query,1070,L359.lo,dense,exception,contradicted; every cut loses a supporter,1.667,1.667,9,4,1,0.4286,7
boundary:query,1070,L286.lo,hybrid,split,4 exceptions; cut f:query_cap_spans at 2,,1.7168,7,7,4,0.2222,9
boundary:query,1070,L286.lo.lo,hybrid,create,split of L286.lo,,1.7168,7,0,0,0.0,0
boundary:query,1071,L405,dense,exception,contradicted; every cut loses a supporter,2.0038,2.0038,4,10,4,0.0909,11
boundary:query,1071,L406,hybrid,exception,contradicted; every cut loses a supporter,1.986,1.986,3,8,3,0.1111,9
boundary:query,1071,L414,dense,exception,contradicted; every cut loses a supporter,1.9768,1.9768,4,8,3,0.1111,9
boundary:query,1071,L286.hi,hybrid,exception,contradicted; every cut loses a supporter,1.7159,1.7159,4,5,2,0.375,8
boundary:query,1071,L285.lo,hybrid,exception,contradicted; every cut loses a supporter,1.5572,1.5572,6,4,2,0.4286,7
boundary:query,1071,L285.hi,hybrid,exception,contradicted; every cut loses a supporter,1.9182,1.9182,5,5,2,0.375,8
boundary:query,1071,L359.lo,dense,exception,contradicted; every cut loses a supporter,1.6661,1.6661,9,5,2,0.375,8
boundary:query,1071,L405,dense,split,4 exceptions; cut f:query_cap_spans at 2,,2.0038,4,10,4,0.0909,11
boundary:query,1071,L405.lo,dense,create,split of L405,,1.8344,4,0,0,0.0,0
boundary:query,1072,L412.hi,hybrid,exception,contradicted; every cut loses a supporter,1.7187,1.7187,3,6,1,0.1429,7
boundary:query,1074,L40.hi.lo.lo.hi.hi.hi.hi.lo,hybrid,retire,utility <= 0,,1.6892,5,5,0,0.0,5
boundary:query,1078,L382.hi,hybrid,expand,arm beat the default just outside the box,1.6985,1.7276,6,6,2,0.1429,7
boundary:query,1078,L407.lo,dense,expand,arm beat the default just outside the box,1.7203,1.7784,7,5,1,0.1667,6
boundary:query,1078,L412.hi,hybrid,expand,arm beat the default just outside the box,1.7209,1.779,4,6,1,0.1429,7
boundary:query,1078,L419.hi,hybrid,expand,arm beat the default just outside the box,1.7213,1.7794,4,4,0,0.0,4
boundary:query,1078,L382.lo.lo,hybrid,expand,arm beat the default just outside the box,1.6985,1.7276,7,4,0,0.0,4
boundary:query,1078,L464,dense,create,"default missed, dense hit",,2.0,1,0,0,0.0,0
boundary:query,1079,L432,dense,expand,arm beat the default just outside the box,1.8971,1.9326,5,6,3,0.3333,9
boundary:query,1079,L381.lo.lo.lo,dense,expand,arm beat the default just outside the box,1.6265,1.6411,6,0,0,0.0,0
boundary:query,1079,L419.lo.lo,hybrid,expand,arm beat the default just outside the box,1.8088,1.8669,7,3,0,0.25,4
boundary:query,1080,L441,hybrid,narrow,contradicted; cut f:query_len_tokens,2.0305,1.9209,3,5,0,0.1667,6
boundary:query,1081,L360,hybrid,expand,arm beat the default just outside the box,1.8518,1.8518,5,9,2,0.1818,11
boundary:query,1081,L406,hybrid,expand,arm beat the default just outside the box,1.9875,2.0166,4,8,3,0.1111,9
boundary:query,1081,L414,dense,expand,arm beat the default just outside the box,1.9784,2.0074,5,8,3,0.1111,9
boundary:query,1081,L286.hi,hybrid,expand,arm beat the default just outside the box,1.7173,1.7173,5,5,2,0.375,8
boundary:query,1081,L359.lo,dense,expand,arm beat the default just outside the box,1.6675,1.6966,10,5,2,0.375,8
boundary:query,1081,L286.lo.lo,hybrid,expand,arm beat the default just outside the box,1.7173,1.7173,8,1,0,0.0,1
boundary:query,1081,L405.lo,dense,expand,arm beat the default just outside the box,1.8356,1.8647,5,0,0,0.0,0
boundary:query,1082,L41.hi.lo.lo.hi.hi.hi.lo.hi,dense,expand,arm beat the default just outside the box,1.6334,1.6915,11,6,2,0.3,10
boundary:query,1082,L432,dense,expand,arm beat the default just outside the box,1.9316,2.0093,6,6,3,0.3333,9
boundary:query,1082,L407.hi.hi,dense,expand,arm beat the default just outside the box,1.9119,1.97,4,3,0,0.0,3
boundary:query,1082,L464,dense,expand,arm beat the default just outside the box,1.9995,2.0571,3,0,0,1.0,1
boundary:query,1082,L465,dense,create,"default missed, dense hit",,2.0,1,0,0,0.0,0
boundary:query,1082,L466,hybrid,create,"default missed, hybrid hit",,2.0,1,0,0,0.0,0
boundary:query,1083,L382.lo.lo,hybrid,exception,contradicted; every cut loses a supporter,1.7274,1.7274,8,5,1,0.1667,6
boundary:query,1083,L407.lo,dense,expand,arm beat the default just outside the box,1.7779,1.836,8,5,1,0.1667,6
boundary:query,1083,L381.lo.lo.lo,dense,expand,arm beat the default just outside the box,1.6405,1.6986,7,0,0,0.0,0
boundary:query,1086,L441,hybrid,exception,contradicted; every cut loses a supporter,1.92,1.92,3,6,1,0.1429,7
boundary:query,1086,L407.hi.hi,dense,retire,utility <= 0,,1.9697,4,5,0,0.0,5
boundary:query,1087,L419.lo.lo,hybrid,exception,contradicted; every cut loses a supporter,1.8663,1.8663,7,5,1,0.1667,6
boundary:query,1087,L419.hi,hybrid,retire,utility <= 0,,1.7792,4,5,0,0.0,5
boundary:query,1089,L432,dense,exception,contradicted; every cut loses a supporter,2.0105,2.0105,7,7,4,0.3636,11
boundary:query,1089,L432,dense,split,4 exceptions; cut f:query_cap_spans at 1,,2.0105,7,7,4,0.3636,11
boundary:query,1089,L432.lo,dense,create,split of L432,,1.8428,7,0,0,0.0,0
boundary:query,1091,L33.lo.lo.lo,hybrid,retire,utility <= 0,,1.879,6,5,0,0.0,5
boundary:query,1093,L464,dense,exception,contradicted; every cut loses a supporter,2.0554,2.0554,4,4,1,0.1667,6
boundary:query,1094,L443,dense,expand,arm beat the default just outside the box,2.0418,2.0908,3,2,0,0.0,2
boundary:query,1094,L40.hi.lo.lo.hi.hi.hi.hi.hi,hybrid,expand,arm beat the default just outside the box,1.5725,1.6015,4,4,0,-0.5,4
boundary:query,1094,L433.hi.hi,hybrid,expand,arm beat the default just outside the box,1.5499,1.579,2,1,0,0.0,1
boundary:query,1094,L464,dense,expand,arm beat the default just outside the box,2.0557,2.0847,5,4,1,0.1667,6
boundary:query,1094,L465,dense,expand,arm beat the default just outside the box,1.9986,2.0194,2,0,0,0.0,0
boundary:query,1094,L466,hybrid,expand,arm beat the default just outside the box,1.9986,2.0194,2,0,0,0.0,0
boundary:query,1094,L432.lo,dense,expand,arm beat the default just outside the box,1.8403,1.8694,8,1,0,-1.0,1
boundary:query,1094,L468,dense,create,"default missed, dense hit",,2.0,1,0,0,0.0,0
boundary:query,1094,L469,hybrid,create,"default missed, hybrid hit",,2.0,1,0,0,0.0,0
boundary:query,1095,L382.hi,hybrid,exception,contradicted; every cut loses a supporter,1.7264,1.7264,6,7,3,0.125,8
boundary:query,1096,L407.lo,dense,expand,arm beat the default just outside the box,1.8352,1.9112,9,5,1,0.1667,6
boundary:query,1096,L464,dense,expand,arm beat the default just outside the box,2.0855,2.1064,6,4,1,0.1667,6
boundary:query,1096,L468,dense,expand,arm beat the default just outside the box,2.0008,2.0212,2,0,0,0.0,0
boundary:query,1096,L469,hybrid,expand,arm beat the default just outside the box,2.0008,2.0212,2,0,0,0.0,0
boundary:query,1096,L470,dense,create,"default missed, dense hit",,2.0,1,0,0,0.0,0
boundary:query,1096,L471,hybrid,create,"default missed, hybrid hit",,2.0,1,0,0,0.0,0
boundary:query,1098,L407.lo,dense,exception,contradicted; every cut loses a supporter,1.9119,1.9119,9,6,2,0.1429,7
boundary:query,1098,L382.lo.lo,hybrid,exception,contradicted; every cut loses a supporter,1.7273,1.7273,8,6,2,0.1429,7
boundary:query,1098,L419.lo.lo,hybrid,exception,contradicted; every cut loses a supporter,1.866,1.866,7,6,2,0.1429,7
boundary:query,1098,L464,dense,exception,contradicted; every cut loses a supporter,2.1071,2.1071,6,5,2,0.1429,7
boundary:query,1100,L399,dense,exception,contradicted; every cut loses a supporter,2.0334,2.0334,4,5,1,0.1667,6
boundary:query,1100,L441,hybrid,exception,contradicted; every cut loses a supporter,1.9192,1.9192,3,7,2,0.125,8
boundary:query,1101,L382.hi,hybrid,exception,contradicted; every cut loses a supporter,1.7268,1.7268,6,8,4,0.1111,9
boundary:query,1101,L412.hi,hybrid,exception,contradicted; every cut loses a supporter,1.7788,1.7788,4,7,2,0.125,8
boundary:query,1101,L382.hi,hybrid,split,4 exceptions; cut f:query_cap_spans at 1,,1.7268,6,8,4,0.1111,9
boundary:query,1101,L382.hi.lo,hybrid,create,split of L382.hi,,1.5393,4,0,0,0.0,0
boundary:query,1101,L382.hi.hi,hybrid,create,split of L382.hi,,1.7268,2,0,0,0.0,0
boundary:query,1103,L407.lo,dense,exception,contradicted; every cut loses a supporter,1.9105,1.9105,9,7,3,0.125,8
boundary:query,1103,L464,dense,exception,contradicted; every cut loses a supporter,2.1044,2.1044,6,6,3,0.125,8
boundary:query,1104,L382.lo.lo,hybrid,exception,contradicted; every cut loses a supporter,1.7262,1.7262,8,7,3,0.125,8
boundary:query,1104,L419.lo.lo,hybrid,exception,contradicted; every cut loses a supporter,1.8651,1.8651,7,7,3,0.125,8
boundary:query,1104,L464,dense,exception,contradicted; every cut loses a supporter,2.1048,2.1048,6,7,4,0.1111,9
boundary:query,1104,L464,dense,split,4 exceptions; cut f:query_len_tokens at 17.5,,2.1048,6,7,4,0.1111,9
boundary:query,1104,L464.lo,dense,create,split of L464,,1.9461,3,0,0,0.0,0
boundary:query,1104,L464.hi,dense,create,split of L464,,1.867,3,0,0,0.0,0
boundary:query,1104,L432.lo,dense,retire,utility <= 0,,1.8686,8,5,0,-0.2,5
boundary:query,1106,L412.hi,hybrid,expand,arm beat the default just outside the box,1.7789,1.8078,5,7,2,0.125,8
boundary:query,1106,L381.lo.lo.lo,dense,expand,arm beat the default just outside the box,1.6984,1.7273,8,1,0,0.0,1
boundary:query,1106,L465,dense,expand,arm beat the default just outside the box,2.0199,2.0853,3,2,0,-0.5,2
boundary:query,1106,L466,hybrid,expand,arm beat the default just outside the box,2.0199,2.0853,3,2,0,-0.5,2
boundary:query,1106,L470,dense,expand,arm beat the default just outside the box,1.9998,2.028,2,0,0,0.0,0
boundary:query,1106,L471,hybrid,expand,arm beat the default just outside the box,1.9998,2.028,2,0,0,0.0,0
boundary:query,1108,L40.hi.lo.lo.hi.lo.hi.lo,hybrid,exception,contradicted; every cut loses a supporter,1.7757,1.7757,11,7,4,0.2222,9
boundary:query,1108,L261.lo.lo.lo.hi,hybrid,exception,contradicted; every cut loses a supporter,1.7167,1.7167,10,7,4,0.3,10
boundary:query,1108,L40.hi.lo.lo.hi.lo.lo.hi.lo,hybrid,exception,contradicted; every cut loses a supporter,1.7757,1.7757,9,7,4,0.3,10
boundary:query,1108,L40.hi.lo.lo.hi.lo.hi.lo,hybrid,split,4 exceptions; cut f:query_len_tokens at 15,,1.7757,11,7,4,0.2222,9
boundary:query,1108,L40.hi.lo.lo.hi.lo.hi.lo.lo,hybrid,create,split of L40.hi.lo.lo.hi.lo.hi.lo,,1.689,9,0,0,0.0,0
boundary:query,1108,L40.hi.lo.lo.hi.lo.hi.lo.hi,hybrid,create,split of L40.hi.lo.lo.hi.lo.hi.lo,,1.6023,2,0,0,0.0,0
boundary:query,1108,L261.lo.lo.lo.hi,hybrid,split,4 exceptions; cut f:query_len_tokens at 14,,1.7167,10,7,4,0.3,10
boundary:query,1108,L261.lo.lo.lo.hi.lo,hybrid,create,split of L261.lo.lo.lo.hi,,1.6012,5,0,0,0.0,0
boundary:query,1108,L261.lo.lo.lo.hi.hi,hybrid,create,split of L261.lo.lo.lo.hi,,1.5723,5,0,0,0.0,0
boundary:query,1108,L40.hi.lo.lo.hi.lo.lo.hi.lo,hybrid,split,4 exceptions; cut f:query_len_tokens at 15,,1.7757,9,7,4,0.3,10
boundary:query,1108,L40.hi.lo.lo.hi.lo.lo.hi.lo.lo,hybrid,create,split of L40.hi.lo.lo.hi.lo.lo.hi.lo,,1.689,6,0,0,0.0,0
boundary:query,1108,L40.hi.lo.lo.hi.lo.lo.hi.lo.hi,hybrid,create,split of L40.hi.lo.lo.hi.lo.lo.hi.lo,,1.6023,3,0,0,0.0,0
boundary:query,1110,L407.lo,dense,exception,contradicted; every cut loses a supporter,1.9121,1.9121,9,8,4,0.1111,9
boundary:query,1110,L382.hi.hi,hybrid,exception,contradicted; every cut loses a supporter,1.7271,1.7271,3,5,1,0.1667,6
boundary:query,1110,L335.hi.hi.lo,hybrid,retire,utility <= 0,,1.7188,3,5,0,0.0,5
boundary:query,1110,L122.lo.lo.hi.lo.lo,dense,retire,utility <= 0,,1.5012,6,5,0,-0.6,5
boundary:query,1110,L407.lo,dense,split,4 exceptions; cut f:query_cap_spans at 1,,1.9121,9,8,4,0.1111,9
boundary:query,1110,L407.lo.lo,dense,create,split of L407.lo,,1.7244,8,0,0,0.0,0
boundary:query,1110,L407.lo.hi,dense,create,split of L407.lo,,1.7244,1,0,0,0.0,0
boundary:query,1112,L382.hi.lo,hybrid,exception,contradicted; every cut loses a supporter,1.5388,1.5388,5,5,1,0.1667,6
boundary:query,1112,L382.hi.hi,hybrid,narrow,contradicted; cut f:query_len_tokens,1.7266,1.7266,3,6,1,0.1429,7
boundary:query,1112,L381.lo.lo.lo,dense,expand,arm beat the default just outside the box,1.7269,1.7558,10,2,0,0.3333,3
boundary:query,1112,L468,dense,expand,arm beat the default just outside the box,2.0211,2.0864,3,2,0,-0.5,2
boundary:query,1112,L464.hi,dense,expand,arm beat the default just outside the box,1.8678,1.9401,4,0,0,0.0,0
boundary:query,1113,L419.lo.lo,hybrid,expand,arm beat the default just outside the box,1.8662,1.924,8,7,3,0.125,8
boundary:query,1113,L464.lo,dense,expand,arm beat the default just outside the box,1.9473,1.9549,7,3,0,0.5,6
boundary:query,1114,L412.lo.hi,hybrid,exception,contradicted; every cut loses a supporter,1.8575,1.8575,5,8,4,0.2,10
boundary:query,1114,L382.hi.lo,hybrid,exception,contradicted; every cut loses a supporter,1.5392,1.5392,6,6,2,0.25,8
boundary:query,1114,L382.hi.hi,hybrid,exception,contradicted; every cut loses a supporter,1.7272,1.7272,4,7,2,0.2222,9
boundary:query,1114,L464.lo,dense,exception,contradicted; every cut loses a supporter,1.9553,1.9553,7,4,1,0.4286,7
boundary:query,1114,L412.lo.hi,hybrid,split,4 exceptions; cut f:query_len_tokens at 14,,1.8575,5,8,4,0.2,10
boundary:query,1114,L412.lo.hi.lo,hybrid,create,split of L412.lo.hi,,1.7418,3,0,0,0.0,0
boundary:query,1114,L412.lo.hi.hi,hybrid,create,split of L412.lo.hi,,1.5445,2,0,0,0.0,0
boundary:query,1115,L441,hybrid,expand,arm beat the default just outside the box,1.9208,1.9208,4,7,2,0.125,8
boundary:query,1115,L443,dense,retire,utility <= 0,,2.0921,3,5,0,-0.2,5
boundary:query,1117,L465,dense,retire,utility <= 0,,2.0847,4,4,0,0.0,5
boundary:query,1117,L466,hybrid,retire,utility <= 0,,2.0847,3,5,0,-0.2,5
boundary:query,1118,L381.lo.lo.lo,dense,exception,contradicted; every cut loses a supporter,1.7556,1.7556,11,4,1,0.3333,6
boundary:query,1118,L382.lo.lo,hybrid,exception,contradicted; every cut loses a supporter,1.7265,1.7265,9,8,4,0.2,10
boundary:query,1118,L419.lo.lo,hybrid,exception,contradicted; every cut loses a supporter,1.9234,1.9234,8,8,4,0.1111,9
boundary:query,1118,L382.hi.lo,hybrid,exception,contradicted; every cut loses a supporter,1.5387,1.5387,6,7,3,0.2222,9
boundary:query,1118,L382.hi.hi,hybrid,exception,contradicted; every cut loses a supporter,1.7265,1.7265,4,8,3,0.2,10
boundary:query,1118,L464.lo,dense,exception,contradicted; every cut loses a supporter,1.9543,1.9543,7,5,2,0.375,8
boundary:query,1118,L382.lo.lo,hybrid,split,4 exceptions; cut f:query_cap_spans at 1,,1.7265,9,8,4,0.2,10
boundary:query,1118,L382.lo.lo.lo,hybrid,create,split of L382.lo.lo,,1.7265,9,0,0,0.0,0
boundary:query,1118,L419.lo.lo,hybrid,split,4 exceptions; cut f:query_len_tokens at 14.5,,1.9234,8,8,4,0.1111,9
boundary:query,1118,L419.lo.lo.lo,hybrid,create,split of L419.lo.lo,,1.8513,4,0,0,0.0,0
boundary:query,1118,L419.lo.lo.hi,hybrid,create,split of L419.lo.lo,,1.7646,4,0,0,0.0,0
boundary:query,1119,L433.hi.hi,hybrid,expand,arm beat the default just outside the box,1.5804,1.6093,4,2,0,0.0,3
boundary:query,1119,L470,dense,expand,arm beat the default just outside the box,2.0277,2.0353,4,3,0,0.25,4
boundary:query,1119,L471,hybrid,expand,arm beat the default just outside the box,2.0277,2.0353,4,3,0,0.25,4
boundary:query,1121,L468,dense,expand,arm beat the default just outside the box,2.0833,2.1119,5,3,0,0.0,4
boundary:query,1121,L464.hi,dense,expand,arm beat the default just outside the box,1.9385,1.9671,5,2,0,0.0,2
boundary:query,1121,L40.hi.lo.lo.hi.lo.hi.lo.hi,hybrid,expand,arm beat the default just outside the box,1.6024,1.631,3,1,0,0.0,1
boundary:query,1121,L40.hi.lo.lo.hi.lo.lo.hi.lo.hi,hybrid,expand,arm beat the default just outside the box,1.6024,1.631,4,1,0,0.0,1
boundary:query,1121,L419.lo.lo.hi,hybrid,expand,arm beat the default just outside the box,1.7646,1.7789,5,0,0,0.0,0
boundary:query,1122,L470,dense,exception,contradicted; every cut loses a supporter,2.0335,2.0335,5,4,1,0.3333,6
boundary:query,1122,L471,hybrid,exception,contradicted; every cut loses a supporter,2.0335,2.0335,5,4,1,0.3333,6
boundary:query,1122,L464.lo,dense,narrow,contradicted; cut f:query_len_tokens,1.9533,1.9389,7,6,2,0.3333,9
boundary:query,1122,L468,dense,retire,utility <= 0,,2.1125,5,4,0,0.0,5
boundary:query,1123,L441,hybrid,expand,arm beat the default just outside the box,1.919,1.9763,5,7,2,0.125,8
boundary:query,1123,L433.hi.hi,hybrid,expand,arm beat the default just outside the box,1.6095,1.6669,5,2,0,0.0,3
boundary:query,1123,L407.lo.hi,dense,expand,arm beat the default just outside the box,1.7233,1.752,4,2,0,0.5,4
boundary:query,1124,L41.hi.lo.lo.hi.hi.hi.lo.lo,dense,expand,arm beat the default just outside the box,1.6624,1.6911,12,6,3,0.4,10
boundary:query,1124,L464.lo,dense,expand,arm beat the default just outside the box,1.9394,1.9967,8,6,2,0.3333,9
boundary:query,1125,L469,hybrid,exception,contradicted; every cut loses a supporter,2.02,2.02,5,3,1,0.3333,6
boundary:query,1125,L470,dense,exception,contradicted; every cut loses a supporter,2.0344,2.0344,6,5,2,0.375,8
boundary:query,1125,L471,hybrid,exception,contradicted; every cut loses a supporter,2.0344,2.0344,6,5,2,0.375,8
boundary:query,1125,L464.hi,dense,exception,contradicted; every cut loses a supporter,1.9685,1.9685,7,4,1,0.3333,6
boundary:query,1125,L407.lo.lo,dense,narrow,contradicted; cut f:query_len_tokens,1.7239,1.7239,11,4,0,0.4286,7
boundary:query,1125,L40.hi.lo.lo.hi.hi.hi.hi.hi,hybrid,retire,utility <= 0,,1.6036,4,5,0,-0.4,5
boundary:query,1126,L414,dense,exception,contradicted; every cut loses a supporter,2.0049,2.0049,5,9,4,0.1,10
boundary:query,1126,L286.hi,hybrid,exception,contradicted; every cut loses a supporter,1.7164,1.7164,5,6,3,0.3333,9
boundary:query,1126,L285.lo,hybrid,exception,contradicted; every cut loses a supporter,1.5566,1.5566,7,5,3,0.4444,9
boundary:query,1126,L285.hi,hybrid,exception,contradicted; every cut loses a supporter,1.9189,1.9189,6,6,3,0.4,10
boundary:query,1126,L359.lo,dense,exception,contradicted; every cut loses a supporter,1.6957,1.6957,10,6,3,0.3333,9
boundary:query,1126,L461,dense,narrow,contradicted; cut f:query_len_tokens,1.9964,1.9754,3,4,0,0.3333,6
boundary:query,1126,L414,dense,split,4 exceptions; cut f:query_cap_spans at 2,,2.0049,5,9,4,0.1,10
boundary:query,1126,L414.lo,dense,create,split of L414,,2.0049,5,0,0,0.0,0
boundary:query,1128,L40.hi.lo.lo.hi.lo.hi.lo.lo,hybrid,exception,contradicted; every cut loses a supporter,1.6879,1.6879,11,5,1,0.2857,7
boundary:query,1128,L261.lo.lo.lo.hi.lo,hybrid,exception,contradicted; every cut loses a supporter,1.6003,1.6003,7,4,1,0.3333,6
boundary:query,1128,L40.hi.lo.lo.hi.lo.lo.hi.lo.lo,hybrid,exception,contradicted; every cut loses a supporter,1.6879,1.6879,8,5,1,0.2857,7
boundary:query,1129,L381.lo.lo.lo,dense,exception,contradicted; every cut loses a supporter,1.7546,1.7546,12,5,2,0.375,8
boundary:query,1129,L40.hi.lo.lo.hi.lo.hi.lo.lo,hybrid,exception,contradicted; every cut loses a supporter,1.6882,1.6882,11,6,2,0.25,8
boundary:query,1129,L261.lo.lo.lo.hi.lo,hybrid,exception,contradicted; every cut loses a supporter,1.6006,1.6006,7,5,2,0.2857,7
boundary:query,1129,L40.hi.lo.lo.hi.lo.lo.hi.lo.lo,hybrid,exception,contradicted; every cut loses a supporter,1.6882,1.6882,8,6,2,0.25,8
boundary:query,1130,L469,hybrid,expand,arm beat the default just outside the box,2.0197,2.0846,6,3,1,0.3333,6
boundary:query,1130,L382.hi.hi,hybrid,expand,arm beat the default just outside the box,1.726,1.726,5,8,3,0.2,10
boundary:query,1130,L261.lo.lo.lo.hi.lo,hybrid,expand,arm beat the default just outside the box,1.6009,1.6296,8,5,2,0.2857,7
boundary:query,1130,L412.lo.hi.lo,hybrid,expand,arm beat the default just outside the box,1.7397,1.7684,5,3,0,0.25,4
boundary:query,1130,L419.lo.lo.lo,hybrid,expand,arm beat the default just outside the box,1.8514,1.8657,6,2,0,0.3333,3
boundary:query,1131,L469,hybrid,exception,contradicted; every cut loses a supporter,2.085,2.085,6,4,2,0.2857,7
boundary:query,1131,L470,dense,exception,contradicted; every cut loses a supporter,2.0346,2.0346,7,6,3,0.4,10
boundary:query,1131,L471,hybrid,exception,contradicted; every cut loses a supporter,2.0346,2.0346,7,6,3,0.4,10
boundary:query,1131,L464.lo,dense,narrow,contradicted; cut f:query_cap_spans,1.9973,1.9973,9,7,2,0.3636,11
boundary:query,1131,L464.hi,dense,exception,contradicted; every cut loses a supporter,1.9686,1.9686,8,5,2,0.375,8
boundary:query,1131,L407.lo.hi,dense,exception,contradicted; every cut loses a supporter,1.7523,1.7523,5,4,1,0.4286,7
boundary:query,1132,L381.lo.lo.lo,dense,exception,contradicted; every cut loses a supporter,1.7557,1.7557,13,6,3,0.4,10
boundary:query,1132,L469,hybrid,exception,contradicted; every cut loses a supporter,2.0855,2.0855,6,5,3,0.25,8
boundary:query,1132,L470,dense,exception,contradicted; every cut loses a supporter,2.0351,2.0351,7,7,4,0.3636,11
boundary:query,1132,L471,hybrid,exception,contradicted; every cut loses a supporter,2.0351,2.0351,7,7,4,0.3636,11
boundary:query,1132,L382.hi.hi,hybrid,exception,contradicted; every cut loses a supporter,1.7267,1.7267,5,9,4,0.1818,11
boundary:query,1132,L464.lo,dense,exception,contradicted; every cut loses a supporter,1.9978,1.9978,9,8,3,0.3333,12
boundary:query,1132,L464.hi,dense,exception,contradicted; every cut loses a supporter,1.9691,1.9691,8,6,3,0.3333,9
boundary:query,1132,L40.hi.lo.lo.hi.lo.hi.lo.lo,hybrid,exception,contradicted; every cut loses a supporter,1.6893,1.6893,12,7,3,0.3,10
boundary:query,1132,L261.lo.lo.lo.hi.lo,hybrid,exception,contradicted; every cut loses a supporter,1.6302,1.6302,8,6,3,0.25,8
boundary:query,1132,L261.lo.lo.lo.hi.hi,hybrid,exception,contradicted; every cut loses a supporter,1.5728,1.5728,7,4,1,0.3333,6
boundary:query,1132,L40.hi.lo.lo.hi.lo.lo.hi.lo.lo,hybrid,exception,contradicted; every cut loses a supporter,1.6893,1.6893,9,7,3,0.3,10
boundary:query,1132,L407.lo.lo,dense,exception,contradicted; every cut loses a supporter,1.7239,1.7239,12,5,1,0.4444,9
boundary:query,1132,L407.lo.hi,dense,exception,contradicted; every cut loses a supporter,1.7527,1.7527,5,5,2,0.375,8
boundary:query,1132,L470,dense,split,4 exceptions; cut f:query_cap_spans at 1,,2.0351,7,7,4,0.3636,11
boundary:query,1132,L470.lo,dense,create,split of L470,,1.6793,5,0,0,0.0,0
boundary:query,1132,L470.hi,dense,create,split of L470,,2.0351,2,0,0,0.0,0
boundary:query,1132,L471,hybrid,split,4 exceptions; cut f:query_len_tokens at 20,,2.0351,7,7,4,0.3636,11
boundary:query,1132,L471.lo,hybrid,create,split of L471,,1.8628,4,0,0,0.0,0
boundary:query,1132,L471.hi,hybrid,create,split of L471,,1.8628,3,0,0,0.0,0
boundary:query,1132,L382.hi.hi,hybrid,split,4 exceptions; cut f:query_cap_spans at 1,,1.7267,5,9,4,0.1818,11
boundary:query,1132,L382.hi.hi.lo,hybrid,create,split of L382.hi.hi,,1.5385,3,0,0,0.0,0
boundary:query,1132,L382.hi.hi.hi,hybrid,create,split of L382.hi.hi,,1.7267,2,0,0,0.0,0
boundary:query,1133,L407.lo.lo,dense,exception,contradicted; every cut loses a supporter,1.7243,1.7243,12,6,2,0.4,10
boundary:query,1133,L407.lo.hi,dense,narrow,contradicted; cut f:query_len_tokens,1.753,1.753,5,6,2,0.3333,9
boundary:query,1133,L412.lo.hi.lo,hybrid,exception,contradicted; every cut loses a supporter,1.7695,1.7695,5,5,1,0.1667,6
boundary:query,1133,L382.lo.lo.lo,hybrid,exception,contradicted; every cut loses a supporter,1.7271,1.7271,11,4,1,0.3333,6
boundary:query,1135,L412.hi,hybrid,narrow,contradicted; cut f:query_cap_spans,1.8095,1.6395,5,8,2,0.1111,9
boundary:query,1135,L381.lo.lo.lo,dense,exception,contradicted; every cut loses a supporter,1.7567,1.7567,13,7,4,0.3636,11
boundary:query,1135,L464.lo,dense,exception,contradicted; every cut loses a supporter,1.9989,1.9989,9,9,4,0.3077,13
boundary:query,1135,L464.hi,dense,exception,contradicted; every cut loses a supporter,1.9701,1.9701,8,7,4,0.3,10
boundary:query,1135,L407.lo.lo,dense,exception,contradicted; every cut loses a supporter,1.7249,1.7249,12,7,3,0.3636,11
boundary:query,1135,L382.lo.lo.lo,hybrid,exception,contradicted; every cut loses a supporter,1.7277,1.7277,11,5,2,0.2857,7
boundary:query,1135,L419.lo.lo.lo,hybrid,narrow,contradicted; cut f:query_cap_spans,1.8675,1.6985,6,5,0,0.1667,6
boundary:query,1135,L381.lo.lo.lo,dense,split,4 exceptions; cut f:query_len_tokens at 10,,1.7567,13,7,4,0.3636,11
boundary:query,1135,L381.lo.lo.lo.lo,dense,create,split of L381.lo.lo.lo,,1.6129,7,0,0,0.0,0
boundary:query,1135,L381.lo.lo.lo.hi,dense,create,split of L381.lo.lo.lo,,1.6704,6,0,0,0.0,0
boundary:query,1135,L464.lo,dense,split,4 exceptions; cut f:query_cap_spans at 1,,1.9989,9,9,4,0.3077,13
boundary:query,1135,L464.lo.lo,dense,create,split of L464.lo,,1.8106,9,0,0,0.0,0
boundary:query,1135,L464.hi,dense,split,4 exceptions; cut f:query_len_tokens at 19.5,,1.9701,8,7,4,0.3,10
boundary:query,1135,L464.hi.lo,dense,create,split of L464.hi,,1.8695,4,0,0,0.0,0
boundary:query,1135,L464.hi.hi,dense,create,split of L464.hi,,1.812,4,0,0,0.0,0
boundary:query,1136,L469,hybrid,exception,contradicted; every cut loses a supporter,2.0871,2.0871,6,6,4,0.2222,9
boundary:query,1136,L469,hybrid,split,4 exceptions; cut f:query_cap_spans at 1.5,,2.0871,6,6,4,0.2222,9
boundary:query,1136,L469.lo,hybrid,create,split of L469,,1.993,3,0,0,0.0,0
boundary:query,1136,L469.hi,hybrid,create,split of L469,,1.8252,3,0,0,0.0,0
boundary:query,1137,L382.lo.lo.lo,hybrid,exception,contradicted; every cut loses a supporter,1.7281,1.7281,11,6,3,0.25,8
boundary:query,1138,L40.hi.lo.lo.hi.lo.hi.lo.hi,hybrid,exception,contradicted; every cut loses a supporter,1.6336,1.6336,4,5,1,0.1667,6
boundary:query,1138,L40.hi.lo.lo.hi.lo.lo.hi.lo.hi,hybrid,exception,contradicted; every cut loses a supporter,1.6336,1.6336,5,5,1,0.1667,6
boundary:query,1138,L412.lo.hi.hi,hybrid,exception,contradicted; every cut loses a supporter,1.5461,1.5461,4,4,1,0.3333,6
boundary:query,1138,L419.lo.lo.hi,hybrid,exception,contradicted; every cut loses a supporter,1.782,1.782,6,5,1,0.1667,6
boundary:query,1139,L461,dense,exception,contradicted; every cut loses a supporter,1.9782,1.9782,3,5,1,0.2857,7
boundary:query,1139,L286.lo.lo,hybrid,retire,utility <= 0,,1.7183,8,5,0,0.0,5
boundary:query,1142,L470.hi,dense,retire,utility <= 0,,2.0372,2,5,0,-0.2,5
boundary:query,1143,L441,hybrid,exception,contradicted; every cut loses a supporter,1.9798,1.9798,5,8,3,0.1111,9
boundary:query,1143,L464.hi.lo,dense,expand,arm beat the default just outside the box,1.8706,1.9138,5,3,0,0.0,3
boundary:query,1143,L433.hi.hi,hybrid,retire,utility <= 0,,1.6692,5,4,0,0.0,5
boundary:query,1144,L407.lo.lo,dense,exception,contradicted; every cut loses a supporter,1.7261,1.7261,12,8,4,0.3333,12
boundary:query,1144,L407.lo.lo,dense,split,4 exceptions; cut f:query_len_tokens at 17,,1.7261,12,8,4,0.3333,12
boundary:query,1144,L407.lo.lo.lo,dense,create,split of L407.lo.lo,,1.6397,9,0,0,0.0,0
boundary:query,1144,L407.lo.lo.hi,dense,create,split of L407.lo.lo,,1.6109,3,0,0,0.0,0
boundary:query,1145,L41.hi.lo.lo.hi.hi.hi.lo.hi,dense,expand,arm beat the default just outside the box,1.6936,1.7513,12,6,2,0.3,10
boundary:query,1145,L412.hi,hybrid,expand,arm beat the default just outside the box,1.6407,1.6407,6,8,2,0.1111,9
boundary:query,1145,L419.lo.lo.lo,hybrid,expand,arm beat the default just outside the box,1.6999,1.6999,7,5,0,0.1667,6
boundary:query,1145,L469.lo,hybrid,expand,arm beat the default just outside the box,1.9944,2.0438,4,2,0,0.0,2
boundary:query,1146,L412.hi,hybrid,exception,contradicted; every cut loses a supporter,1.6409,1.6409,6,9,3,0.1,10
boundary:query,1146,L419.lo.lo.hi,hybrid,exception,contradicted; every cut loses a supporter,1.7825,1.7825,7,6,2,0.25,8
boundary:query,1146,L464.lo.lo,dense,exception,contradicted; every cut loses a supporter,1.8125,1.8125,10,5,1,0.1667,6
boundary:query,1146,L464.hi.lo,dense,exception,contradicted; every cut loses a supporter,1.9141,1.9141,6,5,1,0.1667,6
boundary:query,1149,L419.lo.lo.lo,hybrid,exception,contradicted; every cut loses a supporter,1.6998,1.6998,7,6,1,0.1429,7
boundary:query,1149,L464.lo.lo,dense,exception,contradicted; every cut loses a supporter,1.8123,1.8123,10,6,2,0.1429,7
boundary:query,1150,L381.lo.lo.lo.hi,dense,expand,arm beat the default just outside the box,1.672,1.7009,8,2,0,0.3333,3
boundary:query,1150,L407.lo.lo.hi,dense,expand,arm beat the default just outside the box,1.6112,1.6401,4,2,0,0.0,2
boundary:query,1150,L470.lo,dense,retire,utility <= 0,,1.6827,6,4,0,0.0,5
boundary:query,1150,L471.lo,hybrid,retire,utility <= 0,,1.8654,4,5,0,0.0,5
boundary:query,1150,L469.lo,hybrid,retire,utility <= 0,,2.0446,4,5,0,0.0,5
boundary:query,1151,L261.lo.lo.lo.hi.hi,hybrid,exception,contradicted; every cut loses a supporter,1.5755,1.5755,7,5,2,0.2857,7
boundary:query,1151,L407.lo.hi,dense,exception,contradicted; every cut loses a supporter,1.7559,1.7559,6,7,3,0.2727,11
boundary:query,1151,L464.lo.lo,dense,exception,contradicted; every cut loses a supporter,1.8132,1.8132,11,7,3,0.1111,9
boundary:query,1151,L464.hi.lo,dense,exception,contradicted; every cut loses a supporter,1.9148,1.9148,7,6,2,0.125,8
boundary:query,1152,L407.lo.hi,dense,exception,contradicted; every cut loses a supporter,1.7563,1.7563,6,8,4,0.25,12
boundary:query,1152,L464.hi.lo,dense,exception,contradicted; every cut loses a supporter,1.9152,1.9152,7,7,3,0.1111,9
boundary:query,1152,L407.lo.hi,dense,split,4 exceptions; cut f:query_len_tokens at 17.5,,1.7563,6,8,4,0.25,12
boundary:query,1152,L407.lo.hi.lo,dense,create,split of L407.lo.hi,,1.6552,3,0,0,0.0,0
boundary:query,1152,L407.lo.hi.hi,dense,create,split of L407.lo.hi,,1.6263,3,0,0,0.0,0
boundary:query,1153,L469.hi,hybrid,expand,arm beat the default just outside the box,1.8287,1.8576,4,3,0,0.0,3
boundary:query,1154,L32.lo.lo.lo,dense,exception,contradicted; every cut loses a supporter,2.0003,2.0003,11,6,2,0.1429,7
boundary:query,1154,L359.lo,dense,exception,contradicted; every cut loses a supporter,1.6994,1.6994,10,7,4,0.3,10
boundary:query,1154,L405.lo,dense,exception,contradicted; every cut loses a supporter,1.8666,1.8666,6,5,1,0.1667,6
boundary:query,1154,L33.lo.lo.hi,hybrid,retire,utility <= 0,,1.9425,4,5,0,0.0,5
boundary:query,1154,L359.lo,dense,split,4 exceptions; cut f:query_cap_spans at 2,,1.6994,10,7,4,0.3,10
boundary:query,1154,L359.lo.lo,dense,create,split of L359.lo,,1.6994,10,0,0,0.0,0
boundary:query,1155,L412.hi,hybrid,expand,arm beat the default just outside the box,1.6413,1.6992,7,9,3,0.1,10
boundary:query,1155,L40.hi.lo.lo.hi.lo.hi.lo.hi,hybrid,expand,arm beat the default just outside the box,1.6347,1.6925,5,5,1,0.1667,6
boundary:query,1155,L261.lo.lo.lo.hi.hi,hybrid,expand,arm beat the default just outside the box,1.5755,1.6333,8,5,2,0.2857,7
boundary:query,1155,L40.hi.lo.lo.hi.lo.lo.hi.lo.hi,hybrid,expand,arm beat the default just outside the box,1.6347,1.6925,6,5,1,0.1667,6
boundary:query,1155,L412.lo.hi.hi,hybrid,expand,arm beat the default just outside the box,1.5471,1.6049,5,4,1,0.3333,6
boundary:query,1155,L419.lo.lo.hi,hybrid,expand,arm beat the default just outside the box,1.7831,1.841,8,6,2,0.25,8
boundary:query,1155,L381.lo.lo.lo.lo,dense,expand,arm beat the default just outside the box,1.6147,1.6725,8,0,0,0.0,0
boundary:query,1155,L464.hi.lo,dense,expand,arm beat the default just outside the box,1.9152,1.973,8,7,3,0.1111,9
boundary:query,1155,L407.lo.lo.lo,dense,expand,arm beat the default just outside the box,1.6405,1.6694,12,3,0,0.2,5
boundary:query,1155,L407.lo.hi.lo,dense,expand,arm beat the default just outside the box,1.655,1.6839,5,0,0,1.0,1
boundary:query,1156,L464.lo.lo,dense,exception,contradicted; every cut loses a supporter,1.8138,1.8138,11,8,4,0.1,10
boundary:query,1156,L464.hi.lo,dense,exception,contradicted; every cut loses a supporter,1.9735,1.9735,8,8,4,0.1,10
boundary:query,1156,L464.lo.lo,dense,split,4 exceptions; cut f:query_len_tokens at 14,,1.8138,11,8,4,0.1,10
boundary:query,1156,L464.lo.lo.lo,dense,create,split of L464.lo.lo,,1.6692,6,0,0,0.0,0
boundary:query,1156,L464.lo.lo.hi,dense,create,split of L464.lo.lo,,1.6692,5,0,0,0.0,0
boundary:query,1156,L464.hi.lo,dense,split,4 exceptions; cut f:query_len_tokens at 15,,1.9735,8,8,4,0.1,10
boundary:query,1156,L464.hi.lo.lo,dense,create,split of L464.hi.lo,,1.8,5,0,0,0.0,0
boundary:query,1156,L464.hi.lo.hi,dense,create,split of L464.hi.lo,,1.8867,3,0,0,0.0,0
boundary:query,1159,L381.lo.lo.lo.hi,dense,expand,arm beat the default just outside the box,1.7026,1.7315,10,2,0,0.5,4
boundary:query,1160,L407.lo.lo.lo,dense,exception,contradicted; every cut loses a supporter,1.671,1.671,12,4,1,0.1667,6
boundary:query,1160,L407.lo.lo.hi,dense,retire,utility <= 0,,1.642,4,5,0,-0.2,5
boundary:query,1161,L469.hi,hybrid,retire,utility <= 0,,1.8591,4,5,0,0.0,5
boundary:query,1162,L412.hi,hybrid,exception,contradicted; every cut loses a supporter,1.7014,1.7014,7,10,4,0.0909,11
boundary:query,1162,L40.hi.lo.lo.hi.lo.hi.lo.hi,hybrid,exception,contradicted; every cut loses a supporter,1.6947,1.6947,5,6,2,0.1429,7
boundary:query,1162,L261.lo.lo.lo.hi.hi,hybrid,exception,contradicted; every cut loses a supporter,1.6354,1.6354,8,6,3,0.25,8
boundary:query,1162,L40.hi.lo.lo.hi.lo.lo.hi.lo.hi,hybrid,exception,contradicted; every cut loses a supporter,1.6947,1.6947,6,6,2,0.1429,7
boundary:query,1162,L412.lo.hi.hi,hybrid,exception,contradicted; every cut loses a supporter,1.6069,1.6069,5,5,2,0.2857,7
boundary:query,1162,L419.lo.lo.hi,hybrid,exception,contradicted; every cut loses a supporter,1.8435,1.8435,8,7,3,0.2222,9
boundary:query,1162,L382.hi.hi.hi,hybrid,exception,contradicted; every cut loses a supporter,1.7323,1.7323,5,4,1,0.4286,7
boundary:query,1162,L407.lo.lo.lo,dense,exception,contradicted; every cut loses a supporter,1.6716,1.6716,12,5,2,0.1429,7
boundary:query,1162,L412.hi,hybrid,split,4 exceptions; cut f:query_cap_spans at 1,,1.7014,7,10,4,0.0909,11
boundary:query,1162,L412.hi.lo,hybrid,create,split of L412.hi,,1.7014,7,0,0,0.0,0
boundary:query,1164,L412.lo.hi.lo,hybrid,exception,contradicted; every cut loses a supporter,1.776,1.776,6,6,2,0.25,8
boundary:query,1164,L382.lo.lo.lo,hybrid,exception,contradicted; every cut loses a supporter,1.7327,1.7327,12,7,4,0.3,10
boundary:query,1164,L419.lo.lo.lo,hybrid,exception,contradicted; every cut loses a supporter,1.7033,1.7033,8,7,2,0.2222,9
boundary:query,1164,L382.hi.hi.lo,hybrid,exception,contradicted; every cut loses a supporter,1.5439,1.5439,5,4,1,0.3333,6
boundary:query,1164,L382.hi.hi.hi,hybrid,narrow,contradicted; cut f:query_len_tokens,1.7327,1.7327,5,5,1,0.375,8
boundary:query,1164,L381.lo.lo.lo.hi,dense,exception,contradicted; every cut loses a supporter,1.733,1.733,10,4,1,0.3333,6
boundary:query,1164,L407.lo.lo.lo,dense,exception,contradicted; every cut loses a supporter,1.672,1.672,12,6,3,0.125,8
boundary:query,1164,L382.lo.lo.lo,hybrid,split,4 exceptions; cut f:query_cap_spans at 1,,1.7327,12,7,4,0.3,10
boundary:query,1164,L382.lo.lo.lo.lo,hybrid,create,split of L382.lo.lo.lo,,1.7327,12,0,0,0.0,0
boundary:query,1165,L360,hybrid,expand,arm beat the default just outside the box,1.8578,1.9157,6,9,2,0.1818,11
boundary:query,1165,L406,hybrid,expand,arm beat the default just outside the box,2.0221,2.08,5,8,3,0.1111,9
boundary:query,1165,L286.hi,hybrid,expand,arm beat the default just outside the box,1.7223,1.7803,6,6,3,0.3333,9
boundary:query,1165,L285.lo,hybrid,expand,arm beat the default just outside the box,1.5619,1.5909,8,5,3,0.4444,9
boundary:query,1165,L285.hi,hybrid,expand,arm beat the default just outside the box,1.9261,1.955,7,6,3,0.4,10
boundary:query,1165,L405.lo,dense,expand,arm beat the default just outside the box,1.8691,1.9271,7,5,1,0.1667,6
boundary:query,1165,L414.lo,dense,expand,arm beat the default just outside the box,2.0131,2.0711,6,3,0,0.0,3
boundary:query,1165,L359.lo.lo,dense,expand,arm beat the default just outside the box,1.7015,1.7594,11,0,0,0.0,0
boundary:query,1165,L514,hybrid,create,"default missed, hybrid hit",,2.0,1,0,0,0.0,0
boundary:query,1166,L382.hi.hi.lo,hybrid,exception,contradicted; every cut loses a supporter,1.5434,1.5434,5,5,2,0.2857,7
boundary:query,1166,L381.lo.lo.lo.hi,dense,exception,contradicted; every cut loses a supporter,1.7325,1.7325,10,5,2,0.2857,7
boundary:query,1166,L407.lo.hi.lo,dense,exception,contradicted; every cut loses a supporter,1.686,1.686,5,5,1,0.1667,6
boundary:query,1168,L515,dense,create,"default missed, dense hit",,2.0,1,0,0,0.0,0
boundary:query,1168,L516,hybrid,create,"default missed, hybrid hit",,2.0,1,0,0,0.0,0
boundary:query,1169,L441,hybrid,exception,contradicted; every cut loses a supporter,1.9843,1.9843,5,9,4,0.1,10
boundary:query,1169,L441,hybrid,split,4 exceptions; cut f:query_len_tokens at 24,,1.9843,5,9,4,0.1,10
boundary:query,1169,L441.lo,hybrid,create,split of L441,,1.7818,3,0,0,0.0,0
boundary:query,1169,L441.hi,hybrid,create,split of L441,,1.8975,2,0,0,0.0,0
boundary:query,1170,L407.lo.hi.lo,dense,narrow,contradicted; cut f:query_len_tokens,1.6866,1.6432,5,6,1,0.1429,7
boundary:query,1170,L464.hi.lo.hi,dense,retire,utility <= 0,,1.8894,3,5,0,0.0,5
boundary:query,1172,L399,dense,expand,arm beat the default just outside the box,2.0415,2.0704,5,5,1,0.1667,6
boundary:query,1172,L122.lo.lo.hi.hi.hi,dense,expand,arm beat the default just outside the box,1.8034,1.8323,3,2,0,0.0,2
boundary:query,1172,L519,dense,create,"default missed, dense hit",,2.0,1,0,0,0.0,0
boundary:query,1173,L464.lo.lo.hi,dense,retire,utility <= 0,,1.6721,5,5,0,0.0,5
boundary:query,1174,L382.hi.lo,hybrid,exception,contradicted; every cut loses a supporter,1.545,1.545,6,8,4,0.2,10
boundary:query,1174,L412.lo.hi.lo,hybrid,exception,contradicted; every cut loses a supporter,1.777,1.777,6,7,3,0.2222,9
boundary:query,1174,L419.lo.lo.lo,hybrid,exception,contradicted; every cut loses a supporter,1.7043,1.7043,8,8,3,0.2,10
boundary:query,1174,L382.hi.hi.lo,hybrid,exception,contradicted; every cut loses a supporter,1.545,1.545,5,6,3,0.25,8
boundary:query,1174,L382.hi.hi.hi,hybrid,exception,contradicted; every cut loses a supporter,1.7336,1.7336,5,6,2,0.3333,9
boundary:query,1174,L407.lo.lo.lo,dense,expand,arm beat the default just outside the box,1.6729,1.7019,13,6,3,0.125,8
boundary:query,1174,L407.lo.hi.lo,dense,expand,arm beat the default just outside the box,1.644,1.6729,6,6,1,0.1429,7
boundary:query,1174,L464.hi.lo.lo,dense,expand,arm beat the default just outside the box,1.8032,1.8321,6,3,0,0.0,3
boundary:query,1174,L382.hi.lo,hybrid,split,4 exceptions; cut f:query_len_tokens at 13.5,,1.545,6,8,4,0.2,10
boundary:query,1174,L382.hi.lo.lo,hybrid,create,split of L382.hi.lo,,1.5015,3,0,0,0.0,0
boundary:query,1174,L382.hi.lo.hi,hybrid,create,split of L382.hi.lo,,1.3857,3,0,0,0.0,0
boundary:query,1175,L399,dense,narrow,contradicted; cut f:query_len_tokens,2.07,1.9597,5,6,1,0.1429,7
boundary:query,1178,L412.hi.lo,hybrid,retire,utility <= 0,,1.7019,7,5,0,-0.2,5
boundary:query,1179,L471.hi,hybrid,retire,utility <= 0,,1.8693,3,5,0,0.0,5
boundary:query,1182,L381.lo.lo.lo.hi,dense,exception,contradicted; every cut loses a supporter,1.7327,1.7327,11,6,3,0.3333,9
boundary:query,1184,L41.hi.lo.lo.hi.hi.hi.lo.hi,dense,exception,contradicted; every cut loses a supporter,1.7553,1.7553,12,7,3,0.1818,11
boundary:query,1184,L419.lo.lo.lo,hybrid,exception,contradicted; every cut loses a supporter,1.7037,1.7037,8,9,4,0.1818,11
boundary:query,1184,L419.lo.lo.hi,hybrid,exception,contradicted; every cut loses a supporter,1.8442,1.8442,8,8,4,0.2,10
boundary:query,1184,L381.lo.lo.lo.hi,dense,exception,contradicted; every cut loses a supporter,1.7333,1.7333,11,7,4,0.2,10
boundary:query,1184,L407.lo.lo.lo,dense,exception,contradicted; every cut loses a supporter,1.7013,1.7013,13,7,4,0.0,9
boundary:query,1184,L419.lo.lo.lo,hybrid,split,4 exceptions; cut f:query_len_tokens at 13.5,,1.7037,8,9,4,0.1818,11
boundary:query,1184,L419.lo.lo.lo.lo,hybrid,create,split of L419.lo.lo.lo,,1.6604,4,0,0,0.0,0
boundary:query,1184,L419.lo.lo.lo.hi,hybrid,create,split of L419.lo.lo.lo,,1.5738,4,0,0,0.0,0
boundary:query,1184,L419.lo.lo.hi,hybrid,split,4 exceptions; cut f:query_len_tokens at 15,,1.8442,8,8,4,0.2,10
boundary:query,1184,L419.lo.lo.hi.lo,hybrid,create,split of L419.lo.lo.hi,,1.7865,5,0,0,0.0,0
boundary:query,1184,L419.lo.lo.hi.hi,hybrid,create,split of L419.lo.lo.hi,,1.7576,3,0,0,0.0,0
boundary:query,1184,L381.lo.lo.lo.hi,dense,split,4 exceptions; cut f:query_cap_spans at 1,,1.7333,11,7,4,0.2,10
boundary:query,1184,L381.lo.lo.lo.hi.lo,dense,create,split of L381.lo.lo.lo.hi,,1.7333,11,0,0,0.0,0
boundary:query,1184,L407.lo.lo.lo,dense,split,4 exceptions; cut f:query_cap_spans at 1,,1.7013,13,7,4,0.0,9
boundary:query,1184,L407.lo.lo.lo.lo,dense,create,split of L407.lo.lo.lo,,1.7013,13,0,0,0.0,0
boundary:query,1185,L464.hi.hi,dense,exception,contradicted; every cut loses a supporter,1.8177,1.8177,5,5,1,0.1667,6
boundary:query,1185,L407.lo.hi.hi,dense,retire,utility <= 0,,1.6294,3,5,0,0.0,5
boundary:query,1186,L461,dense,exception,contradicted; every cut loses a supporter,1.9835,1.9835,4,6,2,0.3333,9
boundary:query,1186,L405.lo,dense,exception,contradicted; every cut loses a supporter,1.9268,1.9268,7,6,2,0.1429,7
boundary:query,1186,L414.lo,dense,retire,utility <= 0,,2.071,6,5,0,0.0,5
boundary:query,1187,L41.hi.lo.lo.hi.hi.hi.lo.hi,dense,expand,arm beat the default just outside the box,1.7549,1.7837,13,7,3,0.1818,11
boundary:query,1187,L381.lo.lo.lo.lo,dense,expand,arm beat the default just outside the box,1.6751,1.704,11,1,0,0.6667,3
boundary:query,1187,L419.lo.lo.lo.hi,hybrid,expand,arm beat the default just outside the box,1.5733,1.5878,5,0,0,0.0,0
boundary:query,1187,L419.lo.lo.hi.hi,hybrid,expand,arm beat the default just outside the box,1.7571,1.8149,4,0,0,0.0,0
boundary:query,1187,L464.hi.lo.lo,dense,retire,utility <= 0,,1.8313,7,4,0,0.0,5
boundary:query,1188,L464.lo.lo.lo,dense,exception,contradicted; every cut loses a supporter,1.6717,1.6717,9,4,1,0.4286,7
boundary:query,1188,L382.lo.lo.lo.lo,hybrid,exception,contradicted; every cut loses a supporter,1.7328,1.7328,13,5,1,0.1667,6
boundary:query,1190,L464.hi.hi,dense,exception,contradicted; every cut loses a supporter,1.8177,1.8177,5,6,2,0.1429,7
boundary:query,1191,L464.lo.lo.lo,dense,exception,contradicted; every cut loses a supporter,1.6724,1.6724,9,5,2,0.375,8
boundary:query,1191,L382.lo.lo.lo.lo,hybrid,exception,contradicted; every cut loses a supporter,1.7335,1.7335,13,6,2,0.1429,7
boundary:query,1192,L40.hi.lo.lo.hi.lo.hi.lo.hi,hybrid,exception,contradicted; every cut loses a supporter,1.6966,1.6966,5,7,3,0.125,8
boundary:query,1192,L40.hi.lo.lo.hi.lo.lo.hi.lo.hi,hybrid,exception,contradicted; every cut loses a supporter,1.6966,1.6966,6,7,3,0.125,8
boundary:query,1192,L412.lo.hi.hi,hybrid,exception,contradicted; every cut loses a supporter,1.6086,1.6086,5,6,3,0.25,8
boundary:query,1193,L16.lo,dense,narrow,contradicted; cut f:query_len_tokens,1.7888,1.7888,8,10,3,0.1538,13
boundary:query,1193,L32.lo.lo.lo,dense,exception,contradicted; every cut loses a supporter,2.0043,2.0043,11,7,3,0.0,8
boundary:query,1193,L405.lo,dense,narrow,contradicted; cut f:query_len_tokens,1.9275,1.7882,7,7,2,0.0,8
boundary:query,1193,L32.lo.lo.lo,dense,retire,utility <= 0,,2.0043,11,7,3,0.0,8
boundary:query,1193,L405.lo,dense,retire,utility <= 0,,1.7882,7,7,2,0.0,8
boundary:query,1194,L381.lo.lo.lo.lo,dense,exception,contradicted; every cut loses a supporter,1.7046,1.7046,11,4,1,0.3333,6
boundary:query,1194,L407.lo.hi.lo,dense,exception,contradicted; every cut loses a supporter,1.6727,1.6727,6,7,2,0.125,8
boundary:query,1194,L381.lo.lo.lo.hi.lo,dense,retire,utility <= 0,,1.7335,12,4,0,0.0,5
boundary:query,1195,L382.hi.hi.hi,hybrid,exception,contradicted; every cut loses a supporter,1.7335,1.7335,5,7,3,0.3,10
boundary:query,1195,L407.lo.hi.lo,dense,exception,contradicted; every cut loses a supporter,1.6729,1.6729,6,8,3,0.1111,9
boundary:query,1196,L383,hybrid,retire,utility <= 0,,2.0228,1,5,0,0.0,5
boundary:query,1197,L407.lo.lo.lo.lo,dense,retire,utility <= 0,,1.7011,14,4,0,0.0,5
boundary:query,1198,L399,dense,exception,contradicted; every cut loses a supporter,1.9597,1.9597,5,7,2,0.0,8
boundary:query,1198,L399,dense,retire,utility <= 0,,1.9597,5,7,2,0.0,8
boundary:query,1199,L515,dense,expand,arm beat the default just outside the box,2.0001,2.0359,2,1,0,0.0,1
boundary:query,1199,L516,hybrid,expand,arm beat the default just outside the box,2.0001,2.0359,2,1,0,0.0,1
boundary:query,1199,L528,dense,create,"default missed, dense hit",,2.0,1,0,0,0.0,0
boundary:query,1199,L529,hybrid,create,"default missed, hybrid hit",,2.0,1,0,0,0.0,0
boundary:query,1202,L40.hi.lo.hi.lo,hybrid,exception,contradicted; every cut loses a supporter,1.6962,1.6962,7,6,3,0.25,8
boundary:query,1208,L40.hi.lo.lo.hi.lo.hi.lo.lo,hybrid,expand,arm beat the default just outside the box,1.6958,1.7246,13,7,3,0.3,10
boundary:query,1208,L261.lo.lo.lo.hi.lo,hybrid,expand,arm beat the default just outside the box,1.6363,1.6651,9,6,3,0.25,8
boundary:query,1208,L40.hi.lo.lo.hi.lo.lo.hi.lo.lo,hybrid,expand,arm beat the default just outside the box,1.6958,1.7246,10,7,3,0.3,10
boundary:query,1208,L412.lo.hi.lo,hybrid,expand,arm beat the default just outside the box,1.775,1.8038,7,7,3,0.2222,9
boundary:query,1208,L382.hi.hi.lo,hybrid,expand,arm beat the default just outside the box,1.5439,1.5727,6,6,3,0.25,8
boundary:query,1208,L382.hi.hi.hi,hybrid,expand,arm beat the default just outside the box,1.733,1.7617,6,7,3,0.3,10
boundary:query,1208,L407.lo.hi.lo,dense,expand,arm beat the default just outside the box,1.6728,1.6728,7,8,3,0.1111,9
boundary:query,1208,L464.lo.lo.lo,dense,expand,arm beat the default just outside the box,1.6722,1.7297,10,5,2,0.375,8
boundary:query,1208,L382.lo.lo.lo.lo,hybrid,expand,arm beat the default just outside the box,1.733,1.7617,14,6,2,0.1429,7
boundary:query,1208,L382.hi.lo.lo,hybrid,expand,arm beat the default just outside the box,1.5008,1.5727,4,4,0,0.0,4
boundary:query,1208,L382.hi.lo.hi,hybrid,expand,arm beat the default just outside the box,1.386,1.4147,4,0,0,0.0,0
boundary:query,1208,L419.lo.lo.lo.lo,hybrid,expand,arm beat the default just outside the box,1.6608,1.7326,6,4,0,0.2,5
boundary:query,1208,L419.lo.lo.lo.hi,hybrid,expand,arm beat the default just outside the box,1.589,1.6177,6,0,0,0.0,0
boundary:query,1208,L419.lo.lo.hi.lo,hybrid,expand,arm beat the default just outside the box,1.7874,1.8161,7,0,0,1.0,1
boundary:query,1208,L528,dense,expand,arm beat the default just outside the box,1.9995,2.0059,2,2,0,0.0,2
boundary:query,1208,L529,hybrid,expand,arm beat the default just outside the box,1.9995,2.0059,2,2,0,0.0,2
boundary:query,1208,L530,dense,create,"default missed, dense hit",,2.0,1,0,0,0.0,0
boundary:query,1210,L515,dense,retire,utility <= 0,,2.0347,2,5,0,-0.4,5
boundary:query,1210,L516,hybrid,retire,utility <= 0,,2.0347,2,5,0,0.0,5
boundary:query,1211,L381.lo.lo.lo.lo,dense,exception,contradicted; every cut loses a supporter,1.7041,1.7041,11,5,2,0.2857,7
boundary:query,1211,L419.lo.lo.lo.lo,hybrid,exception,contradicted; every cut loses a supporter,1.7322,1.7322,6,5,1,0.1667,6
boundary:query,1212,L531,dense,create,"default missed, dense hit",,2.0,1,0,0,0.0,0
boundary:query,1212,L532,hybrid,create,"default missed, hybrid hit",,2.0,1,0,0,0.0,0
boundary:query,1213,L359.lo.lo,dense,retire,utility <= 0,,1.7588,11,5,0,0.0,5
boundary:query,1214,L441.lo,hybrid,expand,arm beat the default just outside the box,1.7822,1.8395,4,3,0,0.0,3
boundary:query,1214,L533,hybrid,create,"default missed, hybrid hit",,2.0,1,0,0,0.0,0
boundary:query,1215,L381.lo.lo.lo.lo,dense,exception,contradicted; every cut loses a supporter,1.7036,1.7036,11,6,3,0.25,8
boundary:query,1215,L464.lo.lo.lo,dense,exception,contradicted; every cut loses a supporter,1.7286,1.7286,10,6,3,0.3333,9
boundary:query,1215,L382.lo.lo.lo.lo,hybrid,exception,contradicted; every cut loses a supporter,1.7606,1.7606,14,7,3,0.125,8
boundary:query,1215,L419.lo.lo.lo.lo,hybrid,exception,contradicted; every cut loses a supporter,1.7316,1.7316,6,6,2,0.1429,7
boundary:query,1215,L382.hi.lo.lo,hybrid,retire,utility <= 0,,1.5716,4,5,0,0.0,5
boundary:query,1217,L382.hi.hi.hi,hybrid,exception,contradicted; every cut loses a supporter,1.7608,1.7608,6,8,4,0.2727,11
boundary:query,1217,L407.lo.hi.lo,dense,exception,contradicted; every cut loses a supporter,1.6721,1.6721,7,9,4,0.1,10
boundary:query,1217,L382.hi.hi.hi,hybrid,split,4 exceptions; cut f:query_len_tokens at 12,,1.7608,6,8,4,0.2727,11
boundary:query,1217,L382.hi.hi.hi.lo,hybrid,create,split of L382.hi.hi.hi,,1.6462,4,0,0,0.0,0
boundary:query,1217,L382.hi.hi.hi.hi,hybrid,create,split of L382.hi.hi.hi,,1.6462,2,0,0,0.0,0
boundary:query,1217,L407.lo.hi.lo,dense,split,4 exceptions; cut f:query_cap_spans at 1,,1.6721,7,9,4,0.1,10
boundary:query,1217,L407.lo.hi.lo.lo,dense,create,split of L407.lo.hi.lo,,1.483,6,0,0,0.0,0
boundary:query,1217,L407.lo.hi.lo.hi,dense,create,split of L407.lo.hi.lo,,1.6721,1,0,0,0.0,0
boundary:query,1218,L464.lo.lo.lo,dense,exception,contradicted; every cut loses a supporter,1.7292,1.7292,10,7,4,0.3,10
boundary:query,1218,L382.lo.lo.lo.lo,hybrid,exception,contradicted; every cut loses a supporter,1.7611,1.7611,14,8,4,0.1111,9
boundary:query,1218,L419.lo.lo.lo.lo,hybrid,exception,contradicted; every cut loses a supporter,1.7321,1.7321,6,7,3,0.125,8
boundary:query,1218,L464.lo.lo.lo,dense,split,4 exceptions; cut f:query_cap_spans at 1,,1.7292,10,7,4,0.3,10
boundary:query,1218,L464.lo.lo.lo.lo,dense,create,split of L464.lo.lo.lo,,1.7292,10,0,0,0.0,0
boundary:query,1218,L382.lo.lo.lo.lo,hybrid,split,4 exceptions; cut f:query_cap_spans at 1,,1.7611,14,8,4,0.1111,9
boundary:query,1218,L382.lo.lo.lo.lo.lo,hybrid,create,split of L382.lo.lo.lo.lo,,1.7611,14,0,0,0.0,0
boundary:query,1220,L419.lo.lo.hi.hi,hybrid,retire,utility <= 0,,1.8152,5,4,0,0.0,5
boundary:query,1220,L528,dense,retire,utility <= 0,,2.0044,2,5,0,-0.2,5
boundary:query,1220,L529,hybrid,retire,utility <= 0,,2.0044,2,5,0,0.0,5
boundary:query,1224,L530,dense,expand,arm beat the default just outside the box,1.9977,2.0033,2,3,0,0.0,3
boundary:query,1224,L540,dense,create,"default missed, dense hit",,2.0,1,0,0,0.0,0
boundary:query,1224,L541,hybrid,create,"default missed, hybrid hit",,2.0,1,0,0,0.0,0
boundary:query,1226,L464.hi.hi,dense,exception,contradicted; every cut loses a supporter,1.8174,1.8174,5,7,3,0.125,8
boundary:query,1226,L530,dense,retire,utility <= 0,,2.0042,2,5,0,0.0,5
boundary:query,1228,L360,hybrid,expand,arm beat the default just outside the box,1.9148,1.931,7,9,2,0.1818,11
boundary:query,1228,L406,hybrid,expand,arm beat the default just outside the box,2.0772,2.0952,6,8,3,0.1111,9
boundary:query,1228,L461,dense,expand,arm beat the default just outside the box,1.9816,2.0024,5,6,2,0.3333,9
boundary:query,1228,L514,hybrid,expand,arm beat the default just outside the box,1.9979,2.0272,2,2,0,0.0,2
boundary:query,1228,L542,dense,create,"default missed, dense hit",,2.0,1,0,0,0.0,0
boundary:query,1230,L533,hybrid,expand,arm beat the default just outside the box,1.9998,2.0847,2,1,0,0.0,1
boundary:query,1230,L382.hi.hi.hi.hi,hybrid,expand,arm beat the default just outside the box,1.6456,1.6743,3,3,0,0.0,3
boundary:query,1232,L419.lo.lo.lo.lo,hybrid,exception,contradicted; every cut loses a supporter,1.7317,1.7317,6,8,4,0.1111,9
boundary:query,1232,L419.lo.lo.hi.lo,hybrid,exception,contradicted; every cut loses a supporter,1.8153,1.8153,7,5,1,0.1667,6
boundary:query,1232,L419.lo.lo.lo.lo,hybrid,split,4 exceptions; cut f:query_cap_spans at 1,,1.7317,6,8,4,0.1111,9
boundary:query,1232,L419.lo.lo.lo.lo.lo,hybrid,create,split of L419.lo.lo.lo.lo,,1.7317,6,0,0,0.0,0
boundary:query,1232,L419.lo.lo.lo.hi,hybrid,retire,utility <= 0,,1.617,6,5,0,0.0,5
boundary:query,1234,L464.lo.lo.lo.lo,dense,retire,utility <= 0,,1.7293,10,5,0,-0.2,5
boundary:query,1234,L382.lo.lo.lo.lo.lo,hybrid,retire,utility <= 0,,1.7613,14,5,0,-0.2,5
boundary:query,1235,L41.hi.lo.lo.hi.hi.hi.lo.lo,dense,exception,contradicted; every cut loses a supporter,1.6977,1.6977,12,7,4,0.3636,11
boundary:query,1235,L41.hi.lo.lo.hi.hi.hi.lo.lo,dense,split,4 exceptions; cut f:query_len_tokens at 15,,1.6977,12,7,4,0.3636,11
boundary:query,1235,L41.hi.lo.lo.hi.hi.hi.lo.lo.lo,dense,create,split of L41.hi.lo.lo.hi.hi.hi.lo.lo,,1.583,7,0,0,0.0,0
boundary:query,1235,L41.hi.lo.lo.hi.hi.hi.lo.lo.hi,dense,create,split of L41.hi.lo.lo.hi.hi.hi.lo.lo,,1.6403,5,0,0,0.0,0
boundary:query,1236,L419.lo.lo.hi.lo,hybrid,exception,contradicted; every cut loses a supporter,1.8164,1.8164,7,6,2,0.1429,7
boundary:query,1236,L407.lo.hi.lo.hi,dense,narrow,contradicted; cut f:query_cap_spans,1.673,1.673,2,5,0,0.1667,6
boundary:query,1236,L382.hi.hi.hi.lo,hybrid,retire,utility <= 0,,1.6471,5,4,0,0.0,5
boundary:query,1236,L382.hi.hi.hi.hi,hybrid,retire,utility <= 0,,1.6758,3,5,0,0.0,5
boundary:query,1236,L407.lo.hi.lo.lo,dense,retire,utility <= 0,,1.484,6,5,0,0.0,5
boundary:query,1238,L464.hi.hi,dense,expand,arm beat the default just outside the box,1.8181,1.8324,6,7,3,0.125,8
boundary:query,1239,L419.lo.lo.hi.lo,hybrid,exception,contradicted; every cut loses a supporter,1.816,1.816,7,7,3,0.125,8
boundary:query,1241,L122.lo.lo.lo.lo,dense,expand,arm beat the default just outside the box,1.5071,1.5645,13,5,2,0.3333,9
boundary:query,1241,L464.hi.hi,dense,expand,arm beat the default just outside the box,1.833,1.8905,7,7,3,0.125,8
boundary:query,1241,L441.lo,hybrid,expand,arm beat the default just outside the box,1.8414,1.8988,5,4,0,0.0,4
boundary:query,1241,L519,dense,expand,arm beat the default just outside the box,1.9997,2.0286,3,2,0,0.3333,3
boundary:query,1241,L407.lo.hi.lo.hi,dense,expand,arm beat the default just outside the box,1.6732,1.7019,3,5,0,0.1667,6
boundary:query,1241,L540,dense,expand,arm beat the default just outside the box,2.0026,2.0249,3,3,0,0.25,4
boundary:query,1241,L541,hybrid,expand,arm beat the default just outside the box,2.0026,2.0249,2,4,0,0.0,4
boundary:query,1241,L546,dense,create,"default missed, dense hit",,2.0,1,0,0,0.0,0
boundary:query,1242,L419.lo.lo.lo.lo.lo,hybrid,retire,utility <= 0,,1.7333,6,5,0,-0.2,5
boundary:query,1246,L381.lo.lo.lo.lo,dense,exception,contradicted; every cut loses a supporter,1.7047,1.7047,11,7,4,0.2222,9
boundary:query,1246,L381.lo.lo.lo.lo,dense,split,4 exceptions; cut f:query_cap_spans at 1,,1.7047,11,7,4,0.2222,9
boundary:query,1246,L381.lo.lo.lo.lo.lo,dense,create,split of L381.lo.lo.lo.lo,,1.7047,11,0,0,0.0,0
boundary:query,1247,L360,hybrid,expand,arm beat the default just outside the box,1.9323,1.9772,8,9,2,0.1818,11
boundary:query,1247,L406,hybrid,expand,arm beat the default just outside the box,2.0965,2.1144,7,8,3,0.1111,9
boundary:query,1247,L548,hybrid,create,"default missed, hybrid hit",,2.0,1,0,0,0.0,0
boundary:query,1248,L464.hi.hi,dense,exception,contradicted; every cut loses a supporter,1.8894,1.8894,7,8,4,0.1111,9
boundary:query,1248,L464.hi.hi,dense,split,4 exceptions; cut f:query_cap_spans at 2,,1.8894,7,8,4,0.1111,9
boundary:query,1248,L464.hi.hi.lo,dense,create,split of L464.hi.hi,,1.8894,7,0,0,0.0,0
boundary:query,1249,L122.lo.lo.lo.lo,dense,exception,contradicted; every cut loses a supporter,1.564,1.564,13,6,3,0.2,10
boundary:query,1249,L407.lo.hi.lo.hi,dense,exception,contradicted; every cut loses a supporter,1.7012,1.7012,3,6,1,0.0,7
boundary:query,1249,L441.lo,hybrid,retire,utility <= 0,,1.898,5,5,0,0.0,5
boundary:query,1249,L407.lo.hi.lo.hi,dense,retire,utility <= 0,,1.7012,3,6,1,0.0,7
boundary:query,1249,L540,dense,retire,utility <= 0,,2.0241,3,4,0,0.0,5
boundary:query,1249,L541,hybrid,retire,utility <= 0,,2.0241,2,5,0,0.0,5
boundary:query,1250,L519,dense,retire,utility <= 0,,2.028,3,4,0,0.0,5
boundary:query,1253,L441.hi,hybrid,retire,utility <= 0,,1.899,2,5,0,0.0,5
boundary:query,1254,L464.hi.hi.lo,dense,retire,utility <= 0,,1.8911,7,5,0,-0.2,5
boundary:query,1256,L533,hybrid,narrow,contradicted; cut f:query_len_tokens,2.0883,1.9789,3,5,0,0.1667,6
boundary:query,1257,L41.hi.lo.lo.hi.hi.hi.lo.hi,dense,expand,arm beat the default just outside the box,1.7856,1.8143,14,7,3,0.1818,11
boundary:query,1257,L41.hi.lo.lo.hi.hi.hi.lo.lo.lo,dense,expand,arm beat the default just outside the box,1.5846,1.6134,8,0,0,0.0,0
boundary:query,1258,L546,dense,expand,arm beat the default just outside the box,2.0018,2.0243,2,3,0,-0.3333,3
boundary:query,1258,L550,dense,create,"default missed, dense hit",,2.0,1,0,0,0.0,0
boundary:query,1259,L122.lo.lo.hi.hi.hi,dense,narrow,contradicted; cut f:query_len_tokens,1.8333,1.6896,4,5,0,0.0,6
boundary:query,1259,L533,hybrid,exception,contradicted; every cut loses a supporter,1.9794,1.9794,3,6,1,0.1429,7
boundary:query,1259,L122.lo.lo.hi.hi.hi,dense,retire,utility <= 0,,1.6896,4,5,0,0.0,6
boundary:query,1260,L419.lo.lo.hi.lo,hybrid,exception,contradicted; every cut loses a supporter,1.8185,1.8185,8,8,4,0.2,10
boundary:query,1260,L419.lo.lo.hi.lo,hybrid,split,4 exceptions; cut f:query_cap_spans at 1,,1.8185,8,8,4,0.2,10
boundary:query,1260,L419.lo.lo.hi.lo.lo,hybrid,create,split of L419.lo.lo.hi.lo,,1.8185,8,0,0,0.0,0
boundary:query,1261,L533,hybrid,exception,contradicted; every cut loses a supporter,1.9801,1.9801,3,7,2,0.125,8
boundary:query,1261,L122.lo.lo.lo.lo,dense,expand,arm beat the default just outside the box,1.5669,1.6244,14,6,3,0.2,10
boundary:query,1261,L550,dense,expand,arm beat the default just outside the box,2.0008,2.0234,2,1,0,0.0,1
boundary:query,1261,L546,dense,retire,utility <= 0,,2.025,3,4,0,0.0,5
boundary:query,1266,L360,hybrid,exception,contradicted; every cut loses a supporter,1.9814,1.9814,8,10,3,0.1667,12
boundary:query,1266,L406,hybrid,exception,contradicted; every cut loses a supporter,2.1189,2.1189,7,9,4,0.1,10
boundary:query,1266,L406,hybrid,split,4 exceptions; cut f:query_len_tokens at 11,,2.1189,7,9,4,0.1,10
boundary:query,1266,L406.lo,hybrid,create,split of L406,,1.9464,4,0,0,0.0,0
boundary:query,1266,L406.hi,hybrid,create,split of L406,,1.8941,3,0,0,0.0,0
boundary:query,1268,L550,dense,exception,contradicted; every cut loses a supporter,2.0246,2.0246,3,5,1,0.1667,6
boundary:query,1270,L550,dense,exception,contradicted; every cut loses a supporter,2.0251,2.0251,3,6,2,0.1429,7
boundary:query,1273,L550,dense,narrow,contradicted; cut f:query_len_tokens,2.0249,1.973,3,7,2,0.125,8
boundary:query,1274,L550,dense,narrow,contradicted; cut f:query_len_tokens,1.9734,1.8927,3,8,2,0.1111,9
boundary:query,1276,L41.hi.lo.lo.hi.hi.hi.lo.hi,dense,exception,contradicted; every cut loses a supporter,1.8175,1.8175,14,8,4,0.1667,12
boundary:query,1276,L41.hi.lo.lo.hi.hi.hi.lo.hi,dense,split,4 exceptions; cut f:query_len_tokens at 17,,1.8175,14,8,4,0.1667,12
boundary:query,1276,L41.hi.lo.lo.hi.hi.hi.lo.hi.lo,dense,create,split of L41.hi.lo.lo.hi.hi.hi.lo.hi,,1.6735,9,0,0,0.0,0
boundary:query,1276,L41.hi.lo.lo.hi.hi.hi.lo.hi.hi,dense,create,split of L41.hi.lo.lo.hi.hi.hi.lo.hi,,1.6735,5,0,0,0.0,0
boundary:query,1278,L419.lo.lo.hi.lo.lo,hybrid,expand,arm beat the default just outside the box,1.8213,1.8789,9,3,0,0.0,3
boundary:query,1278,L556,hybrid,create,"default missed, hybrid hit",,2.0,1,0,0,0.0,0
boundary:query,1279,L533,hybrid,exception,contradicted; every cut loses a supporter,1.9834,1.9834,4,8,3,0.2,10
boundary:query,1280,L381.lo.lo.lo.lo.lo,dense,exception,contradicted; every cut loses a supporter,1.71,1.71,12,5,1,0.1667,6
boundary:query,1281,L557,dense,create,"default missed, dense hit",,2.0,1,0,0,0.0,0
boundary:query,1283,L41.hi.lo.lo.hi.hi.hi.lo.lo.hi,dense,expand,arm beat the default just outside the box,1.645,1.7027,6,2,0,-0.5,2
boundary:query,1283,L550,dense,expand,arm beat the default just outside the box,1.8927,1.9153,4,8,2,0.1111,9
boundary:query,1283,L557,dense,expand,arm beat the default just outside the box,1.9983,2.0213,2,0,0,0.0,0
boundary:query,1284,L557,dense,expand,arm beat the default just outside the box,2.0212,2.0853,3,0,0,0.0,0
boundary:query,1284,L558,hybrid,create,"default missed, hybrid hit",,2.0,1,0,0,0.0,0
boundary:query,1285,L559,dense,create,"default missed, dense hit",,2.0,1,0,0,0.0,0
boundary:query,1286,L557,dense,expand,arm beat the default just outside the box,2.0848,2.1078,4,0,0,0.0,0
boundary:query,1287,L360,hybrid,exception,contradicted; every cut loses a supporter,1.9817,1.9817,8,11,4,0.1538,13
boundary:query,1287,L360,hybrid,split,4 exceptions; cut f:query_cap_spans at 2,,1.9817,8,11,4,0.1538,13
boundary:query,1287,L360.lo,hybrid,create,split of L360,,1.7926,7,0,0,0.0,0
boundary:query,1287,L360.hi,hybrid,create,split of L360,,1.7926,1,0,0,0.0,0
boundary:query,1288,L419.lo.lo.hi.lo.lo,hybrid,exception,contradicted; every cut loses a supporter,1.8772,1.8772,10,5,1,0.1667,6
boundary:query,1289,L382.hi.lo.hi,hybrid,exception,contradicted; every cut loses a supporter,1.4179,1.4179,5,5,1,0.1667,6
boundary:query,1289,L550,dense,exception,contradicted; every cut loses a supporter,1.9149,1.9149,5,9,3,0.1818,11
boundary:query,1289,L419.lo.lo.hi.lo.lo,hybrid,exception,contradicted; every cut loses a supporter,1.8776,1.8776,10,6,2,0.1429,7
boundary:query,1290,L550,dense,expand,arm beat the default just outside the box,1.9153,1.9441,6,9,3,0.1818,11
boundary:query,1290,L556,hybrid,expand,arm beat the default just outside the box,1.9994,2.0223,3,0,0,1.0,1
boundary:query,1290,L562,hybrid,create,"default missed, hybrid hit",,2.0,1,0,0,0.0,0
boundary:query,1293,L558,hybrid,expand,arm beat the default just outside the box,2.0,2.0288,2,0,0,0.0,0
boundary:query,1293,L562,hybrid,expand,arm beat the default just outside the box,1.9999,2.0354,2,1,0,0.0,1
boundary:query,1294,L533,hybrid,exception,contradicted; every cut loses a supporter,1.9825,1.9825,5,9,4,0.25,12
boundary:query,1294,L550,dense,exception,contradicted; every cut loses a supporter,1.9444,1.9444,6,10,4,0.1667,12
boundary:query,1294,L557,dense,exception,contradicted; every cut loses a supporter,2.1089,2.1089,5,5,1,0.1667,6
boundary:query,1294,L533,hybrid,split,4 exceptions; cut f:query_len_tokens at 15,,1.9825,5,9,4,0.25,12
boundary:query,1294,L533.lo,hybrid,create,split of L533,,1.8091,3,0,0,0.0,0
boundary:query,1294,L533.hi,hybrid,create,split of L533,,1.8669,2,0,0,0.0,0
boundary:query,1294,L550,dense,split,4 exceptions; cut f:query_len_tokens at 15.5,,1.9444,6,10,4,0.1667,12
boundary:query,1294,L550.lo,dense,create,split of L550,,1.7855,3,0,0,0.0,0
boundary:query,1294,L550.hi,dense,create,split of L550,,1.8722,3,0,0,0.0,0
boundary:query,1295,L562,hybrid,expand,arm beat the default just outside the box,2.0361,2.1165,3,1,0,0.0,1
boundary:query,1295,L550.lo,dense,expand,arm beat the default just outside the box,1.7857,1.8146,4,0,0,0.0,0
boundary:query,1298,L286.hi,hybrid,exception,contradicted; every cut loses a supporter,1.7845,1.7845,7,7,4,0.2727,11
boundary:query,1298,L285.lo,hybrid,exception,contradicted; every cut loses a supporter,1.5946,1.5946,8,6,4,0.3,10
boundary:query,1298,L285.hi,hybrid,exception,contradicted; every cut loses a supporter,1.9598,1.9598,8,7,4,0.3333,12
boundary:query,1298,L461,dense,exception,contradicted; every cut loses a supporter,2.0087,2.0087,5,7,3,0.2,10
boundary:query,1298,L286.hi,hybrid,split,4 exceptions; cut f:query_cap_spans at 2,,1.7845,7,7,4,0.2727,11
boundary:query,1298,L286.hi.lo,hybrid,create,split of L286.hi,,1.5952,5,0,0,0.0,0
boundary:query,1298,L286.hi.hi,hybrid,create,split of L286.hi,,1.7845,2,0,0,0.0,0
boundary:query,1298,L285.lo,hybrid,split,4 exceptions; cut f:query_len_tokens at 12.5,,1.5946,8,6,4,0.3,10
boundary:query,1298,L285.lo.lo,hybrid,create,split of L285.lo,,1.4645,4,0,0,0.0,0
boundary:query,1298,L285.lo.hi,hybrid,create,split of L285.lo,,1.4934,4,0,0,0.0,0
boundary:query,1298,L285.hi,hybrid,split,4 exceptions; cut f:query_cap_spans at 2,,1.9598,8,7,4,0.3333,12
boundary:query,1298,L285.hi.lo,hybrid,create,split of L285.hi,,1.5946,5,0,0,0.0,0
boundary:query,1298,L285.hi.hi,hybrid,create,split of L285.hi,,1.9598,3,0,0,0.0,0
boundary:query,1298,L514,hybrid,retire,utility <= 0,,2.0336,2,5,0,-0.2,5
boundary:query,1299,L557,dense,exception,contradicted; every cut loses a supporter,2.1079,2.1079,6,6,2,0.25,8
boundary:query,1300,L382.hi.lo.hi,hybrid,exception,contradicted; every cut loses a supporter,1.4171,1.4171,5,6,2,0.1429,7
boundary:query,1300,L557,dense,exception,contradicted; every cut loses a supporter,2.1084,2.1084,6,7,3,0.2222,9
boundary:query,1301,L558,hybrid,expand,arm beat the default just outside the box,2.0291,2.087,3,0,0,0.0,0
boundary:query,1301,L550.lo,dense,expand,arm beat the default just outside the box,1.8139,1.8284,5,0,0,0.0,0
boundary:query,1302,L557,dense,exception,contradicted; every cut loses a supporter,2.1093,2.1093,6,8,4,0.2,10
boundary:query,1302,L40.hi.lo.lo.hi.lo.hi.lo.hi,hybrid,expand,arm beat the default just outside the box,1.7,1.7579,6,7,3,0.125,8
boundary:query,1302,L261.lo.lo.lo.hi.hi,hybrid,expand,arm beat the default just outside the box,1.6403,1.6982,9,6,3,0.25,8
boundary:query,1302,L40.hi.lo.lo.hi.lo.lo.hi.lo.hi,hybrid,expand,arm beat the default just outside the box,1.7,1.7579,7,7,3,0.125,8
boundary:query,1302,L412.lo.hi.hi,hybrid,expand,arm beat the default just outside the box,1.6117,1.6696,6,6,3,0.25,8
boundary:query,1302,L419.lo.lo.hi.lo.lo,hybrid,expand,arm beat the default just outside the box,1.8781,1.936,11,6,2,0.1429,7
boundary:query,1302,L557,dense,split,4 exceptions; cut f:query_len_tokens at 13.5,,2.1093,6,8,4,0.2,10
boundary:query,1302,L557.lo,dense,create,split of L557,,1.8696,3,0,0,0.0,0
boundary:query,1302,L557.hi,dense,create,split of L557,,1.9501,3,0,0,0.0,0
boundary:query,1303,L542,dense,expand,arm beat the default just outside the box,2.0072,2.0296,2,0,0,0.0,0
boundary:query,1303,L548,hybrid,expand,arm beat the default just outside the box,2.006,2.0284,2,3,0,0.0,3
boundary:query,1303,L285.lo.hi,hybrid,expand,arm beat the default just outside the box,1.4935,1.537,5,0,0,0.0,0
boundary:query,1303,L575,dense,create,"default missed, dense hit",,2.0,1,0,0,0.0,0
boundary:query,1304,L556,hybrid,narrow,contradicted; cut f:query_len_tokens,2.0225,1.9708,6,3,0,0.5714,7
boundary:query,1304,L562,hybrid,narrow,contradicted; cut f:query_len_tokens,2.1163,1.9781,5,4,0,0.3333,6
boundary:query,1305,L360.lo,hybrid,retire,utility <= 0,,1.7926,8,4,0,0.0,5
boundary:query,1305,L360.hi,hybrid,retire,utility <= 0,,1.7926,2,4,0,0.0,5
boundary:query,1306,L419.lo.lo.hi.lo.lo,hybrid,exception,contradicted; every cut loses a supporter,1.9349,1.9349,11,7,3,0.125,8
boundary:query,1306,L556,hybrid,exception,contradicted; every cut loses a supporter,1.9703,1.9703,6,4,1,0.5,8
boundary:query,1308,L122.lo.lo.lo.lo,dense,expand,arm beat the default just outside the box,1.6251,1.6831,15,6,3,0.2,10
boundary:query,1308,L533.hi,hybrid,expand,arm beat the default just outside the box,1.8662,1.8662,3,2,0,0.0,2
boundary:query,1309,L419.lo.lo.hi.lo.lo,hybrid,exception,contradicted; every cut loses a supporter,1.9354,1.9354,11,8,4,0.1111,9
boundary:query,1309,L556,hybrid,exception,contradicted; every cut loses a supporter,1.9707,1.9707,6,5,2,0.4444,9
boundary:query,1309,L550.hi,dense,narrow,contradicted; cut f:query_cap_spans,1.8714,1.8714,5,5,0,0.1429,7
boundary:query,1309,L419.lo.lo.hi.lo.lo,hybrid,split,4 exceptions; cut f:query_len_tokens at 15,,1.9354,11,8,4,0.1111,9
boundary:query,1309,L419.lo.lo.hi.lo.lo.lo,hybrid,create,split of L419.lo.lo.hi.lo.lo,,1.7905,7,0,0,0.0,0
boundary:query,1309,L419.lo.lo.hi.lo.lo.hi,hybrid,create,split of L419.lo.lo.hi.lo.lo,,1.8484,4,0,0,0.0,0
boundary:query,1310,L261.lo.lo.lo.hi.hi,hybrid,exception,contradicted; every cut loses a supporter,1.698,1.698,9,7,4,0.2222,9
boundary:query,1310,L556,hybrid,exception,contradicted; every cut loses a supporter,1.9711,1.9711,6,6,3,0.4,10
boundary:query,1310,L562,hybrid,exception,contradicted; every cut loses a supporter,1.9784,1.9784,6,5,1,0.375,8
boundary:query,1310,L550.hi,dense,exception,contradicted; every cut loses a supporter,1.8718,1.8718,5,6,1,0.125,8
boundary:query,1310,L261.lo.lo.lo.hi.hi,hybrid,split,4 exceptions; cut f:query_len_tokens at 15,,1.698,9,7,4,0.2222,9
boundary:query,1310,L261.lo.lo.lo.hi.hi.lo,hybrid,create,split of L261.lo.lo.lo.hi.hi,,1.5531,6,0,0,0.0,0
boundary:query,1310,L261.lo.lo.lo.hi.hi.hi,hybrid,create,split of L261.lo.lo.lo.hi.hi,,1.611,3,0,0,0.0,0
boundary:query,1312,L556,hybrid,exception,contradicted; every cut loses a supporter,1.9718,1.9718,6,7,4,0.3636,11
boundary:query,1312,L562,hybrid,exception,contradicted; every cut loses a supporter,1.9791,1.9791,6,6,2,0.3333,9
boundary:query,1312,L550.hi,dense,exception,contradicted; every cut loses a supporter,1.8725,1.8725,5,7,2,0.1111,9
boundary:query,1312,L556,hybrid,split,4 exceptions; cut f:query_len_tokens at 17,,1.9718,6,7,4,0.3636,11
boundary:query,1312,L556.lo,hybrid,create,split of L556,,1.8268,3,0,0,0.0,0
boundary:query,1312,L556.hi,hybrid,create,split of L556,,1.8331,3,0,0,0.0,0
boundary:query,1312,L557.hi,dense,retire,utility <= 0,,1.9505,4,4,0,0.0,5
boundary:query,1313,L461,dense,exception,contradicted; every cut loses a supporter,2.0097,2.0097,5,8,4,0.1818,11
boundary:query,1313,L461,dense,split,4 exceptions; cut f:query_len_tokens at 14,,2.0097,5,8,4,0.1818,11
boundary:query,1313,L461.lo,dense,create,split of L461,,1.8434,3,0,0,0.0,0
boundary:query,1313,L461.hi,dense,create,split of L461,,1.8647,2,0,0,0.0,0
boundary:query,1313,L406.hi,hybrid,retire,utility <= 0,,1.8946,4,4,0,0.0,5
boundary:query,1316,L548,hybrid,retire,utility <= 0,,2.0261,2,5,0,0.0,5
boundary:query,1317,L562,hybrid,exception,contradicted; every cut loses a supporter,1.9759,1.9759,6,7,3,0.3,10
boundary:query,1323,L406.lo,hybrid,exception,contradicted; every cut loses a supporter,1.944,1.944,5,5,1,0.1667,6
boundary:query,1324,L41.hi.lo.lo.hi.hi.hi.lo.hi.hi,dense,retire,utility <= 0,,1.6711,5,5,0,-0.4,5
boundary:query,1325,L562,hybrid,exception,contradicted; every cut loses a supporter,1.975,1.975,6,8,4,0.2727,11
boundary:query,1325,L550.hi,dense,exception,contradicted; every cut loses a supporter,1.8685,1.8685,5,8,3,0.1,10
boundary:query,1325,L562,hybrid,split,4 exceptions; cut f:query_cap_spans at 1,,1.975,6,8,4,0.2727,11
boundary:query,1325,L562.lo,hybrid,create,split of L562,,1.787,4,0,0,0.0,0
boundary:query,1325,L562.hi,hybrid,create,split of L562,,1.8094,2,0,0,0.0,0
boundary:query,1327,L122.lo.lo.lo.lo,dense,exception,contradicted; every cut loses a supporter,1.6835,1.6835,15,7,4,0.1818,11
boundary:query,1327,L550.hi,dense,exception,contradicted; every cut loses a supporter,1.8691,1.8691,5,9,4,0.0909,11
boundary:query,1327,L122.lo.lo.lo.lo,dense,split,4 exceptions; cut f:query_len_tokens at 13,,1.6835,15,7,4,0.1818,11
boundary:query,1327,L122.lo.lo.lo.lo.lo,dense,create,split of L122.lo.lo.lo.lo,,1.4519,8,0,0,0.0,0
boundary:query,1327,L122.lo.lo.lo.lo.hi,dense,create,split of L122.lo.lo.lo.lo,,1.6256,7,0,0,0.0,0
boundary:query,1327,L533.hi,hybrid,retire,utility <= 0,,1.8641,3,5,0,0.0,5
boundary:query,1327,L550.hi,dense,split,4 exceptions; cut f:query_cap_spans at 1,,1.8691,5,9,4,0.0909,11
boundary:query,1327,L550.hi.lo,dense,create,split of L550.hi,,1.681,3,0,0,0.0,0
boundary:query,1327,L550.hi.hi,dense,create,split of L550.hi,,1.681,2,0,0,0.0,0
boundary:query,1328,L419.lo.lo.hi.lo.lo.hi,hybrid,retire,utility <= 0,,1.8466,4,5,0,0.0,5
boundary:query,1328,L556.hi,hybrid,retire,utility <= 0,,1.8303,3,5,0,-0.2,5
boundary:query,1329,L381.lo.lo.lo.lo.lo,dense,exception,contradicted; every cut loses a supporter,1.7075,1.7075,14,6,2,0.3333,9
boundary:query,1331,L5.lo.lo.lo,dense,exception,contradicted; every cut loses a supporter,1.598,1.598,5,5,1,0.1667,6
boundary:query,1331,L406.lo,hybrid,exception,contradicted; every cut loses a supporter,1.9452,1.9452,5,6,2,0.1429,7
boundary:query,1332,L562.hi,hybrid,retire,utility <= 0,,1.8104,3,4,0,0.0,5
boundary:query,1333,L41.hi.lo.lo.hi.hi.hi.lo.lo.hi,dense,retire,utility <= 0,,1.7014,6,5,0,-0.4,5
boundary:query,1334,L406.lo,hybrid,exception,contradicted; every cut loses a supporter,1.945,1.945,5,7,3,0.125,8
boundary:query,1335,L41.hi.lo.lo.hi.lo.lo.lo,dense,expand,arm beat the default just outside the box,1.6066,1.6646,10,6,3,0.3333,9
boundary:query,1335,L41.hi.lo.lo.hi.hi.hi.lo.lo.lo,dense,expand,arm beat the default just outside the box,1.6137,1.6427,10,2,0,0.3333,3
boundary:query,1335,L557.lo,dense,expand,arm beat the default just outside the box,1.8664,1.9389,4,2,0,0.0,2
boundary:query,1335,L550.hi.lo,dense,expand,arm beat the default just outside the box,1.6808,1.6808,4,1,0,0.0,1
boundary:query,1335,L558,hybrid,retire,utility <= 0,,2.0847,3,5,0,0.0,5
boundary:query,1336,L41.hi.lo.lo.hi.lo.lo.lo,dense,exception,contradicted; every cut loses a supporter,1.6649,1.6649,10,7,4,0.3,10
boundary:query,1336,L550.lo,dense,exception,contradicted; every cut loses a supporter,1.8255,1.8255,6,5,1,0.1667,6
boundary:query,1336,L41.hi.lo.lo.hi.lo.lo.lo,dense,split,4 exceptions; cut f:query_len_tokens at 12,,1.6649,10,7,4,0.3,10
boundary:query,1336,L41.hi.lo.lo.hi.lo.lo.lo.lo,dense,create,split of L41.hi.lo.lo.hi.lo.lo.lo,,1.5489,5,0,0,0.0,0
boundary:query,1336,L41.hi.lo.lo.hi.lo.lo.lo.hi,dense,create,split of L41.hi.lo.lo.hi.lo.lo.lo,,1.5489,5,0,0,0.0,0
boundary:query,1336,L556.lo,hybrid,retire,utility <= 0,,1.8235,3,5,0,0.0,5
boundary:query,1338,L550.lo,dense,exception,contradicted; every cut loses a supporter,1.826,1.826,6,6,2,0.1429,7
boundary:query,1338,L419.lo.lo.hi.lo.lo.lo,hybrid,retire,utility <= 0,,1.7886,7,5,0,0.0,5
boundary:query,1342,L40.hi.lo.lo.hi.lo.hi.lo.hi,hybrid,expand,arm beat the default just outside the box,1.7574,1.7862,7,7,3,0.125,8
boundary:query,1342,L40.hi.lo.lo.hi.lo.lo.hi.lo.hi,hybrid,expand,arm beat the default just outside the box,1.7574,1.7862,8,7,3,0.125,8
boundary:query,1342,L412.lo.hi.hi,hybrid,expand,arm beat the default just outside the box,1.6689,1.6978,7,6,3,0.25,8
boundary:query,1342,L261.lo.lo.lo.hi.hi.hi,hybrid,expand,arm beat the default just outside the box,1.611,1.6398,4,4,0,0.0,4
boundary:query,1342,L562.lo,hybrid,retire,utility <= 0,,1.7876,5,4,0,0.0,5
boundary:query,1343,L122.lo.lo.lo.lo.lo,dense,expand,arm beat the default just outside the box,1.453,1.4819,9,0,0,0.0,0
boundary:query,1343,L550.hi.hi,dense,expand,arm beat the default just outside the box,1.6817,1.725,5,1,0,0.6667,3
boundary:query,1344,L381.lo.lo.lo.lo.lo,dense,exception,contradicted; every cut loses a supporter,1.708,1.708,14,7,3,0.3,10
boundary:query,1344,L550.lo,dense,exception,contradicted; every cut loses a supporter,1.8268,1.8268,7,7,3,0.2222,9
boundary:query,1344,L557.lo,dense,exception,contradicted; every cut loses a supporter,1.9398,1.9398,5,5,1,0.1667,6
boundary:query,1345,L286.hi.hi,hybrid,exception,contradicted; every cut loses a supporter,1.7843,1.7843,3,5,1,0.1667,6
boundary:query,1345,L285.hi.hi,hybrid,exception,contradicted; every cut loses a supporter,1.9585,1.9585,4,5,1,0.1667,6
boundary:query,1345,L542,dense,retire,utility <= 0,,2.0274,2,5,0,0.0,5
boundary:query,1346,L592,hybrid,create,"default missed, hybrid hit",,2.0,1,0,0,0.0,0
boundary:query,1348,L261.lo.lo.lo.hi.hi.lo,hybrid,retire,utility <= 0,,1.5525,6,5,0,0.0,5
boundary:query,1349,L286.hi.lo,hybrid,exception,contradicted; every cut loses a supporter,1.595,1.595,6,5,1,0.1667,6
boundary:query,1349,L285.lo.lo,hybrid,narrow,contradicted; cut f:query_len_tokens,1.4643,1.4498,5,5,0,0.1667,6
boundary:query,1349,L285.hi.lo,hybrid,exception,contradicted; every cut loses a supporter,1.5944,1.5944,6,5,1,0.1667,6
boundary:query,1349,L575,dense,retire,utility <= 0,,1.9971,1,5,0,0.0,5
boundary:query,1351,L13.lo.lo,hybrid,expand,arm beat the default just outside the box,1.868,1.8969,7,6,2,0.1429,7
boundary:query,1351,L593,dense,create,"default missed, dense hit",,2.0,1,0,0,0.0,0
boundary:query,1351,L594,hybrid,create,"default missed, hybrid hit",,2.0,1,0,0,0.0,0
boundary:query,1354,L550.lo,dense,exception,contradicted; every cut loses a supporter,1.825,1.825,7,8,4,0.2,10
boundary:query,1354,L557.lo,dense,exception,contradicted; every cut loses a supporter,1.938,1.938,6,6,2,0.25,8
boundary:query,1354,L550.hi.hi,dense,exception,contradicted; every cut loses a supporter,1.7233,1.7233,5,4,1,0.3333,6
boundary:query,1354,L550.lo,dense,split,4 exceptions; cut f:query_cap_spans at 2,,1.825,7,8,4,0.2,10
boundary:query,1354,L550.lo.lo,dense,create,split of L550.lo,,1.825,7,0,0,0.0,0
boundary:query,1355,L41.hi.lo.lo.hi.hi.hi.lo.lo.lo,dense,exception,contradicted; every cut loses a supporter,1.6421,1.6421,11,4,1,0.3333,6
boundary:query,1355,L41.hi.lo.lo.hi.hi.hi.lo.hi.lo,dense,exception,contradicted; every cut loses a supporter,1.671,1.671,12,4,1,0.2857,7
boundary:query,1355,L557.lo,dense,exception,contradicted; every cut loses a supporter,1.938,1.938,6,7,3,0.2222,9
boundary:query,1356,L382.hi.lo.hi,hybrid,expand,arm beat the default just outside the box,1.4167,1.4312,6,6,2,0.1429,7
boundary:query,1356,L261.lo.lo.lo.hi.hi.hi,hybrid,expand,arm beat the default just outside the box,1.6386,1.6964,5,4,0,0.0,4
boundary:query,1356,L550.hi.lo,dense,expand,arm beat the default just outside the box,1.6804,1.7526,7,3,0,0.4,5
boundary:query,1356,L550.hi.hi,dense,expand,arm beat the default just outside the box,1.7237,1.7526,6,4,1,0.3333,6
boundary:query,1356,L592,hybrid,expand,arm beat the default just outside the box,1.9991,2.0205,2,1,0,0.0,1
boundary:query,1356,L596,hybrid,create,"default missed, hybrid hit",,2.0,1,0,0,0.0,0
boundary:query,1360,L592,hybrid,expand,arm beat the default just outside the box,2.0202,2.0558,3,1,0,0.0,1
boundary:query,1360,L596,hybrid,expand,arm beat the default just outside the box,1.9997,2.0214,2,0,0,0.0,0
boundary:query,1360,L597,hybrid,create,"default missed, hybrid hit",,2.0,1,0,0,0.0,0
boundary:query,1362,L550.hi.lo,dense,exception,contradicted; every cut loses a supporter,1.7531,1.7531,7,4,1,0.3333,6
boundary:query,1362,L550.hi.hi,dense,exception,contradicted; every cut loses a supporter,1.7531,1.7531,6,5,2,0.2857,7
boundary:query,1362,L261.lo.lo.lo.hi.hi.hi,hybrid,retire,utility <= 0,,1.6971,5,5,0,0.0,5
boundary:query,1366,L557.lo,dense,exception,contradicted; every cut loses a supporter,1.9389,1.9389,7,8,4,0.1818,11
boundary:query,1366,L557.lo,dense,split,4 exceptions; cut f:query_cap_spans at 0,,1.9389,7,8,4,0.1818,11
boundary:query,1366,L557.lo.lo,dense,create,split of L557.lo,,1.5624,5,0,0,0.0,0
boundary:query,1366,L557.lo.hi,dense,create,split of L557.lo,,1.9389,2,0,0,0.0,0
boundary:query,1367,L592,hybrid,retire,utility <= 0,,2.0564,3,5,0,0.0,5
boundary:query,1368,L122.lo.lo.lo.lo.hi,dense,exception,contradicted; every cut loses a supporter,1.626,1.626,9,4,1,0.3333,6
boundary:query,1368,L550.lo.lo,dense,exception,contradicted; every cut loses a supporter,1.8272,1.8272,8,5,1,0.1667,6
boundary:query,1369,L461.lo,dense,expand,arm beat the default just outside the box,1.842,1.8627,4,3,0,0.0,3
boundary:query,1369,L593,dense,expand,arm beat the default just outside the box,2.001,2.0226,2,0,0,0.0,0
boundary:query,1369,L594,hybrid,expand,arm beat the default just outside the box,2.001,2.0226,2,0,0,0.0,0
boundary:query,1369,L600,dense,create,"default missed, dense hit",,2.0,1,0,0,0.0,0
boundary:query,1369,L601,hybrid,create,"default missed, hybrid hit",,2.0,1,0,0,0.0,0
boundary:query,1370,L412.lo.hi.lo,hybrid,exception,contradicted; every cut loses a supporter,1.807,1.807,7,8,4,0.2,10
boundary:query,1370,L382.hi.hi.lo,hybrid,exception,contradicted; every cut loses a supporter,1.5761,1.5761,6,7,4,0.2222,9
boundary:query,1370,L412.lo.hi.lo,hybrid,split,4 exceptions; cut f:query_len_tokens at 14,,1.807,7,8,4,0.2,10
boundary:query,1370,L412.lo.hi.lo.lo,hybrid,create,split of L412.lo.hi.lo,,1.7495,5,0,0,0.0,0
boundary:query,1370,L412.lo.hi.lo.hi,hybrid,create,split of L412.lo.hi.lo,,1.4959,2,0,0,0.0,0
boundary:query,1370,L382.hi.hi.lo,hybrid,split,4 exceptions; cut f:query_len_tokens at 13,,1.5761,6,7,4,0.2222,9
boundary:query,1370,L382.hi.hi.lo.lo,hybrid,create,split of L382.hi.hi.lo,,1.4899,3,0,0,0.0,0
boundary:query,1370,L382.hi.hi.lo.hi,hybrid,create,split of L382.hi.hi.lo,,1.4324,3,0,0,0.0,0
boundary:query,1370,L596,hybrid,retire,utility <= 0,,2.022,2,5,0,0.0,5
boundary:query,1371,L286.hi.lo,hybrid,exception,contradicted; every cut loses a supporter,1.595,1.595,6,6,2,0.1429,7
boundary:query,1371,L286.hi.hi,hybrid,narrow,contradicted; cut f:query_len_tokens,1.7835,1.7835,3,6,1,0.1429,7
boundary:query,1371,L285.hi.lo,hybrid,exception,contradicted; every cut loses a supporter,1.5944,1.5944,6,6,2,0.1429,7
boundary:query,1371,L285.hi.hi,hybrid,narrow,contradicted; cut f:query_len_tokens,1.958,1.958,4,6,1,0.1429,7
boundary:query,1371,L285.lo.hi,hybrid,retire,utility <= 0,,1.5369,5,5,0,0.0,5
boundary:query,1372,L531,dense,expand,arm beat the default just outside the box,2.0029,2.0881,2,3,0,0.0,3
boundary:query,1372,L122.lo.lo.lo.lo.hi,dense,expand,arm beat the default just outside the box,1.6247,1.6822,10,4,1,0.3333,6
boundary:query,1372,L550.hi.hi,dense,expand,arm beat the default just outside the box,1.7527,1.8102,7,5,2,0.2857,7
boundary:query,1372,L606,dense,create,"default missed, dense hit",,2.0,1,0,0,0.0,0
boundary:query,1373,L286.hi.lo,hybrid,exception,contradicted; every cut loses a supporter,1.5943,1.5943,6,7,3,0.125,8
boundary:query,1373,L286.hi.hi,hybrid,narrow,contradicted; cut f:query_len_tokens,1.7828,1.7828,3,7,1,0.125,8
boundary:query,1373,L285.lo.lo,hybrid,exception,contradicted; every cut loses a supporter,1.45,1.45,5,6,1,0.1429,7
boundary:query,1373,L285.hi.lo,hybrid,exception,contradicted; every cut loses a supporter,1.5937,1.5937,6,7,3,0.125,8
boundary:query,1373,L285.hi.hi,hybrid,narrow,contradicted; cut f:query_len_tokens,1.9574,1.9574,4,7,1,0.125,8
boundary:query,1374,L285.lo.lo,hybrid,exception,contradicted; every cut loses a supporter,1.4492,1.4492,5,7,2,0.125,8
boundary:query,1380,L550.hi.lo,dense,exception,contradicted; every cut loses a supporter,1.7505,1.7505,7,5,2,0.2857,7
boundary:query,1380,L550.hi.hi,dense,exception,contradicted; every cut loses a supporter,1.8079,1.8079,7,6,3,0.25,8
boundary:query,1380,L550.lo.lo,dense,exception,contradicted; every cut loses a supporter,1.8235,1.8235,8,6,2,0.1429,7
boundary:query,1383,L41.hi.lo.lo.hi.hi.hi.lo.hi.lo,dense,exception,contradicted; every cut loses a supporter,1.6691,1.6691,12,5,2,0.25,8
boundary:query,1383,L550.hi.lo,dense,exception,contradicted; every cut loses a supporter,1.7495,1.7495,7,6,3,0.25,8
boundary:query,1384,L406.lo,hybrid,expand,arm beat the default just outside the box,1.9401,1.9688,6,7,3,0.125,8
boundary:query,1384,L285.lo.lo,hybrid,expand,arm beat the default just outside the box,1.448,1.448,6,7,2,0.125,8
boundary:query,1384,L461.hi,dense,expand,arm beat the default just outside the box,1.8582,1.9156,3,1,0,0.0,1
boundary:query,1384,L600,dense,expand,arm beat the default just outside the box,1.995,2.0166,2,0,0,0.0,0
boundary:query,1384,L601,hybrid,expand,arm beat the default just outside the box,1.995,2.0166,2,0,0,0.0,0
boundary:query,1384,L607,hybrid,create,"default missed, hybrid hit",,2.0,1,0,0,0.0,0
boundary:query,1385,L122.lo.lo.lo.lo.hi,dense,exception,contradicted; every cut loses a supporter,1.6792,1.6792,10,5,2,0.2857,7
boundary:query,1385,L550.lo.lo,dense,exception,contradicted; every cut loses a supporter,1.8219,1.8219,8,7,3,0.125,8
boundary:query,1385,L557.lo.hi,dense,retire,utility <= 0,,1.9342,2,5,0,0.0,5
boundary:query,1387,L122.lo.lo.lo.lo.hi,dense,exception,contradicted; every cut loses a supporter,1.6798,1.6798,10,6,3,0.125,8
boundary:query,1387,L550.hi.hi,dense,exception,contradicted; every cut loses a supporter,1.8072,1.8072,7,7,4,0.1111,9
boundary:query,1387,L550.hi.hi,dense,split,4 exceptions; cut f:query_len_tokens at 20,,1.8072,7,7,4,0.1111,9
boundary:query,1387,L550.hi.hi.lo,dense,create,split of L550.hi.hi,,1.721,4,0,0,0.0,0
boundary:query,1387,L550.hi.hi.hi,dense,create,split of L550.hi.hi,,1.606,3,0,0,0.0,0
boundary:query,1389,L40.hi.lo.lo.hi.lo.hi.lo.hi,hybrid,exception,contradicted; every cut loses a supporter,1.7827,1.7827,7,8,4,0.1111,9
boundary:query,1389,L40.hi.lo.lo.hi.lo.lo.hi.lo.hi,hybrid,exception,contradicted; every cut loses a supporter,1.7827,1.7827,8,8,4,0.1111,9
boundary:query,1389,L412.lo.hi.hi,hybrid,exception,contradicted; every cut loses a supporter,1.6945,1.6945,7,7,4,0.2222,9
boundary:query,1389,L550.hi.lo,dense,exception,contradicted; every cut loses a supporter,1.7503,1.7503,7,7,4,0.2222,9
boundary:query,1389,L40.hi.lo.lo.hi.lo.hi.lo.hi,hybrid,split,4 exceptions; cut f:query_len_tokens at 17,,1.7827,7,8,4,0.1111,9
boundary:query,1389,L40.hi.lo.lo.hi.lo.hi.lo.hi.lo,hybrid,create,split of L40.hi.lo.lo.hi.lo.hi.lo.hi,,1.6677,4,0,0,0.0,0
boundary:query,1389,L40.hi.lo.lo.hi.lo.hi.lo.hi.hi,hybrid,create,split of L40.hi.lo.lo.hi.lo.hi.lo.hi,,1.639,3,0,0,0.0,0
boundary:query,1389,L40.hi.lo.lo.hi.lo.lo.hi.lo.hi,hybrid,split,4 exceptions; cut f:query_len_tokens at 17,,1.7827,8,8,4,0.1111,9
boundary:query,1389,L40.hi.lo.lo.hi.lo.lo.hi.lo.hi.lo,hybrid,create,split of L40.hi.lo.lo.hi.lo.lo.hi.lo.hi,,1.6677,5,0,0,0.0,0
boundary:query,1389,L40.hi.lo.lo.hi.lo.lo.hi.lo.hi.hi,hybrid,create,split of L40.hi.lo.lo.hi.lo.lo.hi.lo.hi,,1.639,3,0,0,0.0,0
boundary:query,1389,L412.lo.hi.hi,hybrid,split,4 exceptions; cut f:query_len_tokens at 17,,1.6945,7,7,4,0.2222,9
boundary:query,1389,L412.lo.hi.hi.lo,hybrid,create,split of L412.lo.hi.hi,,1.5795,4,0,0,0.0,0
boundary:query,1389,L412.lo.hi.hi.hi,hybrid,create,split of L412.lo.hi.hi,,1.5508,3,0,0,0.0,0
boundary:query,1389,L550.hi.lo,dense,split,4 exceptions; cut f:query_len_tokens at 16,,1.7503,7,7,4,0.2222,9
boundary:query,1389,L550.hi.lo.lo,dense,create,split of L550.hi.lo,,1.6066,5,0,0,0.0,0
boundary:query,1389,L550.hi.lo.hi,dense,create,split of L550.hi.lo,,1.6641,2,0,0,0.0,0
boundary:query,1390,L381.lo.lo.lo.lo.lo,dense,exception,contradicted; every cut loses a supporter,1.7045,1.7045,15,8,4,0.3333,12
boundary:query,1390,L381.lo.lo.lo.lo.lo,dense,split,4 exceptions; cut f:query_len_tokens at 9,,1.7045,15,8,4,0.3333,12
boundary:query,1390,L381.lo.lo.lo.lo.lo.lo,dense,create,split of L381.lo.lo.lo.lo.lo,,1.5895,8,0,0,0.0,0
boundary:query,1390,L381.lo.lo.lo.lo.lo.hi,dense,create,split of L381.lo.lo.lo.lo.lo,,1.647,7,0,0,0.0,0
boundary:query,1391,L550.hi.lo.lo,dense,expand,arm beat the default just outside the box,1.6068,1.6356,6,0,0,0.0,0
boundary:query,1393,L286.hi.lo,hybrid,exception,contradicted; every cut loses a supporter,1.5931,1.5931,6,8,4,0.1111,9
boundary:query,1393,L286.hi.hi,hybrid,narrow,contradicted; cut f:query_len_tokens,1.7805,1.6943,3,8,1,0.1111,9
boundary:query,1393,L285.hi.lo,hybrid,exception,contradicted; every cut loses a supporter,1.5925,1.5925,6,8,4,0.1111,9
boundary:query,1393,L285.hi.hi,hybrid,exception,contradicted; every cut loses a supporter,1.954,1.954,4,8,2,0.1111,9
boundary:query,1393,L461.lo,dense,exception,contradicted; every cut loses a supporter,1.8584,1.8584,5,5,1,0.1667,6
boundary:query,1393,L286.hi.lo,hybrid,split,4 exceptions; cut f:query_len_tokens at 12.5,,1.5931,6,8,4,0.1111,9
boundary:query,1393,L286.hi.lo.lo,hybrid,create,split of L286.hi.lo,,1.4638,3,0,0,0.0,0
boundary:query,1393,L286.hi.lo.hi,hybrid,create,split of L286.hi.lo,,1.4925,3,0,0,0.0,0
boundary:query,1393,L285.hi.lo,hybrid,split,4 exceptions; cut f:query_len_tokens at 12.5,,1.5925,6,8,4,0.1111,9
boundary:query,1393,L285.hi.lo.lo,hybrid,create,split of L285.hi.lo,,1.4632,3,0,0,0.0,0
boundary:query,1393,L285.hi.lo.hi,hybrid,create,split of L285.hi.lo,,1.4919,3,0,0,0.0,0
boundary:query,1394,L41.hi.lo.lo.hi.lo.lo.lo.lo,dense,expand,arm beat the default just outside the box,1.5469,1.6044,8,3,0,0.4,5
boundary:query,1394,L550.hi.lo.hi,dense,expand,arm beat the default just outside the box,1.6636,1.7211,3,0,0,0.0,0
boundary:query,1394,L381.lo.lo.lo.lo.lo.hi,dense,expand,arm beat the default just outside the box,1.6465,1.6752,9,0,0,1.0,1
boundary:query,1396,L597,hybrid,expand,arm beat the default just outside the box,1.9971,2.0185,4,2,0,0.5,4
boundary:query,1396,L382.hi.hi.lo.lo,hybrid,expand,arm beat the default just outside the box,1.488,1.5168,4,0,0,0.0,0
boundary:query,1397,L533.lo,hybrid,exception,contradicted; every cut loses a supporter,1.8037,1.8037,5,4,1,0.3333,6
boundary:query,1398,L41.hi.lo.lo.hi.lo.lo.lo.lo,dense,exception,contradicted; every cut loses a supporter,1.6054,1.6054,8,4,1,0.3333,6
boundary:query,1398,L41.hi.lo.lo.hi.lo.lo.lo.hi,dense,exception,contradicted; every cut loses a supporter,1.5479,1.5479,8,3,1,0.5,6
boundary:query,1398,L550.lo.lo,dense,exception,contradicted; every cut loses a supporter,1.8233,1.8233,10,8,4,0.2727,11
boundary:query,1398,L550.lo.lo,dense,split,4 exceptions; cut f:query_cap_spans at 1,,1.8233,10,8,4,0.2727,11
boundary:query,1398,L550.lo.lo.lo,dense,create,split of L550.lo.lo,,1.6358,6,0,0,0.0,0
boundary:query,1398,L550.lo.lo.hi,dense,create,split of L550.lo.lo,,1.6358,4,0,0,0.0,0
boundary:query,1399,L285.hi.hi,hybrid,exception,contradicted; every cut loses a supporter,1.9542,1.9542,4,9,3,0.0,10
boundary:query,1399,L285.hi.hi,hybrid,retire,utility <= 0,,1.9542,4,9,3,0.0,10
boundary:query,1400,L597,hybrid,narrow,contradicted; cut f:query_len_tokens,2.0178,1.9377,4,4,0,0.3333,6
boundary:query,1401,L122.lo.lo.lo.lo.hi,dense,exception,contradicted; every cut loses a supporter,1.6809,1.6809,10,7,4,0.1111,9
boundary:query,1401,L550.hi.hi.lo,dense,exception,contradicted; every cut loses a supporter,1.7215,1.7215,5,5,1,0.1667,6
boundary:query,1401,L122.lo.lo.lo.lo.hi,dense,split,4 exceptions; cut f:query_len_tokens at 16,,1.6809,10,7,4,0.1111,9
boundary:query,1401,L122.lo.lo.lo.lo.hi.lo,dense,create,split of L122.lo.lo.lo.lo.hi,,1.4796,5,0,0,0.0,0
boundary:query,1401,L122.lo.lo.lo.lo.hi.hi,dense,create,split of L122.lo.lo.lo.lo.hi,,1.5946,5,0,0,0.0,0
boundary:query,1402,L597,hybrid,exception,contradicted; every cut loses a supporter,1.9383,1.9383,4,5,1,0.2857,7
boundary:query,1402,L550.hi.hi.lo,dense,exception,contradicted; every cut loses a supporter,1.7218,1.7218,5,6,2,0.1429,7
boundary:query,1404,L606,dense,expand,arm beat the default just outside the box,1.9973,2.019,2,2,0,-0.5,2
boundary:query,1405,L461.lo,dense,expand,arm beat the default just outside the box,1.8587,1.8587,6,5,1,0.1667,6
boundary:query,1406,L40.hi.lo.hi.lo,hybrid,expand,arm beat the default just outside the box,1.6968,1.7256,8,6,3,0.25,8
boundary:query,1406,L550.hi.hi.hi,dense,expand,arm beat the default just outside the box,1.6065,1.6641,5,2,0,0.3333,3
boundary:query,1406,L550.lo.lo.hi,dense,expand,arm beat the default just outside the box,1.6353,1.6929,5,1,0,0.0,1
boundary:query,1406,L122.lo.lo.lo.lo.hi.lo,dense,expand,arm beat the default just outside the box,1.4796,1.5371,6,0,0,0.0,0
boundary:query,1406,L628,hybrid,create,"default missed, hybrid hit",,2.0,1,0,0,0.0,0
boundary:query,1407,L550.hi.hi.lo,dense,exception,contradicted; every cut loses a supporter,1.722,1.722,7,7,3,0.2,10
boundary:query,1408,L550.hi.lo.lo,dense,exception,contradicted; every cut loses a supporter,1.6358,1.6358,8,4,1,0.3333,6
boundary:query,1409,L606,dense,retire,utility <= 0,,2.0197,3,4,0,-0.4,5
boundary:query,1409,L550.hi.hi.hi,dense,retire,utility <= 0,,1.6649,5,4,0,-0.2,5
boundary:query,1410,L461.lo,dense,exception,contradicted; every cut loses a supporter,1.8592,1.8592,6,6,2,0.1429,7
boundary:query,1411,L41.hi.lo.lo.hi.hi.hi.lo.lo.lo,dense,expand,arm beat the default just outside the box,1.6412,1.67,13,4,1,0.4286,7
boundary:query,1411,L41.hi.lo.lo.hi.hi.hi.lo.hi.lo,dense,expand,arm beat the default just outside the box,1.67,1.6988,14,5,2,0.3333,9
boundary:query,1411,L41.hi.lo.lo.hi.lo.lo.lo.hi,dense,expand,arm beat the default just outside the box,1.5474,1.5762,9,3,1,0.5,6
boundary:query,1411,L550.hi.lo.lo,dense,expand,arm beat the default just outside the box,1.6355,1.6643,9,4,1,0.3333,6
boundary:query,1411,L381.lo.lo.lo.lo.lo.lo,dense,expand,arm beat the default just outside the box,1.5895,1.6471,9,0,0,0.0,0
boundary:query,1411,L550.lo.lo.lo,dense,expand,arm beat the default just outside the box,1.6355,1.6643,7,2,0,0.0,2
boundary:query,1412,L597,hybrid,exception,contradicted; every cut loses a supporter,1.9389,1.9389,5,6,2,0.3333,9
boundary:query,1412,L381.lo.lo.lo.lo.lo.hi,dense,narrow,contradicted; cut f:query_len_tokens,1.6761,1.6761,11,4,0,0.4286,7
boundary:query,1414,L381.lo.lo.lo.lo.lo.hi,dense,exception,contradicted; every cut loses a supporter,1.6766,1.6766,11,5,1,0.375,8
boundary:query,1415,L550.hi.hi.lo,dense,exception,contradicted; every cut loses a supporter,1.7228,1.7228,7,8,4,0.1818,11
boundary:query,1415,L533.lo,hybrid,expand,arm beat the default just outside the box,1.8046,1.8622,6,4,1,0.3333,6
boundary:query,1415,L550.hi.hi.lo,dense,split,4 exceptions; cut f:query_cap_spans at 2,,1.7228,7,8,4,0.1818,11
boundary:query,1415,L550.hi.hi.lo.lo,dense,create,split of L550.hi.hi.lo,,1.7228,7,0,0,0.0,0
boundary:query,1417,L41.hi.lo.lo.hi.lo.lo.lo.lo,dense,exception,contradicted; every cut loses a supporter,1.6052,1.6052,9,5,2,0.375,8
boundary:query,1417,L597,hybrid,narrow,contradicted; cut f:query_len_tokens,1.939,1.8814,5,7,2,0.3,10
boundary:query,1417,L557.lo.lo,dense,exception,contradicted; every cut loses a supporter,1.5608,1.5608,8,3,1,0.5,6
boundary:query,1418,L412.lo.hi.lo.lo,hybrid,exception,contradicted; every cut loses a supporter,1.748,1.748,6,5,1,0.1667,6
boundary:query,1418,L381.lo.lo.lo.lo.lo.hi,dense,exception,contradicted; every cut loses a supporter,1.6764,1.6764,11,6,2,0.3333,9
boundary:query,1418,L382.hi.hi.lo.lo,hybrid,retire,utility <= 0,,1.5172,4,5,0,0.0,5
boundary:query,1419,L531,dense,retire,utility <= 0,,2.0852,2,5,0,0.0,5
boundary:query,1420,L628,hybrid,expand,arm beat the default just outside the box,2.0007,2.0215,3,1,0,0.5,2
boundary:query,1421,L550.hi.lo.hi,dense,exception,contradicted; every cut loses a supporter,1.7226,1.7226,6,3,1,0.3333,6
boundary:query,1422,L41.hi.lo.lo.hi.hi.hi.lo.lo.lo,dense,exception,contradicted; every cut loses a supporter,1.671,1.671,13,5,2,0.375,8
boundary:query,1422,L41.hi.lo.lo.hi.lo.lo.lo.hi,dense,exception,contradicted; every cut loses a supporter,1.5772,1.5772,9,4,2,0.4286,7
boundary:query,1422,L557.lo.lo,dense,exception,contradicted; every cut loses a supporter,1.5613,1.5613,8,4,2,0.4286,7
boundary:query,1422,L550.hi.lo.lo,dense,exception,contradicted; every cut loses a supporter,1.6653,1.6653,10,5,2,0.375,8
boundary:query,1422,L550.hi.lo.hi,dense,exception,contradicted; every cut loses a supporter,1.7228,1.7228,6,4,2,0.2857,7
boundary:query,1424,L412.lo.hi.lo.lo,hybrid,exception,contradicted; every cut loses a supporter,1.7475,1.7475,7,6,2,0.25,8
boundary:query,1424,L40.hi.lo.lo.hi.lo.hi.lo.hi.lo,hybrid,exception,contradicted; every cut loses a supporter,1.6685,1.6685,6,5,1,0.2857,7
boundary:query,1424,L40.hi.lo.lo.hi.lo.lo.hi.lo.hi.lo,hybrid,exception,contradicted; every cut loses a supporter,1.6685,1.6685,7,5,1,0.2857,7
boundary:query,1424,L412.lo.hi.hi.lo,hybrid,exception,contradicted; every cut loses a supporter,1.5802,1.5802,6,5,1,0.2857,7
boundary:query,1424,L550.lo.lo.lo,dense,exception,contradicted; every cut loses a supporter,1.6647,1.6647,8,5,1,0.1667,6
boundary:query,1424,L550.lo.lo.hi,dense,exception,contradicted; every cut loses a supporter,1.6934,1.6934,6,5,1,0.1667,6
boundary:query,1425,L41.hi.lo.lo.hi.hi.hi.lo.lo.lo,dense,exception,contradicted; every cut loses a supporter,1.6706,1.6706,13,6,3,0.3333,9
boundary:query,1425,L41.hi.lo.lo.hi.hi.hi.lo.hi.lo,dense,exception,contradicted; every cut loses a supporter,1.6993,1.6993,14,6,3,0.3,10
boundary:query,1425,L597,hybrid,exception,contradicted; every cut loses a supporter,1.8817,1.8817,5,8,3,0.2727,11
boundary:query,1425,L557.lo.lo,dense,exception,contradicted; every cut loses a supporter,1.5609,1.5609,8,5,3,0.375,8
boundary:query,1425,L550.hi.lo.lo,dense,exception,contradicted; every cut loses a supporter,1.6648,1.6648,10,6,3,0.3333,9
boundary:query,1425,L550.hi.lo.hi,dense,exception,contradicted; every cut loses a supporter,1.7223,1.7223,6,5,3,0.25,8
boundary:query,1425,L381.lo.lo.lo.lo.lo.hi,dense,exception,contradicted; every cut loses a supporter,1.6765,1.6765,12,7,3,0.3636,11
boundary:query,1425,L550.lo.lo.lo,dense,exception,contradicted; every cut loses a supporter,1.6648,1.6648,8,6,2,0.1429,7
boundary:query,1426,L601,hybrid,retire,utility <= 0,,2.0183,2,5,0,0.0,5
boundary:query,1429,L533.lo,hybrid,exception,contradicted; every cut loses a supporter,1.8619,1.8619,6,5,2,0.2857,7
boundary:query,1430,L412.lo.hi.lo.lo,hybrid,exception,contradicted; every cut loses a supporter,1.748,1.748,7,7,3,0.1111,9
boundary:query,1430,L382.hi.hi.lo.hi,hybrid,exception,contradicted; every cut loses a supporter,1.431,1.431,5,4,1,0.1667,6
boundary:query,1430,L40.hi.lo.lo.hi.lo.hi.lo.hi.lo,hybrid,exception,contradicted; every cut loses a supporter,1.6688,1.6688,6,6,2,0.125,8
boundary:query,1430,L40.hi.lo.lo.hi.lo.lo.hi.lo.hi.lo,hybrid,exception,contradicted; every cut loses a supporter,1.6688,1.6688,7,6,2,0.125,8
boundary:query,1430,L412.lo.hi.hi.lo,hybrid,exception,contradicted; every cut loses a supporter,1.5805,1.5805,6,6,2,0.125,8
boundary:query,1430,L550.hi.lo.lo,dense,exception,contradicted; every cut loses a supporter,1.6651,1.6651,10,7,4,0.2,10
boundary:query,1430,L550.hi.lo.hi,dense,exception,contradicted; every cut loses a supporter,1.7226,1.7226,6,6,4,0.1111,9
boundary:query,1430,L381.lo.lo.lo.lo.lo.hi,dense,exception,contradicted; every cut loses a supporter,1.6767,1.6767,12,8,4,0.25,12
boundary:query,1430,L550.lo.lo.lo,dense,exception,contradicted; every cut loses a supporter,1.6651,1.6651,8,7,3,0.0,8
boundary:query,1430,L550.lo.lo.hi,dense,exception,contradicted; every cut loses a supporter,1.6938,1.6938,6,6,2,0.0,7
boundary:query,1430,L628,hybrid,exception,contradicted; every cut loses a supporter,2.022,2.022,3,5,1,0.0,6
boundary:query,1430,L550.hi.lo.lo,dense,split,4 exceptions; cut f:query_cap_spans at 0.5,,1.6651,10,7,4,0.2,10
boundary:query,1430,L550.hi.lo.lo.lo,dense,create,split of L550.hi.lo.lo,,1.5712,5,0,0,0.0,0
boundary:query,1430,L550.hi.lo.lo.hi,dense,create,split of L550.hi.lo.lo,,1.5712,5,0,0,0.0,0
boundary:query,1430,L550.hi.lo.hi,dense,split,4 exceptions; cut f:query_cap_spans at 1,,1.7226,6,6,4,0.1111,9
boundary:query,1430,L550.hi.lo.hi.lo,dense,create,split of L550.hi.lo.hi,,1.7226,6,0,0,0.0,0
boundary:query,1430,L381.lo.lo.lo.lo.lo.hi,dense,split,4 exceptions; cut f:query_cap_spans at 0.5,,1.6767,12,8,4,0.25,12
boundary:query,1430,L381.lo.lo.lo.lo.lo.hi.lo,dense,create,split of L381.lo.lo.lo.lo.lo.hi,,1.5828,6,0,0,0.0,0
boundary:query,1430,L381.lo.lo.lo.lo.lo.hi.hi,dense,create,split of L381.lo.lo.lo.lo.lo.hi,,1.5828,6,0,0,0.0,0
boundary:query,1430,L550.lo.lo.lo,dense,retire,utility <= 0,,1.6651,8,7,3,0.0,8
boundary:query,1430,L550.lo.lo.hi,dense,retire,utility <= 0,,1.6938,6,6,2,0.0,7
boundary:query,1430,L628,hybrid,retire,utility <= 0,,2.022,3,5,1,0.0,6
boundary:query,1431,L412.lo.hi.lo.lo,hybrid,narrow,contradicted; cut f:query_len_tokens,1.748,1.6668,7,8,3,0.1,10
boundary:query,1431,L381.lo.lo.lo.lo.lo.lo,dense,expand,arm beat the default just outside the box,1.6481,1.6768,10,3,0,0.0,3
boundary:query,1431,L635,dense,create,"default missed, dense hit",,2.0,1,0,0,0.0,0
boundary:query,1432,L41.hi.lo.lo.hi.lo.lo.lo.lo,dense,exception,contradicted; every cut loses a supporter,1.6058,1.6058,9,6,3,0.3333,9
boundary:query,1432,L597,hybrid,exception,contradicted; every cut loses a supporter,1.8824,1.8824,5,9,4,0.25,12
boundary:query,1432,L557.lo.lo,dense,exception,contradicted; every cut loses a supporter,1.5611,1.5611,8,6,4,0.3333,9
boundary:query,1432,L597,hybrid,split,4 exceptions; cut f:query_len_tokens at 12,,1.8824,5,9,4,0.25,12
boundary:query,1432,L597.lo,hybrid,create,split of L597,,1.8024,3,0,0,0.0,0
boundary:query,1432,L597.hi,hybrid,create,split of L597,,1.7674,2,0,0,0.0,0
boundary:query,1432,L557.lo.lo,dense,split,4 exceptions; cut f:query_len_tokens at 12.5,,1.5611,8,6,4,0.3333,9
boundary:query,1432,L557.lo.lo.lo,dense,create,split of L557.lo.lo,,1.4606,4,0,0,0.0,0
boundary:query,1432,L557.lo.lo.hi,dense,create,split of L557.lo.lo,,1.4318,4,0,0,0.0,0
boundary:query,1433,L600,dense,exception,contradicted; every cut loses a supporter,2.019,2.019,3,5,1,0.1667,6
boundary:query,1433,L607,hybrid,retire,utility <= 0,,2.0023,1,5,0,0.0,5
boundary:query,1435,L412.lo.hi.lo.lo,hybrid,narrow,contradicted; cut f:query_len_tokens,1.6665,1.6091,7,9,3,0.0909,11
boundary:query,1435,L381.lo.lo.lo.lo.lo.lo,dense,retire,utility <= 0,,1.6766,10,5,0,0.0,5
boundary:query,1436,L461.lo,dense,exception,contradicted; every cut loses a supporter,1.8598,1.8598,6,7,3,0.125,8
boundary:query,1436,L600,dense,exception,contradicted; every cut loses a supporter,2.0187,2.0187,3,6,2,0.1429,7
boundary:query,1438,L550.hi.hi.lo.lo,dense,expand,arm beat the default just outside the box,1.7221,1.7508,9,3,0,0.0,4
boundary:query,1438,L40.hi.lo.lo.hi.lo.hi.lo.hi.hi,hybrid,retire,utility <= 0,,1.6395,4,4,0,0.0,5
boundary:query,1438,L40.hi.lo.lo.hi.lo.lo.hi.lo.hi.hi,hybrid,retire,utility <= 0,,1.6395,4,4,0,0.0,5
boundary:query,1438,L412.lo.hi.hi.hi,hybrid,retire,utility <= 0,,1.5513,4,4,0,0.0,5
boundary:query,1439,L40.hi.lo.hi.lo,hybrid,exception,contradicted; every cut loses a supporter,1.726,1.726,8,7,4,0.2222,9
boundary:query,1439,L40.hi.lo.hi.lo,hybrid,split,4 exceptions; cut f:query_len_tokens at 14.5,,1.726,8,7,4,0.2222,9
boundary:query,1439,L40.hi.lo.hi.lo.lo,hybrid,create,split of L40.hi.lo.hi.lo,,1.6254,4,0,0,0.0,0
boundary:query,1439,L40.hi.lo.hi.lo.hi,hybrid,create,split of L40.hi.lo.hi.lo,,1.6254,4,0,0,0.0,0
boundary:query,1439,L550.hi.hi.lo.lo,dense,retire,utility <= 0,,1.7511,9,4,0,0.0,5
boundary:query,1440,L532,hybrid,expand,arm beat the default just outside the box,2.0008,2.0571,2,3,0,0.0,3
boundary:query,1440,L642,dense,create,"default missed, dense hit",,2.0,1,0,0,0.0,0
boundary:query,1440,L643,hybrid,create,"default missed, hybrid hit",,2.0,1,0,0,0.0,0
boundary:query,1442,L533.lo,hybrid,exception,contradicted; every cut loses a supporter,1.8627,1.8627,6,6,3,0.25,8
boundary:query,1442,L122.lo.lo.lo.lo.hi.hi,dense,exception,contradicted; every cut loses a supporter,1.5953,1.5953,6,5,1,0.1667,6
boundary:query,1445,L533.lo,hybrid,exception,contradicted; every cut loses a supporter,1.8637,1.8637,6,7,4,0.2222,9
boundary:query,1445,L533.lo,hybrid,split,4 exceptions; cut f:query_cap_spans at 2,,1.8637,6,7,4,0.2222,9
boundary:query,1445,L533.lo.lo,hybrid,create,split of L533.lo,,1.5095,6,0,0,0.0,0
boundary:query,1448,L600,dense,expand,arm beat the default just outside the box,2.0195,2.0413,4,6,2,0.1429,7
boundary:query,1450,L593,dense,narrow,contradicted; cut f:query_len_tokens,2.0199,1.9978,4,4,0,0.3333,6
boundary:query,1450,L594,hybrid,narrow,contradicted; cut f:query_len_tokens,2.0199,1.9978,3,5,0,0.1667,6
boundary:query,1452,L461.lo,dense,exception,contradicted; every cut loses a supporter,1.859,1.859,6,8,4,0.1111,9
boundary:query,1452,L600,dense,exception,contradicted; every cut loses a supporter,2.04,2.04,4,7,3,0.125,8
boundary:query,1452,L461.lo,dense,split,4 exceptions; cut f:query_len_tokens at 10.5,,1.859,6,8,4,0.1111,9
boundary:query,1452,L461.lo.lo,dense,create,split of L461.lo,,1.7583,3,0,0,0.0,0
boundary:query,1452,L461.lo.hi,dense,create,split of L461.lo,,1.8159,3,0,0,0.0,0
boundary:query,1452,L286.hi.lo.lo,hybrid,retire,utility <= 0,,1.4633,3,5,0,0.0,5
boundary:query,1452,L285.hi.lo.lo,hybrid,retire,utility <= 0,,1.4627,3,5,0,0.0,5
boundary:query,1454,L122.lo.lo.lo.lo.hi.lo,dense,retire,utility <= 0,,1.5364,6,5,0,0.0,5
boundary:query,1459,L40.hi.lo.lo.hi.lo.hi.lo.hi.lo,hybrid,exception,contradicted; every cut loses a supporter,1.6676,1.6676,6,7,3,0.1111,9
boundary:query,1459,L40.hi.lo.lo.hi.lo.lo.hi.lo.hi.lo,hybrid,exception,contradicted; every cut loses a supporter,1.6676,1.6676,7,7,3,0.1111,9
boundary:query,1459,L412.lo.hi.hi.lo,hybrid,exception,contradicted; every cut loses a supporter,1.5795,1.5795,6,7,3,0.1111,9
boundary:query,1460,L40.hi.lo.hi.lo.hi,hybrid,retire,utility <= 0,,1.6247,4,5,0,0.0,5
boundary:query,1461,L635,dense,expand,arm beat the default just outside the box,1.9998,2.0845,2,1,0,0.0,1
boundary:query,1461,L597.lo,hybrid,expand,arm beat the default just outside the box,1.8016,1.8592,4,1,0,0.0,1
boundary:query,1461,L557.lo.lo.lo,dense,expand,arm beat the default just outside the box,1.4597,1.5029,5,2,0,-1.0,2
boundary:query,1461,L381.lo.lo.lo.lo.lo.hi.lo,dense,retire,utility <= 0,,1.5822,7,4,0,0.0,5
boundary:query,1462,L286.hi.lo.hi,hybrid,expand,arm beat the default just outside the box,1.4923,1.5067,4,0,0,0.0,0
boundary:query,1462,L285.hi.lo.hi,hybrid,expand,arm beat the default just outside the box,1.4917,1.5061,4,0,0,0.0,0
boundary:query,1462,L461.lo.lo,dense,expand,arm beat the default just outside the box,1.7584,1.8016,4,0,0,0.0,0
boundary:query,1462,L461.hi,dense,retire,utility <= 0,,1.9174,4,4,0,0.0,5
boundary:query,1462,L647,hybrid,create,"default missed, hybrid hit",,2.0,1,0,0,0.0,0
boundary:query,1463,L550.hi.lo.hi.lo,dense,exception,contradicted; every cut loses a supporter,1.7218,1.7218,8,4,1,0.3333,6
boundary:query,1464,L550.hi.lo.hi.lo,dense,exception,contradicted; every cut loses a supporter,1.7221,1.7221,8,5,2,0.1429,7
boundary:query,1467,L600,dense,exception,contradicted; every cut loses a supporter,2.0413,2.0413,4,8,4,0.1111,9
boundary:query,1467,L600,dense,split,4 exceptions; cut f:query_cap_spans at 1,,2.0413,4,8,4,0.1111,9
boundary:query,1467,L600.lo,dense,create,split of L600,,1.8532,3,0,0,0.0,0
boundary:query,1467,L600.hi,dense,create,split of L600,,1.8532,1,0,0,0.0,0
boundary:query,1468,L597.hi,hybrid,retire,utility <= 0,,1.7665,3,4,0,0.0,5
boundary:query,1469,L642,dense,expand,arm beat the default just outside the box,2.0009,2.0222,2,0,0,0.0,0
boundary:query,1469,L643,hybrid,expand,arm beat the default just outside the box,2.0009,2.0222,2,0,0,0.0,0
boundary:query,1469,L650,dense,create,"default missed, dense hit",,2.0,1,0,0,0.0,0
boundary:query,1469,L651,hybrid,create,"default missed, hybrid hit",,2.0,1,0,0,0.0,0
boundary:query,1470,L406.lo,hybrid,exception,contradicted; every cut loses a supporter,1.9715,1.9715,6,8,4,0.1111,9
boundary:query,1470,L406.lo,hybrid,split,4 exceptions; cut f:query_cap_spans at 2,,1.9715,6,8,4,0.1111,9
boundary:query,1470,L406.lo.lo,hybrid,create,split of L406.lo,,1.7832,5,0,0,0.0,0
boundary:query,1470,L406.lo.hi,hybrid,create,split of L406.lo,,1.7832,1,0,0,0.0,0
boundary:query,1471,L122.lo.lo.lo.lo.lo,dense,expand,arm beat the default just outside the box,1.4784,1.5073,10,4,0,0.0,4
boundary:query,1471,L122.lo.lo.lo.lo.hi.hi,dense,expand,arm beat the default just outside the box,1.594,1.6229,7,5,1,0.1667,6
boundary:query,1471,L635,dense,expand,arm beat the default just outside the box,2.0852,2.1354,3,2,0,0.0,2
boundary:query,1471,L40.hi.lo.hi.lo.lo,hybrid,expand,arm beat the default just outside the box,1.6242,1.6386,5,1,0,0.0,1
boundary:query,1471,L650,dense,expand,arm beat the default just outside the box,1.9998,2.0213,2,0,0,0.0,0
boundary:query,1471,L651,hybrid,expand,arm beat the default just outside the box,1.9998,2.0213,2,0,0,0.0,0
boundary:query,1471,L654,dense,create,"default missed, dense hit",,2.0,1,0,0,0.0,0
boundary:query,1472,L654,dense,expand,arm beat the default just outside the box,2.0001,2.0356,2,0,0,0.0,0
boundary:query,1472,L655,hybrid,create,"default missed, hybrid hit",,2.0,1,0,0,0.0,0
boundary:query,1473,L533.lo.lo,hybrid,exception,contradicted; every cut loses a supporter,1.5079,1.5079,7,5,1,0.0,6
boundary:query,1473,L533.lo.lo,hybrid,retire,utility <= 0,,1.5079,7,5,1,0.0,6
boundary:query,1476,L550.hi.lo.hi.lo,dense,exception,contradicted; every cut loses a supporter,1.7222,1.7222,8,6,3,0.0,8
boundary:query,1476,L550.hi.lo.hi.lo,dense,retire,utility <= 0,,1.7222,8,6,3,0.0,8
boundary:query,1476,L635,dense,retire,utility <= 0,,2.1358,4,4,0,0.0,5
boundary:query,1477,L550.hi.lo.lo.hi,dense,expand,arm beat the default just outside the box,1.5705,1.6283,6,3,0,-0.3333,3
boundary:query,1477,L642,dense,expand,arm beat the default just outside the box,2.0227,2.0284,3,0,0,0.0,0
boundary:query,1477,L654,dense,expand,arm beat the default just outside the box,2.0362,2.0579,3,1,0,-1.0,1
boundary:query,1478,L412.lo.hi.lo.hi,hybrid,exception,contradicted; every cut loses a supporter,1.4933,1.4933,4,4,1,0.1667,6
boundary:query,1481,L286.hi.hi,hybrid,narrow,contradicted; cut f:query_len_tokens,1.6936,1.6647,3,9,1,0.1,10
boundary:query,1482,L532,hybrid,retire,utility <= 0,,2.0571,2,5,0,0.0,5
boundary:query,1484,L650,dense,expand,arm beat the default just outside the box,2.0204,2.042,4,2,0,0.0,3
boundary:query,1484,L651,hybrid,expand,arm beat the default just outside the box,2.0204,2.042,3,3,0,-0.3333,3
boundary:query,1485,L642,dense,expand,arm beat the default just outside the box,2.0272,2.0561,5,1,0,0.5,2
boundary:query,1485,L550.hi.lo.lo.hi,dense,retire,utility <= 0,,1.627,7,4,0,0.0,5
boundary:query,1489,L651,hybrid,retire,utility <= 0,,2.0396,3,5,0,-0.2,5
boundary:query,1491,L593,dense,exception,contradicted; every cut loses a supporter,1.9946,1.9946,4,5,1,0.2857,7
boundary:query,1491,L594,hybrid,exception,contradicted; every cut loses a supporter,1.9946,1.9946,3,6,1,0.1429,7
boundary:query,1492,L654,dense,retire,utility <= 0,,2.0534,4,4,0,0.0,5
boundary:query,1493,L650,dense,exception,contradicted; every cut loses a supporter,2.0394,2.0394,5,4,1,0.1667,6
boundary:query,1494,L650,dense,narrow,contradicted; cut f:query_len_tokens,2.0396,1.9884,5,5,1,0.0,7
boundary:query,1494,L642,dense,retire,utility <= 0,,2.0534,5,4,0,0.0,5
boundary:query,1494,L650,dense,retire,utility <= 0,,1.9884,5,5,1,0.0,7
boundary:query,1495,L656,dense,create,"default missed, dense hit",,2.0,1,0,0,0.0,0
boundary:query,1496,L643,hybrid,exception,contradicted; every cut loses a supporter,2.0193,2.0193,3,5,1,0.1667,6
boundary:query,1497,L656,dense,expand,arm beat the default just outside the box,2.0006,2.0653,2,1,0,-1.0,1
boundary:query,1497,L381.lo.lo.lo.lo.lo.hi.hi,dense,retire,utility <= 0,,1.5792,7,4,0,0.0,5
boundary:query,1497,L597.lo,hybrid,retire,utility <= 0,,1.8568,4,5,0,0.0,5
