id_a,id_b,similarity,question_a,question_b,best_a,best_b,best_same,bm25_a,bm25_b,bm25_same,dense_a,dense_b,dense_same,hybrid_a,hybrid_b,hybrid_same
2hop__444265_82341,2hop__144150_82341,1.0,In what part of Florida is Tom Denney's birthplace located?,In what part of Florida is Tom Denney's birthplace located?,bm25,none,0,1,0,0,0,0,1,0,0,1
4hop1__436202_765799_282674_759393,4hop1__436202_378185_282674_759393,1.0,What is the seat of the county sharing a border with the county in which J. P. Hayes was born?,What is the seat of the county sharing a border with the county in which J.P. Hayes was born?,hybrid,none,0,0,0,1,0,0,1,1,0,0
3hop1__64957_87694_64412,3hop1__46571_87694_64412,1.0,When did the city that contains the basilica named after the saint who is holding a knife in the last supper become a country?,When did the city that contains the basilica named after the saint who is holding a knife in the last supper become a country?,none,none,1,0,0,1,0,0,1,0,0,1
2hop__64175_90973,2hop__48033_90973,1.0,Who did the original voice of the character Mila Kunis plays on Family Guy?,Who did the original voice of the character Mila Kunis plays on family Guy?,all,all,1,1,1,1,1,1,1,1,1,1
2hop__808562_72813,2hop__683203_72813,1.0,Who does the performer of Don't Be Cruel play in the wire?,Who does the performer of Don't Be Cruel play in the wire?,none,none,1,0,0,1,0,0,1,0,0,1
3hop2__125104_127483_10557,3hop2__127483_125104_10557,1.0,What was the language Auctor comes from during the era of Rotrude's father later known as?,What was the language Auctor comes from during the era of Rotrude's father later known as?,none,none,1,0,0,1,0,0,1,0,0,1
3hop2__326964_851134_7713,3hop2__851134_326964_7713,1.0,How long had Pfrang Association's headquarters location been the capitol city of Yaxing Coach's headquarters location?,How long had Pfrang Association's headquarters location been the capitol city of Yaxing Coach's headquarters location?,none,none,1,0,0,1,0,0,1,0,0,1
3hop1__92991_73181_68042,3hop1__92991_78276_68042,0.9995,When did the majority party in the body which determines rules of the US House and US Senate gain control of the House?,When did the majority party in the body which determines the rules of the US House and US Senate gain control of the House?,none,none,1,0,0,1,0,0,1,0,0,1
4hop1__199881_765799_282674_759393,4hop1__199881_378185_282674_759393,0.9987,What is the seat of the county sharing a border with the county where Miller Electric is headquartered?,What is the seat of the county sharing a border with the county in which Miller Electric is headquartered?,bm25+hybrid,bm25,0,1,1,1,0,0,1,1,0,0
3hop2__60649_90098_10557,3hop2__90098_60649_10557,0.9986,What was the language from which the last name Sylvester originated during the era of the Frankish king who formed the Holy Roman Empire later known as?,What was the language from which the last name Sylvester originates during the era of the Frankish king who formed the Holy Roman Empire later known as?,none,none,1,0,0,1,0,0,1,0,0,1
2hop__781079_9237,2hop__9238_9237,0.9984,When did the first mosque in the place where the Marshall Islands International Airport is located open?,When did the first mosque in the place where Marshall Islands International Airport is located open?,all,all,1,1,1,1,1,1,1,1,1,1
2hop__540035_113442,2hop__109242_113442,0.9984,What date did the creator of The Blind Girl Die?,On what date did the creator of The Blind Girl die?,none,none,1,0,0,1,0,0,1,0,0,1
4hop1__324759_378185_282674_759393,4hop1__324759_765799_282674_759393,0.9972,What is the capital of the county that shares a border with the county where Pierce Manufacturing's headquarters are located?,What is the capital of the county that shares a border with the county where the headquarters of Pierce Manufacturing is located?,none,none,1,0,0,1,0,0,1,0,0,1
4hop1__707078_378185_282674_759393,4hop1__707078_765799_282674_759393,0.9969,What is the capital of the county that shares a border with the county that contains the birthplace of Erik Jensen?,What is the capital of the county that shares a border with the county whose capital is the birthplace of Erik Jensen?,none,none,1,0,0,1,0,0,1,0,0,1
4hop2__161602_426860_88460_86452,4hop2__161602_426860_88460_63559,0.9967,When did Burma change its name to the country on the natural boundary between the country that hosted the tournament and the country where That Dam is from?,When was Burma's name changed to that of the country on the natural boundary between the country that hosted the tournament and the country where That Dam is from?,none,none,1,0,0,1,0,0,1,0,0,1
2hop__142842_68489,2hop__598467_68489,0.9962,Who did the performer of Night Rocker play on Young and Restless?,Who did the performer from Night Rocker play on Young and Restless?,none,bm25,0,0,1,0,0,0,1,0,0,1
3hop2__326964_573858_7713,3hop2__573858_326964_7713,0.9961,How long had China Sunergy's headquarters location been the capitol city of Yaxing Coach's headquarters location?,How long had the headquarters location of China Sunergy been the capitol city of the headquarters location of Yaxing Coach?,dense,dense,1,0,0,1,1,1,1,0,0,1
3hop1__603558_87694_64412,3hop1__135793_87694_64412,0.9958,When did the location of the basilica that is named after the same saint as the San Pietro in Ciel d'Oro become its own country?,When did the location of the basilica named after the same saint at San Pietro in Ciel d'Oro become its own country?,none,none,1,0,0,1,0,0,1,0,0,1
2hop__73615_42173,2hop__73615_20510,0.9956,When was the company that abolished the dual system of government in Bengal established?,When was the company who abolished the dual system of government in bengal founded?,bm25+hybrid,bm25+hybrid,1,1,1,1,0,0,1,1,1,1
4hop3__152056_698586_89595_54362,4hop3__661103_698586_89595_54362,0.9955,Who burned down the city where Dunn Dunn's recording artist died during the conflict after which the historical time period of A Rose for Emily occurred?,Who burned down the city where Dunn Dunn's recording artist died during the conflict after which occurred the historical period of A Rose for Emily?,none,none,1,0,0,1,0,0,1,0,0,1
4hop2__71753_158279_70784_61381,4hop2__71753_158279_70784_79935,0.9949,When was the region immediately north of the region where Israel is located and the final destination for the export crops established?,When was the region immediately north of the region where Israel is located and the final destination for the export crops created?,none,none,1,0,0,1,0,0,1,0,0,1
3hop2__132957_52222_40768,3hop2__132957_51933_40768,0.9935,"When did the maker of Acura Legend, the biggest automobile company in the world, and Nissan open US assembly plants?","When did the maker of the Acura Legend, the largest auto company in the world, and Nissan open US assembly plants?",none,none,1,0,0,1,0,0,1,0,0,1
2hop__51074_75184,2hop__52283_75184,0.9928,Who plays Marty's girlfriend in Back to the Future?,Who play's Marty's girlfriend in back to the future?,dense+hybrid,dense,0,0,0,1,1,1,1,1,0,0
3hop2__222979_132628_40768,3hop2__222979_840908_40768,0.9916,"When did the company that built VTEC, the owner of Scion, and Nissan open US Assembly plants?","When did the manufacturer of VTEC, the owner of Scion, and Nissan open US assembly plants?",dense,none,0,0,0,1,1,0,0,0,0,1
3hop1__51933_40769_64047,3hop1__52222_40769_64047,0.9911,When did the luxury division of the largest auto company in the world change the body style of the rx 350?,When did the luxury division of the biggest automobile company in the world change the body style of rx 350?,none,none,1,0,0,1,0,0,1,0,0,1
2hop__21991_43945,2hop__170341_43945,0.991,"Why was Common Sense, written by the same author as The Rights of Man, an important work?","Why was Common Sense, by the same author as Rights of Man, an important work?",dense+hybrid,dense+hybrid,1,0,0,1,1,1,1,1,1,1
2hop__50936_90973,2hop__48033_90973,0.9907,Who did the original voice of the character that Mila Kunis plays in Family Guy?,Who did the original voice of the character Mila Kunis plays on family Guy?,all,all,1,1,1,1,1,1,1,1,1,1
2hop__199216_33564,2hop__133241_33564,0.9899,During what era was the manufacturer of Agni-V founded?,In what era was the company known as the manufacturer of Agni-V founded?,none,none,1,0,0,1,0,0,1,0,0,1
3hop2__76873_69814_64554,3hop2__69814_76873_64554,0.9898,"Following the war where Memoirs of a Geisha is set, a conflict in which Germany was divided into two countries developed, between the U.S. and what nation?","After the war that provides the setting for Memoirs of a Geisha, a conflict in which Germany was divided into two countries, developed between the U.S. and what nation?",bm25+hybrid,bm25+hybrid,1,1,1,1,0,0,1,1,1,1
2hop__84172_198548,2hop__78756_198548,0.9897,Who is the spouse of the person who does the voice for Smokey the Bear?,Who is the spouse of the person who voices Smokey the bear?,none,none,1,0,0,1,0,0,1,0,0,1
4hop1__17192_17130_70784_61381,4hop1__17192_17130_70784_79935,0.9895,When was the region immediately north of the region where the country that secured southern Lebanon is located and the Persian Gulf established?,When was the region immediately north of the region where the country that secured southern Lebanon is located and the Persian Gulf created?,none,none,1,0,0,1,0,0,1,0,0,1
3hop2__84553_90098_10557,3hop2__90098_84553_10557,0.9891,"What was the form of the language where the last name Sylvester originates, used in the era of the man crowned Emperor of the Romans in 800, later known as?","What was the form of the language where the last name Sylvester originates, used in the era of the individual crowned Emperor of the Romans in 800, later known as?",none,none,1,0,0,1,0,0,1,0,0,1
4hop2__71753_623626_70784_79935,4hop2__71753_623626_70784_61381,0.9888,When was the region that lies to the north of what where Israel is located and the body of water where Kharg Island is found created?,When was the region that lies to the north of where israel is located and the body of water where Kharg Island is located established?,none,none,1,0,0,1,0,0,1,0,0,1
3hop1__92991_78276_68042,3hop2__89854_92991_76291,0.9884,When did the majority party in the body which determines the rules of the US House and US Senate gain control of the House?,When did the majority party in the House of Representatives gain control of the body which determines rules of the US House and US Senate?,none,dense,0,0,0,1,0,1,0,0,0,1
2hop__153532_72380,2hop__619265_72380,0.9882,When does season 4 of the series that The Bag or the Bat is a part of come out?,When does season 4 of the series The Bag or the Bat was part of come out?,none,none,1,0,0,1,0,0,1,0,0,1
2hop__71294_494136,2hop__50068_494136,0.988,Who is the spouse of the actor who plays the father on I Can Only Imagine?,Who is the spouse of the person who played Father in I Can Only Imagine?,bm25+hybrid,bm25+hybrid,1,1,1,1,0,0,1,1,1,1
3hop2__222979_132957_40768,3hop2__132957_222979_40768,0.9874,"When did the maker of Acura Legend, the owner of Scion, and Nissan open US assembly plants?","When did Nissan, the Acura Legend maker and the Scion owner open US assembly plants?",dense+hybrid,dense+hybrid,1,0,0,1,1,1,1,1,1,1
2hop__57209_67668,2hop__82766_67668,0.9874,"The actor who plays Barney in ""How I Met Your Mother"" plays what character in Batman Under the Red Hood?",The actor playing Barney in How I Met Your Mother played who in Batman Under The Red Hood?,all,all,1,1,1,1,1,1,1,1,1,1
2hop__57209_67668,2hop__49409_67668,0.9873,"The actor who plays Barney in ""How I Met Your Mother"" plays what character in Batman Under the Red Hood?",What character does the actor who played Barney on How I Met Your Mother play in Batman Under the Red Hood?,all,all,1,1,1,1,1,1,1,1,1,1
3hop2__132957_593597_40768,3hop2__132957_133264_40768,0.9872,"When did the maker of Acura Legend, the manufacturer of Scion Fuse and Nissan open US assembly plants?","When did Nissan, the Acura Legend maker and the Scion Fuse manufacturer open US assembly plants?",dense+hybrid,dense+hybrid,1,0,0,1,1,1,1,1,1,1
2hop__55032_786853,2hop__61664_786853,0.9868,Who is the spouse of the actor who voices Batman in the Lego Batman movie?,Who is the spouse of the voice actor of Batman in The Lego Batman Movie?,none,none,1,0,0,1,0,0,1,0,0,1
3hop2__92991_28727_76291,3hop2__28727_92991_76291,0.9864,When did the political party Alaska generally supports take control of the determiner of rules of the US House and US Senate?,When did the party Alaska generally supports take control of the determiner of rules of the US House and US Senate?,dense,dense,1,0,0,1,1,1,1,0,0,1
4hop2__71753_261673_70784_79935,4hop2__71753_261673_70784_61381,0.9861,When was the region that lies to the north of the where Israel is located and the location of Shamal created?,When was the region that lies to the north of where Israel is located and where Shamal is located established?,none,none,1,0,0,1,0,0,1,0,0,1
3hop1__90327_73181_68042,3hop1__90327_78276_68042,0.986,When did the majority party in the body which approves members of the Cabinet gain control of the House?,When did the majority party in the body which approves members of the American Cabinet gain control of the House?,none,none,1,0,0,1,0,0,1,0,0,1
3hop2__132957_132798_40768,3hop2__132957_295815_40768,0.9859,"When did the make of Acura Legend, the company that made toyopet Master and Nissan open US assembly plants?","When did the maker of the Acura Legend, the manufacturer of Toyopet Master, and Nissan open US assembly plants?",dense+hybrid,hybrid,0,0,0,1,1,0,0,1,1,1
3hop2__27069_92991_76291,3hop2__92991_27069_76291,0.9858,When did the party of Oklahoma's US Senators take control of the body determining the rules of the US House and US Senate?,When did the party Oklahoma's US Senators come from take control of the body determining the rules of the US House and US Senate?,dense,dense,1,0,0,1,1,1,1,0,0,1
4hop2__9988_729371_70784_79935,4hop2__9988_729371_70784_61381,0.9858,"When was the region is immediately north of what used to be known as the ""Near East"" and the location of Operation Earnest Will created?","When was the region that lies to the north of what used to be known as the ""Near East"" and the location of Operation Earnest Will established?",none,none,1,0,0,1,0,0,1,0,0,1
3hop2__84553_90098_10557,3hop2__127483_79978_10557,0.9858,"What was the form of the language where the last name Sylvester originates, used in the era of the man crowned Emperor of the Romans in 800, later known as?","What was the form of the language that the last name Sylvester comes from, used in the era of the man crowned Roman Emperor in AD 800, later known as?",none,none,1,0,0,1,0,0,1,0,0,1
3hop2__156850_90098_10557,3hop2__90098_156850_10557,0.9854,"What was the version of the language where the last name Sylvester originates, used in the era of Fastrada's spouse, later known as?","What was the form of the language that the last name Sylvester comes from, used in the era of Fastrada's spouse, later known as?",dense+hybrid,dense+hybrid,1,0,0,1,1,1,1,1,1,1
2hop__75714_21969,2hop__84847_21969,0.9851,When was the first governor general of India impeached?,When was the 1st governor general of India impeached?,all,none,0,1,0,0,1,0,0,1,0,0
3hop2__87184_90327_76291,3hop1__90327_73181_68042,0.9837,When did the majority party in the House of Representatives gain control of the body which approves members of the Cabinet?,When did the majority party in the body which approves members of the Cabinet gain control of the House?,dense+hybrid,none,0,0,0,1,1,0,0,1,0,0
2hop__56806_7298,2hop__82051_7298,0.9836,What pop artist started his career on adult contemporary radio along with the subject of the song The One That Got Away?,"Along with the subject of The One That Got Away, what notable pop artist started out his career on adult contemporary radio?",dense+hybrid,all,0,0,1,0,1,1,1,1,1,1
3hop1__593597_40769_64047,3hop1__133264_40769_64047,0.9835,When did the luxury division of the manufacturer of Scion Fuse change the body style of the RX 350?,When did the rx 350 model of the luxury division of the company that manufactures Scion Fuse change body style?,none,none,1,0,0,1,0,0,1,0,0,1
2hop__84847_148696,2hop__75714_148696,0.9833,What is the position of the 1st governor general of India?,What is the position of the first governor general of India?,dense,all,0,0,1,0,1,1,1,0,1,0
3hop1__617062_127905_92225,3hop1__617062_127905_87812,0.9829,When is the opening day of the season of the league that Jim Wilson's team plays for?,When is the opening day of the league that Jim Wilson plays for?,none,dense,0,0,0,1,0,1,0,0,0,1
3hop2__19639_90098_10557,3hop2__90098_19639_10557,0.9828,"What was the version of the language where the last name Sylvester originates, used in the era of the king that united the tribes in the 9th century, later called?","What was the form of the language that the last name Sylvester comes from, used in the era of the king who united the 9th century tribes, later known as?",none,none,1,0,0,1,0,0,1,0,0,1
2hop__486314_544665,2hop__125412_544665,0.9827,Who followed the father of Menucha Rochel Slonim?,Who followed Menucha Rochel Slonim's father?,dense,dense,1,0,0,1,1,1,1,0,0,1
2hop__646573_83769,2hop__108158_83769,0.9804,"Who did the creator of Push, Nevada play in Dazed and Confused?","Who was played by the creator of Push, Nevada in Dazed and Confused?",dense,dense,1,0,0,1,1,1,1,0,0,1
2hop__77263_84616,2hop__62369_84616,0.9803,For what did the singer of Moon River in Breakfast at Tiffany's win a Tony?,"What did the singer of ""Moon River"" in the movie Breakfast at Tiffany win a Tony for?",none,none,1,0,0,1,0,0,1,0,0,1
3hop2__92991_89854_76291,3hop2__92991_87184_76291,0.9792,When did the party holding the majority in the House of Representatives take control of the determiner of rules of the House and Senate?,When did the majority party in the House of Representatives take control of the determiner of rules of the US House and US Senate?,dense,dense+hybrid,0,0,0,1,1,1,1,0,1,0
2hop__62020_158262,2hop__83405_158262,0.9788,When did the president of the Confederacy end his fight in the Mexican-American war?,When did the president of the Confederate States of America end his fight in the Mexican-American war?,none,none,1,0,0,1,0,0,1,0,0,1
4hop2__71753_158985_70784_61381,4hop2__71753_158985_70784_79935,0.9786,When was the region immediately north of the region where Israel is located and the site of the most growth in desalination for agricultural use established?,When was the region that lies to the north of where Israel is located and where the most growth in desalination for agricultural use is taking place created?,none,none,1,0,0,1,0,0,1,0,0,1
3hop2__89854_36497_76291,3hop2__36497_89854_76291,0.9784,When did the majority party in the House of Representatives take control of the body which the President calls on for support in his USAF appointments?,"When did the party who holds the majority in the House of Representatives, take control of the political body that the President calls on for support in his USAF appointments?",none,none,1,0,0,1,0,0,1,0,0,1
3hop2__90098_84553_10557,3hop2__90098_79978_10557,0.9778,"What was the form of the language where the last name Sylvester originates, used in the era of the individual crowned Emperor of the Romans in 800, later known as?","What was the language that the last name Sylvester comes from, used in the era of the individual crowned Roman Emperor in A.D. 800, later known as?",none,none,1,0,0,1,0,0,1,0,0,1
2hop__153532_45326,2hop__619265_45326,0.9771,How many episodes are in season 5 of the series The Bag or the Bat is part of?,How many episodes are in season 5 of the series with The Bag or the Bat?,dense,dense+hybrid,0,0,0,1,1,1,1,0,1,0
2hop__13592_49388,2hop__13592_85544,0.9768,How many games in a season of the league in which Barcelona won titles in 1948 and 1949?,How many games do team in the league where Barcelona won titles in 1948 and 1949 play?,none,none,1,0,0,1,0,0,1,0,0,1
2hop__70930_7298,2hop__82051_7298,0.9764,"Along with the person that The One That Got Away is about, what notable pop artist started his career in adult contemporary radio?","Along with the subject of The One That Got Away, what notable pop artist started out his career on adult contemporary radio?",dense+hybrid,all,0,0,1,0,1,1,1,1,1,1
4hop1__310029_153080_159767_81096,4hop1__310029_153080_33897_81096,0.9763,Who won the Indy Car Race in the largest city and capital of the state where the performer of Jazz Portraits: Mingus in Wonderland is from?,Who won the Indy car race in the largest populated city in the state where the Jazz Portraits: Mingus in Wonderland performer is from?,none,none,1,0,0,1,0,0,1,0,0,1
3hop1__295815_40769_64047,3hop1__132798_40769_64047,0.9763,When did the luxury division of the company that manufactures Toyopet Master change the body style of the RX 350?,When did the luxury division of the maker of the Toyopet Master change the body style of the rx 350?,none,none,1,0,0,1,0,0,1,0,0,1
4hop2__71753_685934_70784_79935,4hop2__71753_685934_70784_61381,0.9761,When was the region that lies to the north of the region Israel is located and where The World is located created?,When was the region that lies to the north of where Israel is located and where The World is located established?,none,none,1,0,0,1,0,0,1,0,0,1
3hop1__671542_665330_47686,3hop1__671542_651917_47686,0.9761,Where do greyhound buses leave from in the city where the performer of Darlings formed?,Where do greyhound buses leave from in the city where the performer of Darlings was born?,none,none,1,0,0,1,0,0,1,0,0,1
2hop__59274_461854,2hop__63002_461854,0.9746,Who was the spouse of the actor who played Scarlett in Gone With the Wind?,Who is the spouse of the actress who plays Scarlett in Gone With the Wind?,none,none,1,0,0,1,0,0,1,0,0,1
4hop2__71753_729371_70784_61381,4hop2__71753_729371_70784_79935,0.9746,When was the region immediately north of the region home to Israel and the location of Operation Earnest Will established?,When was the region that lies to the north of where Israel is located and the location of Operation Earnest Will established?,none,none,1,0,0,1,0,0,1,0,0,1
3hop2__222979_132957_40768,3hop2__132957_595371_40768,0.9731,"When did the maker of Acura Legend, the owner of Scion, and Nissan open US assembly plants?","When did the maker of the Acura Legend, the manufacturer of the Scion xB, and Nissan, open US assembly plants?",dense+hybrid,dense+hybrid,1,0,0,1,1,1,1,1,1,1
3hop1__622497_160088_73916,3hop1__622497_160088_85460,0.972,What is the average yearly income for someone with the same nationality as the producer of The Wild Women of Chastity Gulch?,What is the average salary of a working person with the same nationality as the producer of The Wild Women of Chastity Gulch?,none,none,1,0,0,1,0,0,1,0,0,1
2hop__45126_807969,2hop__85596_807969,0.9717,Which team is the highest goal scorer in EPL this season a member of?,What team is the highest goal scorer in the EPL a member of?,none,none,1,0,0,1,0,0,1,0,0,1
4hop1__76111_624859_355213_203322,4hop1__89530_624859_355213_203322,0.9711,What county shares a border with the county where the singer of Hungry Eyes from the movie Dirty Dancing was born?,"What county shares a border with the other county, that contains the city, where the singer of Hungry Eyes in the movie Dirty Dancing, was born?",bm25+hybrid,none,0,1,0,0,0,0,1,1,0,0
2hop__329591_91104,2hop__575797_91104,0.9695,What is the experimental satellite being forerunner to communication satellite of INSAT-4CR's manufacturer called?,What is the experimental satellite that was the forerunner to communication satellite of the operator of INSAT-4CR called?,all,all,1,1,1,1,1,1,1,1,1,1
4hop1__726152_153080_159767_81096,4hop1__726152_153080_33897_81096,0.9695,Who won the Indy car race in the largest city and capital of the state where the performer of Tijuana Moods was born?,Who won the Indy Car Race in the largest populated city of the state where the performer of Tijuana Moods is from?,none,none,1,0,0,1,0,0,1,0,0,1
3hop1__365934_87694_124169,3hop1__136129_87694_124169,0.9684,What date did the Governor of the city where the basilica named after the same saint as the one that Mantua Cathedral is dedicated to end?,What year did the Governor of the city where the basilica named after the same saint as the one that Mantua Cathedral is dedicated to die?,dense,none,0,0,0,1,1,0,0,0,0,1
4hop1__638988_17130_70784_79935,4hop1__638988_17130_70784_61381,0.968,When was the region that lies to the north of the region where Aluf is located and the Persian Gulf created?,When was the region immediately north of the region where the country in which Aluf can be found is located and the Persian Gulf established?,none,none,1,0,0,1,0,0,1,0,0,1
2hop__36269_63853,2hop__36269_73244,0.9677,What is the source of the river Orlam clans crossed to migrate to Namibia?,Where is the origin of the river that Orlam clans crossed to migrate to Namibia?,none,none,1,0,0,1,0,0,1,0,0,1
3hop2__90098_76623_10557,3hop2__76623_90098_10557,0.9677,What was the language from which the last name Sylvester originated during the era of the person crowned emperor of the west in 800 CE later known as?,"What was the version of the language the last name Sylvester comes from, used in the era of the individual crowned Emperor of the West in 800 CE, later called?",bm25+hybrid,dense,0,1,0,0,0,1,0,1,0,0
3hop2__222979_132957_40768,3hop2__132957_483843_40768,0.9674,"When did the maker of Acura Legend, the owner of Scion, and Nissan open US assembly plants?","When did the maker of the Acura Legend, the manufacturer of Scion bbX and Nissan open US assembly plants?",dense+hybrid,dense+hybrid,1,0,0,1,1,1,1,1,1,1
4hop2__71753_648517_70784_79935,4hop2__71753_648517_70784_61381,0.967,When was the region immediately north of the region where Israel is located and the location of the Battle of Qurah and Umm al Maradim created?,When was the region that lies to the north of the region Israel is located and where the Battle of Qurah and Umm al Maradim is took place established?,none,none,1,0,0,1,0,0,1,0,0,1
3hop2__87184_38738_76291,3hop2__89854_38738_76291,0.9661,When did the party that controls the House of Representatives take control of the branch that gives regulators discretion to prohibit proprietary trades?,When did the party that holds the majority in the House of Representatives take control of the branch that gives regulators discretion to prohibit proprietary trades?,none,none,1,0,0,1,0,0,1,0,0,1
2hop__55463_19033,2hop__91021_19033,0.9661,Where did the wrestler who has won the most intercontinental championships win in 2008?,Where did the wrestler who has held the intercontinental championship the most times win in 2008?,dense,dense+hybrid,0,0,0,1,1,1,1,0,1,0
2hop__85713_84469,2hop__79875_84469,0.9657,"In A League of Their Own, who played the husband of the actress who played Thelma in Thelma and Louise?","In the movie A League of their Own, who played the husband of the person who also played Thelma in the movie Thelma and Louise?",all,dense+hybrid,0,1,0,0,1,1,1,1,1,1
3hop1__38738_78276_68042,3hop1__38738_73181_68042,0.9657,"When did the political party that holds the majority in the political body that passed a bill giving regulators discretion to prohibit proprietary trades, gain control of the House?","When did the party that is the current majority in the political assembly that passed a bill giving regulators discretion to prohibit proprietary trades, gain control of the House?",none,none,1,0,0,1,0,0,1,0,0,1
2hop__463353_66723,2hop__463353_80420,0.9649,Who was the first black student admitted to the school that owns Swayze Field?,Who was the first African American student to attend the school that owns Swayze Field?,dense,dense,1,0,0,1,1,1,1,0,0,1
4hop1__83058_53706_795904_580996,4hop1__33012_53706_795904_580996,0.9648,"What area shares a border, with the city that was the work location of an individual, who went to the U.S. state with a Mediterranean climate, during the Gold Rush?",What city shares a border with the place where the person who went to the state known for its Mediterranean climate during the gold rush worked?,none,none,1,0,0,1,0,0,1,0,0,1
4hop2__161324_14670_8987_8529,4hop2__103790_14670_8987_8529,0.9642,"A country's military branch, the equivalent of which in the US contains the Air Defense Artillery, was unprepared for the invasion of the country occupied by the Nazi's. When was the word ""Slavs"" used in the national anthem of the unprepared country?","A country's military branch, the equivalent of which in the US contains the Air Defense Artillery, was unprepared for the invasion of Ivo Werner's country. When was the word ""Slavs"" used in the national anthem of the unprepared country?",none,none,1,0,0,1,0,0,1,0,0,1
3hop2__88342_93066_47738,3hop2__93066_88342_47738,0.9641,When did the team that won the AL East in 2017 last play in the event after which the MLB MVP is awarded?,When did the team that won the AL East in 2017 last play in the series of games that the MLB MVP award is given after?,none,none,1,0,0,1,0,0,1,0,0,1
3hop2__132957_379231_40768,3hop2__132957_595371_40768,0.9628,"When did Nissan, the Acura Legend maker and the Scion xD manufacturer open US assembly plants?","When did the maker of the Acura Legend, the manufacturer of the Scion xB, and Nissan, open US assembly plants?",dense+hybrid,dense+hybrid,1,0,0,1,1,1,1,1,1,1
3hop1__135659_87694_64412,3hop1__365934_87694_64412,0.9621,When did the place where St for whom the Mantua Cathedral was named for basilica the head of the catholic religion is located in become its own country?,When did the location of the head of the catholic religion with a basilica named after the same saint as Mantua Cathedral become its own country?,none,none,1,0,0,1,0,0,1,0,0,1
3hop1__36497_73181_68042,3hop2__36497_89854_76291,0.962,When did the party with a majority in the body the President calls on for support of his appointments to the USAF gain control of the House?,"When did the party who holds the majority in the House of Representatives, take control of the political body that the President calls on for support in his USAF appointments?",none,none,1,0,0,1,0,0,1,0,0,1
2hop__115515_779396,2hop__119423_779396,0.9618,Where was the creator of the Lap Engine educated?,Where was the designer of the Lap Engine educated?,dense,dense+hybrid,0,0,0,1,1,1,1,0,1,0
4hop2__160585_14670_8987_8974,4hop2__160585_39078_8987_8974,0.9615,Hana Mandlikova was born in Country A that invaded Country B because the military branch the Air Defense Artillery is part of was unprepared. Country B was the only communist country to have an embassy where?,Hana Mandlikova was born in Country A that invaded Country B because the military branch that helped Old West's local police was unprepared. Country B was the only communist country to have an embassy where?,none,none,1,0,0,1,0,0,1,0,0,1
4hop1__236903_153080_159767_81096,4hop1__236903_153080_33897_81096,0.9615,Who won the Indy Car Race in the largest city and state of the state where the performer of East Coasting is from?,Who won the indy car race in the most populated city of the state where the performer of East Coasting is from?,none,none,1,0,0,1,0,0,1,0,0,1
3hop2__89048_809962_66294,3hop2__809962_89048_66294,0.9613,Who played who sang is she really going out with him in the composer of speechless movie?,Who played the man named identically to the singer of Is She Really Going Out With Him in the movie about the composer of Speechless?,none,none,1,0,0,1,0,0,1,0,0,1
4hop1__443274_17130_70784_61381,4hop1__443274_17130_70784_79935,0.9609,When was the region that lies to the north of the country where Sar-El is located and the Persian Gulf established?,When was the region immediately north of the region where the country in which Sar-El can be found is located and the Persian Gulf created?,none,none,1,0,0,1,0,0,1,0,0,1
4hop2__161324_14670_8987_8529,4hop2__105527_14670_8987_8529,0.9608,"A country's military branch, the equivalent of which in the US contains the Air Defense Artillery, was unprepared for the invasion of the country occupied by the Nazi's. When was the word ""Slavs"" used in the national anthem of the unprepared country?","A country's military branch, the equivalent of which in the US contains the Air Defense Artillery, was unprepared for the invasion of the country that developed the ZH-29. When was the word ""Slavs"" used in the national anthem of the unprepared country?",none,none,1,0,0,1,0,0,1,0,0,1
4hop3__661103_698586_1926_54362,4hop3__152056_698586_1926_54362,0.9601,Who burned down the city where Dunn Dunn's artist died in the war after which black people declined living in NYC?,Who burned down the death city of the artist responsible for Dunn Dunn in the war after which the first time black people declined in living in NYC?,none,none,1,0,0,1,0,0,1,0,0,1
3hop1__222979_40769_64047,3hop1__595371_40769_64047,0.9594,When did the RX 350 from the Scion owner's luxury division change body style?,When did the RX 350 from the Scion xB manufacturer's luxury division change body style?,none,none,1,0,0,1,0,0,1,0,0,1
3hop2__132957_132968_40768,3hop2__132957_132967_40768,0.9594,"When did the maker of Acura Legend, the company that makes Daihatsu Charmant, and Nissan open US assembly plants?","When did the maker of the Acura Legend, the company that built Daihatsu Boon, and Nissan open US assembly plants?",dense+hybrid,dense,0,0,0,1,1,1,1,1,0,0
2hop__713299_55227,2hop__719184_55227,0.9587,Who plays the wife of a Here Comes the Boom cast member in the movie Grown Ups?,Who plays the wife of the producer of Here Comes the Boom in Grown Ups?,dense,dense,1,0,0,1,1,1,1,0,0,1
4hop2__71753_158279_70784_79935,3hop2__158279_71753_70784,0.9575,When was the region immediately north of the region where Israel is located and the final destination for the export crops created?,What region is directly north of where Israel and the final destination of export crops is?,none,none,1,0,0,1,0,0,1,0,0,1
3hop2__91678_90098_10557,3hop2__90098_91678_10557,0.9575,"What was the form of the language that the last name Sylvester comes from, used in the era of the first Holy Roman Emperor, later known as?",What was the language from which the last name Sylvester originated during the era of the person crowned first Holy Roman Emperor later known as?,bm25+hybrid,none,0,1,0,0,0,0,1,1,0,0
2hop__502852_75487,2hop__631139_75487,0.9574,Who is the federal leader of John Lynch-Staunton's political party?,Who is the federal leader of the party in which John Lynch-Staunton held a position?,all,all,1,1,1,1,1,1,1,1,1,1
2hop__46213_494136,2hop__50068_494136,0.9568,The actor who plays the father in I Can Only Imagine has a wife played by who in another film?,Who is the spouse of the person who played Father in I Can Only Imagine?,all,bm25+hybrid,0,1,1,1,1,0,0,1,1,1
3hop1__446612_160545_62931,3hop1__446612_160545_60577,0.9567,Where was the film The Beach filmed in the country where Ercole Manfredi died?,Where did they film The Beach in the country where Ercole Manfredi died?,none,none,1,0,0,1,0,0,1,0,0,1
3hop2__72083_92991_76291,3hop2__92991_72083_76291,0.9564,When did the party that gained control of Congress in the midterm elections in 1946 take control of the government branch that determines the rules of the US House?,When did the party who gained control of congress in the midterm elections in 1946 take control of the determiner of rules of the US House and US Senate?,none,none,1,0,0,1,0,0,1,0,0,1
4hop1__88342_75218_128008_54974,4hop1__88342_49853_128008_54974,0.956,What is the longest home run hit in the league where the team with the most games in the series after which the MLB MVP is awarded plays?,What is the longest home run hit in the league where the team with the most titles from the event after which the MLB MVP is awarded plays?,none,none,1,0,0,1,0,0,1,0,0,1
2hop__63483_786853,2hop__61664_786853,0.956,Who is the spouse of the person who plays Batman in the Lego Batman Movie?,Who is the spouse of the voice actor of Batman in The Lego Batman Movie?,none,none,1,0,0,1,0,0,1,0,0,1
3hop1__145194_160545_62931,3hop1__145194_160545_60577,0.9558,The Beach was filmed in what location of the country that contains the birth city of Siddhi Savetsila?,Where did they film The Beach in the country where Siddhi Savetsila was born?,none,none,1,0,0,1,0,0,1,0,0,1
4hop1__846600_153080_33897_81096,4hop1__846600_153080_159767_81096,0.9555,Who won the Indy car race in the largest populated city in the state where the performer of A Modern Jazz Symposium of Music and Poetry is from?,Who won the Indy car race in the largest city and the capital of the state of origin of the performer of A Modern Jazz Symposium of Music and Poetry?,none,none,1,0,0,1,0,0,1,0,0,1
2hop__167577_31122,2hop__31091_31122,0.9547,What century did the author of A Treatise Concerning the Principles of Human Knowledge live in?,"What century did the author of ""Treatise Concerning the Principles of Human Knowldege"" live in?",none,none,1,0,0,1,0,0,1,0,0,1
3hop2__93066_88342_90766,3hop2__88342_93066_90766,0.954,When was the last time the winner of the American League East in 2017 met the Dodgers in the event after which the MLB MVP award is given out?,When was the last time the team that won the American League East in 2017 and the Dodgers met in the championship event that precedes the MLB MVP award?,none,none,1,0,0,1,0,0,1,0,0,1
4hop1__726391_153080_33897_81096,4hop1__726391_153080_159767_81096,0.9538,Who won the Indy car race in the largest populated city in the state where the Oh Yeah performer is from?,Who won the Indy car race in the largest city and capitol of the state where the Oh Yeah performer is from?,none,none,1,0,0,1,0,0,1,0,0,1
4hop2__161602_474028_88460_86452,4hop2__161602_474028_88460_63559,0.9532,When did Burma change its name to the country that is the natural boundary between the country that hosted the tournament and the country where A Don is located?,When was Burma's name changed to the country between the country that hosted the tournament and the country where A Don is from?,none,none,1,0,0,1,0,0,1,0,0,1
2hop__72118_83769,2hop__72686_83769,0.9531,Who did the person portraying Batman in the Justice League movie play in Dazed and Confused?,Who did the actor who played Batman in the new Justice League play in Dazed and Confused?,none,none,1,0,0,1,0,0,1,0,0,1
3hop1__462960_160545_62931,3hop1__462960_160545_60577,0.953,Where was the film The Beach filmed in the country where Pao Sarasin was born?,Where did they film The Beach in the country where Pao Sarasin was born?,none,none,1,0,0,1,0,0,1,0,0,1
4hop1__105401_17130_70784_61381,4hop1__105401_17130_70784_79935,0.953,When was the region immediately north of the region of the country in Strangers No More and the Persian Gulf established?,When was the region that lies to the north of the region where Strangers No More took place and the Persian Gulf created?,none,none,1,0,0,1,0,0,1,0,0,1
4hop3__152056_698586_57596_54362,4hop3__661103_698586_57596_54362,0.9529,Who burned down the city where Dunn Dunn's artist died in the war during which income tax started?,"Who burned down the city where the artist who recorded Dunn Dunn died, during the war that saw the introduction of income tax in the U.S.?",none,none,1,0,0,1,0,0,1,0,0,1
3hop2__132957_76377_40768,3hop2__132957_51933_40768,0.9527,"When did Nissan, the Acura Legend maker and the top selling car brand open US assembly plants?","When did the maker of the Acura Legend, the largest auto company in the world, and Nissan open US assembly plants?",none,none,1,0,0,1,0,0,1,0,0,1
2hop__88834_425488,2hop__88834_356793,0.9524,Who is the mother of the person who plays Nim in Return to Nim's Island?,Who is the father of Nim's actress in Return to Nim's Island?,none,none,1,0,0,1,0,0,1,0,0,1
4hop1__668178_378185_282674_759393,4hop1__668178_765799_282674_759393,0.9521,What is the capital of the county that shares a border with the county where Don Werner was born?,What is the seat of the county sharing a border with the county where Don Werner was born?,none,hybrid,0,0,0,1,0,0,1,0,1,0
2hop__25396_212301,2hop__25396_593388,0.952,Who is the child of the person who issued the Tamworth manifesto?,Who was the father of the person who issued the Tamworth manifesto?,dense,dense+hybrid,0,0,0,1,1,1,1,0,1,0
2hop__123145_80420,2hop__123145_66723,0.9517,Who was the first African American student to attend Stewart Patridge's university?,who was the first black student admitted to the university that Stewart Patridge attended?,all,dense,0,1,0,0,1,1,1,1,0,0
2hop__719184_55227,2hop__247353_55227,0.9515,Who plays the wife of the producer of Here Comes the Boom in Grown Ups?,Who plays the wife of Here Comes the Boom's screenwriter in Grown Ups?,dense,dense+hybrid,0,0,0,1,1,1,1,0,1,0
3hop2__36497_89854_76291,3hop2__87184_36497_76291,0.9514,"When did the party who holds the majority in the House of Representatives, take control of the political body that the President calls on for support in his USAF appointments?","When did the party that controls the House of Representatives right now, take control of the political body that the President calls on to support his USAF appointments?",none,none,1,0,0,1,0,0,1,0,0,1
4hop1__88342_49853_128008_87812,4hop1__88342_75218_128008_92225,0.9512,When is the opening day of the league of the team with the most titles from the event after which they give out the MLB MVP award?,"When is the opening day of the league, that includes the team that played in the most games. of the event that the MLB MVP award is handed out after?",none,none,1,0,0,1,0,0,1,0,0,1
2hop__559273_152023,2hop__143650_152023,0.9507,What label was responsible for the performer of Delta Hardware?,What label was responsible for who sang or played Delta Hardware?,none,none,1,0,0,1,0,0,1,0,0,1
4hop1__343844_17130_70784_61381,4hop1__343844_17130_70784_79935,0.9506,When was the country established that lies immediately north of the Persian Gulf and the region where the country containing Urim is located?,When was the region immediately north of the region where Urim's country is located and the Persian Gulf created?,none,none,1,0,0,1,0,0,1,0,0,1
3hop1__483843_40769_64047,3hop1__222979_40769_64047,0.9504,When did the luxury division of the manufacturer of the Scion bbX change the body style of the rx 350?,When did the RX 350 from the Scion owner's luxury division change body style?,none,none,1,0,0,1,0,0,1,0,0,1
3hop2__79978_90098_10557,3hop2__90098_79978_10557,0.9503,What was the language from which the last name Sylvester originates during the era of the person crowned new Roman emperor in 800 A.D. later known as?,"What was the language that the last name Sylvester comes from, used in the era of the individual crowned Roman Emperor in A.D. 800, later known as?",hybrid,none,0,0,0,1,0,0,1,1,0,0
3hop1__379231_40769_64047,3hop1__76377_40769_64047,0.9499,When did the luxury division of the manufacturer change the body style of RX 350?,When did the luxury division of the top selling car brand change the body style of the rx 350?,none,none,1,0,0,1,0,0,1,0,0,1
3hop2__38242_92991_76291,3hop2__92991_38242_76291,0.9499,When did the party with majorities in Congress prior to the 1954 elections gain control of the body which determines rules of the US House and US Senate?,"When did the party that had majorities in Congress prior to the 1954 elections, take control of the organization that determines the rules of the US house and US senate?",none,none,1,0,0,1,0,0,1,0,0,1
3hop1__36497_73181_68042,3hop1__36497_78276_68042,0.9498,When did the party with a majority in the body the President calls on for support of his appointments to the USAF gain control of the House?,When did the majority party of the branch of government that the President calls to support appointments to the USAF gain control in the House?,none,none,1,0,0,1,0,0,1,0,0,1
4hop1__88342_75218_128008_87812,4hop1__88342_75218_128008_92225,0.9498,When is the opening day of the league in which the team with the most games in the series after which the MLB MVP is awarded plays?,"When is the opening day of the league, that includes the team that played in the most games. of the event that the MLB MVP award is handed out after?",none,none,1,0,0,1,0,0,1,0,0,1
2hop__26642_81961,2hop__26642_66233,0.9493,When does the regular season for the league which the Buffalo Sabres Alumni Hockey Team had most of its members from begin?,When does the new season of the league where most members of the Buffalo Sabres Alumni Hockey Team are from start?,all,dense+hybrid,0,1,0,0,1,1,1,1,1,1
4hop2__9988_158985_70784_79935,4hop2__9988_158985_70784_61381,0.949,"When was the kingdom lying immediately to the north of the region prevailing with ""Near East"" disgrace and the region having the most growth in desalination for agricultural use created?",When was the region immediately north of the region prevailing with the disgrace of the Near East and the site of the most growth in desalination for agricultural use established?,dense+hybrid,none,0,0,0,1,1,0,0,1,0,0
3hop1__53690_161697_85460,3hop1__53690_161697_73916,0.9486,What is the average salary of a working citizen of the same nationality as the author of The Feminine Mystique?,What is the average yearly income for the same nationality as the author of The Feminine Mystique?,none,none,1,0,0,1,0,0,1,0,0,1
4hop1__562740_49925_13759_736921,4hop1__580153_49925_13759_736921,0.9477,Where is the district that the person who wanted to reform and address the religion that practices altarage preach a sermon on Marian devotion before his death located?,Where is the district that the person who wanted to reform and address the religion that practices candidacy preach a sermon on Marian devotion before his death located?,none,none,1,0,0,1,0,0,1,0,0,1
4hop1__752321_153080_159767_81096,4hop1__752321_153080_33897_81096,0.9471,The largest city in the state the performer of Pithecanthropus Erectus was from is also the state capital. Who won the indy car race in that city?,Who won the Indy car race in the largest populated city in the state where the Pithecanthropus Erectus performer is from?,bm25,none,0,1,0,0,0,0,1,0,0,1
3hop2__36852_326964_7713,3hop2__326964_36852_7713,0.9471,How long had the city the Qing lost in 1853 been the capitol city of Yaxing Coach's headquarters location?,How long was the city the Qing lost in 1853 the capital of the province where Yaxing Coach is headquartered?,dense,dense+hybrid,0,0,0,1,1,1,1,0,1,0
4hop1__708184_153080_159767_81096,4hop1__708184_153080_33897_81096,0.9465,Who won the Indy car race in the largest city and the capital of the US state of origin of the performer of The Black Saint and the Sinner Lady?,Who won the Indy Car Race in the largest populated city of the state where the performer of The Black Saint and the Sinner Lady is from?,none,none,1,0,0,1,0,0,1,0,0,1
4hop2__161324_14670_8987_8529,4hop2__160585_14670_8987_8529,0.9462,"A country's military branch, the equivalent of which in the US contains the Air Defense Artillery, was unprepared for the invasion of the country occupied by the Nazi's. When was the word ""Slavs"" used in the national anthem of the unprepared country?","A country's military branch, which in the US contains the Air Defense Artillery, was unprepared for the invasion of Hana Mandlikova's birth country. When was the word ""Slavs"" used in the national anthem of the unprepared country?",none,none,1,0,0,1,0,0,1,0,0,1
3hop1__694534_160088_85460,3hop1__694534_160088_73916,0.9462,What is the average salary of a working person of the same nationality as MacGruder and Loud's creator?,What is the average yearly income for a person of the same nationality as the creator of MacGruder and Loud?,none,none,1,0,0,1,0,0,1,0,0,1
4hop3__650050_88460_30152_20999,4hop3__474028_88460_30152_20999,0.9462,How were people from whom the new coins were a proclamation of independence by the Somali Muslim Ajuran Empire expelled from the natural boundary between Thailand and A Doi's country?,How were people from whom new coins were a proclamation of independence by the Somali Muslim Ajuran Empire expelled from the natural boundary between Thailand and A Don's country?,none,none,1,0,0,1,0,0,1,0,0,1
2hop__373544_66723,2hop__373544_80420,0.946,Who was the first black student admitted to where Robert Khayat was educated?,Who was the first African American student at the university Robert Khayat was educated at?,dense+hybrid,all,0,0,1,0,1,1,1,1,1,1
3hop1__743797_443779_52195,3hop1__604797_443779_52195,0.9459,"Who is the president of the newly declared independent country, that established the Timor Leste Commission of Truth and Friendship with the country where the Alas is found?",who is the president of newly declared independent country which is the country of the country of Alabio –Timor Leste Commission of Truth and Friendship?,none,dense,0,0,0,1,0,1,0,0,0,1
2hop__79875_72187,2hop__85713_72187,0.9454,What character in A League of their Own was played by the actress who played Thelma in the movie Thelma and Louise?,"The actor who played Thelma in ""Thelma and Louise"" also played which character in ""A League of Their Own""?",dense,dense,1,0,0,1,1,1,1,0,0,1
4hop3__270458_88460_30152_20999,4hop3__220945_88460_30152_20999,0.9454,How were the same people who the Somali Muslim Ajuran Empire declared independence from expelled from the natural boundary between Thailand and the country where Nam Khan is found?,How were the same people who the Somali Muslim Ajuran Empire declared independence from expelled from the natural boundary between Thailand and the country where Nam Theun is found?,none,none,1,0,0,1,0,0,1,0,0,1
2hop__44590_510545,2hop__73719_510545,0.945,Who is the spouse of the person who voices Jarvis in Iron Man?,Who is the spouse of the actor who plays Jarvis in Iron Man?,none,none,1,0,0,1,0,0,1,0,0,1
2hop__754021_20057,2hop__506099_20057,0.9449,Who started the organization that founded Defective by Design?,Who founded the organisation that owns Defective by Design?,bm25,none,0,1,0,0,0,0,1,0,0,1
3hop1__365934_87694_124169,3hop1__135659_87694_124169,0.9442,What date did the Governor of the city where the basilica named after the same saint as the one that Mantua Cathedral is dedicated to end?,"When was the end of the Governor of the city containing the head of Catholicism, and the Basilica named for the saint who the Mantua Cathedral is also named for?",dense,none,0,0,0,1,1,0,0,0,0,1
4hop3__577443_88460_30152_20999,4hop3__372437_88460_30152_20999,0.9436,How were people from whom new coins were a proclamation of independence by the Somali Muslim Ajuran Empire expelled from the natural boundary between Thailand and Tham Pha's country?,How were people from whom new coins were a proclamation of independence by the Somali Muslim Ajuran Empire expelled from the natural boundary between Thailand and Na Khaulom's country?,none,none,1,0,0,1,0,0,1,0,0,1
3hop1__49610_89752_75165,2hop__80070_89752,0.9436,What is the population of the largest state where The Handmaid's Tale is set?,What is the largest state in the region where the Handmaid's Tale takes place?,none,none,1,0,0,1,0,0,1,0,0,1
2hop__68322_510545,2hop__80860_510545,0.9433,Who is the spouse of the actor that plays Jarvis in the Avengers Age of Ultron?,Who is the spouse of the person who voices Jarvis in the Avengers Age of Ultron?,none,none,1,0,0,1,0,0,1,0,0,1
2hop__39063_212301,2hop__39063_593388,0.9427,Who is the father of the man who conceived of the 'new' police?,"Who is the father of the person who came up with the concept of the ""new"" police?",none,none,1,0,0,1,0,0,1,0,0,1
4hop3__746868_88460_30152_20999,4hop3__474028_88460_30152_20999,0.9426,How were people from whom new coins were a proclamation of independence by the Somali Muslim Ajuran Empire expelled from the natural boundary between Thailand and Muang Kasi's country?,How were people from whom new coins were a proclamation of independence by the Somali Muslim Ajuran Empire expelled from the natural boundary between Thailand and A Don's country?,none,none,1,0,0,1,0,0,1,0,0,1
4hop1__199362_378185_282674_759393,4hop1__199362_765799_282674_759393,0.9425,What is the capital of the county that shares a border with the county where WAPL is licensed to broadcast?,What is the seat of the county sharing a border with the county whose seat is the city WAPL is licensed to broadcast to?,none,none,1,0,0,1,0,0,1,0,0,1
4hop3__650050_88460_30152_20999,4hop3__323121_88460_30152_20999,0.9419,How were people from whom the new coins were a proclamation of independence by the Somali Muslim Ajuran Empire expelled from the natural boundary between Thailand and A Doi's country?,How were people from whom new coins were a proclamation of independence by the Somali Muslim Ajuran Empire expelled from the natural boundary between Thailand and A Magne's country?,none,none,1,0,0,1,0,0,1,0,0,1
4hop3__630723_88460_30152_20999,4hop3__577443_88460_30152_20999,0.9418,How were people from whom new coins were a proclamation of independence by the Somali Muslim Ajuran Empire expelled from the natural boundary between Thailand and Phommathat's country of citizenship?,How were people from whom new coins were a proclamation of independence by the Somali Muslim Ajuran Empire expelled from the natural boundary between Thailand and Tham Pha's country?,none,none,1,0,0,1,0,0,1,0,0,1
2hop__78766_461854,2hop__59274_461854,0.9415,Who is the spouse of the actor who played Scarlet in Gone with the wind?,Who was the spouse of the actor who played Scarlett in Gone With the Wind?,none,none,1,0,0,1,0,0,1,0,0,1
3hop1__132968_40769_64047,3hop1__132967_40769_64047,0.9412,When did the luxury division of the company that made Daihatsu Charmant change the body style of the rx 350?,When did the rx 350 model of the luxury division of the company that built Daihatsu boon change body style?,none,none,1,0,0,1,0,0,1,0,0,1
4hop3__547073_88460_30152_20999,4hop3__474028_88460_30152_20999,0.9411,How were people from whom the new coins were a proclamation of independence by the Somali Muslim Ajuran Empire expelled from the country between Thailand and Si Phan Don's country?,How were people from whom new coins were a proclamation of independence by the Somali Muslim Ajuran Empire expelled from the natural boundary between Thailand and A Don's country?,none,none,1,0,0,1,0,0,1,0,0,1
2hop__156700_63853,2hop__156700_73244,0.9411,What is the source of the river of which Kraai River is a tributary?,Where is the origin of the river that Kraai River is a tributary of?,none,none,1,0,0,1,0,0,1,0,0,1
4hop1__344155_765799_282674_759393,4hop1__344155_378185_282674_759393,0.9407,What is the capital of the county that shares a border with the county where KRSU is licensed to broadcast?,What is the seat of the county sharing a border with the county with a town to which KRSU is licensed to broadcast?,none,none,1,0,0,1,0,0,1,0,0,1
2hop__66167_72467,2hop__66167_90991,0.9407,Where did the player who scored the most points in a NBA season go in the NBA Draft?,Who was picked over the player who has scored the most points in an NBA season in the draft?,dense,all,0,0,1,0,1,1,1,0,1,0
4hop3__650050_88460_30152_20999,4hop3__638064_88460_30152_20999,0.9401,How were people from whom the new coins were a proclamation of independence by the Somali Muslim Ajuran Empire expelled from the natural boundary between Thailand and A Doi's country?,How were people from whom new coins were a proclamation of independence by the Somali Muslim Ajuran Empire expelled from the natural boundary between Thailand and Hiam district's country?,none,none,1,0,0,1,0,0,1,0,0,1
2hop__57638_90991,2hop__57638_88526,0.9398,Who was picked over the player with the highest point average in NBA history in the draft?,Who was picked in the NBA draft before the player with the highest point average in NBA history?,dense+hybrid,dense+hybrid,1,0,0,1,1,1,1,1,1,1
2hop__53147_7298,2hop__56806_7298,0.9393,"Along with the subject of Katy Perry's The One Who Got Away, what notable pop artist started out his career on adult contemporary radio?",What pop artist started his career on adult contemporary radio along with the subject of the song The One That Got Away?,all,dense+hybrid,0,1,0,0,1,1,1,1,1,1
2hop__34495_85544,2hop__34495_49388,0.9391,How many games does the team play that had the most champion league wins between 1992 and 2013?,How many games are in a season for the league that had the most Champions League wins between 1992 and 2013?,dense,dense,1,0,0,1,1,1,1,0,0,1
4hop1__802394_153080_33897_81096,4hop1__802394_153080_159767_81096,0.9391,Who won the Indy Car Race in the largest populated city of the state where the performer of Mingus Plays Piano is from?,An Indy car race was held in the capital of the state where the performer of Mingus Plays Piano was born. Who won the race?,none,none,1,0,0,1,0,0,1,0,0,1
2hop__734582_71302,2hop__734582_74481,0.9387,Who is played by the director of The Good Shepherd in The Godfather?,Who was played by the director of The Good Shepherd in The Godfather Part II?,dense,dense,1,0,0,1,1,1,1,0,0,1
4hop3__746868_88460_30152_20999,4hop3__439878_88460_30152_20999,0.9387,How were people from whom new coins were a proclamation of independence by the Somali Muslim Ajuran Empire expelled from the natural boundary between Thailand and Muang Kasi's country?,How were people from whom new coins were a proclamation of independence by the Somali Muslim Ajuran Empire expelled from the natural boundary between Thailand and Ban Kenpha's country?,none,none,1,0,0,1,0,0,1,0,0,1
3hop2__222979_133154_40768,3hop2__222979_132477_40768,0.9382,"When did the maker of the Acura EL, the company that owns Scion, and Nissan, open US assembly plants?","When did the maker of the Acura RLX, the owner of Scion, and Nissan open US assembly plants?",dense+hybrid,dense+hybrid,1,0,0,1,1,1,1,1,1,1
3hop1__458916_665330_47686,3hop1__458916_651917_47686,0.9378,Where do greyhound buses leave from in the city where the performer of Spirit If... was formed?,Where do greyhound buses leave from in the birthplace of Spirit If...'s performer?,none,none,1,0,0,1,0,0,1,0,0,1
4hop3__650050_88460_30152_20999,4hop3__279362_88460_30152_20999,0.9373,How were people from whom the new coins were a proclamation of independence by the Somali Muslim Ajuran Empire expelled from the natural boundary between Thailand and A Doi's country?,How were people from whom new coins were a proclamation of independence by the Somali Muslim Ajuran Empire expelled from the natural boundary between Thailand and Vat Yotkeo's country?,none,none,1,0,0,1,0,0,1,0,0,1
2hop__556426_9237,2hop__9238_9237,0.9372,When did the first mosque open where Air Marshall Islands is headquartered?,When did the first mosque in the place where Marshall Islands International Airport is located open?,all,all,1,1,1,1,1,1,1,1,1,1
4hop1__88342_49853_128008_46748,4hop1__88342_75218_128008_46748,0.9371,"What is the longest win streak, in the history of the league, that includes the team with the most titles, from the event preceding the awarding of the MLB MVP?",The MLB MVP award is given out after a competition where a team has played the most games. What is the longest win streak in the history of league that team plays for?,none,none,1,0,0,1,0,0,1,0,0,1
2hop__62020_158262,2hop__78401_158262,0.9371,When did the president of the Confederacy end his fight in the Mexican-American war?,When did the person chosen to be president of the confederacy end his fight in the Mexican-American war?,none,none,1,0,0,1,0,0,1,0,0,1
2hop__814408_155922,2hop__156658_155922,0.9367,Into what does the river for which Toongabbie Creek serves as the mouth flow?,What body of water does the river that Toongabbie Creek flows into flow into?,dense,dense,1,0,0,1,1,1,1,0,0,1
3hop1__857_846_7795,3hop1__857_846_7794,0.9366,"In 2011, what was the estimated population of the city where the Yongle emperor greeted the person to whom the edict was addressed?","In 2010, what was the population of the city where the Yongle emperor greeted the person to whom the edict was addressed?",hybrid,hybrid,1,0,0,1,0,0,1,1,1,1
4hop3__661103_698586_91248_54362,4hop3__152056_698586_91248_54362,0.936,Who burned down the city where Dunn Dunn's recording artist died during the conflict after which the government got involved in healthcare?,Who burned down the city where Dunn Dunn's artist died in the war after which the government got involved in healthcare?,none,none,1,0,0,1,0,0,1,0,0,1
4hop2__161602_474028_88460_20988,4hop2__161602_474028_88460_126088,0.936,For what major conflict is the country on the natural boundary between the country that hosted the tournament and the country where A Don is from known?,Who was in charge in the country that is the natural boundary between the country that hosted the tournament and the country where A Don is located?,none,none,1,0,0,1,0,0,1,0,0,1
4hop3__650050_88460_30152_20999,4hop3__860588_88460_30152_20999,0.9347,How were people from whom the new coins were a proclamation of independence by the Somali Muslim Ajuran Empire expelled from the natural boundary between Thailand and A Doi's country?,How were people from whom new coins were a proclamation of independence by the Somali Muslim Ajuran Empire expelled from the natural boundary between Thailand and Nahe mine's country?,none,none,1,0,0,1,0,0,1,0,0,1
2hop__132969_417697,2hop__141365_417697,0.9346,What model of car was Mohammed Atta's vehicle that is from the company that makes Datsun Sports?,"What is Mohamed Atta's car, manufactured by the company that includes Datsun, an instance of?",none,none,1,0,0,1,0,0,1,0,0,1
3hop1__46571_87694_124169,3hop1__64957_87694_124169,0.9343,When did the Governor of the city where the Basilica named after the saint holding the knife in the Last Supper is located in end?,"When was the position of Governor ended in the city that houses the head of Catholicism, and the basilica of the saint holding a knife in the Last Supper?",none,bm25+hybrid,0,0,1,0,0,0,1,0,1,0
3hop1__857_846_7769,3hop1__857_846_7702,0.9333,How many square miles is the city where the Yongle emperor greeted the person to whom the edict was addressed?,What is the meaning of the name of the city where the Yongle emperor greeted the person to whom the edict was addressed?,none,hybrid,0,0,0,1,0,0,1,0,1,0
2hop__2150_78851,2hop__2148_78851,0.933,Which professional sports team would you not see play a home game in where the Amateur Boxing Golden Gloves takes place?,Which professional sports team does not play their home games at the same location where the Amateur Boxing Golden Gloves event is held?,none,none,1,0,0,1,0,0,1,0,0,1
3hop2__90098_125104_10557,3hop2__125104_90098_10557,0.9326,"What was the form of the language that the last name Sylvester comes from, used in the era of Rotrude's father, later known as?",What was where the last name sylvester comes from of who was Rotrude's father's era later known as?,all,none,0,1,0,0,1,0,0,1,0,0
4hop2__567956_14670_8987_8974,4hop2__797545_14670_8987_8974,0.9325,"A country's military branch, which in the US contains the Air Defense Artillery, was unprepared for the invasion of the country that experienced a normalization period. The unprepared country was the only communist country to have an embassy where?","A country's military branch, which in the US contains the Air Defense Artillery, was unprepared for the invasion of the country whose ccTLD was "".cs"". The unprepared country was the only communist country to have an embassy where?",none,none,1,0,0,1,0,0,1,0,0,1
4hop3__547073_88460_30152_20999,4hop3__754156_88460_30152_20999,0.9323,How were people from whom the new coins were a proclamation of independence by the Somali Muslim Ajuran Empire expelled from the country between Thailand and Si Phan Don's country?,How were the people from whom new coins were a proclamation of independence by the Somali Muslim Ajuran Empire expelled from the country between Thailand and A Lim's country?,none,none,1,0,0,1,0,0,1,0,0,1
2hop__66167_90991,2hop__66167_88526,0.9314,Who was picked over the player who has scored the most points in an NBA season in the draft?,Who was picked before the player who has the most points in an NBA season in the NBA draft?,all,dense+hybrid,0,1,0,0,1,1,1,1,1,1
3hop1__84887_538202_84283,3hop1__142044_538202_84283,0.9311,Who is the owner of the record label that the singer of I just got started lovin you belongs to?,Who is the owner of the record label of the performer responsible for the album Just Got Started Lovin' You?,none,none,1,0,0,1,0,0,1,0,0,1
2hop__142443_768138,2hop__532383_768138,0.931,Who is the brother of the artist who made Nothin' My Love Can't Fix's album?,Who is the brother of the Nothin' My Love Can't Fix performer?,none,none,1,0,0,1,0,0,1,0,0,1
4hop3__577443_88460_30152_20999,4hop3__519729_88460_30152_20999,0.9308,How were people from whom new coins were a proclamation of independence by the Somali Muslim Ajuran Empire expelled from the natural boundary between Thailand and Tham Pha's country?,How were the people from whom the new coins were a proclamation of independence by the Somali Muslim Ajuran Empire expelled from the country between Thailand and Tham Non's country?,none,none,1,0,0,1,0,0,1,0,0,1
3hop1__818422_160545_62931,3hop1__818422_160545_60577,0.9308,What part of the country that includes the birth city of Beatrice Heuser was the film The Beach filmed?,Where did they film The Beach in the country where Beatrice Heuser was born?,none,none,1,0,0,1,0,0,1,0,0,1
2hop__61714_53995,2hop__61714_80069,0.9306,When do Pam and Pam's spouse on The Office end up together?,When does Pam and the person Pam marries on The Office get together?,dense+hybrid,bm25+hybrid,0,0,1,0,1,0,0,1,1,1
3hop1__857_846_7769,3hop1__857_846_7821,0.9297,How many square miles is the city where the Yongle emperor greeted the person to whom the edict was addressed?,How many miles of highways are in the city where the Yongle emperor greeted the person to whom the edict was addressed?,none,dense+hybrid,0,0,0,1,0,1,0,0,1,0
4hop1__88342_75218_128008_89859,4hop1__88342_49853_128008_89859,0.929,When does regular season start in the league where a team has played the most games in the competition where they give out the MLB MVP award after?,When does the regular season of the league where the team with the most titles from the series after which the MLB MVP award is given out plays?,none,none,1,0,0,1,0,0,1,0,0,1
2hop__475808_71302,2hop__475808_74481,0.9284,"In The Godfather, who does the producer of Mistress play?","In The Godfather Part II, who did the producer of Mistress play?",dense,dense+hybrid,0,0,0,1,1,1,1,0,1,0
2hop__713299_55227,2hop__95794_55227,0.9283,Who plays the wife of a Here Comes the Boom cast member in the movie Grown Ups?,"In Grown Ups, who is married to the actor who also starred in Here Comes the Boom?",dense,dense,1,0,0,1,1,1,1,0,0,1
3hop1__617062_127905_54974,3hop1__617062_127905_86588,0.9277,What is the farthest home run ever hit in the league where the team that Jim Wilson plays for?,What is the longest home run in the history of the league that Jim Wilson's team is a part of?,none,none,1,0,0,1,0,0,1,0,0,1
4hop1__88342_49853_128008_87812,4hop1__88342_49853_128008_92225,0.9274,When is the opening day of the league of the team with the most titles from the event after which they give out the MLB MVP award?,When is opening day of the season of the league that the team that has the most titles from the competition they gave out MVP awards after?,none,none,1,0,0,1,0,0,1,0,0,1
3hop1__376309_160713_77246,3hop1__475351_160713_77246,0.927,"In the Arabic dictionary, what's the meaning of the word for the majority religion in the area of British India that became India when Garlat's country was created?","In the Arabic dictionary, what's the meaning of the word for the majority religion in the area of British India that became India when Dourkhan's country was created?",bm25,none,0,1,0,0,0,0,1,0,0,1
2hop__62951_64006,2hop__88953_64006,0.9269,"As a result of the Black Death, how much was the population reduced in the place that the US helped with the Marshall Plan?",How much did the Black Death reduce the population of the region offered aid by the marshall plan?,all,dense+hybrid,0,1,0,0,1,1,1,1,1,1
4hop1__88342_49853_128008_54974,4hop1__88342_49853_128008_86588,0.9269,What is the longest home run hit in the league where the team with the most titles from the event after which the MLB MVP is awarded plays?,What's the longest homer in the history of the league where the team with the most titles from the event after which they give out the MLB MVP award plays?,none,none,1,0,0,1,0,0,1,0,0,1
2hop__82766_67668,2hop__88632_67668,0.9264,The actor playing Barney in How I Met Your Mother played who in Batman Under The Red Hood?,"In Batman Under the Red Hood, who does the actor of Barney Stinson from How I Met Your Mother play?",all,all,1,1,1,1,1,1,1,1,1,1
2hop__141456_6455,2hop__612719_6455,0.9261,What was the resulting browser for the company Mozilla Messaging is a part of?,What was the resulting browser of the group that owns Mozilla Messaging?,all,all,1,1,1,1,1,1,1,1,1,1
2hop__71294_494136,2hop__71871_494136,0.9261,Who is the spouse of the actor who plays the father on I Can Only Imagine?,Who is the spouse of the actor playing Bart's father in I can only imagine?,bm25+hybrid,none,0,1,0,0,0,0,1,1,0,0
2hop__6827_49664,2hop__6827_55848,0.9261,What was the original name of the bank that bought FleetBoston Financial?,When was the first branch of the company that bought FleetBoston Financial established?,all,none,0,1,0,0,1,0,0,1,0,0
4hop1__88342_75218_128008_54974,4hop1__88342_75218_128008_86588,0.9261,What is the longest home run hit in the league where the team with the most games in the series after which the MLB MVP is awarded plays?,What is the longest home run in the history of the league of the team that has played the most games in the competition they give out MVP awards after?,none,none,1,0,0,1,0,0,1,0,0,1
2hop__77878_189357,2hop__68158_189357,0.926,Where was the first woman appointed to the Supreme Court educated?,Where was the first female supreme court justice educated?,none,none,1,0,0,1,0,0,1,0,0,1
2hop__132969_417697,2hop__133102_417697,0.9257,What model of car was Mohammed Atta's vehicle that is from the company that makes Datsun Sports?,What is the model of the vehicle of Mohammed Atta from the company that makes Datsun DC-3?,none,none,1,0,0,1,0,0,1,0,0,1
4hop2__161602_426860_88460_126088,4hop2__161602_426860_88460_20985,0.9256,Who was in charge in the country that is the natural boundary between the country that hosted the tournament and the country where That Dam is located?,what is the largest city the country that is a natural boundary between the country that hosted the tournament and the country That Dam is located?,none,none,1,0,0,1,0,0,1,0,0,1
2hop__29893_29905,2hop__223823_29905,0.9254,How many mandatory transmitters of the owner and operator of most CBC TV stations were updated before the deadline?,How many mandatory transmitters of the Canadian Broadcasting Centre's owner were updated before the deadline?,none,none,1,0,0,1,0,0,1,0,0,1
2hop__179149_396277,2hop__126299_396277,0.9244,What other notable work did the creator of Shrek make?,What other notable work did the person who illustrated Shrek work on?,none,none,1,0,0,1,0,0,1,0,0,1
3hop2__90327_87184_76291,3hop2__89854_90327_76291,0.9243,When did the party that controls the House of Representatives take control of the branch that approves the appointees to the american cabinet?,When did the party that hold the majority in the House of Reps take control of the branch that approves members of the American cabinet?,dense,dense,1,0,0,1,1,1,1,0,0,1
3hop1__226638_538202_84283,3hop1__142044_538202_84283,0.9239,Who is the owner of the record label that Just Got Started Lovin' You's performer belong to?,Who is the owner of the record label of the performer responsible for the album Just Got Started Lovin' You?,none,none,1,0,0,1,0,0,1,0,0,1
3hop1__379231_40769_64047,3hop1__132795_40769_64047,0.9238,When did the luxury division of the manufacturer change the body style of RX 350?,When did the luxury division of the company that produces TMG EV P001 change the body style of rx 350?,none,none,1,0,0,1,0,0,1,0,0,1
2hop__34595_160249,2hop__136067_160249,0.9234,In which years did the war with the military leader from which the term Pyrrhic victory comes occur?,Between which years did war with the person for whom Pyrrhic victory is named occur?,bm25+hybrid,dense,0,1,0,0,0,1,0,1,0,0
2hop__62020_158262,2hop__57543_158262,0.9232,When did the president of the Confederacy end his fight in the Mexican-American war?,When did the famous leader of the Confederate Military end his fight in the Mexican-American war?,none,none,1,0,0,1,0,0,1,0,0,1
4hop3__771862_466199_695123_72134,4hop3__794915_466199_695123_72134,0.9232,When did the town WIZE is licensed in become capitol of the state where Jackson Township is located?,When did the town WIZE is licensed in become capitol of the state where Ward Township is located?,dense+hybrid,dense,0,0,0,1,1,1,1,1,0,0
3hop2__668732_467331_162182,3hop2__782397_467331_162182,0.9223,"In what region of the country containing An Phú, is the city with the Zone 5 Military Museum located?","In what region of the country that contains Phu Luong, is the city that has the Zone 5 Military Museum located?",none,dense,0,0,0,1,0,1,0,0,0,1
4hop1__842143_153080_33897_81096,4hop1__842143_153080_159767_81096,0.9221,Who won the Indy Car Race in the largest populated city of the state where the performer of Mingus Three is from?,Who won the 1993 Indy Car Race in the largest city of the state containing the city where the performer of the album Mingus Three is from?,none,none,1,0,0,1,0,0,1,0,0,1
3hop1__545624_2053_52946,3hop1__140994_2053_52946,0.922,"When is Celebrity Big Brother coming to the network which, along with ABC and the original broadcaster of Here and Now, is the other major broadcaster based in NY?","When is Celebrity Big Brother coming to the network which, along with ABC and the network which broadcasted Hello, Larry?, is the other major broadcaster based in NY?",dense+hybrid,all,0,0,1,0,1,1,1,1,1,1
4hop1__88342_49853_128008_67954,4hop1__88342_49853_128008_80487,0.9214,Who was the all-star MVP of the league where the team with the most titles from the event after which they give out the MLB MVP award plays?,When was the all-star game played for the league that includes the team with the most titles won just before the mlb mvp is awarded?,none,none,1,0,0,1,0,0,1,0,0,1
3hop1__376309_160713_77246,3hop1__582007_160713_77246,0.921,"In the Arabic dictionary, what's the meaning of the word for the majority religion in the area of British India that became India when Garlat's country was created?","In the Arabic dictionary, what's the meaning of the word for the majority religion in the area of British India that became India when Achh's country was created?",bm25,none,0,1,0,0,0,0,1,0,0,1
4hop3__638064_88460_30152_20999,4hop3__405277_88460_30152_20999,0.921,How were people from whom new coins were a proclamation of independence by the Somali Muslim Ajuran Empire expelled from the natural boundary between Thailand and Hiam district's country?,How were the people from whom the new coins were a proclamation of independence by the Somali Muslim Ajuran Empire expelled from the country between Thailand and Ban Hinlat's country?,none,none,1,0,0,1,0,0,1,0,0,1
3hop1__146155_131905_41948,3hop1__147162_131905_41948,0.9207,"Besides the body of water by the city where Nicolaus Schuback died and the Irish Channel, what else was lowered in the last cold phase?","Besides the body of water by the city where Erwin Speckler died, and the Irish Channel, what else was lowered in the last cold phase?",none,none,1,0,0,1,0,0,1,0,0,1
2hop__69_59409,2hop__66_59409,0.9206,"Who was the artist who is associated with Beyonce's premiere solo recording talking about in the song ""Cry""?","Who was the artist that was featured in Beyonce's first solo album's lead single talking about in the song ""Cry""?",none,none,1,0,0,1,0,0,1,0,0,1
3hop1__145924_131905_41948,3hop1__147162_131905_41948,0.9204,"Besides the Irish Channel and the body of water by the city Caspar Voght died in, what else lowered in the last cold phase?","Besides the body of water by the city where Erwin Speckler died, and the Irish Channel, what else was lowered in the last cold phase?",none,none,1,0,0,1,0,0,1,0,0,1
2hop__223823_29898,2hop__29893_29898,0.92,Which affiliate left the owner of Canadian Broadcasting Centre due to an agreement with CHBC?,Which affiliate left the company that owns and operates most of the CBC television stations due to an agreement with CHBC?,none,all,0,0,1,0,0,1,0,0,1,0
3hop1__109113_720914_27537,3hop1__108881_720914_27537,0.9198,Why did Roncalli leave the city where the painter of Venus with a Mirror died?,Why did Roncalli leave the city where the creator of The Worship of Venus died?,none,none,1,0,0,1,0,0,1,0,0,1
2hop__83257_19033,2hop__80637_19033,0.9197,Where did the inventor of the Money in the Bank ladder match win in 2008?,Where did the wrestler who created the Money in the Bank Ladder Match win in 2008?,none,bm25+hybrid,0,0,1,0,0,0,1,0,1,0
2hop__30905_189318,2hop__30905_213732,0.9195,Where did the person who sponsored the resolution to reopen trade with Vietnam along with Kerry go to college?,"Who is the child of the person who sponsored the resolution to reopen trade with Vietnam, along with Kerry?",bm25,none,0,1,0,0,0,0,1,0,0,1
2hop__556426_9237,2hop__9174_9237,0.9195,When did the first mosque open where Air Marshall Islands is headquartered?,When did the first mosque in the capital of the Marshall Islands open?,all,none,0,1,0,0,1,0,0,1,0,0
4hop1__46196_497223_15840_36002,4hop1__72247_497223_15840_36002,0.9194,"What were the Genesis's advantages over the platform with a three letter abbreviation, that had a video game named after the league in charge of the Super Bowl halftime show?","What are the Genesis's advantages over the game platform with a 3 letter name abbreviation, featuring a game named after the league that chooses where the Super Bowl is held?",hybrid,none,0,0,0,1,0,0,1,1,0,0
2hop__153573_44085,2hop__153573_109006,0.9192,What was the show named after the character featured in the video game Mickey's Safari in Letterland?,Who developed the eponymous character from the series that contains Mickey's Safari in Letterland?,dense+hybrid,all,0,0,1,0,1,1,1,1,1,1
3hop2__668732_223623_162182,3hop2__782397_223623_162182,0.919,In what region of the country where An Phu is located is John Phan's birthplace?,In what region of Phu Luong's country is John Phan's birthplace located?,none,none,1,0,0,1,0,0,1,0,0,1
4hop1__58323_375563_161848_20546,4hop1__58323_375563_161848_84681,0.9189,Who discovered the country near the country of citizenship of the author of The Book Thief for the Dutch?,When did the Dutch arrive in the country near the country where the author of The Book Thief is a citizen of?,none,none,1,0,0,1,0,0,1,0,0,1
4hop3__316459_41402_599212_13584,4hop3__316459_41402_157761_13584,0.9181,"A country gained control of Florida after the war in which Charles Edward Nugent saw action. Besides being in different parts of that country, what other differences are there between Real Madrid and Hostafrancs's city's team?","A country gained control of Florida after the war in which Charles Edmund Nugent saw action. Besides the different areas of that country, what other differences are there between Real Madrid and the team for the city he moved to in 1999?",none,none,1,0,0,1,0,0,1,0,0,1
4hop2__161602_474028_88460_21034,4hop2__161602_426860_88460_21034,0.9179,What year did the country that is the natural boundary between where the tournament was hosted and where A Don is located host the ASEAN Conference?,What year did the country that is the natural boundary between where tournament was hosted and where That Dam is located host the ASEAN Conference?,dense,dense,1,0,0,1,1,1,1,0,0,1
3hop1__140994_2053_5289,3hop1__545624_2053_5289,0.9177,"What UK label was bought by the company which, along with ABC and the network which broadcasted Hello, Larry, is the other major broadcaster based in NY?","What UK label was bought by the company which, along with ABC and the network which broadcasted Here and Now, is the other major broadcaster based in NY?",all,dense+hybrid,0,1,0,0,1,1,1,1,1,1
3hop1__28404_160713_77246,3hop1__159737_160713_77246,0.9174,What is the meaning of the word that is also a majority religion in what became India when the country that disavowed the Taliban was created in the Arabic dictionary?,What is the meaning of the word that is also a majority religion in the area that became India when the country that withdrew its forces was created in the Arabic dictionary?,bm25,none,0,1,0,0,0,0,1,0,0,1
3hop1__857_846_7798,3hop1__857_846_7702,0.9173,What was the overwhelming ethnic majority in the city where the Yongle emperor greeted the person to whom the edict was addressed?,What is the meaning of the name of the city where the Yongle emperor greeted the person to whom the edict was addressed?,hybrid,hybrid,1,0,0,1,0,0,1,1,1,1
2hop__67660_67223,2hop__91667_67223,0.9171,Who married the narrator of How I Met Your Mother?,Who married the person telling the story in how i met your mother?,none,none,1,0,0,1,0,0,1,0,0,1
3hop2__132957_76377_40768,3hop2__132957_433432_40768,0.917,"When did Nissan, the Acura Legend maker and the top selling car brand open US assembly plants?","When did the maker of Acura Legend, the manufacturer of Lexus RX and Nissan open US assembly plants?",none,none,1,0,0,1,0,0,1,0,0,1
4hop2__161602_426860_88460_126088,4hop2__161602_426860_88460_21074,0.9168,Who was in charge in the country that is the natural boundary between the country that hosted the tournament and the country where That Dam is located?,Who runs the school system in the country that is the natural boundary between the country that hosted the tournament and the country where That Dam is located?,none,none,1,0,0,1,0,0,1,0,0,1
4hop1__814776_378185_282674_759393,4hop1__814776_765799_282674_759393,0.9167,"What city is the capital of the county, that shares a border with the other county, that contains the city where Western Islands is headquartered?",What is the seat of the county sharing a border with the county where Western Islands is headquartered?,none,none,1,0,0,1,0,0,1,0,0,1
4hop1__813171_153080_33897_81096,4hop1__813171_153080_159767_81096,0.9165,Who won the indy car race in the largest populated city in the state that the performer of Changes Two is from?,Who won the Indy car race in the largest city and capitol of the state where the Changes Two performer is from?,none,none,1,0,0,1,0,0,1,0,0,1
3hop1__133292_40769_64047,3hop1__379231_40769_64047,0.9157,When did the RX 350 from The Hino Dutro creator's luxury division change body style?,When did the luxury division of the manufacturer change the body style of RX 350?,none,none,1,0,0,1,0,0,1,0,0,1
2hop__153573_109006,2hop__153573_45901,0.9156,Who developed the eponymous character from the series that contains Mickey's Safari in Letterland?,Who did the original voice for the character whose series Mickey's safari in Letterland is from?,all,none,0,1,0,0,1,0,0,1,0,0
4hop2__161602_426860_88460_20999,4hop2__161602_474028_88460_20999,0.9146,How were the Portuguese expelled from the country that is a natural boundary between the country that hosted the tournament and the country That Dam is located?,How were the Portuguese expelled from the natural boundary between the country that hosted the tournament and the country where A Don is located?,none,none,1,0,0,1,0,0,1,0,0,1
2hop__61714_42553,2hop__61714_52026,0.9142,"In The Office, Pam get's together with her husband in which episode?",What episode in the office did Pam get married to her spouse?,dense+hybrid,none,0,0,0,1,1,0,0,1,0,0
2hop__60001_512508,2hop__59133_512508,0.9138,What did the person who discovered that all atoms of an element have the same number of protons participate in?,What undertaking included the person who discovered that the number of protons in each element's atoms is unique?,none,none,1,0,0,1,0,0,1,0,0,1
3hop1__857_846_7770,3hop1__857_846_7702,0.9138,Where does the Yangtze River flow in the city where the Yongle emperor greeted the person to whom the edict was addressed?,What is the meaning of the name of the city where the Yongle emperor greeted the person to whom the edict was addressed?,hybrid,hybrid,1,0,0,1,0,0,1,1,1,1
2hop__6827_88924,2hop__6827_86319,0.9137,Who is the chairman of the company that bought FleetBoston Financial?,Who is the CEO of FleetBoston Financial's purchaser?,none,none,1,0,0,1,0,0,1,0,0,1
4hop3__857_846_326964_7713,4hop3__862_846_326964_7713,0.9136,How long had the city where the Yongle emperor greeted the person to whom the edict was addressed been the capitol of Yaxing Coach's headquarters location?,How long was the city where the Yongle emperor greeted the person the Ming court thought the representatives were sent by the capitol of Yaxing Coach's headquarters location?,none,none,1,0,0,1,0,0,1,0,0,1
4hop3__131820_29339_508306_70744,4hop3__129318_29339_508306_70744,0.9132,"Which university has more national championships, university of the state having Fort Hill or university of the state whose primary was won by Edwards besides the state having WEKL?",University of the state having Fort Hill or university of the state whose primary was won by Edwards besides the state having James B. Simmons House has more national championships?,dense+hybrid,bm25+hybrid,0,0,1,0,1,0,0,1,1,1
4hop3__426860_88460_30152_20999,4hop3__700962_88460_30152_20999,0.9131,How were the same people who the Somali Muslim Ajuran Empire declared independence from expelled from the natural boundary between Thailand and the country where That Dam is found?,How were the same people who the Somali Muslim Ajuran Empire declared independence from expelled from the natural boundary between Thailand and the country where Ban Pakpo is found?,none,none,1,0,0,1,0,0,1,0,0,1
2hop__575282_114648,2hop__108336_772156,0.9123,What year did Allegory of Isabella d'Este's Coronation's creator the Younger die?,Where did the creator of the Allegory of Isabella d'Este's Coronation die?,none,none,1,0,0,1,0,0,1,0,0,1
3hop1__423001_503371_21711,3hop1__857241_503371_21711,0.9122,When was the Palau de la Generalitat constructed in the city where Martin of the region of Pedrola died?,When was the Palau de la Generalitat constructed in the city where Martin from the region where Erla is located died?,dense+hybrid,dense+hybrid,1,0,0,1,1,1,1,1,1,1
3hop1__159737_160713_77246,3hop1__161507_160713_77246,0.9122,What is the meaning of the word that is also a majority religion in the area that became India when the country that withdrew its forces was created in the Arabic dictionary?,What is the meaning of the word that is also a majority religion in the area that became India when the country where Masherbrum is located was created in the Arabic dictionary?,none,none,1,0,0,1,0,0,1,0,0,1
2hop__156044_57816,2hop__663184_57816,0.9122,What is the ranking of the law school at the university employing Bruce Nissen?,What is the U.S. News ranking of the law school at Bruce Nissen's employer?,dense,all,0,0,1,0,1,1,1,0,1,0
2hop__95970_152907,2hop__95970_456836,0.9119,What city is the star of Sous les pieds des femmes from?,Where was the person who acted in the film Sous les pieds des femmes born?,none,none,1,0,0,1,0,0,1,0,0,1
2hop__67660_81007,2hop__91667_81007,0.9118,Who does the narrator on How I Met Your Mother end up with?,Who does the person telling the story in How I Met Your Mother end up with?,none,bm25,0,0,1,0,0,0,1,0,0,1
4hop1__88342_49853_128008_67954,4hop1__88342_75218_128008_67954,0.9116,Who was the all-star MVP of the league where the team with the most titles from the event after which they give out the MLB MVP award plays?,Who won the All-Star MVP for the league that the team that has attended the competition where they give out the MLB MVP award after the most?,none,none,1,0,0,1,0,0,1,0,0,1
2hop__95172_456836,2hop__95172_152907,0.9115,Where was the person who acted in Signora Enrica born?,What city is the actress in Signora Enrica from?,dense,dense,1,0,0,1,1,1,1,0,0,1
3hop1__109113_720914_41132,3hop1__108881_720914_41132,0.9111,How many times did plague occur in the place where Venus with a Mirror's creator died?,How many times did plague occur in the place where the creator of The Worship of Venus died?,none,none,1,0,0,1,0,0,1,0,0,1
2hop__194469_83289,2hop__586343_83289,0.911,Who is the guy in the One Last Time video by the participant in The Listening Sessions?,Who is the guy in the video of the performer of One Last Time?,all,dense+hybrid,0,1,0,0,1,1,1,1,1,1
3hop1__353661_629431_124169,3hop1__353661_629431_64412,0.9105,When did the Governorship end of the city where the author of Sacerdotii Nostri Primordia died?,When did the city where the author of Sacerdotii Nostri Primordia died become its own country?,none,none,1,0,0,1,0,0,1,0,0,1
4hop1__638706_378185_282674_759393,4hop1__638706_765799_282674_759393,0.9104,What is the capital of the county that shares a border with the county where the band Tenement was formed?,What is the seat of the county sharing a border with the county where Tenement was founded?,none,none,1,0,0,1,0,0,1,0,0,1
4hop1__163763_49925_13759_736921,4hop1__580153_49925_13759_736921,0.91,Where is the district that the person who wanted to reform and address Jesus Varela's religion preached a sermon on Marian devotion before his death located?,Where is the district that the person who wanted to reform and address the religion that practices candidacy preach a sermon on Marian devotion before his death located?,none,none,1,0,0,1,0,0,1,0,0,1
4hop2__161602_474028_88460_126088,4hop2__161602_474028_88460_21074,0.91,Who was in charge in the country that is the natural boundary between the country that hosted the tournament and the country where A Don is located?,Who runs the school system in the country on the natural boundary between the country that hosted the tournament and the country where A Don is from?,none,none,1,0,0,1,0,0,1,0,0,1
3hop1__504362_443779_52195,3hop1__106313_443779_52195,0.9098,Who is the president of the new country that jointly established a Commission of Truth and Friendship with the country that Solor is a part of?,Who is president of the newly declared independent country that is part of the Commission of Truth and Friendship with the country where Opor originated?,none,none,1,0,0,1,0,0,1,0,0,1
2hop__40485_40502,2hop__40485_40501,0.9093,What was the population of the European country the Huguenots felt kinship for emigration to before this emigration?,How many refugees emigrated to the European country where Huguenots felt a kinship for emigration?,none,none,1,0,0,1,0,0,1,0,0,1
4hop3__857_846_613770_7713,4hop3__862_846_613770_7713,0.9092,How long was the place where the Yongle Emperor greeted the person to whom the edict was addressed the capitol of the area where Guangling District was located?,How long was the place where the Yongle Emperor greeted who the Ming court thought representatives were sent by the capitol of the city in which Guangling District is located?,none,none,1,0,0,1,0,0,1,0,0,1
4hop3__316459_41402_146281_13584,4hop3__316459_41402_157761_13584,0.9092,"A country gained control of Florida after the war in which Charles Edmund Nugent saw action. Besides their locations in that country, what other differences are there between Real Madrid and the football team from the city where Aleran died?","A country gained control of Florida after the war in which Charles Edmund Nugent saw action. Besides the different areas of that country, what other differences are there between Real Madrid and the team for the city he moved to in 1999?",dense,none,0,0,0,1,1,0,0,0,0,1
4hop3__131820_29339_508306_70744,4hop3__131775_29339_508306_70744,0.9092,"Which university has more national championships, university of the state having Fort Hill or university of the state whose primary was won by Edwards besides the state having WEKL?","Which has more national championships, university of the state having Fort Hill or university of the state whose primary was won by Edwards besides the state having Ted Wright Stadium?",dense+hybrid,none,0,0,0,1,1,0,0,1,0,0
2hop__21104_16334,2hop__21103_16334,0.9085,The 2010 study found that what modern population is most closely related to the group that represents at least 70% of Jews worldwide?,"In a 2010 study, what modern population is most closely related to the group that represents the majority of modern Jewry?",all,all,1,1,1,1,1,1,1,1,1,1
2hop__89460_75184,2hop__71016_75184,0.9081,Who in Back To The Future played the girlfriend of the character played by the actor playing marty's daughter in back to the future 2?,Who played the girlfriend of who plays marty mcfly's daughter in back to the future 2?,all,none,0,1,0,0,1,0,0,1,0,0
3hop1__104996_160713_77246,3hop1__159737_160713_77246,0.908,What is the meaning of the word that is also a majority religion in the area that became India when the country that release Ankahi was created in Arabic dictionary?,What is the meaning of the word that is also a majority religion in the area that became India when the country that withdrew its forces was created in the Arabic dictionary?,none,none,1,0,0,1,0,0,1,0,0,1
2hop__132854_417697,2hop__132969_417697,0.9071,Mohammed Atta has what kind of model of the company that makes Datsun Type 12?,What model of car was Mohammed Atta's vehicle that is from the company that makes Datsun Sports?,none,none,1,0,0,1,0,0,1,0,0,1
3hop1__376309_160713_77246,3hop1__106864_160713_77246,0.9071,"In the Arabic dictionary, what's the meaning of the word for the majority religion in the area of British India that became India when Garlat's country was created?",What is the meaning in the Arabic Dictionary of the word for the majority religion in the area of British India that became India when Bedari's country was created?,bm25,none,0,1,0,0,0,0,1,0,0,1
4hop3__507819_88460_30152_20999,4hop3__700962_88460_30152_20999,0.9069,How were the same people who the Somali Muslim Ajuran Empire declared independence from expelled from the natural boundary between Thailand and the country where Route 3 is found?,How were the same people who the Somali Muslim Ajuran Empire declared independence from expelled from the natural boundary between Thailand and the country where Ban Pakpo is found?,none,none,1,0,0,1,0,0,1,0,0,1
4hop1__88342_75218_128008_48717,4hop1__88342_49853_128008_48717,0.9063,Who was second pick in the 1999 draft of the league that has a competition where they give out the MLB MVP award after it?,"Who was the second pick in the 1999 draft of the organization, that includes the team with the most titles, in the event preceding the awarding of the MLB MVP?",none,none,1,0,0,1,0,0,1,0,0,1
2hop__58111_7298,2hop__87580_7298,0.9063,Who started his career on adult contemporary radio along with the person who plays andy bernard's brother on the office?,"Along with the person who played Andy's brother in The Office, what notable pop artist started his career in adult contemporary radio?",bm25,all,0,1,1,1,0,1,0,0,1,0
3hop1__379315_160713_77246,3hop1__376309_160713_77246,0.9061,"What is the Arabic dictionary meaning of the word referring to the majority religion in the area of British India, that became India when the country containing Barawal was formed?","In the Arabic dictionary, what's the meaning of the word for the majority religion in the area of British India that became India when Garlat's country was created?",none,bm25,0,0,1,0,0,0,1,0,0,1
4hop1__342858_131850_159767_81096,4hop1__342858_131850_33897_81096,0.906,Who won the 1993 Indy Car Race in the largest city of the state where the library district and the city of Yuma share the same county?,Who won the Indy Car Race in the largest populated city of the state where Yuma's Library District is located?,none,none,1,0,0,1,0,0,1,0,0,1
2hop__2682_577502,2hop__2683_577502,0.9056,Who is the spouse of the famous governor signing legislation in honor of Donda West's death?,Who married the governor who passed a law in honor of Donda West?,dense,none,0,0,0,1,1,0,0,0,0,1
4hop1__570103_49925_13759_736921,4hop1__580153_49925_13759_736921,0.9055,Where is the district that the person who wanted to reform and address Brian Nobles's religion preached a sermon on Marian devotion before his death located?,Where is the district that the person who wanted to reform and address the religion that practices candidacy preach a sermon on Marian devotion before his death located?,none,none,1,0,0,1,0,0,1,0,0,1
2hop__24661_66233,2hop__24661_81961,0.9051,When does the new season of the Carolina Hurricanes' league start?,When does the regular season begin for the league the Carolina Hurricanes belong to?,none,none,1,0,0,1,0,0,1,0,0,1
3hop1__857_846_7791,3hop1__857_846_7702,0.9051,How many parties rule the city where the Yongle emperor greeted the person to whom the edict was addressed?,What is the meaning of the name of the city where the Yongle emperor greeted the person to whom the edict was addressed?,hybrid,hybrid,1,0,0,1,0,0,1,1,1,1
4hop3__257340_88460_30152_20999,4hop3__700962_88460_30152_20999,0.905,How were the same people who the Somali Muslim Ajuran Empire declared independence from expelled from the natural boundary between Thailand and the country where Khong Island is found?,How were the same people who the Somali Muslim Ajuran Empire declared independence from expelled from the natural boundary between Thailand and the country where Ban Pakpo is found?,none,none,1,0,0,1,0,0,1,0,0,1
3hop1__857_846_7701,3hop1__857_846_7702,0.9047,When did the city where the Yongle emperor greeted the person to whom the edict was addressed become the Chinese national capital?,What is the meaning of the name of the city where the Yongle emperor greeted the person to whom the edict was addressed?,all,hybrid,0,1,0,0,1,0,0,1,1,1
4hop3__426860_88460_30152_20999,4hop3__839787_88460_30152_20999,0.9047,How were the same people who the Somali Muslim Ajuran Empire declared independence from expelled from the natural boundary between Thailand and the country where That Dam is found?,How were the same people who the Somali Muslim Ajuran Empire declared independence from expelled from the natural boundary between Thailand and the country where Sepon mine is found?,none,none,1,0,0,1,0,0,1,0,0,1
2hop__80673_510545,2hop__72487_510545,0.9044,Who is the spouse of the actor who plays Vision in the new Avengers movie?,Who is the spouse of the actor that plays vision in avengers age of ultron?,none,none,1,0,0,1,0,0,1,0,0,1
2hop__21103_16335,2hop__21104_16335,0.9044,Italians and the group of Jews representing the bulk of modern Jewry may be genetically similar due to what two factors?,The group representing at least 70% of Jews worldwide and Italians may be genetically similar due to what two factors?,bm25+hybrid,all,0,1,1,1,0,1,0,1,1,1
4hop1__525129_315334_131926_90707,4hop1__525129_315334_131926_87157,0.9044,"Where does the body of water by the city where the Lots More Blues, Rags and Hollers performer was formed and the Ohio River meet?","What is the direction of flow of the river by the city where the Lots More Blues, Rags and Hollers performer was formed?",none,hybrid,0,0,0,1,0,0,1,0,1,0
3hop1__498954_160713_77246,3hop1__376309_160713_77246,0.9042,What is the meaning of the word also known as the majority religion in the area of British India that became India when the country where Mandeer is located was created in arabic dictionary?,"In the Arabic dictionary, what's the meaning of the word for the majority religion in the area of British India that became India when Garlat's country was created?",none,bm25,0,0,1,0,0,0,1,0,0,1
4hop2__9988_158279_70784_79935,4hop2__9988_158279_70784_61381,0.9042,"When was the region that lies to the north of what used to be known as the ""Near East"" and the location of the final destination of exported crops created?",When was the region immediately north of the region prevailing with the disgrace of the Near East and the final destination for the export crops established?,none,none,1,0,0,1,0,0,1,0,0,1
4hop1__72247_497223_15840_36014,4hop1__46196_497223_15840_36014,0.9041,There is a video game named after the sports association that chooses where the super bowl is held. What was Nintendo's limit on games per developer per year on that game's platform?,What was Nintendo's limit on games per developer per year for the platform supporting the video game named after the sports organisation in charge of the Super Bowl halftime show?,none,none,1,0,0,1,0,0,1,0,0,1
4hop1__61681_53706_795904_580996,4hop1__51465_53706_795904_580996,0.9039,What city shares a border with the city where a person went to work during the gold rush in the biggest state in the USA by population?,What shares a border with the city where the person who went to the state where most billionaires in America live during the gold rush works?,none,none,1,0,0,1,0,0,1,0,0,1
2hop__107185_64006,2hop__691455_64006,0.9039,As a result of the black death it is estimated that the population of the country for Bâton à feu was reduced by how much?,By how much of the population of the region where Baton a feu originated reduced by the black death?,all,all,1,1,1,1,1,1,1,1,1,1
3hop2__92991_87184_76291,3hop2__87184_92991_76291,0.9037,When did the majority party in the House of Representatives take control of the determiner of rules of the US House and US Senate?,When did the party that controls the House of Representatives take control of the branch who determines the rules of the US house and Senate?,dense+hybrid,none,0,0,0,1,1,0,0,1,0,0
2hop__71755_463572,2hop__67956_463572,0.9037,What is the record label for the singer who originally sang You Belong To Me.,What record label does the artist who sang you belong to me belong to?,dense,none,0,0,0,1,1,0,0,0,0,1
3hop1__579562_629431_124169,3hop1__579562_629431_64412,0.9033,What year did the Governor of the city where Pacem in Terris' author died end?,When did the city where the author of Pacem in Terris died become its own country?,none,none,1,0,0,1,0,0,1,0,0,1
3hop1__106845_5188_86687,3hop1__9285_5188_86687,0.9031,"When did the country the top-ranking Warsaw Pact operatives came from, despite it being headquartered in the country where A Generation is set, agree to a unified Germany inside NATO?","When did the country the top-ranking Warsaw Pact operatives came from, despite it being headquartered in the country known as the nobilities commonwealth, agree to a unified Germany inside NATO?",none,none,1,0,0,1,0,0,1,0,0,1
4hop3__794915_466199_695123_72134,4hop3__678814_466199_695123_72134,0.903,When did the town WIZE is licensed in become capitol of the state where Ward Township is located?,When did the town WIZE is licensed in become capitol of the state where Stoney Creek Township is located?,dense,none,0,0,0,1,1,0,0,0,0,1
3hop1__140994_2053_52946,3hop1__140786_2053_52946,0.903,"When is Celebrity Big Brother coming to the network which, along with ABC and the network which broadcasted Hello, Larry?, is the other major broadcaster based in NY?","When is Celebrity Big Brother coming to the broadcast company that, along with the network of Just Men!?, and ABC, is one of the major broadcasters based in New York?",all,none,0,1,0,0,1,0,0,1,0,0
2hop__41158_22946,2hop__41158_35123,0.9029,Who said one of the greatest thinkers was the person who proposed explanations for the origins of earthquakes and the formation of mountains?,What was the lifespan of the person who proposed explanations for the origins of earthquakes and the formation of mountains?,bm25+hybrid,none,0,1,0,0,0,0,1,1,0,0
4hop3__130276_29339_508306_70744,4hop3__129682_29339_508306_70744,0.9028,Who won more national championships between the university featuring Fort Hill and the university of the state where Edwards won the primary besides the state containing Redan High School?,Who won more national championships between the university that contains Fort Hill and the university of the state where Edwards won the primary besides the state where WSFN is located?,hybrid,hybrid,1,0,0,1,0,0,1,1,1,1
2hop__85325_88165,2hop__77134_88165,0.9027,Who did the person who married their half sister in the bible marry after the death of sarah?,Who did the person Sarah married to in the bible marry after the death of Sarah?,dense+hybrid,all,0,0,1,0,1,1,1,1,1,1
3hop1__475351_160713_77246,3hop1__106688_160713_77246,0.9027,"In the Arabic dictionary, what's the meaning of the word for the majority religion in the area of British India that became India when Dourkhan's country was created?","What is the Arabic dictionary meaning, of the word for the majority religion in the part of British India, that became India when the country that released Mushkil was created?",none,bm25,0,0,1,0,0,0,1,0,0,1
4hop2__161324_14670_8987_8529,4hop2__5206_14670_8987_8529,0.9027,"A country's military branch, the equivalent of which in the US contains the Air Defense Artillery, was unprepared for the invasion of the country occupied by the Nazi's. When was the word ""Slavs"" used in the national anthem of the unprepared country?","When was ""Slavs"" used in the national anthem of the country whose military having the Air Defense Artillery was unprepared for the invasion of the country conquered by the Pact?",none,none,1,0,0,1,0,0,1,0,0,1
4hop2__161602_426860_88460_20988,4hop2__161602_426860_88460_126088,0.9027,What major conflict is the country between the country that hosted the tournament and the country where That Dam is from known for?,Who was in charge in the country that is the natural boundary between the country that hosted the tournament and the country where That Dam is located?,none,none,1,0,0,1,0,0,1,0,0,1
4hop3__771862_466199_695123_72134,4hop3__800262_466199_695123_72134,0.9024,When did the town WIZE is licensed in become capitol of the state where Jackson Township is located?,When did the town WIZE is licensed in become capitol of the state where Green Township is located?,dense+hybrid,dense+hybrid,1,0,0,1,1,1,1,1,1,1
3hop1__159737_160713_77246,3hop1__30885_160713_77246,0.9022,What is the meaning of the word that is also a majority religion in the area that became India when the country that withdrew its forces was created in the Arabic dictionary?,what is the meaning of the word that is also the majority religion in the area that became India when the country where BCCI is based was created in the Arabic dictionary?,none,none,1,0,0,1,0,0,1,0,0,1
2hop__61714_89309,2hop__61714_80069,0.9022,What was the date that Pam got married in The Office?,When does Pam and the person Pam marries on The Office get together?,bm25+hybrid,bm25+hybrid,1,1,1,1,0,0,1,1,1,1
3hop1__743797_443779_52195,3hop1__275261_443779_52195,0.9015,"Who is the president of the newly declared independent country, that established the Timor Leste Commission of Truth and Friendship with the country where the Alas is found?",Who is the president of the newly declared independent country that formed the Timor Leste Commission of Truth and Friendship with the country where Pantar is found?,none,none,1,0,0,1,0,0,1,0,0,1
3hop1__68802_89752_49923,3hop1__68802_89752_75165,0.9014,How many counties are there in the largest state in the region where the film The Family Stone was set?,How many people live in the largest state of the region where The Family Stone takes place?,hybrid,none,0,0,0,1,0,0,1,1,0,0
2hop__89991_58067,2hop__160223_58067,0.9014,Who was honored with the highest award in India before becoming president?,Who was given India's highest civilian honor before he became President of India?,none,dense,0,0,0,1,0,1,0,0,0,1
2hop__89403_602275,2hop__89403_122023,0.9009,Who is the child of the physicist who who developed an explanation for the photoelectric effect?,Which university educated the scientist who developed an explanation for the photoelectric effect?,dense,none,0,0,0,1,1,0,0,0,0,1
3hop2__230_89048_66294,3hop2__89048_228_66294,0.9008,Who played the singer of is She Really Going Out With Him in the movie based on the artist whose concert was the first Beyonce attended?,Who played who sang is she really going out with him in the who influenced Beyonce movie?,none,none,1,0,0,1,0,0,1,0,0,1
3hop1__465684_160545_60577,3hop1__465684_160545_62931,0.9008,Where did they film The Beach in the country where Bodindecha died?,Where in the country where Bodindecha was born was The Beach filmed?,none,none,1,0,0,1,0,0,1,0,0,1
4hop1__860115_798482_131926_90707,4hop1__860115_798482_131926_87157,0.9008,Where does the body of water by the city that shares a border with Elizabeth Berg's birthplace and Ohio River meet?,What is the direction of flow of the body of water by the city sharing a border with Elizabeth Berg's birthplace?,none,none,1,0,0,1,0,0,1,0,0,1
3hop1__140554_2053_52946,3hop1__140994_2053_52946,0.9004,"When is Celebrity Big Brother coming to the network which, along with ABC and the network which hosts Westinghouse Playhouse, is the other major broadcaster based in NY?","When is Celebrity Big Brother coming to the network which, along with ABC and the network which broadcasted Hello, Larry?, is the other major broadcaster based in NY?",none,all,0,0,1,0,0,1,0,0,1,0
3hop1__103890_10659_83548,3hop1__103890_10659_23296,0.9002,"Who led the movement against communism, in the country where, along with the nation that Ágnes Konkoly is from, many expelled French Jews relocated to?","After the Nazis, who invaded the country where, along with the nation that Ágnes Konkoly is from, many expelled French Jews relocated to?",none,none,1,0,0,1,0,0,1,0,0,1
2hop__41158_22946,2hop__41158_35124,0.9002,Who said one of the greatest thinkers was the person who proposed explanations for the origins of earthquakes and the formation of mountains?,How many books were said to have been written by the person who proposed explanations for the origins of earthquakes and the formation of mountains?,bm25+hybrid,none,0,1,0,0,0,0,1,1,0,0
3hop1__756602_831637_91775,3hop1__346416_831637_91775,0.8976,What does seal stand for in the U.S. military branch that operates a list of destroyer classes as well as the USS Jason?,"What does seal stand for in the U.S. military branch that operates a list of destroyer classes, and also operates NC?",none,hybrid,0,0,0,1,0,0,1,0,1,0
3hop1__857_846_7888,3hop1__857_846_7702,0.8972,What are three natural attractions in the city where the Yongle emperor greeted the person to whom the edict was addressed?,What is the meaning of the name of the city where the Yongle emperor greeted the person to whom the edict was addressed?,none,hybrid,0,0,0,1,0,0,1,0,1,0
3hop1__796649_720914_27537,3hop1__108881_720914_27537,0.8968,Why did Roncalli leave the city where the creator of Flora died?,Why did Roncalli leave the city where the creator of The Worship of Venus died?,none,none,1,0,0,1,0,0,1,0,0,1
4hop2__567956_14670_8987_8529,4hop2__161324_14670_8987_8529,0.8965,"Normalization occurred in Country A that invaded Country B because the military branch that Air Defense Artillery is part of was unprepared. when was the word ""Slavs"" used in the national anthem of Country B?","A country's military branch, the equivalent of which in the US contains the Air Defense Artillery, was unprepared for the invasion of the country occupied by the Nazi's. When was the word ""Slavs"" used in the national anthem of the unprepared country?",none,none,1,0,0,1,0,0,1,0,0,1
2hop__57638_90991,2hop__57638_72467,0.8963,Who was picked over the player with the highest point average in NBA history in the draft?,What team picked the highest point average holder in NBA history in the NBA draft?,dense+hybrid,dense,0,0,0,1,1,1,1,1,0,0
3hop1__796649_720914_27537,3hop1__108062_720914_27537,0.8962,Why did Roncalli leave the city where the creator of Flora died?,Why did Roncalli leave the city where La Bella's creator died?,none,none,1,0,0,1,0,0,1,0,0,1
3hop1__835193_160713_77246,3hop1__632623_160713_77246,0.8961,In the Arabic dictionary what is the meaning of the word that also refers to the majority religion in India when the country containing Attabad was created?,In the arabic dictionary what is the meaning of the word that also refers to the majority religion in India during the creation of the country where Rabwah is located?,bm25,none,0,1,0,0,0,0,1,0,0,1
4hop2__567956_14670_8987_8974,4hop2__567956_39078_8987_8974,0.8947,"A country's military branch, which in the US contains the Air Defense Artillery, was unprepared for the invasion of the country that experienced a normalization period. The unprepared country was the only communist country to have an embassy where?",Normalization occurred in Country A that invaded Country B because the military branch was unprepared. Country B was the only communist country to have an embassy where?,none,none,1,0,0,1,0,0,1,0,0,1
3hop1__699454_831637_91775,3hop1__346416_831637_91775,0.8947,"What does seal stand for in the U.S. military branch that operates a list of destroyer classes, as well as the USS Sable?","What does seal stand for in the U.S. military branch that operates a list of destroyer classes, and also operates NC?",dense,hybrid,0,0,0,1,1,0,0,0,1,0
3hop1__302383_503371_21711,3hop1__395211_503371_21711,0.8946,When was the Palau de la Generalitat constructed in the city where Martin from the region where Codo is located died?,When was the Palau de la Generalitat constructed in the city where Martin from where Mianos is located died?,dense+hybrid,dense+hybrid,1,0,0,1,1,1,1,1,1,1
3hop2__132957_800948_40768,3hop2__132957_51933_40768,0.8944,"When did the maker of the Acura Legend, the employer of Katsuaki Watanabe, and Nissan open US assembly plants?","When did the maker of the Acura Legend, the largest auto company in the world, and Nissan open US assembly plants?",none,none,1,0,0,1,0,0,1,0,0,1
3hop2__304722_689786_63959,3hop2__304722_667199_63959,0.8942,When was the last time the sports team that Malcolm Beard was a member of beat the 1894-95 FA cup winner?,When was the last time the team that Malcolm Briggs was a member of beat the 1894-95 FA cup winner?,none,none,1,0,0,1,0,0,1,0,0,1
3hop1__109185_720914_27537,3hop1__108062_720914_27537,0.8942,Why did Roncalli leave the city where the creator of La Schiavona died?,Why did Roncalli leave the city where La Bella's creator died?,none,none,1,0,0,1,0,0,1,0,0,1
4hop2__105527_14670_8987_8974,4hop2__103790_14670_8987_8974,0.894,Country A developed the ZH-29 and invaded Country B because their military branch that the Air Defense Artillery is a branch of was unprepared. Country B was the only communist country to have an embassy where?,Ivo Werner is from Country A that invaded Country B because their military branch that Air Defense Artillery is part of was unprepared. Country B was the only communist country to have an embassy where?,none,none,1,0,0,1,0,0,1,0,0,1
2hop__14_59409,2hop__9_59409,0.8939,Who was Beyonce's husband talking about in the the song Cry?,Who was the artist which Beyonce did marry talking about in song cry?,none,dense+hybrid,0,0,0,1,0,1,0,0,1,0
3hop1__567955_503371_21711,3hop1__857241_503371_21711,0.8938,When was the Palau de la Generalitat constructed in the city where Martin of the region where Layana is located died?,When was the Palau de la Generalitat constructed in the city where Martin from the region where Erla is located died?,dense+hybrid,dense+hybrid,1,0,0,1,1,1,1,1,1,1
2hop__29367_29376,2hop__29368_29376,0.8937,What event caused the Liberal Party of Australia's longest-serving leader to become Prime Minister?,What event caused the founder of Australia's liberal party to become Prime Minister?,none,dense+hybrid,0,0,0,1,0,1,0,0,1,0
2hop__207597_73244,2hop__207597_63853,0.8936,Where is the origin of the Caledon River?,What is the source of the river that is the mouth of the Caledon River?,bm25+hybrid,bm25+hybrid,1,1,1,1,0,0,1,1,1,1
3hop1__857_846_7701,3hop1__857_846_7752,0.8936,When did the city where the Yongle emperor greeted the person to whom the edict was addressed become the Chinese national capital?,Who moved the capitol from the city where the Yongle emperor greeted the person to whom the edict was addressed to Beijing?,all,none,0,1,0,0,1,0,0,1,0,0
4hop1__264443_49925_13759_736921,4hop1__580153_49925_13759_736921,0.8935,Where is the district that the person who wanted to reform and address Edward Egan's religion preached a sermon on Marian devotion before his death located?,Where is the district that the person who wanted to reform and address the religion that practices candidacy preach a sermon on Marian devotion before his death located?,none,none,1,0,0,1,0,0,1,0,0,1
3hop1__159737_160713_77246,3hop1__804367_160713_77246,0.8932,What is the meaning of the word that is also a majority religion in the area that became India when the country that withdrew its forces was created in the Arabic dictionary?,What is the meaning of the word that is also the majority religion in the area that became India when the country where Kot Haibat is located was created in the Arabic dictionary?,none,none,1,0,0,1,0,0,1,0,0,1
3hop1__163024_443779_52195,3hop1__222380_443779_52195,0.893,Who is the president of the newly declared independent country that has a Commission of Truth and Friendship with the country where Ambelau is located?,Who is the president of the newly declared independent country that is part of the Commission of Truth and Friendship with the country where Buru is located?,none,none,1,0,0,1,0,0,1,0,0,1
3hop1__38426_91850_685675,3hop1__88707_91850_685675,0.893,What team does the person who hit the first home run at the new stadium in South Bronx play for?,On what team was the player who hit the first home run at the new location of NY Yankees home games?,none,none,1,0,0,1,0,0,1,0,0,1
3hop2__132957_76377_40768,3hop2__132957_133292_40768,0.8928,"When did Nissan, the Acura Legend maker and the top selling car brand open US assembly plants?",When did Nissan along with the creator of the Hino Dutro and the maker of the Acura Legend open US assembly plants?,none,dense+hybrid,0,0,0,1,0,1,0,0,1,0
4hop1__277409_49925_13759_736921,4hop1__56635_49925_13759_736921,0.8928,"The German priest, who wanted Joseph Strickland's religious denomination to reform, preached a sermon on Marian devotion soon before his death in what German state?","The German priest, who wanted to reform the religious denomination now the largest in the US, preached a sermon on Marian devotion soon before his death in which German state?",none,none,1,0,0,1,0,0,1,0,0,1
3hop1__161507_160713_77246,3hop1__105837_160713_77246,0.8927,What is the meaning of the word that is also a majority religion in the area that became India when the country where Masherbrum is located was created in the Arabic dictionary?,what is meaning of the word that is a majority religion of the area that became India when the country origin of Mizraab was created in Arabic dictionary?,none,none,1,0,0,1,0,0,1,0,0,1
2hop__20256_74481,2hop__20256_71302,0.8924,The Freddie Mercury film's producer played who in Godfather 2?,"In The Godfather, who does the actor producing the Freddie Mercury film play?",dense,dense,1,0,0,1,1,1,1,0,0,1
2hop__88906_55840,2hop__64323_55840,0.8922,"In the King's Speech, who played the person who was the King of England in 1950?",Who played the king that was king of england in 1951 in the king's speech?,dense,dense,1,0,0,1,1,1,1,0,0,1
3hop1__849312_503371_21711,3hop1__857241_503371_21711,0.8922,When was the Palau de la Generalitat constructed in the city where Martin from the region where Perdiguera is located died?,When was the Palau de la Generalitat constructed in the city where Martin from the region where Erla is located died?,dense+hybrid,dense+hybrid,1,0,0,1,1,1,1,1,1,1
4hop1__391525_49925_13759_736921,4hop1__580153_49925_13759_736921,0.892,Where is the district that the person who wanted to reform and address John Kodwo Amissah's religion preached a sermon on Marian devotion before his death located?,Where is the district that the person who wanted to reform and address the religion that practices candidacy preach a sermon on Marian devotion before his death located?,none,none,1,0,0,1,0,0,1,0,0,1
3hop1__49236_89752_49923,2hop__80070_89752,0.8917,How many counties does the largest state in the region where the fictional Gilead in the Handmaid's Tale takes place have?,What is the largest state in the region where the Handmaid's Tale takes place?,none,none,1,0,0,1,0,0,1,0,0,1
3hop1__857_846_7890,3hop1__857_846_7702,0.8916,How many places of higher learning are in the city where the Yongle emperor greeted the person to whom the edict was addressed?,What is the meaning of the name of the city where the Yongle emperor greeted the person to whom the edict was addressed?,bm25,hybrid,0,1,0,0,0,0,1,0,1,0
3hop1__857_846_7713,3hop1__857_846_7701,0.8915,"How long was the city where the Yongle Emperor greeted the leader that the edict was addressed to, the capital city of Yangzhou?",When did the city where the Yongle emperor greeted the person to whom the edict was addressed become the Chinese national capital?,none,all,0,0,1,0,0,1,0,0,1,0
2hop__104095_40501,2hop__104095_40502,0.8914,How many refugees emigrated to the country that Clara Peeters is a citizen of?,Before this emigration what was the population of Clara Peeters's country of citizenship?,dense,dense,1,0,0,1,1,1,1,0,0,1
3hop2__90327_89854_76291,3hop2__89854_90327_76291,0.8914,When did the party that holds the majority in the House of Representatives take control of the organization that approves the members of the U.S. cabinet before their appointment?,When did the party that hold the majority in the House of Reps take control of the branch that approves members of the American cabinet?,dense,dense,1,0,0,1,1,1,1,0,0,1
2hop__14121_15463,2hop__14095_15463,0.8913,What company did the company that initiated a successful price war among PC manufacturers in 1994 merge with in 2002?,"In 2002, what company merged with the top PC manufacturer from 1994?",dense+hybrid,all,0,0,1,0,1,1,1,1,1,1
2hop__21104_16254,2hop__21103_16254,0.8912,"By 1931, what percentage of the world's Jews were the group that represents at least 70% of Jews worldwide?","By 1931, what percentage of the world's Jews were the group of Jews that represented the bulk of modern Jewry?",all,all,1,1,1,1,1,1,1,1,1,1
2hop__16844_42173,2hop__16844_20510,0.8911,When was the ruler that was dissolved after the Indian Rebellion of 1857 established?,When was the entity that was dissolved after the Indian Rebellion in 1857 chartered?,none,bm25,0,0,1,0,0,0,1,0,0,1
4hop2__567956_14670_8987_8974,4hop2__105527_39078_8987_8974,0.8907,"A country's military branch, which in the US contains the Air Defense Artillery, was unprepared for the invasion of the country that experienced a normalization period. The unprepared country was the only communist country to have an embassy where?","A country's military branch, the equivalent of which in the US helped the Old West's local police, was unprepared for the invasion of the country that developed the ZH-29. The unprepared country was the only communist country to have an embassy where?",none,none,1,0,0,1,0,0,1,0,0,1
3hop2__781093_467331_162182,3hop2__855821_467331_162182,0.8906,In what region of the country where Lam Thao is located is the city where the Zone 5 Military Museum can be found?,In what region of the country where Lam Dong is located is the city where Zone 5 Military Museum is found?,none,none,1,0,0,1,0,0,1,0,0,1
2hop__32441_178460,2hop__32441_522949,0.8905,"Who was the sibling of the president, other than Taft, that the Jenkins Orphanage played for?",Who is the spouse of the other president Jenkins Orphanage played for that wasn't Taft?,none,none,1,0,0,1,0,0,1,0,0,1
4hop1__277409_49925_13759_736921,4hop1__636860_49925_13759_736921,0.8902,"The German priest, who wanted Joseph Strickland's religious denomination to reform, preached a sermon on Marian devotion soon before his death in what German state?","The German priest, who wanted Abraham Shimonaya's religious denomination to reform, preached a sermon on Marian devotion soon before his death in which German state?",none,none,1,0,0,1,0,0,1,0,0,1
4hop1__562740_49925_13759_736921,4hop1__696484_49925_13759_736921,0.8902,Where is the district that the person who wanted to reform and address the religion that practices altarage preach a sermon on Marian devotion before his death located?,Where is the district that the person who wanted to reform and address Bernhard Lichtenberg's religion preached a sermon on Marian devotion before his death located?,none,none,1,0,0,1,0,0,1,0,0,1
2hop__66167_615257,2hop__66167_72467,0.89,What team does the player with the most points in a NBA season play for?,Where did the player who scored the most points in a NBA season go in the NBA Draft?,none,dense,0,0,0,1,0,1,0,0,0,1
3hop1__617062_127905_80487,3hop1__617062_127905_67954,0.8898,When is the All-Star game being played in the league that Jim Wilson plays for?,Who won the All-Star MVP for the league that the team that Jim Wilson plays for is a part of?,none,none,1,0,0,1,0,0,1,0,0,1
4hop1__9002_698949_157828_239539,4hop1__9007_698949_157828_239539,0.8898,The language of a film titled and about the city where Tito was interred is the co-official language of a county. In what city is the national Radio and Television broadcaster for that country?,The original language of the film titled and about the city of Tito's final resting place is the co-official language of a country. Where are the headquarters for that country's national radio and TV broadcaster?,none,none,1,0,0,1,0,0,1,0,0,1
3hop1__248929_160713_77246,3hop1__804367_160713_77246,0.8897,What is the meaning of the word that is also a majority religion in the region that became India when the country where Kohat is located was created in the Arabic dictionary?,What is the meaning of the word that is also the majority religion in the area that became India when the country where Kot Haibat is located was created in the Arabic dictionary?,none,none,1,0,0,1,0,0,1,0,0,1
3hop1__9285_5188_63702,3hop1__9285_5188_86687,0.8893,"When did the country where the top-ranking Warsaw Pact operatives originated, despite its being headquartered in the nation known as the nobilities commonwealth, become allies with the US?","When did the country the top-ranking Warsaw Pact operatives came from, despite it being headquartered in the country known as the nobilities commonwealth, agree to a unified Germany inside NATO?",none,none,1,0,0,1,0,0,1,0,0,1
3hop1__140994_2053_5289,3hop1__140786_2053_5289,0.8892,"What UK label was bought by the company which, along with ABC and the network which broadcasted Hello, Larry, is the other major broadcaster based in NY?","What UK label was bought by the major broadcaster that, along with ABC and the network of the show Just Men!?, is based in New York?",all,bm25+hybrid,0,1,1,1,1,0,0,1,1,1
2hop__754826_7292,2hop__367318_7292,0.8889,"Which artist was featured on smooth jazz stations, along with Kenny G and the performer of Saxophonic?","What artist was featured on Smooth Jazz Stations, along with Kenny G and the performer of The Dance?",all,dense+hybrid,0,1,0,0,1,1,1,1,1,1
2hop__32441_274635,2hop__32441_178460,0.8887,In which military branch did the other president besides Taft that Jenkins Orphanage played for serve?,"Who was the sibling of the president, other than Taft, that the Jenkins Orphanage played for?",none,none,1,0,0,1,0,0,1,0,0,1
3hop1__103890_10659_67187,3hop1__103890_10659_83548,0.8882,"Who was the first elected president of the country where, along with the nation where Ágnes Konkoly is from, many expelled French Jews relocated to?","Who led the movement against communism, in the country where, along with the nation that Ágnes Konkoly is from, many expelled French Jews relocated to?",none,none,1,0,0,1,0,0,1,0,0,1
4hop1__105688_17130_70784_61381,4hop1__105688_17130_70784_79935,0.8881,The country that Eyal Golan is from lies within a certain region. When was the area that lies immediately to the north of that region established?,When was the region that lies to the north of where Eyal Golan is located and the Persian Gulf created?,none,none,1,0,0,1,0,0,1,0,0,1
2hop__96410_159054,2hop__96411_159054,0.8879,What was the story that included the character from The Bourne Betrayal based on?,What was the story of the character from The Bourne Deception based on?,dense+hybrid,hybrid,0,0,0,1,1,0,0,1,1,1
4hop3__238811_88460_30152_20999,4hop3__405277_88460_30152_20999,0.8878,New coins by the Somali Muslim Ajuran Empire were a proclamation of independence from a nation. How were the people of that nation expelled from country that borders Thailand and Ban Nampo village's country?,How were the people from whom the new coins were a proclamation of independence by the Somali Muslim Ajuran Empire expelled from the country between Thailand and Ban Hinlat's country?,none,none,1,0,0,1,0,0,1,0,0,1
3hop2__855821_223623_162182,3hop2__781093_223623_162182,0.8875,In what region of the country where Lam Dong is located is John Phan's birthplace?,In what region of the country where Lam Thao is located is John Phan's birthplace?,none,none,1,0,0,1,0,0,1,0,0,1
3hop1__761225_831637_91775,3hop1__346416_831637_91775,0.8874,"What does seal stand for in the branch of the U.S. military that operates a list of destroyer classes, as well as containing the rank O-1?","What does seal stand for in the U.S. military branch that operates a list of destroyer classes, and also operates NC?",none,hybrid,0,0,0,1,0,0,1,0,1,0
3hop1__835193_160713_77246,3hop1__507961_160713_77246,0.8872,In the Arabic dictionary what is the meaning of the word that also refers to the majority religion in India when the country containing Attabad was created?,What is the meaning of the word that is also a majority religion in India when the country where Banna is located was created in the Arabic dictionary?,bm25,bm25,1,1,1,1,0,0,1,0,0,1
4hop1__571599_49925_13759_736921,4hop1__580153_49925_13759_736921,0.8872,Where is the district that the person who wanted to reform and address Medardo Joseph Mazombwe's religion preached a sermon on Marian devotion before his death located?,Where is the district that the person who wanted to reform and address the religion that practices candidacy preach a sermon on Marian devotion before his death located?,none,none,1,0,0,1,0,0,1,0,0,1
3hop1__488744_443779_52195,3hop1__103662_443779_52195,0.8872,Who is the president of the newly declared independent country that is part of the Commission of Truth and Friendship with the country where Jenggawah is located?,Who is the president of the newly declared independent country that is part of the Commission of Truth and Friendship with Radiansyah's birth country?,none,none,1,0,0,1,0,0,1,0,0,1
3hop2__326964_846_7713,4hop3__857_846_326964_7713,0.8871,How long had the city where the Yongle Emperor greeted the Karmapa been the capitol city of Yaxing Coach's headquarters location?,How long had the city where the Yongle emperor greeted the person to whom the edict was addressed been the capitol of Yaxing Coach's headquarters location?,none,none,1,0,0,1,0,0,1,0,0,1
2hop__83785_461854,2hop__78873_461854,0.887,Who was the spouse of the leading lady in Gone With the wind?,Who is the female star in Gone with the Wind married to?,none,none,1,0,0,1,0,0,1,0,0,1
2hop__20685_712629,2hop__61924_712629,0.8869,Who was the spouse of the British queen?,Who is the spouse of the current queen of England?,none,none,1,0,0,1,0,0,1,0,0,1
2hop__8496_21567,2hop__9930_21567,0.8867,Who introduced a system of musical notation used during the 14th century in the place where there is no evidence of a Slavic settlement before c. 600 AD?,Who introduced a system of musical notation used in the region that has no mention in the 14th century?,bm25+hybrid,none,0,1,0,0,0,0,1,1,0,0
4hop1__61681_53706_795904_580996,4hop1__57467_53706_795904_580996,0.8866,What city shares a border with the city where a person went to work during the gold rush in the biggest state in the USA by population?,What city shares a border with the city where a person worked during the gold rush in the state that has the most house of representatives seat?,none,none,1,0,0,1,0,0,1,0,0,1
3hop1__743797_443779_52195,4hop1__93963_170667_443779_52195,0.8863,"Who is the president of the newly declared independent country, that established the Timor Leste Commission of Truth and Friendship with the country where the Alas is found?","Who is the president of the newly declared independent country, that established the Timor Leste Commission of Truth and Friendship, with the country containing the airport that includes Lion Air?",none,none,1,0,0,1,0,0,1,0,0,1
2hop__25788_990,2hop__25797_990,0.8863,In which generation did iPod start providing compatibility with the object designed to standardize connection of computer peripherals?,Which iPod generation introduced compatibility with the industry standard connection that was first widely used at version 1.1?,bm25+hybrid,all,0,1,1,1,0,1,0,1,1,1
4hop1__836115_49925_13759_736921,4hop1__580153_49925_13759_736921,0.886,Where is the district that the person who wanted to reform and address Vincentas Sladkevičius' religion preached a sermon on Marian devotion before his death located?,Where is the district that the person who wanted to reform and address the religion that practices candidacy preach a sermon on Marian devotion before his death located?,none,none,1,0,0,1,0,0,1,0,0,1
2hop__142198_152093,2hop__203437_152093,0.886,The Live Life Loud album's band signed to which label?,What label was responsible for the performer of Live Life Loud?,all,dense,0,1,0,0,1,1,1,1,0,0
2hop__606439_127399,2hop__142881_127399,0.8857,"What year did the group that performed From Them, Through Us, to You form?","When was the performer of the album From Them, Through Us, to You formed?",all,all,1,1,1,1,1,1,1,1,1,1
3hop1__691197_15840_36014,3hop1__742464_15840_36014,0.885,What was Nintendo's limit on games per developer per year on the platform of Yoshi?,What was Nintendo's limit on games per developer per year on the platform of Robodemons?,none,dense,0,0,0,1,0,1,0,0,0,1
3hop1__140994_2053_5289,3hop1__140514_2053_5289,0.8849,"What UK label was bought by the company which, along with ABC and the network which broadcasted Hello, Larry, is the other major broadcaster based in NY?","What UK label was bought by the company which, along with ABC and the network which hosts Hero High, is the other major broadcaster based in NY?",all,dense+hybrid,0,1,0,0,1,1,1,1,1,1
3hop1__106094_443779_52195,3hop1__103662_443779_52195,0.8847,Who is the president of the newly declared independent country part of the Commission of Truth and Friendship with the country that made Arisan!??,Who is the president of the newly declared independent country that is part of the Commission of Truth and Friendship with Radiansyah's birth country?,none,none,1,0,0,1,0,0,1,0,0,1
4hop1__71715_59747_211319_557671,2hop__71715_50429,0.8846,Which county shares a border with the county where the most populous city in the state where the Dukes of Hazzard took place is located?,What is the population of the state where Dukes of Hazzard took place?,none,none,1,0,0,1,0,0,1,0,0,1
4hop1__277409_49925_13759_736921,4hop1__711307_49925_13759_736921,0.8843,"The German priest, who wanted Joseph Strickland's religious denomination to reform, preached a sermon on Marian devotion soon before his death in what German state?","The German priest, who wanted Jean Hengen's religious denomination to reform, preached a sermon on Marian devotion a month before his death in what German state?",none,none,1,0,0,1,0,0,1,0,0,1
3hop1__159737_160713_77246,3hop1__309596_160713_77246,0.8842,What is the meaning of the word that is also a majority religion in the area that became India when the country that withdrew its forces was created in the Arabic dictionary?,What is the meaning of the word that is also a majority religion in the area that became India when the country where Punial is located was created in the arabic dictionary?,none,none,1,0,0,1,0,0,1,0,0,1
2hop__409884_83837,2hop__461639_83837,0.884,Who sings Home Alone Tonight with the Country Girl (Shake It for Me) performer?,"Who sing ""Home Alone Tonight"" with the performer of ""country Man""?",all,dense,0,1,0,0,1,1,1,1,0,0
3hop1__838590_831637_91775,3hop1__346416_831637_91775,0.8839,What does seal stand for in the U.S. military branch that operates a list of destroyer classes and the USS Stag?,"What does seal stand for in the U.S. military branch that operates a list of destroyer classes, and also operates NC?",none,hybrid,0,0,0,1,0,0,1,0,1,0
3hop1__220023_503371_21711,3hop1__849312_503371_21711,0.8839,When was the Palau de la Generalitat constructed in the city where Martin from the region where Trasobares is located died?,When was the Palau de la Generalitat constructed in the city where Martin from the region where Perdiguera is located died?,dense+hybrid,dense+hybrid,1,0,0,1,1,1,1,1,1,1
3hop1__487301_443779_52195,3hop1__222380_443779_52195,0.8838,Who is the president of newly declared independent country part of the Commission of Truth and Friendship with the country where Kaimana is located?,Who is the president of the newly declared independent country that is part of the Commission of Truth and Friendship with the country where Buru is located?,none,none,1,0,0,1,0,0,1,0,0,1
2hop__84937_148696,2hop__84937_21969,0.8838,What is the position of the person impeached in England for acts committed as governor general of India?,When was Q1 who was impeached in england for acts committed as governor general of india impeached?,dense,dense+hybrid,0,0,0,1,1,1,1,0,1,0
4hop1__72247_497223_15840_36002,4hop1__40316_497223_15840_36002,0.8837,"What are the Genesis's advantages over the game platform with a 3 letter name abbreviation, featuring a game named after the league that chooses where the Super Bowl is held?","What were the Genesis's advantages over the game system with a 3 letter abbreviation, featuring a game named after the football league that the Los Angeles Rams are representative of?",none,none,1,0,0,1,0,0,1,0,0,1
3hop1__222380_443779_52195,3hop1__749581_443779_52195,0.8831,Who is the president of the newly declared independent country that is part of the Commission of Truth and Friendship with the country where Buru is located?,Who is the president of the newly declared independent country that is part of the Commission of Truth and Friendship with the country where Sambas is located?,none,none,1,0,0,1,0,0,1,0,0,1
3hop2__222979_132536_40768,3hop2__222979_132477_40768,0.883,"When did Nissan, the HPD ARX-03 maker and the Scion owner open US assembly plants?","When did the maker of the Acura RLX, the owner of Scion, and Nissan open US assembly plants?",hybrid,dense+hybrid,0,0,0,1,0,1,0,1,1,1
3hop1__743797_443779_52195,3hop1__144439_443779_52195,0.8825,"Who is the president of the newly declared independent country, that established the Timor Leste Commission of Truth and Friendship with the country where the Alas is found?",who is the president of newly declared independent country of the country of the birthplace of Mulham Arufin–Timor Leste Commission of Truth and Friendship?,none,hybrid,0,0,0,1,0,0,1,0,1,0
3hop1__140554_2053_5289,3hop1__140994_2053_5289,0.8823,"What label was bought by the company which, along with ABC and the network which hosts Westinghouse Playhouse, is the other major broadcaster based in NY?","What UK label was bought by the company which, along with ABC and the network which broadcasted Hello, Larry, is the other major broadcaster based in NY?",none,all,0,0,1,0,0,1,0,0,1,0
3hop2__326964_7707_7713,3hop2__326964_7861_7713,0.8822,How long had the city considered the nominal capitol of the Republic of China been the capitol city of Yaxing Coach's headquarters location?,How long had the city containing some of the finest and oldest museums in China been the capitol city of Yaxing Coach's headquarters location?,dense+hybrid,dense+hybrid,1,0,0,1,1,1,1,1,1,1
3hop1__139862_2053_52946,3hop1__140994_2053_52946,0.8821,"When is Celebrity Big Brother coming to the network which, along with ABC and the network which broadcasted Highway to Heaven, is the other major broadcaster based in NY?","When is Celebrity Big Brother coming to the network which, along with ABC and the network which broadcasted Hello, Larry?, is the other major broadcaster based in NY?",dense,all,0,0,1,0,1,1,1,0,1,0
3hop1__374018_160713_77246,3hop1__507961_160713_77246,0.8819,What is the meaning of the word that is also the majority religion in India when the country where Dubbi is located was created in the Arabic dictionary?,What is the meaning of the word that is also a majority religion in India when the country where Banna is located was created in the Arabic dictionary?,bm25,bm25,1,1,1,1,0,0,1,0,0,1
4hop1__58323_375563_161848_61344,4hop1__58323_375563_161848_20546,0.8818,What continent is the country located near the country of citizenship of The Book Thief's author part of?,Who discovered the country near the country of citizenship of the author of The Book Thief for the Dutch?,none,none,1,0,0,1,0,0,1,0,0,1
3hop1__105126_443779_52195,3hop1__222380_443779_52195,0.8817,Who is the president of the newly declared independent country part of the Commission of Truth and Friendship with the country where Gado-gado is found?,Who is the president of the newly declared independent country that is part of the Commission of Truth and Friendship with the country where Buru is located?,none,none,1,0,0,1,0,0,1,0,0,1
3hop1__268450_503371_21711,3hop1__609479_503371_21711,0.8817,When was the Palau de la Generalitat built in the city in which died the man called Martin of the region of Spain where Berdejo is located?,When was the Palau de la Generalitat built in the city in which died the man called Martin of the region of Spain where Bijuesca is located?,all,all,1,1,1,1,1,1,1,1,1,1
2hop__73615_16848,2hop__73615_42173,0.8817,What happened to the assets of the agency that abolished the dual system of government in bengal after it was removed from power?,When was the company that abolished the dual system of government in Bengal established?,none,bm25+hybrid,0,0,1,0,0,0,1,0,1,0
2hop__286621_67370,2hop__286621_84856,0.8814,When does the show of the cast member of Politically Incorrect start again in 2018?,When does the new season of the show named for the Politically Incorrect cast member?,none,none,1,0,0,1,0,0,1,0,0,1
2hop__57638_90991,2hop__57638_615257,0.8808,Who was picked over the player with the highest point average in NBA history in the draft?,What team is the person with the highest point average in NBA history on?,dense+hybrid,all,0,0,1,0,1,1,1,1,1,1
2hop__681463_402641,2hop__124412_402641,0.8805,Who is the sibling of Chiang Hsiao-wen?,Who is the child of Chiang Hsiao-wen's father?,all,all,1,1,1,1,1,1,1,1,1,1
3hop1__632623_160713_77246,3hop1__23444_160713_77246,0.8804,In the arabic dictionary what is the meaning of the word that also refers to the majority religion in India during the creation of the country where Rabwah is located?,In the Arabic dictionary what is the meaning of the word that also refers to the majority religion in India when the country containing the Neolithic graveyards was created?,none,bm25,0,0,1,0,0,0,1,0,0,1
2hop__785711_63853,2hop__785711_73244,0.8804,What is the source of the body of water where Augrabies Falls is located?,Where is the origin of the river Augrabies Falls is part of?,all,all,1,1,1,1,1,1,1,1,1,1
3hop1__163024_443779_52195,3hop1__489567_443779_52195,0.8798,Who is the president of the newly declared independent country that has a Commission of Truth and Friendship with the country where Ambelau is located?,Who is the president of the newly declared independent country that is part of the commission of Truth and Friendship with the country where Inierie is located?,none,none,1,0,0,1,0,0,1,0,0,1
3hop1__545624_2053_52946,3hop1__751782_2053_52946,0.8797,"When is Celebrity Big Brother coming to the network which, along with ABC and the original broadcaster of Here and Now, is the other major broadcaster based in NY?","When is Celebrity Big Brother coming to the network which, along with ABC and the original broadcaster of Undercovers, is the other major broadcaster based in NY?",dense+hybrid,dense+hybrid,1,0,0,1,1,1,1,1,1,1
4hop3__316459_41402_145922_13584,4hop3__316459_41402_157761_13584,0.8796,"Besides areas of the country gaining control of Florida after the conflict Charles Edmund Nugent participated in, what other differences exist between where Carlos Barral died and Real Madrid?","A country gained control of Florida after the war in which Charles Edmund Nugent saw action. Besides the different areas of that country, what other differences are there between Real Madrid and the team for the city he moved to in 1999?",dense,none,0,0,0,1,1,0,0,0,0,1
2hop__6827_88924,2hop__6827_75783,0.8796,Who is the chairman of the company that bought FleetBoston Financial?,When was countrywide bought by the company that bought FleetBoston Financial?,none,none,1,0,0,1,0,0,1,0,0,1
3hop1__379231_40769_64047,3hop1__800948_40769_64047,0.8795,When did the luxury division of the manufacturer change the body style of RX 350?,When did the luxury division of the employer of Katsuaki Watanabe change the body style of the rx 350?,none,none,1,0,0,1,0,0,1,0,0,1
4hop2__103790_39078_8987_8529,4hop2__103790_14670_8987_8529,0.8791,"Ivo Werner is from Country A that invaded Country B because their military branch that helped the Old West police was unprepared. When was the word ""Slavs"" used in the national anthem of country B?","A country's military branch, the equivalent of which in the US contains the Air Defense Artillery, was unprepared for the invasion of Ivo Werner's country. When was the word ""Slavs"" used in the national anthem of the unprepared country?",none,none,1,0,0,1,0,0,1,0,0,1
3hop1__691197_15840_36014,3hop1__836699_15840_36014,0.8786,What was Nintendo's limit on games per developer per year on the platform of Yoshi?,What was Nintendo's limit on games per developer per year on the platform of Nightshade?,none,dense,0,0,0,1,0,1,0,0,0,1
3hop1__567955_503371_21711,3hop1__347858_503371_21711,0.8786,When was the Palau de la Generalitat constructed in the city where Martin of the region where Layana is located died?,When was the Palau de la Generalitat constructed in the city where Martin of the place where Castiliscar is located died?,dense+hybrid,dense+hybrid,1,0,0,1,1,1,1,1,1,1
3hop1__380590_831637_91775,3hop1__251085_831637_91775,0.878,What does the seal stand for in the operator of the list of destroyer classes of the operator of the USS ZigZag seals?,what does seal stand for in the operator of the list of destroyer classes of the operator of the USS Grouse seals?,dense,dense,1,0,0,1,1,1,1,0,0,1
2hop__850984_7292,2hop__367318_7292,0.8778,"Along with Kenny G and the performer of Off the Beaten Path, what artist was featured on smooth jazz stations?","What artist was featured on Smooth Jazz Stations, along with Kenny G and the performer of The Dance?",all,dense+hybrid,0,1,0,0,1,1,1,1,1,1
3hop1__680374_503371_21711,3hop1__849312_503371_21711,0.8768,"When was the construction of the Palau de la Generalitat in the place of death of Martin, of the region that contained Isuerre?",When was the Palau de la Generalitat constructed in the city where Martin from the region where Perdiguera is located died?,all,dense+hybrid,0,1,0,0,1,1,1,1,1,1
3hop1__220023_503371_21711,3hop1__783711_503371_21711,0.8767,When was the Palau de la Generalitat constructed in the city where Martin from the region where Trasobares is located died?,When was the Palau de la Generalitat in the city where Martin of the region where Urries is located constructed?,dense+hybrid,dense,0,0,0,1,1,1,1,1,0,0
3hop2__30152_101802_20999,3hop2__30152_107291_20999,0.876,"How were the people that the Somali Muslim Ajuran Empire made coins to proclaim independence from, expelled from the country that Minyekyawdin lived in?","How were the people that the Somali Muslim Ajuran Empire made coins to proclaim independence from, expelled from the country where Mohinga is eaten?",none,none,1,0,0,1,0,0,1,0,0,1
3hop1__786632_831637_91775,3hop1__756602_831637_91775,0.8759,"What does seal stand for in the U.S. military branch that operates destroyers, as well as the USS Edsall?",What does seal stand for in the U.S. military branch that operates a list of destroyer classes as well as the USS Jason?,hybrid,none,0,0,0,1,0,0,1,1,0,0
2hop__39954_80303,2hop__39954_80940,0.8756,What is the name of the game reserve in the country where hunters spend 50 to 100 times more than the average ecotourist?,What is the largest national park in the country where hunters are estimated to spend fifty to one hundred times that of the average ecotourist?,all,dense+hybrid,0,1,0,0,1,1,1,1,1,1
3hop1__754160_831637_91775,3hop1__756602_831637_91775,0.8756,"What does seal stand for in the U.S. military branch that operates a list of destroyer classes, as well as the USS Dextrous?",What does seal stand for in the U.S. military branch that operates a list of destroyer classes as well as the USS Jason?,none,none,1,0,0,1,0,0,1,0,0,1
3hop1__488744_443779_52195,3hop1__438364_443779_52195,0.8755,Who is the president of the newly declared independent country that is part of the Commission of Truth and Friendship with the country where Jenggawah is located?,Who is the president of the newly declared independent country that is part of the Commission of Truth and Friendship with the country where Kotamadya is located?,none,none,1,0,0,1,0,0,1,0,0,1
4hop1__749363_49925_13759_736921,4hop1__580153_49925_13759_736921,0.875,In what state is the district where the man who wanted to reform the religion practiced by Innocenzo Ferrieri preached a sermon on Marian devotion?,Where is the district that the person who wanted to reform and address the religion that practices candidacy preach a sermon on Marian devotion before his death located?,none,none,1,0,0,1,0,0,1,0,0,1
3hop1__680374_503371_21711,3hop1__840353_503371_21711,0.875,"When was the construction of the Palau de la Generalitat in the place of death of Martin, of the region that contained Isuerre?","When was the Palau de la Generalitat built, in the place of death of Martin, of the region where Almudévar was located?",all,dense+hybrid,0,1,0,0,1,1,1,1,1,1
3hop2__9988_73205_70784,4hop2__71753_73205_70784_79935,0.8742,What region is to the north of what used to be known as Near East and the body of water between east africa and Arabian Peninsula?,When was the region that lies to the north of where Israel is located and the body of water between East Africa and the Arabian peninsula created?,none,none,1,0,0,1,0,0,1,0,0,1
4hop1__88342_75218_128008_80487,4hop1__88342_49853_128008_80487,0.8742,When is the all-star game of the league whose member played in the most championship series which proceed the MVP award?,When was the all-star game played for the league that includes the team with the most titles won just before the mlb mvp is awarded?,none,none,1,0,0,1,0,0,1,0,0,1
3hop1__210639_147339_47686,3hop1__210639_147339_51423,0.874,Where do Greyhound buses leave from in the city where the creator of Scene in the Northwest: Portrait of John Henry Lefroy lived when he died?,What is the name of the castle in the city where the creator of Scene in the Northwest: Portrait of John Henry Lefroy died?,dense,none,0,0,0,1,1,0,0,0,0,1
2hop__304852_758385,2hop__385392_756039,0.8739,What administrative territorial entity contains the place where KPRM is licensed to broadcast to?,What administrative territorial entity includes the place that KTRP is licensed to broadcast to?,none,none,1,0,0,1,0,0,1,0,0,1
4hop1__341156_49925_13759_736921,4hop1__629520_49925_13759_736921,0.8738,"In what German state is the district where the man, who wanted the religion underlying Daraga Church to reform, preached a sermon on Marian devotion?",In what region of Germany is the district where a sermon on Marian devotion was preached by the man who wanted to reform the religion of Victor Razafimahatratra?,none,none,1,0,0,1,0,0,1,0,0,1
3hop1__131102_39743_24526,3hop1__128554_39743_24526,0.8737,"What is the average winter daytime temperature in the region containing Richmond, in the state where WUSH operates?","What is the average winter daytime temperature in the region where Richmond is found, in the state where WIRR operates?",none,none,1,0,0,1,0,0,1,0,0,1
3hop2__326964_573858_7713,3hop2__573858_613770_7713,0.8735,How long had China Sunergy's headquarters location been the capitol city of Yaxing Coach's headquarters location?,How long had China Sunergy's headquarters location been the capitol city of the area where Guangling District was located?,dense,all,0,0,1,0,1,1,1,0,1,0
4hop3__129682_29339_508306_70744,4hop3__130404_29339_508306_70744,0.8732,Who won more national championships between the university that contains Fort Hill and the university of the state where Edwards won the primary besides the state where WSFN is located?,"Who has more national championships, the university where Fort Hill is, or the university in the state where Edwards won the primary, along with winning in the state containing WDXQ?",hybrid,hybrid,1,0,0,1,0,0,1,1,1,1
3hop1__302383_503371_21711,3hop1__698501_503371_21711,0.8728,When was the Palau de la Generalitat constructed in the city where Martin from the region where Codo is located died?,When was the Palau de la Generalitat constructed in the city where Martin from the region where Sisamón is located died?,dense+hybrid,dense+hybrid,1,0,0,1,1,1,1,1,1,1
2hop__70490_21567,2hop__9930_21567,0.8728,"Who introduced a system of musical notation used in the region referred to as ""the powderkeg of Europe"" in the 14th century?",Who introduced a system of musical notation used in the region that has no mention in the 14th century?,dense,none,0,0,0,1,1,0,0,0,0,1
3hop2__668732_223623_162182,3hop2__802066_223623_162182,0.8724,In what region of the country where An Phu is located is John Phan's birthplace?,"In what region of the country where Châu Đức is found, is the birthplace of John Phan?",none,none,1,0,0,1,0,0,1,0,0,1
4hop3__39836_29339_508306_70744,4hop3__131820_29339_508306_70744,0.8718,Who won more national championships between the university featuring Fort Hill and the university of the state where Edwards won the primary besides the state where the Richmond Braves moved?,"Which university has more national championships, university of the state having Fort Hill or university of the state whose primary was won by Edwards besides the state having WEKL?",none,dense+hybrid,0,0,0,1,0,1,0,0,1,0
4hop3__316459_41402_145922_13584,4hop3__316459_41402_146223_13584,0.8716,"Besides areas of the country gaining control of Florida after the conflict Charles Edmund Nugent participated in, what other differences exist between where Carlos Barral died and Real Madrid?","Besides areas of the country gaining control of Florida after the conflict Charles Edmund Nugent participated in, what other differences exist between where Simon Sabiani died and Real Madrid?",dense,none,0,0,0,1,1,0,0,0,0,1
4hop1__131002_53706_795904_580996,4hop1__61681_53706_795904_580996,0.8712,What city shares a border with the city where a person went to work during the gold rush in the state where the Shakespeare Bridge is located?,What city shares a border with the city where a person went to work during the gold rush in the biggest state in the USA by population?,none,none,1,0,0,1,0,0,1,0,0,1
3hop2__781093_223623_162182,3hop2__831456_223623_162182,0.8712,In what region of the country where Lam Thao is located is John Phan's birthplace?,In what region of the country where Sa Thay is located is John Phan's birthplace?,none,hybrid,0,0,0,1,0,0,1,0,1,0
4hop2__161602_474028_88460_20985,4hop2__161602_474028_88460_126088,0.8707,Does the capital city hold the majority of the population in the natural boundary between the country that hosted the tournament and the country where A Don is from?,Who was in charge in the country that is the natural boundary between the country that hosted the tournament and the country where A Don is located?,none,none,1,0,0,1,0,0,1,0,0,1
2hop__38030_23241,2hop__160292_23241,0.8707,"According to Pew, in 2010, what percent of Nigeria's population practiced the religion dominant in the countries surrounding Armenia?","According to Pew, in 2010, what percent of Nigeria's population practiced the religion of most of the workers?",none,none,1,0,0,1,0,0,1,0,0,1
2hop__835914_91104,2hop__560534_91104,0.8706,The space agency operating IRS-P2 had a communication satellite preceded by which experimental satellite?,What is the name of the experimental satellite that was the forerunner to the communication satellite of IRS-P3's operator?,all,all,1,1,1,1,1,1,1,1,1,1
4hop2__161602_426860_88460_18966,4hop2__161602_474028_88460_18966,0.8706,Who brought the language Hokkien to the country between the country that hosted the tournament and the country where That Dam is from?,Who brought the language Hokkien to the country on the natural boundary between the country that hosted the tournament and the country where A Don is from?,none,none,1,0,0,1,0,0,1,0,0,1
4hop1__88342_49853_128008_46894,4hop1__88342_75218_128008_46894,0.8704,Who has the lowest batting average in the league that the team that has won the most titles from the competition they give out MVP awards plays for?,Who had the lowest batting average in the league where the team with the most games in the series after which the MLB MVP is awarded played?,none,none,1,0,0,1,0,0,1,0,0,1
3hop1__545624_2053_5289,3hop1__141138_2053_5289,0.8703,"What UK label was bought by the company which, along with ABC and the network which broadcasted Here and Now, is the other major broadcaster based in NY?","What UK label was bought by the company which, along with ABC and the network which broadcasted The Chisholms, is the other major broadcaster based in NY?",dense+hybrid,none,0,0,0,1,1,0,0,1,0,0
2hop__268084_78303,2hop__519160_78303,0.8701,"What was the name of the star of Forced Vengeance in Walter, Texas Ranger?","What was the name of Forced Vengeance's producer in Walker, Texas Ranger?",none,none,1,0,0,1,0,0,1,0,0,1
2hop__29752_814677,2hop__77601_814677,0.8699,What is the ruler of the underworld in ancient Egypt a part of?,What pantheon is the God of the underworld in ancient Egypt a part of?,none,dense+hybrid,0,0,0,1,0,1,0,0,1,0
2hop__676045_7292,2hop__367318_7292,0.8696,"Besides Kenny G and the artist behind A Smooth Jazz Christmas, who else had crossover hits played on smooth jazz stations?","What artist was featured on Smooth Jazz Stations, along with Kenny G and the performer of The Dance?",all,dense+hybrid,0,1,0,0,1,1,1,1,1,1
4hop1__342858_131850_33952_34088,4hop1__342858_131850_33897_81096,0.8696,Where does the second largest city in the state where Yuma's Library District is located hold NASCAR races?,Who won the Indy Car Race in the largest populated city of the state where Yuma's Library District is located?,none,none,1,0,0,1,0,0,1,0,0,1
3hop2__304722_796034_63959,3hop2__304722_667199_63959,0.8696,When was the last time the sports team employing Winston Foster beat the 1894-95 FA Cup winner?,When was the last time the team that Malcolm Briggs was a member of beat the 1894-95 FA cup winner?,none,none,1,0,0,1,0,0,1,0,0,1
3hop1__857_846_7702,3hop1__857_846_7872,0.8693,What is the meaning of the name of the city where the Yongle emperor greeted the person to whom the edict was addressed?,What is the name of the football club from the city where the Yongle emperor greeted the person to whom the edict was addressed?,hybrid,none,0,0,0,1,0,0,1,1,0,0
3hop2__304722_796034_63959,3hop2__304722_747004_63959,0.869,When was the last time the sports team employing Winston Foster beat the 1894-95 FA Cup winner?,When was the last time George Hollis's team beat the 1894-95 FA Cup winner?,none,none,1,0,0,1,0,0,1,0,0,1
3hop1__857_846_7874,3hop1__857_846_7702,0.869,What is the name of the major basketball team from the city where the Yongle emperor greeted the person to whom the edict was addressed?,What is the meaning of the name of the city where the Yongle emperor greeted the person to whom the edict was addressed?,none,hybrid,0,0,0,1,0,0,1,0,1,0
3hop1__680374_503371_21711,3hop1__163654_503371_21711,0.8688,"When was the construction of the Palau de la Generalitat in the place of death of Martin, of the region that contained Isuerre?","When was the Palau de la Generalitat constructed in the place of death of Martin, of the region that contained Bordalba?",all,dense+hybrid,0,1,0,0,1,1,1,1,1,1
4hop1__271272_508773_85832_745702,4hop1__360072_508773_85832_745702,0.8688,What is the name of the child of the Italian navigator who sailed for England and explored the east coast of the continent Francisco Vázquez' birthplace is located?,Who is the child of the Italian navigator who sailed for England and explored the eastern coast of the continent Francisco Bojado's birthplace is located?,none,none,1,0,0,1,0,0,1,0,0,1
4hop1__39871_314549_131976_44528,4hop1__39871_314549_131976_56103,0.8686,"Williamsburg, Main Street station and another station share a track in a state bounded by an ocean. Where does that ocean meet the Gulf of Mexico?","When do hurricanes occur in the ocean that borders the state where Williamsburg, Main Street Station and another share a track?",dense,none,0,0,0,1,1,0,0,0,0,1
3hop2__209741_89048_66294,3hop2__809962_89048_66294,0.8685,"Who played the man named identically to the the artist who sang Is She Really Going Out With Him, in the movie about the composer of Will You Be There?",Who played the man named identically to the singer of Is She Really Going Out With Him in the movie about the composer of Speechless?,none,none,1,0,0,1,0,0,1,0,0,1
3hop1__346812_15840_36014,3hop1__836699_15840_36014,0.8683,What was Nintendo's limit on games per developer per year on the platform that plays Drac's Night Out?,What was Nintendo's limit on games per developer per year on the platform of Nightshade?,dense,dense,1,0,0,1,1,1,1,0,0,1
3hop1__617062_127905_46748,3hop1__617062_127905_86588,0.8683,What is the longest win streak in the league that Jim Wilson's team plays for?,What is the longest home run in the history of the league that Jim Wilson's team is a part of?,hybrid,none,0,0,0,1,0,0,1,1,0,0
3hop1__820301_720914_27537,3hop1__108062_720914_27537,0.8683,Why did Roncalli leave the place where Crucifixion's creator died?,Why did Roncalli leave the city where La Bella's creator died?,none,none,1,0,0,1,0,0,1,0,0,1
2hop__31124_31122,2hop__31124_31093,0.8682,What century did a notable subjective idealist live in?,What nationality was the notable subjective idealist?,all,all,1,1,1,1,1,1,1,1,1,1
3hop1__109113_720914_41132,3hop1__312146_720914_41132,0.8682,How many times did plague occur in the place where Venus with a Mirror's creator died?,How many times did plague occur in the place where Vanity's creator died?,none,none,1,0,0,1,0,0,1,0,0,1
3hop1__545624_2053_52946,3hop1__140855_2053_52946,0.8681,"When is Celebrity Big Brother coming to the network which, along with ABC and the original broadcaster of Here and Now, is the other major broadcaster based in NY?","When is Celebrity Big Brother coming to the network that, along with the original network of Then Came Bronson and ABC, is based in New York?",dense+hybrid,all,0,0,1,0,1,1,1,1,1,1
4hop3__193820_466199_695123_72134,4hop3__193820_466199_128875_72134,0.8679,When did the town WIZE is licensed in become capitol of the state where Brantley York was born?,When did the town WLUJ is licensed in become capitol of the state where Brantley York was born?,none,hybrid,0,0,0,1,0,0,1,0,1,0
3hop1__524212_831637_91775,3hop1__831162_831637_91775,0.8679,What does SEAL stand for in the military group that is part of the branch that operates the USS Askari?,What does SEAL stand for in the military group that is part of the military branch that operates USS Dour?,none,none,1,0,0,1,0,0,1,0,0,1
3hop1__105126_443779_52195,3hop1__145411_443779_52195,0.8677,Who is the president of the newly declared independent country part of the Commission of Truth and Friendship with the country where Gado-gado is found?,Who is the president of the newly declared independent country that is part of the Commission of Truth and Friendship with the country where Sumardi was born?,none,none,1,0,0,1,0,0,1,0,0,1
2hop__642686_7292,2hop__367318_7292,0.8677,"Along with Kenny G and the performer of Hello Tomorrow, what artist was featured on Smooth Jazz Stations?","What artist was featured on Smooth Jazz Stations, along with Kenny G and the performer of The Dance?",all,dense+hybrid,0,1,0,0,1,1,1,1,1,1
4hop3__310746_88460_30152_20999,4hop3__372437_88460_30152_20999,0.8676,There exists a country A that forms a boundary between Thailand and the country containing the Khong District. How were the people that the Ajuran Empire declared independence from by minting coins expelled from country A?,How were people from whom new coins were a proclamation of independence by the Somali Muslim Ajuran Empire expelled from the natural boundary between Thailand and Na Khaulom's country?,none,none,1,0,0,1,0,0,1,0,0,1
3hop1__140994_2053_5289,3hop1__140855_2053_5289,0.8674,"What UK label was bought by the company which, along with ABC and the network which broadcasted Hello, Larry, is the other major broadcaster based in NY?","What UK label was bought by the company which, along with ABC and the original broadcaster of Then Came Bronson, is the other major broadcaster based in NY?",all,dense+hybrid,0,1,0,0,1,1,1,1,1,1
2hop__75781_512508,2hop__92900_512508,0.8673,What was the person who provided evidence to suggest the existence of the neutron a participant of?,The person credited with the discovery of the neutron is a participant in what project?,none,bm25+hybrid,0,0,1,0,0,0,1,0,1,0
3hop1__512574_42197_18397,3hop1__622145_42197_18397,0.8672,Where did the arguer that Oleg Lomakin's country of citizenship had become an imperialist power declare he would intervene in the Korean conflict?,Where did the arguer that Boris Lagutin's country of citizenship had become an imperialist power declare he would intervene in the Korean conflict?,dense,dense,1,0,0,1,1,1,1,0,0,1
3hop1__169494_42197_18397,3hop1__512574_42197_18397,0.867,Where did the arguer that Dmitry Okhotsimsky's country of citizenship had become an imperialist power declare he would intervene in the Korean conflict?,Where did the arguer that Oleg Lomakin's country of citizenship had become an imperialist power declare he would intervene in the Korean conflict?,dense,dense,1,0,0,1,1,1,1,0,0,1
2hop__37097_86208,2hop__37097_53663,0.8668,When does the river that the majority of Egyptians live near flood each year?,Where is the river where the majority of Egyptians lived located in the world?,all,dense+hybrid,0,1,0,0,1,1,1,1,1,1
4hop2__567956_14670_8987_8974,4hop2__161324_14670_8987_8974,0.8665,"A country's military branch, which in the US contains the Air Defense Artillery, was unprepared for the invasion of the country that experienced a normalization period. The unprepared country was the only communist country to have an embassy where?",The military group of which the Air Defense Artillery is a branch was unprepared for the invasion of the territory the Nazis occupied. The country of this group was the only communist country to have an embassy where?,none,none,1,0,0,1,0,0,1,0,0,1
2hop__81379_84616,2hop__77263_84616,0.866,For what did the singer of the original version of Moon River win a Tony award?,For what did the singer of Moon River in Breakfast at Tiffany's win a Tony?,none,none,1,0,0,1,0,0,1,0,0,1
2hop__92716_319330,2hop__72660_319330,0.8659,Who was the child of the person who started the State of the Union address?,Who is the child of the first person who gave in person state of the union?,dense,dense+hybrid,0,0,0,1,1,1,1,0,1,0
3hop1__844109_720914_41132,3hop1__820301_720914_41132,0.8659,How many times did the plague occur where the creator of The Entombment died?,How many times did plague occur in the place where Crucifixion's creator died?,none,none,1,0,0,1,0,0,1,0,0,1
3hop2__89048_860687_66294,3hop2__57186_89048_66294,0.8657,Who played who sang is she really going out with him in the performer of The One movie?,who played who sang is she really going out with him in the who sang she's out of my life movie?,none,none,1,0,0,1,0,0,1,0,0,1
3hop2__668732_223623_162182,3hop2__607269_223623_162182,0.8657,In what region of the country where An Phu is located is John Phan's birthplace?,In what region of the country containing Hạ Hòa is John Phan's birthplace found?,none,none,1,0,0,1,0,0,1,0,0,1
3hop2__304722_796034_63959,3hop2__304722_602987_63959,0.8656,When was the last time the sports team employing Winston Foster beat the 1894-95 FA Cup winner?,When was the last time the sports team that employs Joe Gallagher beat the winner of the 1894-95 FA Cup?,none,none,1,0,0,1,0,0,1,0,0,1
4hop3__316459_41402_145282_13584,4hop3__316459_41402_145922_13584,0.8653,"Besides areas of the country that gained control of Florida after the conflict Charles Edmund Nugent participated in, what other differences are there between Paco Godia's birthplace and Real Madrid?","Besides areas of the country gaining control of Florida after the conflict Charles Edmund Nugent participated in, what other differences exist between where Carlos Barral died and Real Madrid?",dense+hybrid,dense,0,0,0,1,1,1,1,1,0,0
2hop__66708_573255,2hop__49887_573255,0.8651,Who was the spouse of the person the Bible says was the first king of Israel?,Who is the spouse of the first king chosen to rule over the Israelites?,none,none,1,0,0,1,0,0,1,0,0,1
3hop2__304722_398767_63959,3hop2__304722_582839_63959,0.8651,When was the last time Johnny Newman's team beat the 1894–95 FA Cup winner?,When was the last time the team employing Ronnie Morris beat the 1894-95 FA Cup winner?,none,none,1,0,0,1,0,0,1,0,0,1
2hop__59048_827343,2hop__92051_827343,0.865,Whose sister played Susie in miracle on 34th street?,Who is the sibling of the actress who played Susan Walker in Miracle on 34th street?,dense,none,0,0,0,1,1,0,0,0,0,1
3hop2__304722_330033_63959,3hop2__304722_238553_63959,0.8649,When was the last time Tony Richard's team beat the 1894-95 FA Cup Winner?,When was the last time Peter Till's sports team beat the winner of the 1894-95 FA Cup?,none,none,1,0,0,1,0,0,1,0,0,1
4hop3__15567_29339_508306_70744,4hop3__31333_29339_508306_70744,0.8648,Edwards won a primary in a state excluding the state where a jury sentenced Demarcus Sears to death. Who has more national championships between that state's university and Fort Hill's city's university?,Edwards won the primary in a state excluding the state that sent the most tourists in to Tennessee in 2013. Who has the most national championships between that state's university and Fort Hill's city's university?,none,hybrid,0,0,0,1,0,0,1,0,1,0
3hop1__232315_831637_91775,3hop1__346416_831637_91775,0.8648,What does seal stand for in the branch of the U.S. military that operates a list of destroyer classes as well as the USS Tarawa?,"What does seal stand for in the U.S. military branch that operates a list of destroyer classes, and also operates NC?",none,hybrid,0,0,0,1,0,0,1,0,1,0
3hop1__103881_443779_52195,3hop1__106313_443779_52195,0.8647,Who is the president of the newly declared independent country that is part of the Commission of Truth and Friendship with the country that Tony Gunawan is from?,Who is president of the newly declared independent country that is part of the Commission of Truth and Friendship with the country where Opor originated?,none,none,1,0,0,1,0,0,1,0,0,1
2hop__23459_35123,2hop__23459_22946,0.8646,What was the lifespan of the most influential figure in Islamic philosophy?,Who said that the most influential figure in Islamic philosophy was one of the greatest thinkers?,dense+hybrid,dense+hybrid,1,0,0,1,1,1,1,1,1,1
3hop1__672543_503371_21711,3hop1__423001_503371_21711,0.8646,"When was the Palau de la Generalitat built in the place of death of Martin, of the region containing Piedratajada?",When was the Palau de la Generalitat constructed in the city where Martin of the region of Pedrola died?,all,dense+hybrid,0,1,0,0,1,1,1,1,1,1
4hop1__94201_642284_131926_90707,4hop1__94201_642284_131926_87157,0.8645,Where does the river by the city where the Southeast Library designer died and the Ohio River meet?,What is the direction of the flow of the river near the city where the designer of Southeast Library died?,none,dense,0,0,0,1,0,1,0,0,0,1
3hop2__655849_223623_162182,3hop2__782397_223623_162182,0.8639,In what region of the country containing A Lưới is the birthplace of John Phan located?,In what region of Phu Luong's country is John Phan's birthplace located?,none,none,1,0,0,1,0,0,1,0,0,1
2hop__89657_289940,2hop__43579_289940,0.8638,What team's player had the most league sacks?,What sports team is the person who had the most sacks in the NFL this season a member of?,none,none,1,0,0,1,0,0,1,0,0,1
3hop2__57233_11282_56883,3hop2__11282_57233_56883,0.8637,When was conscription introduced in country having Emus during the war setting The Things They Carried?,The native country of emu birds started conscription. This occurred during the war depicted in The Things They Carried. What year did the draft start?,none,none,1,0,0,1,0,0,1,0,0,1
3hop1__105767_443779_52195,3hop1__103662_443779_52195,0.8634,Who is the president of the newly declared independent country that is part of the commission of truth and friendship with the country that eats Kemplang?,Who is the president of the newly declared independent country that is part of the Commission of Truth and Friendship with Radiansyah's birth country?,none,none,1,0,0,1,0,0,1,0,0,1
3hop1__140994_2053_5289,3hop1__751782_2053_5289,0.8629,"What UK label was bought by the company which, along with ABC and the network which broadcasted Hello, Larry, is the other major broadcaster based in NY?","What UK label was bought by the broadcast company that, along with ABC and the original network of Undercovers, is one of the major broadcasters based in New York?",all,dense+hybrid,0,1,0,0,1,1,1,1,1,1
4hop1__56270_53706_795904_580996,4hop1__61681_53706_795904_580996,0.8627,What shares a border with the city where the person who went to the state where the 951 area code is used during the gold rush works?,What city shares a border with the city where a person went to work during the gold rush in the biggest state in the USA by population?,none,none,1,0,0,1,0,0,1,0,0,1
3hop1__652852_2053_52946,3hop1__140786_2053_52946,0.8625,"When is Celebrity Big Brother coming to the network that, along with ABC and the distributor of The Cube, is one of the the major broadcasters based in New York?","When is Celebrity Big Brother coming to the broadcast company that, along with the network of Just Men!?, and ABC, is one of the major broadcasters based in New York?",none,none,1,0,0,1,0,0,1,0,0,1
3hop1__194006_42197_18397,3hop1__169494_42197_18397,0.8621,Where did who argued that the country of citizenship of Yuri Kleschev had itself become an imperialist power declare that he would intervene in the Korean conflict?,Where did the arguer that Dmitry Okhotsimsky's country of citizenship had become an imperialist power declare he would intervene in the Korean conflict?,dense+hybrid,dense,0,0,0,1,1,1,1,1,0,0
3hop1__635099_131926_90707,3hop1__635099_131926_87157,0.862,Where does the body of water by the city where Write This Down was formed and Ohio River meet?,What is the direction of flow of the body of water by the city where Write This Down was formed?,none,none,1,0,0,1,0,0,1,0,0,1
2hop__57543_158262,2hop__450600_158262,0.8619,When did the famous leader of the Confederate Military end his fight in the Mexican-American war?,When did the author of The Rise and Fall of the Confederate Government end his fight in the Mexican-American War?,none,none,1,0,0,1,0,0,1,0,0,1
3hop1__106847_160713_77246,3hop1__106688_160713_77246,0.8619,What is the meaning in the arabic dictionary of the majority religion in the area of British India that become India when the country for A Music Fairy was created?,"What is the Arabic dictionary meaning, of the word for the majority religion in the part of British India, that became India when the country that released Mushkil was created?",none,bm25,0,0,1,0,0,0,1,0,0,1
3hop2__655849_467331_162182,3hop2__782397_467331_162182,0.8618,In what region of the country containing the district of A Lưới is the city that has the Zone 5 Military Museum located?,"In what region of the country that contains Phu Luong, is the city that has the Zone 5 Military Museum located?",none,dense,0,0,0,1,0,1,0,0,0,1
2hop__35209_17335,2hop__35173_17335,0.8618,When did the invader of the Archaemenid Empire in 334BC die?,When did the person who ended the Archaemenid Empire by conquest in 330 BC die?,none,dense,0,0,0,1,0,1,0,0,0,1
3hop1__186307_503371_21711,3hop1__857241_503371_21711,0.8618,When was the Palau de la Generalitat constructed in the city where Martin from where Jaulin is located died?,When was the Palau de la Generalitat constructed in the city where Martin from the region where Erla is located died?,dense,dense+hybrid,0,0,0,1,1,1,1,0,1,0
3hop1__268450_503371_21711,3hop1__558449_503371_21711,0.8616,When was the Palau de la Generalitat built in the city in which died the man called Martin of the region of Spain where Berdejo is located?,When was the Palau de la Generalitat built in the city in which died the man called Martin of the region of Spain where Malanquilla is located?,all,all,1,1,1,1,1,1,1,1,1,1
3hop2__326964_789654_7713,3hop2__326964_811351_7713,0.8615,How long had Mao Yushi's birthplace been the capitol city of Yaxing Coach's headquarters location?,How long had Lijia Zhang's birthplace been the capitol city of Yaxing Coach's headquarters location?,dense,dense,1,0,0,1,1,1,1,0,0,1
2hop__10900_21567,2hop__157602_21567,0.8614,Who introduced a system of musical notation in the 14th century used in the area where the Ottoman slave trade flourished?,"In the 14th century, who introduced a system of musical notation used in the area where 3% of Turkey is located?",all,dense,0,1,0,0,1,1,1,1,0,0
3hop1__380590_831637_91775,3hop1__797496_831637_91775,0.8612,What does the seal stand for in the operator of the list of destroyer classes of the operator of the USS ZigZag seals?,What does seal stand for in the operator of the list of destroyer classes of the operator of the USS Acme seals?,dense,none,0,0,0,1,1,0,0,0,0,1
3hop1__140554_2053_5289,3hop1__140345_2053_5289,0.8609,"What label was bought by the company which, along with ABC and the network which hosts Westinghouse Playhouse, is the other major broadcaster based in NY?","What label was bought by the company which, along with ABC and the network which aired Law of the Plainsman, is the other major broadcaster based in NY?",none,none,1,0,0,1,0,0,1,0,0,1
3hop1__536452_15840_36014,3hop1__850160_15840_36014,0.8608,"What was Nintendo's limit on games per developer per year on the platform with a three letter abbreviation, that had the game Pinball Quest?",What was Nintendo's limit on games per developer per year on the system which had a three letter abbreviation and was also the platform for Pictionary?,dense,all,0,0,1,0,1,1,1,0,1,0
3hop2__326964_7845_7713,3hop2__326964_7861_7713,0.8606,How long had the home of some of the country's most prominent art groups been the capitol city of Yaxing Coach's headquarters location?,How long had the city containing some of the finest and oldest museums in China been the capitol city of Yaxing Coach's headquarters location?,none,dense+hybrid,0,0,0,1,0,1,0,0,1,0
4hop3__373866_5189_276146_86687,4hop3__373866_5189_31809_86687,0.8605,A country was in effective control of both political and military functions of the organization the People's Socialist Republic of Albania belonged to. When did this country agree to a unified Germany inside the organization that ran an annual event called Exercise Reforger?,A country was in effective control of both political and military functions of the organization the People's Socialist Republic of Albania belonged. When did this country agree to a unified Germany inside the organization that killed Gaddafi's grandsons?,none,none,1,0,0,1,0,0,1,0,0,1
4hop1__56270_53706_795904_580996,4hop1__28352_53706_795904_580996,0.8604,What shares a border with the city where the person who went to the state where the 951 area code is used during the gold rush works?,What shares a border with the city where the person who went to the state where the planes were originally going on 9/11 during the gold rush works?,none,none,1,0,0,1,0,0,1,0,0,1
3hop2__304722_740784_63959,3hop2__304722_602987_63959,0.8602,When was the last time Krystian Pearce's sports team beat the winner of the 1894-95 FA Cup?,When was the last time the sports team that employs Joe Gallagher beat the winner of the 1894-95 FA Cup?,none,none,1,0,0,1,0,0,1,0,0,1
3hop1__652852_2053_5289,3hop1__140994_2053_5289,0.8599,"What UK label was purchased by the company that, along with the distributor of The Cube, and ABC, is the other major New York-based broadcaster?","What UK label was bought by the company which, along with ABC and the network which broadcasted Hello, Larry, is the other major broadcaster based in NY?",none,all,0,0,1,0,0,1,0,0,1,0
3hop2__103889_30152_20999,3hop2__101905_30152_20999,0.8598,How were the people that the Ajuran Empire declared independence from by minting coins expelled from Zaw Win Thet's country?,How were the people that the Ajuran Empire declared independence from by minting coins expelled from David Htan's country?,none,dense,0,0,0,1,0,1,0,0,0,1
2hop__71016_75184,2hop__80546_75184,0.8598,Who played the girlfriend of who plays marty mcfly's daughter in back to the future 2?,Who played the girlfriend of the actor who played Marlene McFly in Back to the Future?,none,none,1,0,0,1,0,0,1,0,0,1
3hop2__304722_466316_63959,3hop2__304722_602987_63959,0.8597,When was the last time the team that Arthur James was a member of beat the 1894-95 FA cup winner?,When was the last time the sports team that employs Joe Gallagher beat the winner of the 1894-95 FA Cup?,none,none,1,0,0,1,0,0,1,0,0,1
3hop1__178435_547811_41132,3hop1__208108_547811_41132,0.8593,How many times did plague occur in the birthplace of the composer of Gloria in D Major?,How many times did plague occur in the birthplace of La Silvia's composer?,none,dense+hybrid,0,0,0,1,0,1,0,0,1,0
3hop1__742464_15840_36014,3hop1__791757_15840_36014,0.859,What was Nintendo's limit on games per developer per year on the platform of Robodemons?,"On Knight Rider's console, what was maximum games per year per developer imposed by Nintendo?",dense,dense,1,0,0,1,1,1,1,0,0,1
2hop__655505_110949,2hop__780238_110949,0.8587,What is the Till dom ensamma performer's birth date?,When was the composer of Till dom ensamma born?,dense,bm25,0,0,1,0,1,0,0,0,0,1
2hop__435184_67370,2hop__435184_84856,0.8587,When does real time with the pizza man cast member start again in 2018?,When does the new season of the show starring the cast member of Pizza Man start?,none,dense,0,0,0,1,0,1,0,0,0,1
3hop2__127483_156850_10557,3hop2__90098_156850_10557,0.8587,What was the language Auctor comes from during the era of Fastrada's spouse later known as?,"What was the form of the language that the last name Sylvester comes from, used in the era of Fastrada's spouse, later known as?",all,dense+hybrid,0,1,0,0,1,1,1,1,1,1
4hop3__524186_219173_638950_72134,4hop3__524186_219173_862998_72134,0.8582,When did the city where Greenwood Laboratory School is located become capitol of the state where the screenwriter of The Poor Boob was born?,When did the city where Hillcrest High School is located become capitol of the state where the screenwriter of The Poor Boob was born?,none,none,1,0,0,1,0,0,1,0,0,1
3hop1__796649_720914_27537,3hop1__844109_720914_27537,0.8578,Why did Roncalli leave the city where the creator of Flora died?,Why did Roncalli leave the city where the creator of The Entombment died?,none,dense,0,0,0,1,0,1,0,0,0,1
2hop__158010_58067,2hop__89991_58067,0.8578,Who was honoured with the highest award a citizen without military experience in India before becoming a president?,Who was honored with the highest award in India before becoming president?,none,none,1,0,0,1,0,0,1,0,0,1
2hop__194532_57594,2hop__273020_57594,0.8574,What gun does the director of Pollock use in Westworld?,What gun was used by Pollack's director in Westworld?,dense,none,0,0,0,1,1,0,0,0,0,1
2hop__80834_21969,2hop__75714_21969,0.8573,When was the person who was the first viceroy of the British Empire in India impeached?,When was the first governor general of India impeached?,bm25+dense,all,0,1,1,1,1,1,1,0,1,0
4hop1__860115_798482_131926_90707,4hop1__860115_798482_131926_89261,0.8572,Where does the body of water by the city that shares a border with Elizabeth Berg's birthplace and Ohio River meet?,Where does the river by the city sharing a border with Elizabeth Berg's birthplace empty into the Gulf of Mexico?,none,none,1,0,0,1,0,0,1,0,0,1
4hop1__61681_53706_795904_580996,4hop1__130480_53706_795904_580996,0.8572,What city shares a border with the city where a person went to work during the gold rush in the biggest state in the USA by population?,What shares a border with the city where someone worked who went to the state where Atwell Mill Grove is located during the gold rush?,none,none,1,0,0,1,0,0,1,0,0,1
3hop1__545624_2053_52946,3hop1__120881_2053_52946,0.8571,"When is Celebrity Big Brother coming to the network which, along with ABC and the original broadcaster of Here and Now, is the other major broadcaster based in NY?","When is Celebrity Big Brother coming to the network which, along with ABC and the network which released Stand Against Fear, is the other major broadcaster based in NY?",dense+hybrid,none,0,0,0,1,1,0,0,1,0,0
3hop2__304722_397371_63959,3hop2__304722_330033_63959,0.857,When was the last time Duane Courtney's team beat the winner of the 1894-95 FA Cup?,When was the last time Tony Richard's team beat the 1894-95 FA Cup Winner?,none,none,1,0,0,1,0,0,1,0,0,1
3hop1__635099_131926_89261,3hop1__635099_131926_87157,0.8567,Where does the body of water by the city where Write This Down was formed empty into the Gulf of Mexico?,What is the direction of flow of the body of water by the city where Write This Down was formed?,none,none,1,0,0,1,0,0,1,0,0,1
3hop2__304722_423353_63959,3hop2__304722_602987_63959,0.8567,When was the last time Jose Dominguez's sports team beat the winner of the 1894-95 FA Cup?,When was the last time the sports team that employs Joe Gallagher beat the winner of the 1894-95 FA Cup?,none,none,1,0,0,1,0,0,1,0,0,1
3hop1__140345_2053_52946,3hop1__140994_2053_52946,0.8566,"When is Celebrity Big Brother coming to the network which, along with ABC and the network which aired Law of the Plainsman, is the other major broadcaster based in NY?","When is Celebrity Big Brother coming to the network which, along with ABC and the network which broadcasted Hello, Larry?, is the other major broadcaster based in NY?",none,all,0,0,1,0,0,1,0,0,1,0
2hop__22431_16335,2hop__6870_16335,0.8563,Ashkenazi Jews and the largest single groups of foreigners in 2010 may be genetically similar due to what two factors?,What two factors might lead to genetic similarity between Ashkenazi Jews and the city's second largest ethnic group?,bm25+hybrid,bm25,0,1,1,1,0,0,1,1,0,0
4hop3__312119_132409_223216_35031,4hop3__312119_132409_146285_35031,0.8562,Where does the city where Pathology was formed rank among the top five largest urban areas of the state where the performer of Getting Away With Murder was formed?,"Among the top five largest urban areas in the state where Getting Away with Murder's performer was formed, where does city in which Alexander Golitzen died rank?",none,none,1,0,0,1,0,0,1,0,0,1
3hop1__559908_42197_18397,3hop1__622145_42197_18397,0.8562,Yagutil Mishiev is a citizen of a country that someone had argued had become an imperialist power. Where did this someone declare that he would intervene in the Korean conflict?,Where did the arguer that Boris Lagutin's country of citizenship had become an imperialist power declare he would intervene in the Korean conflict?,hybrid,dense,0,0,0,1,0,1,0,1,0,0
4hop1__161765_53706_795904_580996,4hop1__61681_53706_795904_580996,0.856,What city shares a border with the city where the person who went to the state where Englebart died during the gold rush works?,What city shares a border with the city where a person went to work during the gold rush in the biggest state in the USA by population?,none,none,1,0,0,1,0,0,1,0,0,1
2hop__85463_33311,2hop__85463_66122,0.856,During which span of years was the war where UN troops approached the Yalu River?,When did the stalemate happen in the war where UN troops approached the Yalu River?,none,none,1,0,0,1,0,0,1,0,0,1
4hop1__271272_508773_85832_745702,4hop1__341777_508773_85832_745702,0.8558,What is the name of the child of the Italian navigator who sailed for England and explored the east coast of the continent Francisco Vázquez' birthplace is located?,"Who was the child of the Italian navigator who sailed for England, and explored the eastern coast of the continent where the birthplace of Eduardo Cuervo is found?",none,none,1,0,0,1,0,0,1,0,0,1
2hop__555792_30351,2hop__708145_30351,0.8558,Who did Hayek work for upon being hired by the author of Omnipotent Government?,Who did Hayek work for upon being hired by the author of Bureaucracy?,all,all,1,1,1,1,1,1,1,1,1,1
3hop1__79462_91850_685675,3hop1__38426_91850_685675,0.8557,What team is the person who hit the first home run at the new stadium where the american league Wildcard game will be played a member of?,What team does the person who hit the first home run at the new stadium in South Bronx play for?,none,none,1,0,0,1,0,0,1,0,0,1
3hop2__304722_740784_63959,3hop2__304722_230978_63959,0.8554,When was the last time Krystian Pearce's sports team beat the winner of the 1894-95 FA Cup?,When was the last time the team Matthew Webb was a member of beat the winner of the 1894-95 FA Cup?,none,none,1,0,0,1,0,0,1,0,0,1
3hop1__174833_650651_7262,3hop1__377943_650651_7262,0.8554,"Who was a prominent figure at the radio division of the network that created the version of The Biggest Loser: The Final Chance, set in the country containing Luamapas?","Who was a prominent figure at the radio division of the broadcasting company that created the version of The Biggest Loser: The Final Chance, set in the country containing Labu?",none,none,1,0,0,1,0,0,1,0,0,1
3hop1__848113_15840_36014,3hop1__836699_15840_36014,0.8553,What was Nintendo's limit on games per developer per year on the abbreviation of the platform of Star Voyager?,What was Nintendo's limit on games per developer per year on the platform of Nightshade?,dense+hybrid,dense,0,0,0,1,1,1,1,1,0,0
3hop1__662413_42197_18397,3hop1__194006_42197_18397,0.855,Where did the arguer that Kirill Eskov's country of citizenship had become an imperialist power declare he would intervene in the Korean conflict?,Where did who argued that the country of citizenship of Yuri Kleschev had itself become an imperialist power declare that he would intervene in the Korean conflict?,hybrid,dense+hybrid,0,0,0,1,0,1,0,1,1,1
4hop1__342858_131850_33952_34088,4hop1__342858_131850_33952_34109,0.855,Where does the second largest city in the state where Yuma's Library District is located hold NASCAR races?,What is the PBS station in the second largest city in the state where Yuma's Library District is located?,none,dense+hybrid,0,0,0,1,0,1,0,0,1,0
3hop2__304722_781203_63959,3hop2__304722_602987_63959,0.8548,When was the last time the team who Bernard Lowe was a member of beat the winner of the 1894-95 FA Cup?,When was the last time the sports team that employs Joe Gallagher beat the winner of the 1894-95 FA Cup?,none,none,1,0,0,1,0,0,1,0,0,1
3hop1__637555_339990_15538,3hop1__491648_339990_15538,0.8547,When did the state where Copake Lake is located reinstate the death penalty?,When did the state where Coles Creek is located reinstate the death penalty?,none,none,1,0,0,1,0,0,1,0,0,1
3hop1__128554_39743_24526,3hop1__131829_39743_24526,0.8545,"What is the average winter daytime temperature in the region where Richmond is found, in the state where WIRR operates?","What is the average winter daytime temperature in the region containing Richmond, in the state where WXBX is located?",none,none,1,0,0,1,0,0,1,0,0,1
3hop1__415141_42197_18397,3hop1__278222_42197_18397,0.8543,"Where did the leader who argued that the country of citizenship of Vladimir Ageev had become an imperialist power, declare that he would intervene in the Korean conflict?","Where did the leader who argued that the country of citizenship of Vladimir Lefebvre had become imperialist, declare that he would intervene in the Korean conflict?",hybrid,hybrid,1,0,0,1,0,0,1,1,1,1
3hop1__129675_39743_24526,3hop1__131829_39743_24526,0.8537,"What is the average daytime temperature in the region where Richmond is found, in the state where WGCK-FM is located?","What is the average winter daytime temperature in the region containing Richmond, in the state where WXBX is located?",none,none,1,0,0,1,0,0,1,0,0,1
4hop3__129456_29339_508306_70744,4hop3__130404_29339_508306_70744,0.8537,Between the state university in the state without North Point Mall and where Edwards won the primary and the university in Fort Hill's town which has the more national championships?,"Who has more national championships, the university where Fort Hill is, or the university in the state where Edwards won the primary, along with winning in the state containing WDXQ?",none,hybrid,0,0,0,1,0,0,1,0,1,0
3hop1__586087_339990_54675,3hop1__491648_339990_54675,0.8537,"What mountains can you see from Portland, in the state with the county where McCauley Mountain is located?","What mountains can you see from Portland, in the state containing the county where Cole's creek is located?",none,bm25,0,0,1,0,0,0,1,0,0,1
3hop1__497845_629431_64412,3hop1__497845_629431_124169,0.8534,When did the place where the author of Princeps Pastorum died become its own country?,On what date did the Governor of the place of death of Princeps Pastorum's author end?,none,none,1,0,0,1,0,0,1,0,0,1
4hop3__175072_88460_30152_20999,4hop3__257340_88460_30152_20999,0.8534,How were the same people who the Somali Muslim Ajuran Empire declared independence from expelled from the natural boundary between Thailand and the country Setthathirath is a citizen of?,How were the same people who the Somali Muslim Ajuran Empire declared independence from expelled from the natural boundary between Thailand and the country where Khong Island is found?,none,none,1,0,0,1,0,0,1,0,0,1
2hop__96414_159054,2hop__96414_47902,0.8527,What was the story of the character from The Bourne Ultimatum based on?,Who is the actor who plays the title character of The Bourne Ultimatum?,dense+hybrid,dense,0,0,0,1,1,1,1,1,0,0
2hop__67660_67223,2hop__67660_158861,0.8523,Who married the narrator of How I Met Your Mother?,What actor had the role of the narrator of How I Met Your Mother?,none,none,1,0,0,1,0,0,1,0,0,1
3hop1__626214_503371_21711,3hop1__680374_503371_21711,0.8522,3 When was the Palau de la Generalitat in the place of death of martin of the administrative territorial entity Navardun is located constructed?,"When was the construction of the Palau de la Generalitat in the place of death of Martin, of the region that contained Isuerre?",dense,all,0,0,1,0,1,1,1,0,1,0
2hop__25788_25855,2hop__25797_25855,0.8521,Drives attached via an industry standard connector remain powered when the computer is off using what Dell feature?,"What does Dell call the feature that enables drives using the feature where 1.1 was the first widely used version, to remain powered when a computer is off?",dense+hybrid,all,0,0,1,0,1,1,1,1,1,1
3hop1__831162_831637_91775,3hop1__695430_831637_91775,0.8519,What does SEAL stand for in the military group that is part of the military branch that operates USS Dour?,What does SEAL stand for in the military group that is part of the branch that operates the USS Chillicothe?,none,none,1,0,0,1,0,0,1,0,0,1
3hop1__174833_650651_7262,3hop1__321720_650651_7262,0.8518,"Who was a prominent figure at the radio division of the network that created the version of The Biggest Loser: The Final Chance, set in the country containing Luamapas?",Who was a prominent figure at the radio division of the network that created the version of The Biggest Loser set in the country where Seria is?,none,none,1,0,0,1,0,0,1,0,0,1
3hop1__545624_2053_52946,3hop1__141138_2053_52946,0.8517,"When is Celebrity Big Brother coming to the network which, along with ABC and the original broadcaster of Here and Now, is the other major broadcaster based in NY?","When is Celebrity Big Brother coming to the network which, along with ABC and the network which broadcasted The Chisholms, is the other major broadcaster based in NY?",dense+hybrid,none,0,0,0,1,1,0,0,1,0,0
3hop2__326964_811351_7713,3hop2__326964_265410_7713,0.8516,How long had Lijia Zhang's birthplace been the capitol city of Yaxing Coach's headquarters location?,How long had Anhua Gao's birthplace been the capitol city of Yaxing Coach's headquarters location?,dense,dense+hybrid,0,0,0,1,1,1,1,0,1,0
3hop2__304722_330033_63959,3hop2__304722_526346_63959,0.8515,When was the last time Tony Richard's team beat the 1894-95 FA Cup Winner?,When was the last time the sports team having Trevor Dark as a member beat the winner of 1894–95 FA Cup?,none,none,1,0,0,1,0,0,1,0,0,1
4hop1__567737_141375_458768_33633,4hop1__152028_141441_458768_33633,0.8514,When did the explorer reach the headquarters location of the group Study in Brown's record label is part of?,When did the explorer reach the headquarters location of the group Con-Test's record label is part of?,none,none,1,0,0,1,0,0,1,0,0,1
4hop1__9007_698949_157828_239539,4hop1__9007_698949_157828_162309,0.8513,The original language of the film titled and about the city of Tito's final resting place is the co-official language of a country. Where are the headquarters for that country's national radio and TV broadcaster?,When did the country with a co-official language used in the film titled after the city that is the final resting place of Tito first attend the Olympics games?,none,dense,0,0,0,1,0,1,0,0,0,1
4hop2__71753_261673_70784_79935,4hop2__9988_261673_70784_79935,0.8508,When was the region that lies to the north of the where Israel is located and the location of Shamal created?,When was the region immediately north of the region that prevailed with the disgrace of Near East and the terrain feature on which shamal is located created?,none,none,1,0,0,1,0,0,1,0,0,1
4hop1__726391_153080_33952_34053,4hop1__726391_153080_33952_34109,0.8507,What was the wettest year in the second largest city of the state where the Oh Yeah performer is from?,What is the PBS station in the second largest city in the state where Oh Yeah's performer is from?,none,none,1,0,0,1,0,0,1,0,0,1
2hop__43579_289940,2hop__91713_289940,0.8507,What sports team is the person who had the most sacks in the NFL this season a member of?,What team is the player who led the league in sacks in 2017 a member of?,none,none,1,0,0,1,0,0,1,0,0,1
3hop1__358853_339990_54675,3hop1__662618_339990_54675,0.8505,"What mountain can you see from Portland, in the state that Raven Creek is located in?",What mountain can you see from Portland in the state where Fishing Creek Confederacy is located?,none,none,1,0,0,1,0,0,1,0,0,1
4hop1__342858_131850_33952_34053,4hop1__342858_131850_33952_34088,0.8505,What was the wettest year in the second largest city in the state where Yuma's Library District is located?,Where does the second largest city in the state where Yuma's Library District is located hold NASCAR races?,hybrid,none,0,0,0,1,0,0,1,1,0,0
3hop1__105126_443779_52195,3hop1__145290_443779_52195,0.8503,Who is the president of the newly declared independent country part of the Commission of Truth and Friendship with the country where Gado-gado is found?,Who is the president of the new country who has jointly established a Commission on Truth and Friendship with the birth country of Satyo Husodo?,none,none,1,0,0,1,0,0,1,0,0,1
3hop2__304722_796034_63959,3hop2__304722_692815_63959,0.8503,When was the last time the sports team employing Winston Foster beat the 1894-95 FA Cup winner?,When was the last time Darren Carter's team beat the 1894-95 FA Cup winner?,none,none,1,0,0,1,0,0,1,0,0,1
3hop2__28476_14777_9331,3hop2__103871_20335_9331,0.8503,"What dissolved the privileges in Poland of the empire that controlled Estonia during The Great Awakening, the Kingdom that acquired some Thuringian territory in 1815, and the Habsburg Monarchy?","What dissolved the privileges in Poland of the empire where Tamar Abakelia was from, the Kingdom that acquired some Thuringian territory in 1815, and the Habsburg Monarchy?",none,bm25,0,0,1,0,0,0,1,0,0,1
4hop1__512794_508773_85832_745702,4hop1__483807_508773_85832_745702,0.8503,What's the name of the son of the Italian navigator who sailed for the English to explore the eastern coast of the continent Armando Robles was born in?,Who's the son of the Italian navigator who explored the eastern coast of the continent Hugo Casillas was born in?,none,none,1,0,0,1,0,0,1,0,0,1
3hop1__169494_42197_18397,3hop1__765388_42197_18397,0.8501,Where did the arguer that Dmitry Okhotsimsky's country of citizenship had become an imperialist power declare he would intervene in the Korean conflict?,Where did the arguer that Vadim Spiridonov's country of citizenship had become an imperialist power declare he would intervene in the Korean conflict?,dense,none,0,0,0,1,1,0,0,0,0,1
3hop1__617062_127905_92225,3hop1__617062_127905_89859,0.85,When is the opening day of the season of the league that Jim Wilson's team plays for?,When does the sport which has Jim Wilson's Cleveland team as a member start the regular season?,none,none,1,0,0,1,0,0,1,0,0,1
2hop__96411_47902,2hop__96411_159054,0.85,Who plays the main character of The Bourne Deception?,What was the story of the character from The Bourne Deception based on?,dense+hybrid,hybrid,0,0,0,1,1,0,0,1,1,1
3hop1__174833_650651_7262,3hop1__664835_650651_7262,0.8499,"Who was a prominent figure at the radio division of the network that created the version of The Biggest Loser: The Final Chance, set in the country containing Luamapas?","Who was a prominent figure in the radio division of the network of the version of The Biggest Loser: The Final Chance, set in the country where Bokok is located?",none,none,1,0,0,1,0,0,1,0,0,1
2hop__48033_90973,2hop__91211_90973,0.8499,Who did the original voice of the character Mila Kunis plays on family Guy?,Who did the original voice of the character played by mila kunis in the cleveland show?,all,dense,0,1,0,0,1,1,1,1,0,0
3hop1__109422_720914_27537,3hop1__820301_720914_27537,0.8497,Why did Roncalli leave the place of death of The Punishment of Tythus' creator?,Why did Roncalli leave the place where Crucifixion's creator died?,none,none,1,0,0,1,0,0,1,0,0,1
3hop2__30152_105395_20999,3hop2__30152_107291_20999,0.8497,"How were the people that the Somali Muslim Ajuran Empire made coins to proclaim independence from, expelled from the country where Star Cola is produced?","How were the people that the Somali Muslim Ajuran Empire made coins to proclaim independence from, expelled from the country where Mohinga is eaten?",none,none,1,0,0,1,0,0,1,0,0,1
3hop2__326964_7707_7713,3hop2__326964_7721_7713,0.8492,How long had the city considered the nominal capitol of the Republic of China been the capitol city of Yaxing Coach's headquarters location?,How long had the city at the center of East Asia during the North-South division been the capitol city of Yaxing Coach's headquarters location?,dense+hybrid,none,0,0,0,1,1,0,0,1,0,0
2hop__88149_807969,2hop__45126_807969,0.849,The all time top goal scorer in premier league in one season is a member of what team?,Which team is the highest goal scorer in EPL this season a member of?,none,none,1,0,0,1,0,0,1,0,0,1
2hop__89764_827343,2hop__92051_827343,0.8488,Who is the sibling of the actress that played the little girl in Miracle on 34th street 1947?,Who is the sibling of the actress who played Susan Walker in Miracle on 34th street?,none,none,1,0,0,1,0,0,1,0,0,1
3hop2__304722_297619_63959,3hop2__304722_372858_63959,0.8488,When was the last time Cian Hughton's team beat the 1894–95 FA Cup winner?,When was the last time Gary Rowett's team beat the 1894-95 FA Cup winner?,none,none,1,0,0,1,0,0,1,0,0,1
3hop2__222979_133099_40768,3hop2__222979_132536_40768,0.8488,When did Nissan along with the company that makes the Comstar wheel and the company that makes the Scion open US assembly plants?,"When did Nissan, the HPD ARX-03 maker and the Scion owner open US assembly plants?",dense,hybrid,0,0,0,1,1,0,0,0,1,0
3hop2__326964_851134_7713,3hop2__851134_613770_7713,0.8488,How long had Pfrang Association's headquarters location been the capitol city of Yaxing Coach's headquarters location?,How long had Pfrang Association's headquarters location been the capitol city of the area where Guangling District is located?,none,bm25,0,0,1,0,0,0,1,0,0,1
3hop1__351696_42197_18397,3hop1__194006_42197_18397,0.8487,Where did the person who argued that the country where Ural Oblast is located had become an imperialist power declare he would intervene in the Korean conflict?,Where did who argued that the country of citizenship of Yuri Kleschev had itself become an imperialist power declare that he would intervene in the Korean conflict?,none,dense+hybrid,0,0,0,1,0,1,0,0,1,0
3hop1__159737_160713_77246,3hop1__107195_160713_77246,0.8486,What is the meaning of the word that is also a majority religion in the area that became India when the country that withdrew its forces was created in the Arabic dictionary?,What is the meaning in the Arabic dictionary of the word which also refers to the majority religion of what became India when the country whose business news is covered by Corporate Corridor was created?,none,bm25,0,0,1,0,0,0,1,0,0,1
2hop__691639_154896,2hop__159903_154896,0.8486,What year did the insurgency start in the area where People's Vanguard Party's headquarters locate?,In what year did the insurgency start in the part of the country it is about?,dense+hybrid,none,0,0,0,1,1,0,0,1,0,0
3hop1__239036_15840_36014,3hop1__850160_15840_36014,0.8485,"What was Nintendo's limit on games per developer per year on the platform, also known by a three letter abbreviation, of the video game Xexyz?",What was Nintendo's limit on games per developer per year on the system which had a three letter abbreviation and was also the platform for Pictionary?,all,all,1,1,1,1,1,1,1,1,1,1
3hop1__315504_629431_124169,3hop1__315504_629431_64412,0.8484,When was the end date for the position of Governor of the place where the author of Mater et Magistra died?,When did the place where Mater et Magistra's author died become its own country?,none,none,1,0,0,1,0,0,1,0,0,1
2hop__3737_13529,2hop__3739_13529,0.8483,When was the footballer who decided not to be a torchbearer because of the controversy signed by Barcelona?,When was the football star who backed out due to relay controversy signed by Barcelona?,none,all,0,0,1,0,0,1,0,0,1,0
4hop1__726391_153080_33952_34053,4hop1__726391_153080_33952_33939,0.8483,What was the wettest year in the second largest city of the state where the Oh Yeah performer is from?,"In 1900, what was the population of the second largest city in the state where the Oh Yeah performer is from?",none,none,1,0,0,1,0,0,1,0,0,1
2hop__6827_49664,2hop__6827_79845,0.8482,What was the original name of the bank that bought FleetBoston Financial?,How many atms does the bank that bought FleetBoston Financial has are there?,all,bm25+hybrid,0,1,1,1,1,0,0,1,1,1
2hop__58939_189318,2hop__58939_213732,0.8481,Where was Obama's opponent in his first election educated?,Who is the child of Obama's opponent in his first election?,none,none,1,0,0,1,0,0,1,0,0,1
3hop2__36852_613770_7713,3hop2__326964_36852_7713,0.8479,How long had the city where Qing lost in 1853 been the capital of the administrative territorial entity Guangling District is located?,How long was the city the Qing lost in 1853 the capital of the province where Yaxing Coach is headquartered?,all,dense+hybrid,0,1,0,0,1,1,1,1,1,1
3hop2__304722_372858_63959,3hop2__304722_591230_63959,0.8477,When was the last time Gary Rowett's team beat the 1894-95 FA Cup winner?,When was the last time Ken Faulkner's team beat the 1894-95 FA Cup winner?,none,none,1,0,0,1,0,0,1,0,0,1
2hop__85993_512508,2hop__75781_512508,0.8476,What was the person who discovered that nuclei of atoms contained neutrons with no charge a participant in?,What was the person who provided evidence to suggest the existence of the neutron a participant of?,none,none,1,0,0,1,0,0,1,0,0,1
4hop1__145422_698949_157828_162309,4hop1__146971_698949_157828_162309,0.8476,"When did the country, that has the original language of the film named after Vladimir Karalić's birthplace as a co-official language, first attend the Olympics as an independent team?",When did the country that has the same co-official language as that of the movie about the city where Petar Trifunović died send an independent team to the Olympics?,none,none,1,0,0,1,0,0,1,0,0,1
3hop2__9951_20335_9331,3hop2__20335_82856_9331,0.8473,"What dissolved the privileges in Poland of the empire that the British sided with against the Ottomans, the Kingdom that acquired some Thuringian territory in 1815, and the Habsburg Monarchy?","What dissolved the privileges in Poland of the empire that helped the patriots during the Revolutionary War, the Kingdom that acquired some Thuringian territory in 1815, and the Habsburg Monarchy?",none,none,1,0,0,1,0,0,1,0,0,1
3hop1__152880_131926_87157,3hop1__152880_131926_89261,0.8469,What is the direction of flow of the body of water by the city that Astronautalis is from?,Where does the body of water by the city that Astronautalis is from empty into the gulf of Mexico?,none,none,1,0,0,1,0,0,1,0,0,1
3hop1__406043_831637_91775,3hop1__251085_831637_91775,0.8469,What does seal stand for in the seals of the service operating list of destroyer classes of the operator of USS Peril?,what does seal stand for in the operator of the list of destroyer classes of the operator of the USS Grouse seals?,none,dense,0,0,0,1,0,1,0,0,0,1
3hop1__572324_568433_47686,3hop1__572324_568433_51423,0.8467,Where do greyhound buses leave from in the city where the headquarters of Care Bears: Journey to Joke-a-lot's production company is located?,What is the name of the castle in the city where the headquarters of the production company of Care Bear: Journey to Joke-a-lot is located?,none,none,1,0,0,1,0,0,1,0,0,1
3hop2__90098_19639_10557,3hop2__127483_19639_10557,0.8465,"What was the form of the language that the last name Sylvester comes from, used in the era of the king who united the 9th century tribes, later known as?",What was the language Auctor comes from during the era of the king who united the tribes in the 9th century later known as?,none,none,1,0,0,1,0,0,1,0,0,1
4hop3__373866_5189_38229_86687,4hop3__373866_5189_31809_86687,0.8465,A group of nations of which the People's Socialist Republic of Albania was a member was controlled by one country. When did that country agree to a unified Germany inside of the organization Eisenhower would not discuss during the campaign?,A country was in effective control of both political and military functions of the organization the People's Socialist Republic of Albania belonged. When did this country agree to a unified Germany inside the organization that killed Gaddafi's grandsons?,none,none,1,0,0,1,0,0,1,0,0,1
2hop__10515_21567,2hop__17455_21567,0.8464,Who introduced a system of musical notation in the 14th century that is used in the area where most of the invasion of the eastern Roman Empire took place?,Who introduced a system of musical notation used in the region the Romans aimed to re-bolster influence in after the Second Punic war in the 14th century?,none,bm25+hybrid,0,0,1,0,0,0,1,0,1,0
3hop1__243276_42197_18397,3hop1__641921_42197_18397,0.8464,Where did the arguer that Norair Sisakian's country of citizenship had itself become an imperialist power declare he would intervene in the Korean conflict?,Where did the arguer that Nadezhda Tkachenko's country of citizenship had become an imperialist power declare he would intervene in the Korean conflict?,none,none,1,0,0,1,0,0,1,0,0,1
2hop__179322_83289,2hop__586343_83289,0.8463,"Who stars in the video ""One Last Time"" by the performer of Baby I?",Who is the guy in the video of the performer of One Last Time?,dense+hybrid,dense+hybrid,1,0,0,1,1,1,1,1,1,1
3hop1__593288_720914_27537,3hop1__109113_720914_27537,0.8462,Why did Roncalli leave the place where Violante's painter died?,Why did Roncalli leave the city where the painter of Venus with a Mirror died?,none,none,1,0,0,1,0,0,1,0,0,1
2hop__50087_807969,2hop__45126_807969,0.846,What is the sports team of the Premier League's top scorer last season?,Which team is the highest goal scorer in EPL this season a member of?,none,none,1,0,0,1,0,0,1,0,0,1
2hop__64372_83289,2hop__586343_83289,0.8458,Who is the guy in the One Last Time music video by the singer of a new version of Somewhere Over the Rainbow?,Who is the guy in the video of the performer of One Last Time?,all,dense+hybrid,0,1,0,0,1,1,1,1,1,1
3hop1__307152_400692_51423,3hop1__254856_400692_51423,0.8457,What is the name of the castle in the city where the performer of Fall was born?,What is the name of the castle found in the birthplace of the performer of Falling Out?,none,none,1,0,0,1,0,0,1,0,0,1
3hop1__418091_15840_36014,3hop1__850160_15840_36014,0.8456,What was Nintendo's limit on games per developer per year on the gaming platform with a three letter abbreviation that the game Bigfoot was on?,What was Nintendo's limit on games per developer per year on the system which had a three letter abbreviation and was also the platform for Pictionary?,dense+hybrid,all,0,0,1,0,1,1,1,1,1,1
3hop1__145194_160545_34754,3hop1__145194_160545_34751,0.8453,What does the US believe caused this country where Siddhi Savetsila was born in to help Japan?,What year did the country where Siddhi Savetsila was born form an alliance with Japan?,none,none,1,0,0,1,0,0,1,0,0,1
3hop2__668732_223623_162182,3hop2__565959_223623_162182,0.8447,In what region of the country where An Phu is located is John Phan's birthplace?,In what region of the country containing Mount Can is the birthplace of John Phan located?,none,none,1,0,0,1,0,0,1,0,0,1
2hop__17854_17873,2hop__15368_17873,0.8444,What happened to Buckingham Palace after the first monarch to reside there left?,What happened to Buckingham palace after the queen Elizabeth surpassed as the longest lived British monarch left?,all,all,1,1,1,1,1,1,1,1,1,1
3hop1__358853_339990_54675,3hop1__841091_339990_54675,0.8444,"What mountain can you see from Portland, in the state that Raven Creek is located in?",What mountain can you see from Portland in the state where Knob Mountain is located?,none,none,1,0,0,1,0,0,1,0,0,1
3hop1__857_846_7849,3hop1__857_846_7702,0.8442,What other types of theater performance are seen in the city where the Yongle emperor greeted the person to whom the edict was addressed?,What is the meaning of the name of the city where the Yongle emperor greeted the person to whom the edict was addressed?,none,hybrid,0,0,0,1,0,0,1,0,1,0
2hop__44522_58556,2hop__16446_58556,0.8441,The food safety system of the agency that has the authority to decide if a drug is marketed otc or prescription is known as?,What is the name of the food safety system of the federal agency that regulates prescription drugs?,dense+hybrid,none,0,0,0,1,1,0,0,1,0,0
3hop1__24980_42197_18397,3hop1__564628_42197_18397,0.8438,"Where did the leader, who claimed that the republic that was coming to an end had become an imperialist power, declare that he would intervene in the Korean conflict?",Where did the person who argued that the country where Autograph formed had become an imperialist power declare he would intervene in the Korean conflict?,none,none,1,0,0,1,0,0,1,0,0,1
4hop3__719125_132409_371500_35031,4hop3__673447_132409_371500_35031,0.8437,Where does the city where Veoh's headquarters is located rank in the top five largest urban areas of the state where Scars' performers were formed?,"Among the top five largest urban areas in the state where Infest's performer was formed, where does Veoh's headquarters city rank?",none,none,1,0,0,1,0,0,1,0,0,1
3hop2__326964_811351_7713,3hop2__326964_464925_7713,0.8437,How long had Lijia Zhang's birthplace been the capitol city of Yaxing Coach's headquarters location?,How long had Michael Shen Fu-Tsung's birthplace been the capitol city of Yaxing Coach's headquarters location?,dense,dense,1,0,0,1,1,1,1,0,0,1
2hop__77134_88165,2hop__468778_88165,0.8435,Who did the person Sarah married to in the bible marry after the death of Sarah?,Who did the spouse of Hagar marry after the death of Sarah?,all,dense+hybrid,0,1,0,0,1,1,1,1,1,1
3hop1__106094_443779_52195,3hop1__145212_443779_52195,0.8434,Who is the president of the newly declared independent country part of the Commission of Truth and Friendship with the country that made Arisan!??,Arie Supriyatna's birth country was one participant in a Commission of Truth and Friendship. Who is the president of the other country that participated?,none,none,1,0,0,1,0,0,1,0,0,1
4hop1__636860_49925_13759_736921,4hop1__228808_49925_13759_736921,0.8432,"The German priest, who wanted Abraham Shimonaya's religious denomination to reform, preached a sermon on Marian devotion soon before his death in which German state?","The German priest, who wanted to reform Laurean Rugambwa's religion, preached a sermon on Marian devotion late in his life in which German state?",none,none,1,0,0,1,0,0,1,0,0,1
3hop1__469478_15840_36002,3hop1__742464_15840_36002,0.8432,What were the Genesis's advantages over the platform that plays Sunman?,What were the Genesis's advantages over the platform in which Robodemons is played?,dense,dense,1,0,0,1,1,1,1,0,0,1
3hop2__304722_602987_63959,3hop2__304722_203717_63959,0.8431,When was the last time the sports team that employs Joe Gallagher beat the winner of the 1894-95 FA Cup?,When was the last time the sports team Alan O'Neil was a member of beat the winner of the 1894-95 FA cup?,none,none,1,0,0,1,0,0,1,0,0,1
3hop1__9285_5188_63702,3hop1__9285_5188_23307,0.8431,"When did the country where the top-ranking Warsaw Pact operatives originated, despite its being headquartered in the nation known as the nobilities commonwealth, become allies with the US?","What month did the Tripartite discussions begin between Britain, France, and the country where, despite being headquartered in the nation called the nobilities commonwealth, the top-ranking Warsaw Pact operatives originated?",none,none,1,0,0,1,0,0,1,0,0,1
4hop1__129682_59747_211319_557671,4hop1__130404_59747_211319_557671,0.8431,Which county shares a border with the county where the most populous city in the state where WSFN can be found is located?,Which county shares a border with the county where the most populous city in the state where WDXQ can be found is located?,none,none,1,0,0,1,0,0,1,0,0,1
3hop2__368986_89048_66294,3hop2__57186_89048_66294,0.8429,Who played who sang is she really going out with him in the performer of Anthology movie?,who played who sang is she really going out with him in the who sang she's out of my life movie?,none,none,1,0,0,1,0,0,1,0,0,1
3hop1__673934_831637_91775,3hop1__837871_831637_91775,0.8426,What does seal stand for in the operator of list of destroyer classes of the operator of the USS Kajeruna seals?,What does seal stand for in the operator of the list of destroyer classes of the operator of the USS Tringa seals?,none,none,1,0,0,1,0,0,1,0,0,1
4hop3__275416_24325_125104_10557,4hop3__813358_24325_125104_10557,0.8424,The carnival of Guido Maus's birth place is linked to a European culture. In the era of Rotrude's father the language of that culture was later referred to by what name?,"The carnival in the town where Jean Mathonet died is rooted in a European culture. In Rotrude's father's era, the language of that culture was later known by what name?",dense,dense+hybrid,0,0,0,1,1,1,1,0,1,0
3hop1__354480_834494_34099,3hop1__354480_834494_34053,0.8421,How long are the city council terms in the city that is in the same county as Eric Marcus Municipal Airport?,What was the wettest year for the city within the county that houses Eric Marcus Municipal Airport?,none,bm25,0,0,1,0,0,0,1,0,0,1
3hop1__128516_30587_83479,3hop1__147225_30587_83479,0.8419,What was Germany's main goal in the battle of the ocean adjacent to the US city having WEDR?,What was Germany's goal in the Battle of the ocean adjacent to the city Herbert Saffir died in?,none,none,1,0,0,1,0,0,1,0,0,1
3hop1__194006_42197_18397,3hop1__426806_42197_18397,0.8419,Where did who argued that the country of citizenship of Yuri Kleschev had itself become an imperialist power declare that he would intervene in the Korean conflict?,Where did who argued that the country of citizenship of Victor Denisov had itself beome an imperialist power declare that he would intervene in the Korean conflict?,dense+hybrid,dense+hybrid,1,0,0,1,1,1,1,1,1,1
2hop__75207_7363,2hop__75207_46837,0.8417,At what local time does the country where Fuser and Alberto meet the indigenous couple traveling to look for work change their clocks for DST?,When does the winter season begin in the place where fuser and alberto meet the indigenous couple who were traveling for work?,hybrid,none,0,0,0,1,0,0,1,1,0,0
3hop1__222497_309482_89834,3hop1__222497_309482_80702,0.8415,When did the merchant of the city where the composer of Al gran sole carico d'amore takes place?,What is the name of the famous bridge in the place where Al gran sole carico d'amore's composer worked?,none,none,1,0,0,1,0,0,1,0,0,1
2hop__201704_135481,2hop__861157_135481,0.8413,What is the competition that the 1965 Federation Cup is part of named after?,What is the competition the 1972 Federation Cup is part of named after?,all,all,1,1,1,1,1,1,1,1,1,1
2hop__25788_25839,2hop__25797_25839,0.8411,What is the maximum load drawn by the device that was designed to standardize connection of computer peripherals?,What is the maximum amount of load that can be drawn by the device where 1.1 was the first widely used version?,all,all,1,1,1,1,1,1,1,1,1,1
4hop3__312119_132409_371500_35031,4hop3__673447_132409_371500_35031,0.841,"Among the top five largest urban areas in the state where Getting Away with Murder's performer was formed, where does Veoh's headquarters city rank?","Among the top five largest urban areas in the state where Infest's performer was formed, where does Veoh's headquarters city rank?",none,none,1,0,0,1,0,0,1,0,0,1
4hop1__271272_508773_85832_745702,4hop1__320457_508773_85832_745702,0.8409,What is the name of the child of the Italian navigator who sailed for England and explored the east coast of the continent Francisco Vázquez' birthplace is located?,Who is the son of the Italian navigator who explored the eastern coast of the continent Ulises Solís' birthplace is located in for England?,none,none,1,0,0,1,0,0,1,0,0,1
2hop__10122_18974,2hop__10017_18974,0.8407,Who led the military expedition to where now Min dialects are spoken on border with Zhejiang?,Who led the military expedition in the province that borders Zhejiang to the south?,all,dense+hybrid,0,1,0,0,1,1,1,1,1,1
3hop1__857_846_7846,3hop1__857_846_7702,0.8406,Which opera company is based in the city where the Yongle Emperor greeted the leader that the edict was addressed to?,What is the meaning of the name of the city where the Yongle emperor greeted the person to whom the edict was addressed?,none,hybrid,0,0,0,1,0,0,1,0,1,0
2hop__95878_88628,2hop__25344_88628,0.8406,Who did the actor in Advernture's End play in True Grit?,"In True Grit, who did the star play?",none,none,1,0,0,1,0,0,1,0,0,1
3hop1__49236_89752_49923,3hop1__49236_89752_54221,0.8406,How many counties does the largest state in the region where the fictional Gilead in the Handmaid's Tale takes place have?,What time do alcohol sales begin in the largest state of the region where the fictional Gilead is located in The Handmaid's Tale?,none,none,1,0,0,1,0,0,1,0,0,1
4hop1__161605_32392_823060_610794,4hop1__429751_32392_823060_610794,0.8405,What county is the city that shares a border with the state capital of the state where Darlington County located in?,What county is the city that shares a border with the state capital of the state where Purrysburg is located?,none,none,1,0,0,1,0,0,1,0,0,1
3hop1__813285_774554_124169,3hop1__813285_774554_64412,0.8401,What year did the post end of Governor of the city where the author of Quadragesimo Anno died?,When did the place of death of the author of Quadragesimo Anno become its own country?,bm25,none,0,1,0,0,0,0,1,0,0,1
4hop1__131611_32392_823060_610794,4hop1__130508_32392_823060_610794,0.8395,In which county is the city sharing a border with the capitol of the state where Ocean Forest Country Club is located?,In which county is the city sharing a border with the capitol of the state where Borough House Plantation is located?,none,none,1,0,0,1,0,0,1,0,0,1
2hop__85463_33311,2hop__85463_50252,0.8395,During which span of years was the war where UN troops approached the Yalu River?,Who led North Korea in to the war where UN troops approached the Yalu river.,none,none,1,0,0,1,0,0,1,0,0,1
3hop1__145427_106426_157788,3hop1__145427_106426_77199,0.8395,What is one railway line in the country the produced The Longest Night in the city where You Wenhui was born?,When did the USA declare war on the country that produced The Longest Night in the city where You Wenhui was born?,none,none,1,0,0,1,0,0,1,0,0,1
3hop1__194006_42197_18397,3hop1__241085_42197_18397,0.8391,Where did who argued that the country of citizenship of Yuri Kleschev had itself become an imperialist power declare that he would intervene in the Korean conflict?,Where did the arguer that Yekaterina Fesenko's country of citizenship had become an imperialist power declare he would intervene in the Korean conflict?,dense+hybrid,none,0,0,0,1,1,0,0,1,0,0
3hop1__857_846_7795,3hop1__857_846_7810,0.839,"In 2011, what was the estimated population of the city where the Yongle emperor greeted the person to whom the edict was addressed?",What was where the Yongle emperor greeted who the edict addressed GDP per person in 2013?,hybrid,none,0,0,0,1,0,0,1,1,0,0
3hop1__102461_24918_24991,3hop1__104762_24918_24991,0.8388,What went down after the Soviet President visiting the the birth country of Andrey Dashkov while the protests were taking place departed from the Kremlin?,What went down after the Soviet president visiting the country of citizenship of Yasyn Khamid while the protests were taking place departed from the Kremlin?,dense+hybrid,dense+hybrid,1,0,0,1,1,1,1,1,1,1
2hop__1667_40502,2hop__1667_40501,0.8387,What was the population of the founder of New Amsterdam before influx of Huguenot refugees?,How many refugees emigrated to the nation that founded New Amsterdam?,none,dense,0,0,0,1,0,1,0,0,0,1
3hop2__92991_38326_76291,3hop2__38326_92991_76291,0.8386,When did the party Harlan and Stewart were affiliated with gain control of the body which determines rules of the US House and US Senate?,When did the political party of Stewart and Harlan take control of the body that has Standing Rules derived from Article One that do not apply to the House?,none,none,1,0,0,1,0,0,1,0,0,1
4hop1__525129_315334_131926_90707,4hop1__525129_315334_131926_13165,0.8385,"Where does the body of water by the city where the Lots More Blues, Rags and Hollers performer was formed and the Ohio River meet?","What treaty ceded territory to the US extending west to body of water by the city where the Lots More Blues, Rags and Hollers performer was formed?",none,none,1,0,0,1,0,0,1,0,0,1
4hop1__39871_314549_131976_44892,4hop1__39871_314549_131976_44528,0.8382,"A line with Williamsburg, Main Street and another station are in a state that's next to an ocean. When did that ocean start to open up?","Williamsburg, Main Street station and another station share a track in a state bounded by an ocean. Where does that ocean meet the Gulf of Mexico?",none,dense,0,0,0,1,0,1,0,0,0,1
3hop1__135392_87694_64412,3hop1__136083_87694_64412,0.8382,When did the location of the basilica which is named for the same saint that the Bremen Cathedral is named for become a country?,When did the location of the Basilica that is named after the same saint as the Schleswig Cathedral and the head of the catholic religion become its own country?,none,none,1,0,0,1,0,0,1,0,0,1
3hop1__321720_650651_7262,3hop1__106239_650651_7262,0.8381,Who was a prominent figure at the radio division of the network that created the version of The Biggest Loser set in the country where Seria is?,Who was a prominent figure at the radio division of the broadcast company that created the version of The Biggest Loser set in the country where Kelupis originated?,none,none,1,0,0,1,0,0,1,0,0,1
3hop1__398232_326948_10972,3hop1__305282_282081_10972,0.8379,When did the place of birth of the performer of Mother-in-Law elect its first black Mayor?,When did the city where Ill's performer was born elect its first black mayor?,dense+hybrid,none,0,0,0,1,1,0,0,1,0,0
4hop1__88342_75218_128008_80286,4hop1__88342_49853_128008_80286,0.8378,who has had the most hits in the league that includes the team that has played the most games of the type played just before the league MVP is awarded?,Who has the most hits in the league whose member team has the most wins of the championship series which proceeds the MVP award?,none,none,1,0,0,1,0,0,1,0,0,1
2hop__35137_22932,2hop__35137_22901,0.8377,Which interpretation of the work of the writer of The Canon of Medicine was taught more in Islamic schools?,What Islamic denomination was the author of The Canon of Medicine thought to be a member of?,bm25+hybrid,dense,0,1,0,0,0,1,0,1,0,0
2hop__16446_58556,2hop__35686_58556,0.8374,What is the name of the food safety system of the federal agency that regulates prescription drugs?,What is the food safety system of the antibiotic approval agency known as?,none,none,1,0,0,1,0,0,1,0,0,1
3hop1__742464_15840_36002,3hop1__536452_15840_36002,0.8373,What were the Genesis's advantages over the platform in which Robodemons is played?,What were the Genesis's advantages over the platform of Pinball Quest?,dense,none,0,0,0,1,1,0,0,0,0,1
3hop1__109422_720914_41132,3hop1__820301_720914_41132,0.8372,How many times did the plague occur in the place of death of the creator of The Punishment of Tythus?,How many times did plague occur in the place where Crucifixion's creator died?,none,none,1,0,0,1,0,0,1,0,0,1
3hop1__136852_30587_83479,3hop1__128516_30587_83479,0.837,What was the main goal of Germany in the battle of the ocean region adjacent to the city where The Golden Palace is set?,What was Germany's main goal in the battle of the ocean adjacent to the US city having WEDR?,none,none,1,0,0,1,0,0,1,0,0,1
4hop1__483807_508773_85832_745702,4hop1__711773_508773_85832_745702,0.8369,Who's the son of the Italian navigator who explored the eastern coast of the continent Hugo Casillas was born in?,Who's the son of the Italian navigator who explored the eastern coast of the continent Manuel Balbi was born in?,none,none,1,0,0,1,0,0,1,0,0,1
3hop1__409517_547811_41132,3hop1__280834_547811_41132,0.8366,How many times did the plague occur in the birth city of the composer of Scanderbeg?,How many times did plague occur in the place where Bajazet's composer was born?,none,none,1,0,0,1,0,0,1,0,0,1
3hop1__469478_15840_36014,3hop1__850160_15840_36014,0.8366,What was Nintendo's limit on games per developer per year for the platform with an abbreviated name that had the game Sunman?,What was Nintendo's limit on games per developer per year on the system which had a three letter abbreviation and was also the platform for Pictionary?,all,all,1,1,1,1,1,1,1,1,1,1
4hop3__524186_219173_638950_72134,4hop3__524186_219173_548463_72134,0.8365,When did the city where Greenwood Laboratory School is located become capitol of the state where the screenwriter of The Poor Boob was born?,When did the city where Superior Drill Company is located become capitol of the state where the screenwriter of The Poor Boob was born?,none,hybrid,0,0,0,1,0,0,1,0,1,0
3hop2__127483_91678_10557,3hop2__90098_91678_10557,0.8365,What was the language Auctor comes from during the era of the man crowned first Holy Roman Emperor later known as?,What was the language from which the last name Sylvester originated during the era of the person crowned first Holy Roman Emperor later known as?,none,none,1,0,0,1,0,0,1,0,0,1
2hop__684287_78303,2hop__519160_78303,0.8365,what was the name of the producer of Forest Warrior walker texas ranger?,"What was the name of Forced Vengeance's producer in Walker, Texas Ranger?",dense+hybrid,none,0,0,0,1,1,0,0,1,0,0
3hop1__796649_720914_41132,3hop1__108062_720914_41132,0.8362,How many times did the plague occur in the city where Flora's painter died?,How many times did plague occur in the place where La Bella's artist died?,none,none,1,0,0,1,0,0,1,0,0,1
4hop1__525129_315334_131926_90707,4hop1__525129_315334_131926_89261,0.8362,"Where does the body of water by the city where the Lots More Blues, Rags and Hollers performer was formed and the Ohio River meet?","Where into the Gulf of Mexico does the body of water by the city where the Lots More Blues, Rags and Hollers performer was formed empty?",none,none,1,0,0,1,0,0,1,0,0,1
2hop__345_59409,2hop__347_59409,0.8361,Who was the person who purchased Tidal's parent company in 2015 talking about in the song 'Cry?',Who was the person who acquired the parent company of the music service Beyonce owns part of talking about in the song Cry?,bm25,none,0,1,0,0,0,0,1,0,0,1
3hop1__380590_831637_91775,3hop1__433054_831637_91775,0.8357,What does the seal stand for in the operator of the list of destroyer classes of the operator of the USS ZigZag seals?,What does seal stand for in who is the operator of destroyer class of the operator of the USS Venus seals?,dense,dense,1,0,0,1,1,1,1,0,0,1
3hop1__773338_42197_18397,3hop1__194006_42197_18397,0.8357,Where did the arguer that Yuri Bogatyryov's country of citizenship had become an imperialist power declare he would intervene in the Korean conflict?,Where did who argued that the country of citizenship of Yuri Kleschev had itself become an imperialist power declare that he would intervene in the Korean conflict?,dense,dense+hybrid,0,0,0,1,1,1,1,0,1,0
3hop1__857_846_7887,3hop1__857_846_7791,0.8355,How many tourists does visit annually the city where the Yongle Emperor greeted the one seen addressed on an preserved edict.,How many parties rule the city where the Yongle emperor greeted the person to whom the edict was addressed?,bm25+hybrid,hybrid,0,1,0,0,0,0,1,1,1,1
4hop1__145494_698949_157828_162309,4hop1__146971_698949_157828_162309,0.8354,When did the country whose co-official language was used in the movie named after the place where Bela Linder died first attend the Olympics games as an independent team?,When did the country that has the same co-official language as that of the movie about the city where Petar Trifunović died send an independent team to the Olympics?,none,none,1,0,0,1,0,0,1,0,0,1
3hop1__404541_629431_64412,3hop1__404541_629431_124169,0.8351,When did the place of death of Paenitentiam Agere's author become its own country?,When did the Governorship end of the city where the author of Paenitentiam Agere died?,none,dense,0,0,0,1,0,1,0,0,0,1
2hop__96410_47902,2hop__96414_47902,0.835,Who is the actor who plays the title character in The Bourne Betrayal?,Who is the actor who plays the title character of The Bourne Ultimatum?,dense,dense,1,0,0,1,1,1,1,0,0,1
3hop2__20335_8533_9331,3hop2__145209_20335_9331,0.8349,"What dissolved the privileges of the empire using Pan-Slavism as a political tool, the kingdom acquiring some Thuringian territory or Habsburg Monarchy?","What dissolved the privileges of the birth empire of Alexey Brodovitch, the kingdom acquiring some Thuringian territory or Habsburg Monarchy?",bm25,bm25,1,1,1,1,0,0,1,0,0,1
2hop__80834_148696,2hop__75714_148696,0.8349,What is the position of the first Viceroy of the British Empire in India?,What is the position of the first governor general of India?,dense,all,0,0,1,0,1,1,1,0,1,0
3hop1__469478_15840_36002,3hop1__346812_15840_36002,0.8344,What were the Genesis's advantages over the platform that plays Sunman?,What were the Genesis's advantages over the platform that plays Drac's Night Out?,dense,dense,1,0,0,1,1,1,1,0,0,1
2hop__96096_78606,2hop__803903_78606,0.8343,Who plays the wife of the Real Rob cast member in Grown Ups?,Who plays the wife of Big Stan's director in Grown Ups?,none,dense,0,0,0,1,0,1,0,0,0,1
3hop1__324448_831637_91775,3hop1__831162_831637_91775,0.8341,What does SEAL stand for in the military branch that operates USS Prevail?,What does SEAL stand for in the military group that is part of the military branch that operates USS Dour?,none,none,1,0,0,1,0,0,1,0,0,1
3hop1__128554_39743_24526,3hop1__159802_39743_24526,0.8341,"What is the average winter daytime temperature in the region where Richmond is found, in the state where WIRR operates?","What is the average winter daytime temperature in the region where Richmond is found, in the state once governed by Andros?",none,none,1,0,0,1,0,0,1,0,0,1
3hop1__358853_339990_15538,3hop1__491648_339990_15538,0.8341,"When did the state, that contains the county where Raven Creek is located, reinstate the death penalty?",When did the state where Coles Creek is located reinstate the death penalty?,bm25,none,0,1,0,0,0,0,1,0,0,1
4hop3__387712_132409_371500_35031,4hop3__673447_132409_371500_35031,0.834,"Among the top five largest urban areas in the state Jacoby Shaddix' band formed in, where does the city Veoh's headquarters are located rank?","Among the top five largest urban areas in the state where Infest's performer was formed, where does Veoh's headquarters city rank?",none,none,1,0,0,1,0,0,1,0,0,1
4hop1__158877_53706_795904_580996,4hop1__61681_53706_795904_580996,0.8339,What shares a border with the city where the person who went to the state where Baskin-Robbins was founded during the gold rush works?,What city shares a border with the city where a person went to work during the gold rush in the biggest state in the USA by population?,none,none,1,0,0,1,0,0,1,0,0,1
2hop__160151_23241,2hop__160292_23241,0.8339,"According to Pew, in 2010, what percent of Nigeria's population was the religion that Pickthall was buried in?","According to Pew, in 2010, what percent of Nigeria's population practiced the religion of most of the workers?",all,none,0,1,0,0,1,0,0,1,0,0
3hop1__109113_720914_27537,3hop1__312146_720914_27537,0.8338,Why did Roncalli leave the city where the painter of Venus with a Mirror died?,Why did Roncali leave the city where the creator of Vanity died?,none,none,1,0,0,1,0,0,1,0,0,1
2hop__359312_18803,2hop__796221_18803,0.8337,MV Miralda's owner announced it was in the process of doing what in April 2010?,What did MV Rapana's owner announce it was the process of doing in April 2010?,bm25+hybrid,bm25+hybrid,1,1,1,1,0,0,1,1,1,1
3hop1__106094_443779_52195,3hop1__106900_443779_52195,0.8336,Who is the president of the newly declared independent country part of the Commission of Truth and Friendship with the country that made Arisan!??,Who is the president of the new country that jointly established a Commission of Truth and Friendship with the country that broadcasts Dahsyat?,none,none,1,0,0,1,0,0,1,0,0,1
2hop__135653_669373,2hop__135652_669373,0.8336,Who is the employer of the person Mach's principle was named after?,Who is the employer of the physicist who Mach number is named after?,dense,dense,1,0,0,1,1,1,1,0,0,1
4hop1__726675_508773_85832_745702,4hop1__341777_508773_85832_745702,0.8334,Who is the child of the Italian navigator who explored the eastern coast of the continent César Gaytan was born in for the English?,"Who was the child of the Italian navigator who sailed for England, and explored the eastern coast of the continent where the birthplace of Eduardo Cuervo is found?",none,none,1,0,0,1,0,0,1,0,0,1
4hop1__443274_17130_70784_61381,4hop1__105002_17130_70784_61381,0.8334,When was the region that lies to the north of the country where Sar-El is located and the Persian Gulf established?,When was the region immediately north of the area where the country that released Atalia is located and the Persian Gulf established?,none,none,1,0,0,1,0,0,1,0,0,1
3hop1__104762_24918_24991,3hop1__103751_24918_24991,0.8329,What went down after the Soviet president visiting the country of citizenship of Yasyn Khamid while the protests were taking place departed from the Kremlin?,What went down after the Soviet President visiting the country of origin of Ethella Chupryk while the protests were taking place departed from the Kremlin?,dense+hybrid,all,0,0,1,0,1,1,1,1,1,1
3hop1__77966_91191_156667,3hop1__159728_91191_156667,0.8329,Who was the spouse of the first convert to the faith that is the most common religion in Lebanon?,What was the name of the spouse of the first convert to the most prevalent religion in Jordan?,none,none,1,0,0,1,0,0,1,0,0,1
3hop1__9285_5188_63702,3hop1__9285_5188_6375,0.8326,"When did the country where the top-ranking Warsaw Pact operatives originated, despite its being headquartered in the nation known as the nobilities commonwealth, become allies with the US?","Who was the first person to control a spacecraft, from the country the top-ranking Warsaw Pact operatives came from, despite it being headquartered in the country called the nobilities commonwealth?",none,hybrid,0,0,0,1,0,0,1,0,1,0
3hop1__128865_30587_83479,3hop1__128516_30587_83479,0.8325,What was Germany's main goal in the battle of the ocean region adjacent to the city where WIOD is licensed?,What was Germany's main goal in the battle of the ocean adjacent to the US city having WEDR?,none,none,1,0,0,1,0,0,1,0,0,1
2hop__367336_97805,2hop__421324_97805,0.832,Which war did the operator of the Finnish coastal defence ship Ilmarinen serve in?,Which war did the operator of Finnish coastal defence ship Väinämöinen serve in?,all,all,1,1,1,1,1,1,1,1,1,1
3hop1__152880_131926_90707,3hop1__152880_131926_87157,0.832,Where does the body of water by the city Astronautalis is from and the Ohio River meet?,What is the direction of flow of the body of water by the city that Astronautalis is from?,none,none,1,0,0,1,0,0,1,0,0,1
3hop1__68981_91191_16530,3hop1__68981_91191_156667,0.8319,Who was appointed arbitrator by the first convert to the faith that is the most common religion in Southeast Asia?,The first to convert to the now most practiced religion in Southeast Asia was married to whom?,none,none,1,0,0,1,0,0,1,0,0,1
3hop1__135794_87694_64412,3hop1__135392_87694_64412,0.8316,When did the city where the Basilica that is named after the same saint as the one in San Pietro in Montorio located in become a country?,When did the location of the basilica which is named for the same saint that the Bremen Cathedral is named for become a country?,none,none,1,0,0,1,0,0,1,0,0,1
2hop__30390_36634,2hop__30390_92972,0.8315,How many groups were involved in the war when Hayek started working on Abuse of Reason?,What was an economic effect of the war during which Hayek started working on Abuse of Reason?,bm25+hybrid,bm25,0,1,1,1,0,0,1,1,0,0
3hop2__90098_76623_10557,3hop2__127483_76623_10557,0.8314,What was the language from which the last name Sylvester originated during the era of the person crowned emperor of the west in 800 CE later known as?,What was the language Auctor comes from during the era of the king who was crowned emperor of the west in 800 CE?,bm25+hybrid,none,0,1,0,0,0,0,1,1,0,0
2hop__20685_712629,2hop__71900_712629,0.8313,Who was the spouse of the British queen?,Who is the spouse of the longest reigning British monarch?,none,none,1,0,0,1,0,0,1,0,0,1
3hop2__668732_467331_162182,3hop2__565959_467331_162182,0.8313,"In what region of the country containing An Phú, is the city with the Zone 5 Military Museum located?",In what region of the country where Mount Can is located is the city where Zone 5 Military Museum is found?,none,none,1,0,0,1,0,0,1,0,0,1
3hop2__326964_263934_7713,3hop2__326964_265410_7713,0.8312,How long had the place of birth of Tang Jinhua been the capital city of the Yaxing Coach headquarters location?,How long had Anhua Gao's birthplace been the capitol city of Yaxing Coach's headquarters location?,dense+hybrid,dense+hybrid,1,0,0,1,1,1,1,1,1,1
3hop2__855821_467331_162182,3hop2__792915_467331_162182,0.8309,In what region of the country where Lam Dong is located is the city where Zone 5 Military Museum is found?,In what region of the country containing the Cái River is the city that has the Zone 5 Military Museum located?,none,none,1,0,0,1,0,0,1,0,0,1
2hop__822113_91104,2hop__449673_91104,0.8308,What is the experimental satellite which was the forerunner to the communication satellite of the operator of GSAT-7 called?,What is the experimental satellite which was the forerunner to the communication satellite of the operator of the RESOURCESAT-2 called?,all,all,1,1,1,1,1,1,1,1,1,1
4hop3__673447_132409_223216_35031,4hop3__312119_132409_223216_35031,0.8307,"Among the top five largest urban areas in the state Infest's performers were formed, what is the ranking of the city Pathology was formed in?",Where does the city where Pathology was formed rank among the top five largest urban areas of the state where the performer of Getting Away With Murder was formed?,none,none,1,0,0,1,0,0,1,0,0,1
2hop__85463_54688,2hop__85463_50252,0.8304,What type of government did North Korea have during the conflict when UN troops approached the Yalu River?,Who led North Korea in to the war where UN troops approached the Yalu river.,none,none,1,0,0,1,0,0,1,0,0,1
4hop1__61681_53706_795904_580996,4hop1__93316_53706_795904_580996,0.8303,What city shares a border with the city where a person went to work during the gold rush in the biggest state in the USA by population?,What city shares a border with the city where a person went to work during the gold in the state that used the most geothermal energy in the US?,none,none,1,0,0,1,0,0,1,0,0,1
3hop1__586087_339990_54675,3hop1__527372_339990_54675,0.8301,"What mountains can you see from Portland, in the state with the county where McCauley Mountain is located?","What mountains can you see from Portland, in the state with the county that contains Fester Hollow?",none,all,0,0,1,0,0,1,0,0,1,0
3hop1__786632_831637_91775,3hop1__255970_831637_91775,0.83,"What does seal stand for in the U.S. military branch that operates destroyers, as well as the USS Edsall?",The military unit that operates destroyers and once had a ship named the USS Sanderling has a force called the seals. What does seal stand for?,hybrid,all,0,0,1,0,0,1,0,1,1,1
4hop3__668721_132409_371500_35031,4hop3__719125_132409_371500_35031,0.83,Where does the city where Veoh's headquarters is located rank in the top five largest urban areas of the state where The Paramour Sessions' performers were formed?,Where does the city where Veoh's headquarters is located rank in the top five largest urban areas of the state where Scars' performers were formed?,none,none,1,0,0,1,0,0,1,0,0,1
3hop1__850160_15840_36002,3hop1__649930_15840_36002,0.8297,What were the Genesis's advantage over the platform of Pictionary?,What were the Genesis' advantages over the platform of Colorful Dragon?,none,dense,0,0,0,1,0,1,0,0,0,1
4hop2__161602_426860_88460_21062,4hop2__161602_426860_88460_20985,0.8296,Are there any cruise travel destinations for the country lying between the country hosting the tournament and the country having That Dam?,what is the largest city the country that is a natural boundary between the country that hosted the tournament and the country That Dam is located?,none,none,1,0,0,1,0,0,1,0,0,1
2hop__157737_46621,2hop__40697_46621,0.8293,When was the celestial body that all objects focus on according to Kepler's laws discovered to be the center of the solar system?,When was the celestial object that eluded efforts to measure oxygen discovered to be the center of the solar system?,dense+hybrid,dense+hybrid,1,0,0,1,1,1,1,1,1,1
2hop__21991_43945,2hop__69765_43945,0.8292,"Why was Common Sense, written by the same author as The Rights of Man, an important work?","Why is Common Sense, which was written by an author who encouraged revolt, an important work?",dense+hybrid,all,0,0,1,0,1,1,1,1,1,1
3hop2__668732_467331_162182,3hop2__607269_467331_162182,0.8291,"In what region of the country containing An Phú, is the city with the Zone 5 Military Museum located?",In what region of the country where Ha Hoa is located is the city where Zone 5 Military Museum is found?,none,none,1,0,0,1,0,0,1,0,0,1
4hop1__152562_5274_458768_33637,4hop1__152562_5274_458768_33633,0.8291,How many ethnic minorities were looked at differently in the city where the headquarters of the only group larger than Vilaiyaadu Mankatha's record label is located?,When did the explorer reach the city where the headquarters of the only group larger than Vilaiyaadu Mankatha's record label is located?,none,none,1,0,0,1,0,0,1,0,0,1
2hop__16581_16569,2hop__16581_16525,0.829,What tribe did the wife of the person who first brought postal service to Umayyad lands belong to?,When did the person who first brought a postal service into Umayyad lands become caliph?,hybrid,all,0,0,1,0,0,1,0,1,1,1
4hop3__668721_132409_146285_35031,4hop3__312119_132409_146285_35031,0.8288,"In the top five largest urban areas in the state where the performer of The Paramour Sessions was from, where does the place of death for Alexander Golitzen rank?","Among the top five largest urban areas in the state where Getting Away with Murder's performer was formed, where does city in which Alexander Golitzen died rank?",none,none,1,0,0,1,0,0,1,0,0,1
3hop1__24980_42197_18397,3hop1__313670_42197_18397,0.8286,"Where did the leader, who claimed that the republic that was coming to an end had become an imperialist power, declare that he would intervene in the Korean conflict?",Another world leader said that Vladimir Rapoport's country was imperialist. Where did that leader announce that he would intervene in the Korean conflict?,none,hybrid,0,0,0,1,0,0,1,0,1,0
4hop1__860115_798482_131926_90707,4hop1__860115_798482_131926_13165,0.8286,Where does the body of water by the city that shares a border with Elizabeth Berg's birthplace and Ohio River meet?,What treaty ceded territory to the US extending west to the river by the city sharing a border with Elizabeth Berg's birthplace?,none,none,1,0,0,1,0,0,1,0,0,1
3hop1__107540_720914_27537,3hop1__820301_720914_27537,0.8285,Why did Roncalli leave the place of death of the maker of The Gozzi Altarpiece?,Why did Roncalli leave the place where Crucifixion's creator died?,none,none,1,0,0,1,0,0,1,0,0,1
3hop1__841091_339990_54675,3hop1__604991_339990_54675,0.8285,What mountain can you see from Portland in the state where Knob Mountain is located?,What mountain can you see from Portland in the state where Frozen Run's county is located?,none,hybrid,0,0,0,1,0,0,1,0,1,0
4hop1__152562_5274_458768_33632,4hop1__152562_5274_458768_33633,0.8283,"What day is the feast held, in the city that holds the headquarters of the only music company that is larger than the record label of Vilaiyaadu Mankatha?",When did the explorer reach the city where the headquarters of the only group larger than Vilaiyaadu Mankatha's record label is located?,none,none,1,0,0,1,0,0,1,0,0,1
4hop3__129754_29339_508306_70744,4hop3__130404_29339_508306_70744,0.8283,"Who has more national championships than the school with Fort Hill or the facility in the location Edwards won the primary, but not the state with the 404 area code?","Who has more national championships, the university where Fort Hill is, or the university in the state where Edwards won the primary, along with winning in the state containing WDXQ?",none,hybrid,0,0,0,1,0,0,1,0,1,0
3hop1__140994_2053_5289,3hop1__139862_2053_5289,0.8282,"What UK label was bought by the company which, along with ABC and the network which broadcasted Hello, Larry, is the other major broadcaster based in NY?",What UK label was bought by the major broadcaster based in New York that is not ABC and did not broadcast Highway to Heaven?,all,none,0,1,0,0,1,0,0,1,0,0
2hop__23459_35124,2hop__23459_22946,0.8281,How many books were said to be written by the most influential in Islamic philosophy?,Who said that the most influential figure in Islamic philosophy was one of the greatest thinkers?,all,dense+hybrid,0,1,0,0,1,1,1,1,1,1
3hop1__624901_42197_18397,3hop1__194006_42197_18397,0.8279,Where did who argued the country of citizenship of Maya Kopitseva had itself become an imperialist power declare that he would intervene in the Korean conflict?,Where did who argued that the country of citizenship of Yuri Kleschev had itself become an imperialist power declare that he would intervene in the Korean conflict?,hybrid,dense+hybrid,0,0,0,1,0,1,0,1,1,1
3hop1__320697_547811_41132,3hop1__320697_547811_80702,0.8277,How many times did plague occur in the birth city of the composer of Nulla in mundo pax sincera?,What is the name of the famous bridge located in the birthplace of the composer of Nulla in mundo pax sincera?,none,none,1,0,0,1,0,0,1,0,0,1
4hop1__37608_32392_823060_610794,4hop1__433767_32392_823060_610794,0.8274,Which county has the location that shares a border with the city that became the state capital of where Representative Thomas Tucker was from?,In what county is located the city that shares a border with the capital of the state where Mike Dow was born?,none,none,1,0,0,1,0,0,1,0,0,1
3hop1__622497_160088_49779,3hop1__622497_160088_73916,0.8274,Who is the host of Who Wants to be a Millionaire in the country that the producer of The Wild Women of Chastity Gulch is from?,What is the average yearly income for someone with the same nationality as the producer of The Wild Women of Chastity Gulch?,none,none,1,0,0,1,0,0,1,0,0,1
3hop1__354480_834494_34053,3hop1__354480_834494_33939,0.8272,What was the wettest year for the city within the county that houses Eric Marcus Municipal Airport?,What was the population of the city that is found in the same county as Eric Marcus Municipal Airport in 1900?,bm25,none,0,1,0,0,0,0,1,0,0,1
3hop1__773623_87694_124169,3hop1__365934_87694_124169,0.8271,On what date did Governor of the location of the Basilica named after the same saint as Đakovo Cathedral and the head of the catholic religion end?,What date did the Governor of the city where the basilica named after the same saint as the one that Mantua Cathedral is dedicated to end?,none,dense,0,0,0,1,0,1,0,0,0,1
3hop1__178435_547811_41132,3hop1__28841_547811_41132,0.8271,How many times did plague occur in the birthplace of the composer of Gloria in D Major?,How many times did the plague occur in the birth place of Concerto in C Major Op 3 6's composer?,none,none,1,0,0,1,0,0,1,0,0,1
3hop1__92251_34179_23375,3hop1__5544_34179_23375,0.8271,"What year saw the publication of the version of the Molotov–Ribbentrop Pact, engineered by the politician who succeeded the leader of the Bolsheviks in the November Revolution?",What year saw the publication of the version of the Molotov–Ribbentrop Pact established by the man who succeeded the leader of the group which created the Soviet state?,none,none,1,0,0,1,0,0,1,0,0,1
4hop1__608132_508773_85832_745702,4hop1__483807_508773_85832_745702,0.827,Who's the son of the Italian navigator who explored the eastern coast of the continent where Christian Sánchez was born?,Who's the son of the Italian navigator who explored the eastern coast of the continent Hugo Casillas was born in?,none,none,1,0,0,1,0,0,1,0,0,1
2hop__442175_56873,2hop__806869_56873,0.8268,When did the team that Jamie Ward is a member of win the FA Cup?,When did Andrea Silenzi's team win the FA cup?,none,none,1,0,0,1,0,0,1,0,0,1
2hop__736167_74735,2hop__384238_74735,0.8268,What song did Paul McCartney write for Cynthia Lennon's kid?,What song did Paul McCartney write for Sean Lennon's siblings?,bm25+hybrid,none,0,1,0,0,0,0,1,1,0,0
2hop__46065_417697,2hop__141365_417697,0.8268,Mohamed Atta's car made by the car manufacturer owning the naming rights to titans stadium is a type of what?,"What is Mohamed Atta's car, manufactured by the company that includes Datsun, an instance of?",all,none,0,1,0,0,1,0,0,1,0,0
4hop1__58323_375563_161848_61344,4hop1__58323_375563_161848_28750,0.8267,What continent is the country located near the country of citizenship of The Book Thief's author part of?,Where was Popper's academic appointment in the country near the country of citizenship of the person who wrote The Book Thief?,none,none,1,0,0,1,0,0,1,0,0,1
3hop1__603558_87694_64412,3hop1__603558_87694_124169,0.8263,When did the location of the basilica that is named after the same saint as the San Pietro in Ciel d'Oro become its own country?,"When was the end of the governorship where the head of Catholicism is, along with the basilica named after the saint who San Pietro in Ciel d'Oro is named for?",none,dense+hybrid,0,0,0,1,0,1,0,0,1,0
4hop3__673447_132409_223216_35031,4hop3__719125_132409_223216_35031,0.8256,"Among the top five largest urban areas in the state Infest's performers were formed, what is the ranking of the city Pathology was formed in?","In the top five largest urban areas in the US state in which the band performing Scars was formed, where does the city having Pathology rank?",none,none,1,0,0,1,0,0,1,0,0,1
3hop2__781093_467331_162182,3hop2__831456_467331_162182,0.8255,In what region of the country where Lam Thao is located is the city where the Zone 5 Military Museum can be found?,What is the region of the country of Sa Thầy and the territory of the Zone 5 Military Museam located?,none,dense+hybrid,0,0,0,1,0,1,0,0,1,0
3hop1__358853_339990_15538,3hop1__483634_720378_15538,0.8254,"When did the state, that contains the county where Raven Creek is located, reinstate the death penalty?",When was the death penalty reinstated in the state that contains the county where Howard Mill is located?,bm25,all,0,1,1,1,0,1,0,0,1,0
3hop1__135392_87694_124169,3hop1__136083_87694_124169,0.8254,What date did the Governor of the city where the basilica that is named after the same person as the Bremen Cathedral and the head of the catholic religion is located end?,What was the last year of the Governor post for the city which contains the basilica which is named after the saint who also has the Schleswig Cathedral dedicated to him?,none,none,1,0,0,1,0,0,1,0,0,1
3hop1__139773_88110_77129,3hop1__139787_88110_77129,0.8252,"What was the first OS to support the Hyper-V protocol, developed by the company that the letters MS stand for, in the network where The Rachel Maddow Show is found?",What was the first OS to support Hyper-V from the company the letters MS stands for in the network that broadcasts Buchanan & Press?,dense,dense,1,0,0,1,1,1,1,0,0,1
3hop2__569322_467331_162182,3hop2__655849_467331_162182,0.8252,In what region of the country of S-Fone is the location of the administrative territorial entity of Zone 5 Military Museum located?,In what region of the country containing the district of A Lưới is the city that has the Zone 5 Military Museum located?,dense,none,0,0,0,1,1,0,0,0,0,1
3hop1__208108_547811_41132,3hop1__801799_547811_41132,0.825,How many times did plague occur in the birthplace of La Silvia's composer?,How many times did plague occur in the birth city of the composer of La fida ninfa?,dense+hybrid,none,0,0,0,1,1,0,0,1,0,0
3hop2__326964_7855_7713,3hop2__326964_263934_7713,0.8249,How long had the city considered to be a place that is popular with tourists been the capital city of the location of the Yaxing Coach headquarters?,How long had the place of birth of Tang Jinhua been the capital city of the Yaxing Coach headquarters location?,none,dense+hybrid,0,0,0,1,0,1,0,0,1,0
2hop__25788_25855,2hop__998_25855,0.8248,Drives attached via an industry standard connector remain powered when the computer is off using what Dell feature?,What does dell call the feature letting the interface replacing FireWire in later iterations of the iPod drives to remain powered when the computer is off?,dense+hybrid,dense+hybrid,1,0,0,1,1,1,1,1,1,1
2hop__537404_55227,2hop__803903_78606,0.8241,Who plays the wife of the actor who produced Paul Blart: Mall Cop 2 in the movie Grown Ups?,Who plays the wife of Big Stan's director in Grown Ups?,dense,dense,1,0,0,1,1,1,1,0,0,1
3hop1__831162_831637_91775,3hop1__765847_831637_91775,0.8241,What does SEAL stand for in the military group that is part of the military branch that operates USS Dour?,What does SEAL stand for in the branch of military that operates USS Mahan?,none,none,1,0,0,1,0,0,1,0,0,1
2hop__269766_43945,2hop__21991_43945,0.8241,Common Sense which was written by the author of The Age of Reason was an important work because?,"Why was Common Sense, written by the same author as The Rights of Man, an important work?",bm25+hybrid,dense+hybrid,0,1,0,0,0,1,0,1,1,1
3hop1__857_846_7874,3hop1__857_846_7877,0.824,What is the name of the major basketball team from the city where the Yongle emperor greeted the person to whom the edict was addressed?,Who many major sports centers are located in where the Yongle Emporer did great who the edict was addressed to?,none,dense,0,0,0,1,0,1,0,0,0,1
4hop3__827497_354093_254885_76356,4hop3__710473_354093_254885_76356,0.8239,The Pee Dee River leads to a bay which leads to an ocean. Who led an attempt to link that ocean with the Pacific via a canal through the continental region containing the El Valle volcano?,Who pushed for a canal crossing across the continent El Valle is located linking the Pacific Ocean and the ocean Sampit River leads to?,none,none,1,0,0,1,0,0,1,0,0,1
3hop1__593288_720914_41132,3hop1__820301_720914_41132,0.8239,How many times did plague occur in the place of death of the creator of Violante?,How many times did plague occur in the place where Crucifixion's creator died?,none,none,1,0,0,1,0,0,1,0,0,1
2hop__32887_235620,2hop__32887_578772,0.8237,Who fathered Emperor Ai of the Chinese dynasty with the oldest remaining wooden buildings?,What is the dynasty the oldest wooden buildings in China be dated to an example of?,all,none,0,1,0,0,1,0,0,1,0,0
4hop3__531933_836463_161616_77103,4hop3__601548_836463_161616_77103,0.8237,When did the city where Souvenir's performer was born become the capitol of the state Knowles was from?,When did the birthplace of the Live and Beyond performer become the capitol of the state Knowles was from?,none,none,1,0,0,1,0,0,1,0,0,1
2hop__859431_18803,2hop__796221_18803,0.8237,"In April 2010, what did the company owned by MV Macoma announce it was in the process of doing?",What did MV Rapana's owner announce it was the process of doing in April 2010?,all,bm25+hybrid,0,1,1,1,1,0,0,1,1,1
3hop1__516535_834494_34088,3hop1__354480_834494_34088,0.8236,Where are NASCAR races held in the city in the same county as Allen?,Where do they hold NASCAR races in the city that is in the same county as the Eric Marcus Municipal Airport?,all,none,0,1,0,0,1,0,0,1,0,0
3hop1__796649_720914_41132,3hop1__108833_720914_41132,0.8232,How many times did the plague occur in the city where Flora's painter died?,How many times did the plague occur in the city where the painter of The Bacchanal of the Andrians died?,none,none,1,0,0,1,0,0,1,0,0,1
3hop1__459153_544076_84283,3hop1__829944_474097_84283,0.8231,Who is the owner of the record label that Seventeen's performer belongs to?,Who is the owner of the record label that the performer of Better Than Me is signed with?,none,none,1,0,0,1,0,0,1,0,0,1
2hop__472083_7298,2hop__835710_7298,0.8231,What notable pop artist started out his career on adult contemporary radio along with the performer of Illuminations?,"Along with the Closer performer, what notable pop artist started out his career on adult contemporary radio?",all,all,1,1,1,1,1,1,1,1,1,1
3hop1__33845_42197_18397,3hop1__24980_42197_18397,0.823,Where did the arguer that the country Directive 10/2 called for actions against had become an imperialist power declare he would intervene in the Korean conflict?,"Where did the leader, who claimed that the republic that was coming to an end had become an imperialist power, declare that he would intervene in the Korean conflict?",none,none,1,0,0,1,0,0,1,0,0,1
2hop__73717_653666,2hop__76402_653666,0.823,Who was the mother of the person who found the sacred writings that became the Book of Mormon?,Who is the mother of the founder of Mormonism?,dense+hybrid,all,0,0,1,0,1,1,1,1,1,1
3hop1__534450_831637_91775,3hop1__838590_831637_91775,0.8227,What does seal stand for in the division of the U.S. military branch that operates destroyer classes and the USS Chinquapin?,What does seal stand for in the U.S. military branch that operates a list of destroyer classes and the USS Stag?,none,none,1,0,0,1,0,0,1,0,0,1
3hop1__469478_15840_36002,3hop1__836699_15840_36002,0.8226,What were the Genesis's advantages over the platform that plays Sunman?,What were the Genesis's advantages over the platform of the game Nightshade?,dense,none,0,0,0,1,1,0,0,0,0,1
3hop2__792915_223623_162182,3hop2__655849_223623_162182,0.8225,In what region of the country containing the Cái River is the place where John Phan was born?,In what region of the country containing A Lưới is the birthplace of John Phan located?,none,none,1,0,0,1,0,0,1,0,0,1
3hop2__127483_76623_10557,3hop2__127483_84553_10557,0.8224,What was the language Auctor comes from during the era of the king who was crowned emperor of the west in 800 CE?,What was the language of Auctor of who built a european empire and was crowned emperor of the romans in 800 era later known as?,none,none,1,0,0,1,0,0,1,0,0,1
3hop1__120881_2053_5289,3hop1__140786_2053_5289,0.8222,"What label was bought in the UK by the other major New York broadcast that is in addition to ABC, and the one who released Stand Against Fear?","What UK label was bought by the major broadcaster that, along with ABC and the network of the show Just Men!?, is based in New York?",all,bm25+hybrid,0,1,1,1,1,0,0,1,1,1
3hop1__469478_15840_36002,3hop1__418091_15840_36002,0.8217,What were the Genesis's advantages over the platform that plays Sunman?,What were Genesis's advantages over the platform that plays Bigfoot?,dense,none,0,0,0,1,1,0,0,0,0,1
2hop__370564_71701,2hop__837900_71701,0.8216,What year did the japanese get to the current administrative territorial entity of the Century Lotus Stadium and the rest of the guangdong province?,"What date did the Japanese get to the city where New Plaza Stadium is located, and the rest of the Guangdong province?",dense+hybrid,all,0,0,1,0,1,1,1,1,1,1
2hop__544760_35739,2hop__158275_35739,0.8214,When was the version of the browser that GNU IceCat is based on made accessible on Windows 8?,When was one internet browser's version of Windows 8 made accessible?,dense+hybrid,none,0,0,0,1,1,0,0,1,0,0
3hop2__326964_265410_7713,3hop2__326964_734214_7713,0.8214,How long had Anhua Gao's birthplace been the capitol city of Yaxing Coach's headquarters location?,How long had Lynn Hung's birthplace been the capitol city of Yaxing Coach's headquarters location?,dense+hybrid,none,0,0,0,1,1,0,0,1,0,0
2hop__47712_25719,2hop__818302_25719,0.8212,At the end of which year did tribes from the place where the Celts are said to have migrated from invade the Roman empire?,At the end of which year did the tribes from the location of the Lusatia invade the Roman Empire?,none,none,1,0,0,1,0,0,1,0,0,1
3hop1__847684_339990_54675,3hop1__604991_339990_54675,0.821,"What mountains can you see from Portland, in the state containing the county where Lorenz Park is located?",What mountain can you see from Portland in the state where Frozen Run's county is located?,bm25+hybrid,hybrid,0,1,0,0,0,0,1,1,1,1
2hop__39954_65371,2hop__39954_80940,0.821,Who is the permanent representative to the united nations of the country where it is estimated that a hunter spends fifty to one hundred times that of the average ecotourist?,What is the largest national park in the country where hunters are estimated to spend fifty to one hundred times that of the average ecotourist?,dense+hybrid,dense+hybrid,1,0,0,1,1,1,1,1,1,1
3hop1__128554_39743_24526,3hop1__68732_39743_24526,0.821,"What is the average winter daytime temperature in the region where Richmond is found, in the state where WIRR operates?","What is the average winter daytime temperature in the region where Richmond is found, in the state where the Battle of Fredericksburg was fought?",none,none,1,0,0,1,0,0,1,0,0,1
4hop1__129682_59747_211319_557671,4hop1__130276_59747_211319_557671,0.8209,Which county shares a border with the county where the most populous city in the state where WSFN can be found is located?,Which county shares a border with the county where the most populous city in the state where Redan High School is located?,none,none,1,0,0,1,0,0,1,0,0,1
3hop1__458916_665330_47686,3hop1__726561_132457_47686,0.8206,Where do greyhound buses leave from in the city where the performer of Spirit If... was formed?,Where do greyhound buses leave from in the city the performer of Born a Lion formed in?,none,none,1,0,0,1,0,0,1,0,0,1
3hop2__49541_140712_51068,3hop2__140194_49541_51068,0.8206,Who is the actress who played the woman who was the Queen of England in 1890 on the network that produced Monsterpiece Theater?,"Who is the actress who plays the role of the Queen of England in 1890, on the network that aired The Dinosaurs!?",none,none,1,0,0,1,0,0,1,0,0,1
3hop2__222979_132536_40768,3hop2__222979_380281_40768,0.8206,"When did Nissan, the HPD ARX-03 maker and the Scion owner open US assembly plants?","When did the team that John Surtees is a member of, the owner of Scion, and Nissan open US assembly plants?",hybrid,hybrid,1,0,0,1,0,0,1,1,1,1
2hop__230022_68489,2hop__807257_590611,0.8206,Who did the actor who played Michael Knight play on Young and Restless?,Who is a cast member of the show that contains the character Michael Knight?,none,dense+hybrid,0,0,0,1,0,1,0,0,1,0
3hop1__820301_720914_27537,2hop__147171_27537,0.8204,Why did Roncalli leave the place where Crucifixion's creator died?,Why did Roncalli leave the place where Francesco Fontebasso resided when he died?,none,dense+hybrid,0,0,0,1,0,1,0,0,1,0
2hop__81659_52835,2hop__747667_52835,0.8202,Who wrote Turn Me On by the singer of Come Away with Me?,Who wrote Turn Me On by the Thinking About You performer?,all,all,1,1,1,1,1,1,1,1,1,1
3hop1__518381_709625_84283,3hop1__226638_538202_84283,0.8201,Who owns the record label of the Lovin' All Night performer?,Who is the owner of the record label that Just Got Started Lovin' You's performer belong to?,none,none,1,0,0,1,0,0,1,0,0,1
2hop__806869_56873,2hop__337223_56873,0.8197,When did Andrea Silenzi's team win the FA cup?,When did Mark Crossley's team win the FA cup?,none,none,1,0,0,1,0,0,1,0,0,1
4hop2__5206_39078_8987_8974,4hop2__105527_39078_8987_8974,0.8196,Where is the embassy in the only communist country whose military branch helping the Old West's inadequate local police was unprepared for invasion of the country conquered by the Pact?,"A country's military branch, the equivalent of which in the US helped the Old West's local police, was unprepared for the invasion of the country that developed the ZH-29. The unprepared country was the only communist country to have an embassy where?",none,none,1,0,0,1,0,0,1,0,0,1
2hop__166820_52835,2hop__81659_52835,0.8196,"Who wrote turn me on, which was performed by the person who also performed Chasing Pirates?",Who wrote Turn Me On by the singer of Come Away with Me?,all,all,1,1,1,1,1,1,1,1,1,1
3hop1__222380_443779_52195,3hop1__144678_443779_52195,0.8196,Who is the president of the newly declared independent country that is part of the Commission of Truth and Friendship with the country where Buru is located?,The Commission of Truth and Friendship established governments for Bustami's birth country and a second country that had who as president after declaring independence?,none,none,1,0,0,1,0,0,1,0,0,1
3hop1__354480_834494_34053,3hop1__354480_834494_34109,0.8195,What was the wettest year for the city within the county that houses Eric Marcus Municipal Airport?,What is the administrative territorial entity that contains the location of Eric Marcus Municipal Airport PBS station?,bm25,none,0,1,0,0,0,0,1,0,0,1
3hop2__57233_106716_56883,3hop2__57233_105140_56883,0.8194,"When was conscription introduced in the country where Pepsi Live was hosted, during the war where The Things They Carried is set?","During the war in which The Things They Carried is set, when was conscription introduced by the country where the film Grievous Bodily Harm was later released?",dense,none,0,0,0,1,1,0,0,0,0,1
2hop__25797_25839,2hop__998_25839,0.8192,What is the maximum amount of load that can be drawn by the device where 1.1 was the first widely used version?,What is the maximum load drawn by the 1.0 and 2.0 versions of the device that replaced FireWire in later iPods?,all,bm25+hybrid,0,1,1,1,1,0,0,1,1,1
4hop1__44149_32392_823060_610794,4hop1__73810_32392_823060_610794,0.8191,What county is the city that shares a border with the state capital of the state where the RBC Heritage Golf Tournament is played in?,In what county is located the city that shares a border with the capital of the state that won the 2017 NCAA Basketball Tournament?,none,none,1,0,0,1,0,0,1,0,0,1
3hop1__109196_720914_41132,3hop1__593288_720914_41132,0.8191,How many times did plague occur in the place of death of the creator of the Malchiostro Annunciation?,How many times did plague occur in the place of death of the creator of Violante?,none,none,1,0,0,1,0,0,1,0,0,1
4hop1__342858_131850_33952_34053,4hop1__342858_131850_33952_33939,0.8185,What was the wettest year in the second largest city in the state where Yuma's Library District is located?,What was the population in 1900 of the second largest city in the US state having the Library District of the county containing Yuma?,hybrid,dense,0,0,0,1,0,1,0,1,0,0
3hop1__107540_720914_27537,3hop1__109196_720914_27537,0.818,Why did Roncalli leave the place of death of the maker of The Gozzi Altarpiece?,Why did Roncali leave the place of death of the creator of Malchiostro Annunciation?,none,none,1,0,0,1,0,0,1,0,0,1
3hop1__820301_720914_27537,3hop1__108833_720914_27537,0.8177,Why did Roncalli leave the place where Crucifixion's creator died?,Why did Roncalli leave the place where artist who made The Bacchanal of the Andrians died?,none,none,1,0,0,1,0,0,1,0,0,1
4hop1__342858_131850_33952_34053,4hop1__342858_131850_33952_34099,0.8175,What was the wettest year in the second largest city in the state where Yuma's Library District is located?,How long are the city council terms in the second largest city in the state where Yuma is located?,hybrid,none,0,0,0,1,0,0,1,1,0,0
3hop2__569322_223623_162182,3hop2__655849_223623_162182,0.8173,In what region of the country of S-Fone is The place of birth of John Phan located?,In what region of the country containing A Lưới is the birthplace of John Phan located?,none,none,1,0,0,1,0,0,1,0,0,1
4hop3__387712_132409_371500_35031,4hop3__387712_132409_146285_35031,0.817,"Among the top five largest urban areas in the state Jacoby Shaddix' band formed in, where does the city Veoh's headquarters are located rank?",Where does the city where Alexander Golitzen died rank in the top five largest urban areas of the state where the band that Jacoby Shaddix is a member of formed?,none,none,1,0,0,1,0,0,1,0,0,1
4hop1__131611_32392_823060_610794,4hop1__408432_32392_823060_610794,0.817,In which county is the city sharing a border with the capitol of the state where Ocean Forest Country Club is located?,In which county is the city sharing a border with the capitol of the state where WYFG is located?,none,none,1,0,0,1,0,0,1,0,0,1
3hop1__358853_339990_15538,3hop1__847420_720378_15538,0.8169,"When did the state, that contains the county where Raven Creek is located, reinstate the death penalty?","When did the state, that contains the county where Elmo is found, reinstate the death penalty?",bm25,all,0,1,1,1,0,1,0,0,1,0
3hop1__818422_160545_34754,3hop1__818422_160545_34751,0.8167,What does the U.S. believe caused the country Beatrice Heuser was born to help Japan?,What year did the country where the place of birth of Beatrice Heuser is located form an alliance with Japan?,none,none,1,0,0,1,0,0,1,0,0,1
3hop2__326964_7719_7713,3hop2__326964_7707_7713,0.8167,How long had the place where the Jin court reestablished itself after fleeing been the capitol city of the headquarters location of Yaxing Coach?,How long had the city considered the nominal capitol of the Republic of China been the capitol city of Yaxing Coach's headquarters location?,dense+hybrid,dense+hybrid,1,0,0,1,1,1,1,1,1,1
3hop1__68981_91191_16530,2hop__68981_39234,0.8166,Who was appointed arbitrator by the first convert to the faith that is the most common religion in Southeast Asia?,What empire brought the practices of the most common religion in Southeast Asia?,none,none,1,0,0,1,0,0,1,0,0,1
3hop1__106042_64399_62676,3hop1__106042_64399_59680,0.8163,"When did the city that spread Christianity to Rome, Egypt, Judea, and the country where Vasilopita originates, become the capital city of the Hebrews?","How many Stations of the Cross happened in the city originating Christianity in Rome, Egypt, Judea and the country for Vasilopita?",none,none,1,0,0,1,0,0,1,0,0,1
3hop1__131110_39743_24526,3hop1__131829_39743_24526,0.8163,"In the state that includes Walnut Spring, what's the typical winter daytime temperature range in the region of Richmond?","What is the average winter daytime temperature in the region containing Richmond, in the state where WXBX is located?",dense,none,0,0,0,1,1,0,0,0,0,1
3hop1__73796_87694_64412,3hop1__73796_87694_124169,0.8162,When did the location of the basilica named after the apostle crucified upside down become its own country?,When did the Governorship end of the city that contains the basilica named after the saint who was the apostle that was crucified upside down?,dense,dense+hybrid,0,0,0,1,1,1,1,0,1,0
2hop__160151_23241,2hop__31085_23241,0.8162,"According to Pew, in 2010, what percent of Nigeria's population was the religion that Pickthall was buried in?","According to Pew, in 2010 what percent of Nigeria's population was the same religion as Ibn Tufail?",all,none,0,1,0,0,1,0,0,1,0,0
3hop1__640171_228453_10972,3hop1__390673_228453_10972,0.8161,When did the headquarters city of the Blanton's manufacturer elect its first black mayor?,When did the headquarters city of Kentucky Tavern's manufacturer elect its first black mayor?,none,none,1,0,0,1,0,0,1,0,0,1
2hop__511176_22458,2hop__620853_22458,0.8161,What does the acronym of the organization Danish Football Union is part of stand for?,What does the name of the organization the Haiti national football team belongs to stand for?,none,dense,0,0,0,1,0,1,0,0,0,1
3hop1__480375_709625_84283,3hop1__829944_474097_84283,0.816,Who is the owner of the record label of the Please Remember Me performer?,Who is the owner of the record label that the performer of Better Than Me is signed with?,none,none,1,0,0,1,0,0,1,0,0,1
3hop1__127837_157828_239539,3hop1__127821_157828_239539,0.8159,Where is the headquarters of the Radio Television of the country that has a co-official language in the language that Kuhinjica is in?,Where is the headquarters of Radio Television of this country that has a co-official language that is the same as the language of Olivera Markovic?,none,none,1,0,0,1,0,0,1,0,0,1
2hop__2416_86208,2hop__2416_53663,0.8157,When does the river that pumps the engine flood every year?,Where is the river that the engine pumped water from located in the world?,none,dense+hybrid,0,0,0,1,0,1,0,0,1,0
2hop__145282_21711,3hop1__423001_503371_21711,0.8156,When was the Palau de la Generalitat constructed in the location where Paco Godia was born?,When was the Palau de la Generalitat constructed in the city where Martin of the region of Pedrola died?,none,dense+hybrid,0,0,0,1,0,1,0,0,1,0
2hop__85325_88165,2hop__310112_88165,0.8153,Who did the person who married their half sister in the bible marry after the death of sarah?,Who did Haran's sibling marry after the death of sarah?,dense+hybrid,dense+hybrid,1,0,0,1,1,1,1,1,1,1
4hop2__9988_158985_70784_79935,4hop2__9988_685934_70784_61381,0.8153,"When was the kingdom lying immediately to the north of the region prevailing with ""Near East"" disgrace and the region having the most growth in desalination for agricultural use created?","When was the country established that lies north of the region that prevailed with the disgrace of the ""Near East"" and the body of water containing The World islands?",dense+hybrid,dense,0,0,0,1,1,1,1,1,0,0
3hop1__19768_19788_15107,3hop1__157807_19788_15107,0.8153,What percentage of Eritrea is estimated to adhere to the religion widely practiced in the region with the 2nd largest rain-forest in the world?,What percentage of Eritrea is estimated to adhere to the religion widely practiced in the region that the tentacled snake is native to?,none,none,1,0,0,1,0,0,1,0,0,1
4hop1__606685_508773_85832_745702,4hop1__455862_508773_85832_745702,0.8151,Whose father was a navigator who explored the east coast of the continental region where Sergio Villanueva would later be born?,Whose navigator father explored the east coast of the region where Ignacio Esparza was later born?,none,none,1,0,0,1,0,0,1,0,0,1
2hop__198459_61845,2hop__563476_61845,0.8147,Who has played for both West Ham Ajax and the team that Adam Hammill is on?,Who has played for West Ham Ajax and the team that David Currie plays for?,none,none,1,0,0,1,0,0,1,0,0,1
2hop__35137_22932,2hop__35137_22940,0.8145,Which interpretation of the work of the writer of The Canon of Medicine was taught more in Islamic schools?,What is the Book of Healing by the writer of The Canon of Medicine referred to in Arabic?,bm25+hybrid,dense+hybrid,0,1,0,0,0,1,0,1,1,1
4hop1__94201_642284_131926_89261,4hop1__94201_642284_131926_87157,0.8145,Where does the body of water by the city where the Southeast Library designer died empty into the Gulf of Mexico?,What is the direction of the flow of the river near the city where the designer of Southeast Library died?,none,dense,0,0,0,1,0,1,0,0,0,1
3hop1__635099_131926_90707,3hop1__635099_131926_13165,0.8143,Where does the body of water by the city where Write This Down was formed and Ohio River meet?,What treaty ceded territory to the US extending west to the body of water by the city where Write This Down was formed?,none,none,1,0,0,1,0,0,1,0,0,1
3hop1__147135_159767_81096,4hop1__752321_153080_159767_81096,0.8142,Who won the Indy car race in the largest city and the state capital of the death state of Cochise?,The largest city in the state the performer of Pithecanthropus Erectus was from is also the state capital. Who won the indy car race in that city?,none,bm25,0,0,1,0,0,0,1,0,0,1
4hop3__387712_132409_223216_35031,4hop3__387712_132409_146285_35031,0.8142,Ordering by the size the urban areas in the state where Jacoby Shaddix's band formed in what position is Pathology's city's area?,Where does the city where Alexander Golitzen died rank in the top five largest urban areas of the state where the band that Jacoby Shaddix is a member of formed?,none,none,1,0,0,1,0,0,1,0,0,1
2hop__487706_40501,2hop__487706_40502,0.8142,How many refugees emigrated to the participant of Battle of Kentish Knock?,What was the population of the republic that participated in The Battle of the Kentish Knock before this emigration?,dense+hybrid,all,0,0,1,0,1,1,1,1,1,1
2hop__431934_30351,2hop__708145_30351,0.814,Who did Hayek work for after being hired by the author of Human Action?,Who did Hayek work for upon being hired by the author of Bureaucracy?,dense+hybrid,all,0,0,1,0,1,1,1,1,1,1
2hop__576118_25719,2hop__203955_25719,0.8137,At the end of which year did tribes from the area where Linear Pottery culture was found invade the Roman Empire?,At the end of which year did the tribes from where the Michelsberg culture is from invade the Roman Empire?,none,none,1,0,0,1,0,0,1,0,0,1
3hop1__639955_834494_34053,3hop1__639955_834494_34099,0.8136,What was the wettest year of the city located in the county that also contains Helvetia?,How long are the council terms of the city that shares a county with Helvetia?,bm25+hybrid,bm25,0,1,1,1,0,0,1,1,0,0
3hop1__639955_834494_33939,3hop1__639955_834494_34053,0.8133,What was the 1900 population of the city located within the county that also contains Helvetia?,What was the wettest year of the city located in the county that also contains Helvetia?,bm25+hybrid,bm25+hybrid,1,1,1,1,0,0,1,1,1,1
4hop1__720201_153080_159767_81096,4hop1__842143_153080_159767_81096,0.813,Who won the 1993 Indy Car Race in the largest city of the state containing the city where the performer of the album Something Like a Bird is from?,Who won the 1993 Indy Car Race in the largest city of the state containing the city where the performer of the album Mingus Three is from?,none,none,1,0,0,1,0,0,1,0,0,1
2hop__706038_14251,2hop__857585_14251,0.8129,What line by a cast member of Birds of Feather is believed to have started the archie nickname?,What line by the Southern Roses cast member is believed to have started the Archie nickname?,dense+hybrid,bm25+hybrid,0,0,1,0,1,0,0,1,1,1
2hop__545711_52835,2hop__81659_52835,0.8129,"Who wrote Turn Me On by the performer of Live from Austin, TX?",Who wrote Turn Me On by the singer of Come Away with Me?,all,all,1,1,1,1,1,1,1,1,1,1
3hop1__773338_42197_18397,3hop1__759384_42197_18397,0.8127,Where did the arguer that Yuri Bogatyryov's country of citizenship had become an imperialist power declare he would intervene in the Korean conflict?,Where did the person who argued that the country that Mark Fradkin is a citizen of had become an imperialist power declare he would intervene in the Korean conflict?,dense,dense,1,0,0,1,1,1,1,0,0,1
3hop1__691197_15840_36002,4hop1__46196_497223_15840_36002,0.8123,What were the Genesis's advantages over the console whose three letter abbreviation stood for the full console name and also featured the game Yoshi?,"What were the Genesis's advantages over the platform with a three letter abbreviation, that had a video game named after the league in charge of the Super Bowl halftime show?",none,hybrid,0,0,0,1,0,0,1,0,1,0
2hop__68590_27619,2hop__68590_27628,0.8121,Where is the mission for the agency that controls the monetary policy of the EU found?,Who is the Vice-President of the organization that controls the monetary policy of the EU?,dense,dense+hybrid,0,0,0,1,1,1,1,0,1,0
3hop2__20335_8533_9331,3hop2__14777_8533_9331,0.8119,"What dissolved the privileges of the empire using Pan-Slavism as a political tool, the kingdom acquiring some Thuringian territory or Habsburg Monarchy?","What dissolved privileges in Poland held by the empire that used Pan-Slavism as a tool, the leader of the North German Confederation during the Franco-Prussian War, and the Habsburg Monarchy?",bm25,bm25,1,1,1,1,0,0,1,0,0,1
4hop1__58323_375563_161848_61344,4hop1__58323_375563_161848_44231,0.8117,What continent is the country located near the country of citizenship of The Book Thief's author part of?,"During WW2, who was the leader of the country near the country of citizenship of the writer of The Book Thief?",none,none,1,0,0,1,0,0,1,0,0,1
3hop1__131783_131926_89261,3hop1__131783_131926_90707,0.8117,Where does the body of water by the city where The Minikahda Club empty into the Gulf of Mexico?,Where does the body of water by the city where The Minikahda Club is located and the Ohio River meet?,none,dense,0,0,0,1,0,1,0,0,0,1
4hop1__166471_49925_13759_736921,4hop1__749363_49925_13759_736921,0.8116,In what state is the district where the one who wanted to reform and address the institution behind the religion of Egidio Vagnozzi preached a sermon?,In what state is the district where the man who wanted to reform the religion practiced by Innocenzo Ferrieri preached a sermon on Marian devotion?,none,none,1,0,0,1,0,0,1,0,0,1
4hop1__690653_378185_282674_759393,4hop1__161605_32392_823060_610794,0.8114,"What is the capital of the county, that shares a border with the other county, that includes the city where Main Hall is located?",What county is the city that shares a border with the state capital of the state where Darlington County located in?,none,none,1,0,0,1,0,0,1,0,0,1
2hop__435087_55984,2hop__613779_55984,0.8113,Who wrote the song sung by the performer of The Story?,"Who wrote the song ""The Story"" that is sung by the performer of ""That Wasn't Me""?",dense,all,0,0,1,0,1,1,1,0,1,0
3hop1__28527_42197_18397,3hop1__351696_42197_18397,0.8106,Where did the arguer that the country in control of Estonia before the Germans had become an imperialist power declare he would intervene in the Korean conflict?,Where did the person who argued that the country where Ural Oblast is located had become an imperialist power declare he would intervene in the Korean conflict?,hybrid,none,0,0,0,1,0,0,1,1,0,0
2hop__51760_602275,2hop__51760_122023,0.8106,Who was the child of the person that Mel Brooks played in Mr. Peabody and Sherman?,What is the name of the university that educated the character that Mel Brooks plays in Mr. Peabody and Sherman?,none,none,1,0,0,1,0,0,1,0,0,1
2hop__124412_402641,2hop__124592_402641,0.8105,Who is the child of Chiang Hsiao-wen's father?,Who is the other child of Chian Hsiao-chang's father?,all,all,1,1,1,1,1,1,1,1,1,1
3hop1__64694_34179_23375,3hop1__5544_34179_23375,0.8105,What year was the publication of the version of the Molotov–Ribbentrop Pact by the successor of the president and general secretary of the soviet communist party during the early 1920s?,What year saw the publication of the version of the Molotov–Ribbentrop Pact established by the man who succeeded the leader of the group which created the Soviet state?,none,none,1,0,0,1,0,0,1,0,0,1
3hop1__103440_443779_52195,3hop1__145212_443779_52195,0.8101,Kiwil's birth country participated in a Commission of Truth and Friendship. Who is the president of the other country that participated?,Arie Supriyatna's birth country was one participant in a Commission of Truth and Friendship. Who is the president of the other country that participated?,none,none,1,0,0,1,0,0,1,0,0,1
3hop1__131783_131926_90707,3hop1__131783_131926_87157,0.8101,Where does the body of water by the city where The Minikahda Club is located and the Ohio River meet?,What is the direction of flow of the body of water by the city where The Minikahda Club is located?,dense,dense,1,0,0,1,1,1,1,0,0,1
3hop1__462125_538202_84283,3hop1__829944_474097_84283,0.8101,Who is the owner of the record label that the performer of Days of Our Lives is on?,Who is the owner of the record label that the performer of Better Than Me is signed with?,none,none,1,0,0,1,0,0,1,0,0,1
3hop1__19768_19788_10117,3hop1__19768_19788_19761,0.8099,"Widely practiced in the region having the second largest rain-forest in the world, how long ago did this religion arrive in Zhejiang?",Which missionary helped spread the religion widely practiced in region having the second largest rain-forest in the world?,bm25,bm25,1,1,1,1,0,0,1,0,0,1
4hop3__324979_836463_161616_77103,4hop3__601548_836463_161616_77103,0.8098,When did the birthplace of Ah Via Musicom's performer become the capital of the state Knowles is from?,When did the birthplace of the Live and Beyond performer become the capitol of the state Knowles was from?,bm25,none,0,1,0,0,0,0,1,0,0,1
2hop__158275_35739,2hop__486392_35739,0.8097,When was one internet browser's version of Windows 8 made accessible?,When was the version of Windows 8 from the company that Iceweasel was based on made accessible?,none,none,1,0,0,1,0,0,1,0,0,1
2hop__5658_25002,2hop__24976_25002,0.8096,How long did the pact last between Kravchuk and the person who signed the decree suspending the Communist Party of the Russian SFSR?,how long lasting was the pact between Kravchuk and the person organizers wanted to arrest?,all,bm25+hybrid,0,1,1,1,1,0,0,1,1,1
3hop1__639955_834494_34088,3hop1__639955_834494_34053,0.8094,Where are NASCAR races held in the city that shares a county with Helvetia?,What was the wettest year of the city located in the county that also contains Helvetia?,all,bm25+hybrid,0,1,1,1,1,0,0,1,1,1
3hop1__516535_834494_33939,3hop1__354480_834494_33939,0.8093,"In 1900, what was the population of the city in the same county as Allen?",What was the population of the city that is found in the same county as Eric Marcus Municipal Airport in 1900?,bm25+hybrid,none,0,1,0,0,0,0,1,1,0,0
4hop1__56226_32392_823060_610794,4hop1__13170_32392_823060_610794,0.8089,In which county is the city sharing a border with the capitol of the state that won the Battle of Sullivan's Island?,In which county is the city sharing a border with the capitol of the first state to formally secede?,none,none,1,0,0,1,0,0,1,0,0,1
4hop1__58323_375563_161848_61344,4hop1__58323_375563_161848_53331,0.8088,What continent is the country located near the country of citizenship of The Book Thief's author part of?,When was the death penalty abolished in the country near the country where the writer of The Book Thief is a citizen of?,none,none,1,0,0,1,0,0,1,0,0,1
3hop1__6379_42197_18397,3hop1__512574_42197_18397,0.8086,Where did the arguer that the country to send the first woman to space had become an imperialist power declare he would intervene in the Korean conflict?,Where did the arguer that Oleg Lomakin's country of citizenship had become an imperialist power declare he would intervene in the Korean conflict?,dense+hybrid,dense,0,0,0,1,1,1,1,1,0,0
2hop__61714_42553,2hop__61714_64633,0.8086,"In The Office, Pam get's together with her husband in which episode?",In what episode of The Office does Dwight save Pam's husband from Roy?,dense+hybrid,dense,0,0,0,1,1,1,1,1,0,0
3hop1__109185_720914_41132,3hop1__593288_720914_41132,0.8082,How many times did the plague occur in the place of death of the creator of La Schiavona?,How many times did plague occur in the place of death of the creator of Violante?,none,none,1,0,0,1,0,0,1,0,0,1
3hop1__409517_547811_80702,3hop1__280834_547811_80702,0.8081,What is the name of the famous bridge in the birth city of the composer of Scanderbeg?,What is the name of the famous bridge in the birthplace of Bajazet's composer?,none,none,1,0,0,1,0,0,1,0,0,1
2hop__734057_88628,2hop__25344_88628,0.8078,Who did the cast member of Rooster Cogburn play in True Grit?,"In True Grit, who did the star play?",all,none,0,1,0,0,1,0,0,1,0,0
3hop1__79039_131926_87157,3hop1__79039_131926_89261,0.8078,What is the direction of flow of the body of water by the home of the juicy lucy?,Where does the body of water by the home of the Juicy Lucy empty into the gulf of Mexico?,none,none,1,0,0,1,0,0,1,0,0,1
2hop__81379_84616,2hop__51113_84616,0.807,For what did the singer of the original version of Moon River win a Tony award?,What did the actress whom mercer and mancini wrote the song moon river for win a tony for?,none,none,1,0,0,1,0,0,1,0,0,1
3hop1__604991_339990_15538,3hop1__491648_339990_15538,0.8061,When did the state that Frozen Run is located in reinstate the death penalty?,When did the state where Coles Creek is located reinstate the death penalty?,none,none,1,0,0,1,0,0,1,0,0,1
4hop1__749065_698949_157828_162309,4hop1__146971_698949_157828_162309,0.806,When did the country whose co-official language was used in the show named for the place Slavko Surdonja died first attend the Olympics games as an independent team?,When did the country that has the same co-official language as that of the movie about the city where Petar Trifunović died send an independent team to the Olympics?,none,none,1,0,0,1,0,0,1,0,0,1
3hop1__239036_15840_36002,3hop1__742464_15840_36002,0.806,What were the Genesis's advantages over the platform of Xexys?,What were the Genesis's advantages over the platform in which Robodemons is played?,none,dense,0,0,0,1,0,1,0,0,0,1
4hop1__161810_583746_457883_650651,4hop1__105773_457883_650651_7262,0.8059,Country A has an embassy from the country that contains the bay where the city of General Santos is located. What network created country A's version of The Biggest Loser?,Country A has an embassy from the country that produces the show Krystala. Who was a prominent figure in the radio division of the network that created a version of the Biggest Loser for country A?,bm25+hybrid,none,0,1,0,0,0,0,1,1,0,0
2hop__576118_25719,2hop__603598_25719,0.8053,At the end of which year did tribes from the area where Linear Pottery culture was found invade the Roman Empire?,At the end of what year did the tribes from the place where the Rossen culture is located invade the Roman Empire?,none,none,1,0,0,1,0,0,1,0,0,1
2hop__35137_22932,2hop__35137_22899,0.8053,Which interpretation of the work of the writer of The Canon of Medicine was taught more in Islamic schools?,What age did the writer of The Canon of Medicine learn the entire quran?,bm25+hybrid,none,0,1,0,0,0,0,1,1,0,0
4hop1__151650_5274_458768_33677,4hop1__152146_5274_458768_33677,0.805,When was the most recent Bicycle Friendly Community Award given to the city where the only group larger than the record label of Desde El Principio is headquartered?,When was the most recent Bicycle Friendly Community Award given to the city where the headquarters of the only group larger than Långa nätter's record label is located?,none,none,1,0,0,1,0,0,1,0,0,1
2hop__559076_55984,2hop__435087_55984,0.8049,Who wrote the song The Story sung by the performer of Give Up the Ghost?,Who wrote the song sung by the performer of The Story?,all,dense,0,1,0,0,1,1,1,1,0,0
2hop__71165_807969,2hop__73921_807969,0.8049,What team does the winner of the 2017 BBC African Footballer of the Year play for?,The BBC Footballer of the Year is a member of which team?,none,bm25+hybrid,0,0,1,0,0,0,1,0,1,0
3hop1__765565_326948_10972,3hop1__398232_326948_10972,0.8049,When did the birthplace of the Here Come the Girls performer elect its first black mayor?,When did the place of birth of the performer of Mother-in-Law elect its first black Mayor?,none,dense+hybrid,0,0,0,1,0,1,0,0,1,0
2hop__14092_8311,2hop__176712_8311,0.8044,When was John's eldest son crowned?,What year was the father of Katherine of England crowned?,dense+hybrid,all,0,0,1,0,1,1,1,1,1,1
3hop1__707569_228453_10972,3hop1__640171_228453_10972,0.8043,When did the headquarters city of the Fireball Cinnamon Whiskey manufacturer elect its first black mayor?,When did the headquarters city of the Blanton's manufacturer elect its first black mayor?,none,none,1,0,0,1,0,0,1,0,0,1
2hop__201704_135481,2hop__665660_135481,0.8041,What is the competition that the 1965 Federation Cup is part of named after?,The 1967 Federation Cup is an instance of this tournament which is named after what organization?,all,dense+hybrid,0,1,0,0,1,1,1,1,1,1
2hop__132929_684936,2hop__132929_120537,0.8039,What company eventually became the company that made the Skyflash missle?,When was the company that makes Skyflash abolished?,none,dense,0,0,0,1,0,1,0,0,0,1
4hop1__129682_59747_211319_557671,4hop1__131113_59747_211319_557671,0.8037,Which county shares a border with the county where the most populous city in the state where WSFN can be found is located?,Which county shares a border with the county where the most populous city in the state where Washington State Prison can be found is located?,none,none,1,0,0,1,0,0,1,0,0,1
2hop__122565_37168,2hop__159816_37168,0.8035,Where does the university that Mohamed Abu Hamed attended rank according to the QS World University Rankings?,According to QS World University Rankings where does the university where Hawass graduated rank?,all,all,1,1,1,1,1,1,1,1,1,1
3hop1__831499_228453_10972,3hop1__640171_228453_10972,0.8029,When did the city where the headquarters of Barton Premium Blend's manufacturer is located elect its first black mayor?,When did the headquarters city of the Blanton's manufacturer elect its first black mayor?,none,none,1,0,0,1,0,0,1,0,0,1
2hop__75207_365216,2hop__75207_46837,0.8029,"In which province is San Clemente, from the country where Fuser and Alberto meet the indigenous couple who were traveling to look for work?",When does the winter season begin in the place where fuser and alberto meet the indigenous couple who were traveling for work?,all,none,0,1,0,0,1,0,0,1,0,0
4hop1__105773_457883_650651_7262,4hop1__107309_457883_650651_7262,0.8029,Country A has an embassy from the country that produces the show Krystala. Who was a prominent figure in the radio division of the network that created a version of the Biggest Loser for country A?,The Embassy of the country where palitaw comes from is found in Bandar Seri Begawan in Country A. Who was a prominent figure at the radio division of the creator of The Biggest Loser at Country A?,none,none,1,0,0,1,0,0,1,0,0,1
2hop__461639_83837,2hop__735014_83837,0.8027,"Who sing ""Home Alone Tonight"" with the performer of ""country Man""?","Who sings Home Alone Tonight with the singer of ""I Don't Want This Night to End""?",dense,dense+hybrid,0,0,0,1,1,1,1,0,1,0
4hop1__161605_32392_823060_610794,4hop1__145087_32392_823060_610794,0.8023,What county is the city that shares a border with the state capital of the state where Darlington County located in?,What county is the city that shares a border with the state capital of the state where Velma Barfield was born located in?,none,none,1,0,0,1,0,0,1,0,0,1
3hop1__694534_160088_821792,3hop1__694534_160088_73916,0.8023,Who is the author of Growing Up this nationality of the creator MacGruder and Loud?,What is the average yearly income for a person of the same nationality as the creator of MacGruder and Loud?,none,none,1,0,0,1,0,0,1,0,0,1
4hop3__673447_132409_223216_35031,4hop3__673447_132409_145082_35031,0.8023,"Among the top five largest urban areas in the state Infest's performers were formed, what is the ranking of the city Pathology was formed in?","Among the top five largest urban areas in the state where Infest's performer was formed, where does Tammy Leitner's birth city rank?",none,none,1,0,0,1,0,0,1,0,0,1
3hop2__127483_91678_10557,3hop2__127483_60649_10557,0.8019,What was the language Auctor comes from during the era of the man crowned first Holy Roman Emperor later known as?,"What was the form of the language Auctor is in, used in the era of the Frankish king who created the Holy Roman Empire, later known as?",none,dense+hybrid,0,0,0,1,0,1,0,0,1,0
3hop1__536452_15840_36002,3hop1__791757_15840_36002,0.8019,What were the Genesis's advantages over the platform of Pinball Quest?,What were the Genesis's advantages over the system Knight Rider came out on?,none,none,1,0,0,1,0,0,1,0,0,1
4hop3__152056_698586_1926_54362,3hop2__57238_1926_54362,0.8019,Who burned down the death city of the artist responsible for Dunn Dunn in the war after which the first time black people declined in living in NYC?,"Who burned down the city where Keeping Up with the Joneses is set, during the war marking the first time that the number of black people living in NYC declined?",none,none,1,0,0,1,0,0,1,0,0,1
3hop1__337705_132457_47686,3hop1__389955_132457_47686,0.8017,Where do Greyhound buses leave from in the city where the band that recorded the album Never Too Loud formed?,Where do Greyhound buses leave from in the city where the band that recorded the album I'm Alive and on Fire formed?,dense+hybrid,none,0,0,0,1,1,0,0,1,0,0
2hop__284789_52835,2hop__81659_52835,0.8014,Who wrote Turn Me On by the performer who also did Sinkin' Soon?,Who wrote Turn Me On by the singer of Come Away with Me?,all,all,1,1,1,1,1,1,1,1,1,1
3hop1__401538_132457_51423,3hop1__401538_132457_47686,0.8014,What is the name of the castle in the city where the performer of We Sweat Blood formed?,Where do greyhound buses leave from in the city where the performer of We Sweat Blood was formed?,none,none,1,0,0,1,0,0,1,0,0,1
3hop1__694534_160088_49779,3hop1__694534_160088_73916,0.8012,Who is the host of Who Wants to be a Millionaire in the country that MacGruder and Loud's creator is from?,What is the average yearly income for a person of the same nationality as the creator of MacGruder and Loud?,none,none,1,0,0,1,0,0,1,0,0,1
2hop__435087_55984,2hop__275891_55984,0.8012,Who wrote the song sung by the performer of The Story?,Who wrote the song The Story that is sung by the performer of Rhapsody Originals?,dense,all,0,0,1,0,1,1,1,0,1,0
3hop1__465684_160545_34754,3hop1__446612_160545_34754,0.8011,What does the US believe caused the country where Bodindecha was born to help Japan?,What does the US believe caused the country where Ercole Manfredi died to help Japan?,none,none,1,0,0,1,0,0,1,0,0,1
4hop1__88342_49853_128008_46894,3hop1__617062_127905_46894,0.8008,Who has the lowest batting average in the league that the team that has won the most titles from the competition they give out MVP awards plays for?,Who has the lowest batting average in the league that Jim Wilson's team plays for?,none,dense+hybrid,0,0,0,1,0,1,0,0,1,0
2hop__199513_13732,2hop__199513_801817,0.8008,How old was Mary when engaged to the person from whom São José dos Campos takes it's name?,What is the birthplace of the person after whom São José dos Campos was named?,all,none,0,1,0,0,1,0,0,1,0,0
3hop1__465684_160545_34754,3hop1__539312_744503_34754,0.8006,What does the US believe caused the country where Bodindecha was born to help Japan?,"What does the U.S. believe caused the country where the birthplace of Yaovabha Bongsanid is located, to help Japan?",none,none,1,0,0,1,0,0,1,0,0,1
4hop1__151903_5274_458768_33633,4hop1__152028_141441_458768_33633,0.8006,When did the explorer reach the city where the only group larger than the record label of The Lost Trident Sessions is headquartered?,When did the explorer reach the headquarters location of the group Con-Test's record label is part of?,none,none,1,0,0,1,0,0,1,0,0,1
4hop1__152146_5274_458768_33677,4hop1__3496_5274_458768_33677,0.8005,When was the most recent Bicycle Friendly Community Award given to the city where the headquarters of the only group larger than Långa nätter's record label is located?,When was the most recent Bicycle Friendly Community Award given to the city where the headquarters of the only group larger than the company BMG partnered with in 2005-07?,none,none,1,0,0,1,0,0,1,0,0,1
4hop1__819901_32392_823060_610794,4hop1__408432_32392_823060_610794,0.8005,In which county is the city sharing a border with the capitol of the state where Johnson Hagood died?,In which county is the city sharing a border with the capitol of the state where WYFG is located?,none,none,1,0,0,1,0,0,1,0,0,1
4hop1__130276_59747_211319_557671,4hop1__131820_59747_211319_557671,0.8004,Which county shares a border with the county where the most populous city in the state where Redan High School is located?,Which county shares a border with the county where the most populous city in the state where WEKL operates is located?,none,none,1,0,0,1,0,0,1,0,0,1
2hop__30032_46621,2hop__157737_46621,0.8004,When was the celestial body that transforms nuclear potential energy to other forms of energy discovered to be the center of the solar system?,When was the celestial body that all objects focus on according to Kepler's laws discovered to be the center of the solar system?,all,dense+hybrid,0,1,0,0,1,1,1,1,1,1
3hop2__140194_49541_51068,3hop2__49541_140875_51068,0.8002,"Who is the actress who plays the role of the Queen of England in 1890, on the network that aired The Dinosaurs!?",Who is the actress who plays the Queen of England in 1890 on the station that aired High Feather?,none,none,1,0,0,1,0,0,1,0,0,1
4hop3__312119_132409_146285_35031,4hop3__373573_132409_146285_35031,0.7999,"Among the top five largest urban areas in the state where Getting Away with Murder's performer was formed, where does city in which Alexander Golitzen died rank?",Where does the city where Alexander Golitzen died rank in the top five largest urban areas of the state where Still Swingin's performers were formed?,none,none,1,0,0,1,0,0,1,0,0,1
2hop__631024_18974,2hop__10017_18974,0.7998,Who led the military expedition in the province where Gong Beibi was born?,Who led the military expedition in the province that borders Zhejiang to the south?,dense+hybrid,dense+hybrid,1,0,0,1,1,1,1,1,1,1
2hop__800166_156034,2hop__827755_156034,0.7996,What is the river where Long Spruce Generating Station is located a tributary of?,What is the river that the Kettle Generating Station is located on a tributary of?,none,none,1,0,0,1,0,0,1,0,0,1
2hop__73921_807969,2hop__83489_747874,0.7995,The BBC Footballer of the Year is a member of which team?,Who is the brother of the player who has won the most bbc sports personality of the year awards?,bm25+hybrid,dense,0,1,0,0,0,1,0,1,0,0
2hop__28203_55840,2hop__42578_55840,0.7991,Who played king whose regal Name did Albert Adopt in the king's speech?,Who played the monarch at the end of WW2 in The King's Speech?,all,dense+hybrid,0,1,0,0,1,1,1,1,1,1
4hop1__152146_5274_458768_33632,4hop1__152146_5274_458768_33637,0.7989,What day is the Feast held in the city where the headquarters of the only group larger than Långa nätter's record label is located?,How many ethnic minorities were looked at differently in the city where the headquarters of the only group larger than Långa nätter's record label is located?,none,none,1,0,0,1,0,0,1,0,0,1
3hop1__28841_547811_80702,3hop1__178435_547811_80702,0.7988,What is the name of the famous bridge in the place of birth of who composed the Concerto in C Major Op 3 6?,What is the name of the famous bridge in the birthplace of Gloria in D Major's composer?,none,none,1,0,0,1,0,0,1,0,0,1
2hop__24697_634490,2hop__24697_578772,0.7986,Who is the sibling of Shu Yu from the Chinese capital that Kanmu modeled his government after?,The name of the Chinese capitol Kanmu modeled his government after is an instance of what?,none,none,1,0,0,1,0,0,1,0,0,1
4hop1__15607_59747_211319_557671,4hop1__131113_59747_211319_557671,0.7986,Which county shares a border with the county where the most populous city in the state where armed robbery is a capital crime is located?,Which county shares a border with the county where the most populous city in the state where Washington State Prison can be found is located?,none,none,1,0,0,1,0,0,1,0,0,1
4hop3__373573_132409_146285_35031,4hop3__373573_132409_223216_35031,0.7977,Where does the city where Alexander Golitzen died rank in the top five largest urban areas of the state where Still Swingin's performers were formed?,The band Pathology formed in a city whose urban area ranks where by size among the urban areas of the state where the Still Swingin' song's band formed?,none,none,1,0,0,1,0,0,1,0,0,1
2hop__81659_52835,2hop__525242_52835,0.7975,Who wrote Turn Me On by the singer of Come Away with Me?,"Who wrote ""Turn Me On"" by performer of ""Happy Pills""?",all,dense+hybrid,0,1,0,0,1,1,1,1,1,1
4hop1__151903_5274_458768_33633,4hop1__151903_5274_458768_33677,0.7973,When did the explorer reach the city where the only group larger than the record label of The Lost Trident Sessions is headquartered?,When was the most recent BFC award given to the city where the only record music group larger than the recording label for The Lost Trident Sessions is located?,none,none,1,0,0,1,0,0,1,0,0,1
2hop__398344_54166,2hop__398344_439882,0.7972,Who many players can play in the game based on the show that Steven the Sword Fighter is part of?,Who is the creator of the main character in the Steven the Sword Fighter series?,all,all,1,1,1,1,1,1,1,1,1,1
3hop1__152880_131926_13165,3hop1__635099_131926_13165,0.7972,What treaty ceded territory to the US extending west to the body of water by the city Astronautalis is from?,What treaty ceded territory to the US extending west to the body of water by the city where Write This Down was formed?,none,none,1,0,0,1,0,0,1,0,0,1
2hop__445963_6098,2hop__445963_6095,0.7972,Over how many slaves ended up getting emancipated on the birth place of Francis Watson?,When was the importation of slaves banned in the birthplace of Francis Watson?,dense,none,0,0,0,1,1,0,0,0,0,1
4hop1__777217_32392_823060_610794,4hop1__433767_32392_823060_610794,0.797,What county is the city that shares a border with the state capital of the state where Andrew Deveaux was born located in?,In what county is located the city that shares a border with the capital of the state where Mike Dow was born?,none,none,1,0,0,1,0,0,1,0,0,1
2hop__88406_83289,2hop__586343_83289,0.797,"Who stars alongside the songwriter of ""No Tears Left to Cry"" in the music video for ""one last time""?",Who is the guy in the video of the performer of One Last Time?,all,dense+hybrid,0,1,0,0,1,1,1,1,1,1
4hop2__9988_261673_70784_61381,4hop2__9988_261673_70784_79935,0.7968,The country in what was the Near East and bordering the sea over which shamal winds blow was established when?,When was the region immediately north of the region that prevailed with the disgrace of Near East and the terrain feature on which shamal is located created?,dense+hybrid,none,0,0,0,1,1,0,0,1,0,0
3hop1__462960_160545_34751,3hop1__462960_160545_34754,0.7967,What year did the country where Pao Sarasin was born form an alliance with Japan?,What does the US believe caused the country of the birthplace of Pao Sarasin to help Japan?,none,none,1,0,0,1,0,0,1,0,0,1
3hop1__136016_87694_124169,3hop1__136016_87694_64412,0.7964,On what date did Governor of the location where the basilica named after the same saint as Leeds Minster and the head of the catholic religion end?,When did the place where the Basilica that is named after the same person as Leeds Minister located in become its own country?,none,none,1,0,0,1,0,0,1,0,0,1
2hop__38030_23241,2hop__37353_23241,0.796,"According to Pew, in 2010, what percent of Nigeria's population practiced the religion dominant in the countries surrounding Armenia?","According to Pew in 2010, what percent of Nigeria's population was the people who conquered the Eastern provinces of the Byzantine empire?",none,none,1,0,0,1,0,0,1,0,0,1
3hop1__389069_132457_47686,3hop1__389069_132457_51423,0.7959,"Where do greyhound buses depart from, in the city where the performer of Sleep Is the Enemy was formed?",What is the name of the castle in the city where the performer of Sleep is the Enemy was formed?,none,none,1,0,0,1,0,0,1,0,0,1
2hop__442175_56873,2hop__327688_56873,0.7957,When did the team that Jamie Ward is a member of win the FA Cup?,When did the sports team that Craig Westcarr played for win the fa cup?,none,none,1,0,0,1,0,0,1,0,0,1
4hop1__58323_375563_161848_61344,4hop1__58323_375563_161848_83118,0.7953,What continent is the country located near the country of citizenship of The Book Thief's author part of?,When does daylight savings end in the country near the country where the author of The Book Thief is from?,none,none,1,0,0,1,0,0,1,0,0,1
2hop__468778_88165,2hop__846415_88165,0.795,Who did the spouse of Hagar marry after the death of Sarah?,Who did Jokshan's father marry after the death of Sarah?,dense+hybrid,none,0,0,0,1,1,0,0,1,0,0
2hop__22885_160040,2hop__37656_160040,0.7949,"Who is the guy defending stuff from the religious scripture that fits into a large, loose definition of legal literature?",Who is the guy defending this stuff from the highest authority in Protestantism for morals?,dense,dense,1,0,0,1,1,1,1,0,0,1
4hop1__749065_698949_157828_239539,4hop1__9007_698949_157828_239539,0.7948,"Where are the headquarters of the Radio Television, of the country whose co-official language was used in the film named after the city where Slavko Šurdonja?",The original language of the film titled and about the city of Tito's final resting place is the co-official language of a country. Where are the headquarters for that country's national radio and TV broadcaster?,none,none,1,0,0,1,0,0,1,0,0,1
2hop__86689_728109,2hop__57638_72467,0.7945,What team drafted the winner of the NBA scoring title this year?,What team picked the highest point average holder in NBA history in the NBA draft?,none,dense,0,0,0,1,0,1,0,0,0,1
3hop1__446612_160545_34751,3hop1__446612_160545_34754,0.7943,What year did the country where Ercole Manfredi was born form an alliance with Japan?,What does the US believe caused the country where Ercole Manfredi died to help Japan?,none,none,1,0,0,1,0,0,1,0,0,1
2hop__17192_77606,3hop1__17192_78396_54865,0.7943,"In ancient times, why was the geographical location of the country that secured southern Lebanon in 1978 strategic?","When were the American colonies lost by the country that owned the region that secured southern Lebanon in 1978, before it achieved country status?",none,none,1,0,0,1,0,0,1,0,0,1
2hop__135651_669373,2hop__135652_669373,0.794,Which university employed the person that Mach bands are named after?,Who is the employer of the physicist who Mach number is named after?,all,dense,0,1,0,0,1,1,1,1,0,0
4hop3__275416_24325_156850_10557,3hop2__127483_156850_10557,0.7936,"Despite being located in East Belgium, the Carnival of the birth place of Guido Maus harks purely to an area. What was the language having the same name as this area of the era with Fastrada's spouse's name later known as?",What was the language Auctor comes from during the era of Fastrada's spouse later known as?,dense,all,0,0,1,0,1,1,1,0,1,0
3hop1__639955_834494_34053,3hop1__639955_834494_34109,0.7936,What was the wettest year of the city located in the county that also contains Helvetia?,What is the PBS station of the city in the same county as Helvetia?,bm25+hybrid,bm25+hybrid,1,1,1,1,0,0,1,1,1,1
3hop1__823336_228453_10972,3hop1__390673_228453_10972,0.7935,When did the city where the manufacturer of Ten High is headquartered elect its first black mayor?,When did the headquarters city of Kentucky Tavern's manufacturer elect its first black mayor?,none,none,1,0,0,1,0,0,1,0,0,1
4hop1__444892_32392_823060_610794,4hop1__37608_32392_823060_610794,0.7934,In what county is the city that shares a border with the capital of the state where Levi Casey was born?,Which county has the location that shares a border with the city that became the state capital of where Representative Thomas Tucker was from?,none,none,1,0,0,1,0,0,1,0,0,1
3hop1__516535_834494_33939,3hop1__273571_834494_33939,0.7933,"In 1900, what was the population of the city in the same county as Allen?",What was the population in 1900 of the city that shares a county with Summit?,bm25+hybrid,bm25+hybrid,1,1,1,1,0,0,1,1,1,1
4hop3__773800_152874_161616_77103,4hop3__531933_836463_161616_77103,0.7932,When did the city the 2010 Sony Ericsson Open – Men's Singles winner is from become the capitol of the state Knowles is from?,When did the city where Souvenir's performer was born become the capitol of the state Knowles was from?,none,none,1,0,0,1,0,0,1,0,0,1
3hop2__67618_30587_44003,3hop2__159979_30587_44003,0.7931,Where does the ocean adjacent to Miami meet the body of water where the Mississippi River empties into the sea?,Where does the ocean adjacent to Miami meet the ocean basin at where the tropical Storm Allison ended up?,none,none,1,0,0,1,0,0,1,0,0,1
3hop1__465684_160545_34754,3hop1__465684_160545_34751,0.7927,What does the US believe caused the country where Bodindecha was born to help Japan?,What year did the country that includes the birth city of Bodindecha form an alliance with Japan?,none,none,1,0,0,1,0,0,1,0,0,1
3hop1__17192_78396_157843,3hop1__17192_78396_54865,0.7926,"When was Lower Burma annexed by the country that owned the region that secured southern Lebanon in 1978, before it became a nation?","When were the American colonies lost by the country that owned the region that secured southern Lebanon in 1978, before it achieved country status?",none,none,1,0,0,1,0,0,1,0,0,1
4hop1__94201_642284_131926_13165,3hop1__635099_131926_13165,0.7925,What treaty ceded territory to the US extending west to the body of water by the city where the designer of Southeast Library died?,What treaty ceded territory to the US extending west to the body of water by the city where Write This Down was formed?,none,none,1,0,0,1,0,0,1,0,0,1
4hop1__151650_5274_458768_33632,4hop1__151650_5274_458768_33677,0.7924,What day is the Feast in the city where the headquarters of the only group larger than Desde El Principio's record label held on?,When was the most recent Bicycle Friendly Community Award given to the city where the only group larger than the record label of Desde El Principio is headquartered?,none,none,1,0,0,1,0,0,1,0,0,1
3hop1__848113_15840_36002,3hop1__691197_15840_36002,0.7924,What were the Genesis's advantages over the system which had a three letter abbreviation and was also the platform for Star Voyager?,What were the Genesis's advantages over the console whose three letter abbreviation stood for the full console name and also featured the game Yoshi?,dense+hybrid,none,0,0,0,1,1,0,0,1,0,0
2hop__706637_93362,2hop__771727_93362,0.7923,"What is the movie starring Preity Zinta, Madhuri Dixit and the spouse of Kajol?",What preity zinta and madhuri dixit movie had a cast member from U Me Aur Hum ?,none,bm25+hybrid,0,0,1,0,0,0,1,0,1,0
4hop3__160230_470287_128875_72134,4hop3__160230_470287_862998_72134,0.7921,When did the town WLUJ is licensed in become capitol of the state in which a statue of a Latin mother goddess is located?,When did the city where Hillcrest High School is located become capitol of the state in which a statue of a Latin mother goddess is located?,dense,none,0,0,0,1,1,0,0,0,0,1
2hop__22885_160040,2hop__22885_36240,0.792,"Who is the guy defending stuff from the religious scripture that fits into a large, loose definition of legal literature?","What specific part of the religious scripture that can be fit into a large, loose definition of legal literature does this document reference for Mary?",dense,dense,1,0,0,1,1,1,1,0,0,1
2hop__22930_23241,2hop__38030_23241,0.7917,What percent of Nigerians in 2010 were the same religion as Avicenna?,"According to Pew, in 2010, what percent of Nigeria's population practiced the religion dominant in the countries surrounding Armenia?",bm25+hybrid,none,0,1,0,0,0,0,1,1,0,0
2hop__80_59409,2hop__69_59409,0.7915,"Who was the artist who did a duet with Beyonce in the single ""Deja Vu"" talking about in the song ""Cry""?","Who was the artist who is associated with Beyonce's premiere solo recording talking about in the song ""Cry""?",none,none,1,0,0,1,0,0,1,0,0,1
2hop__88372_83837,2hop__735014_83837,0.7909,Who sings home alone tonight with the singer of you can crash my party anytime?,"Who sings Home Alone Tonight with the singer of ""I Don't Want This Night to End""?",dense+hybrid,dense+hybrid,1,0,0,1,1,1,1,1,1,1
2hop__10017_18974,2hop__36747_18974,0.7908,Who led the military expedition in the province that borders Zhejiang to the south?,Who led the military expedition in the place where the fight between Ming loyalists and Manchus occurred?,dense+hybrid,bm25+hybrid,0,0,1,0,1,0,0,1,1,1
4hop1__151903_5274_458768_33633,4hop1__151903_5274_458768_33637,0.7908,When did the explorer reach the city where the only group larger than the record label of The Lost Trident Sessions is headquartered?,How many ethnic minorities were looked at differently where the only group larger than the record label of The Lost Trident Sessions is headquartered?,none,none,1,0,0,1,0,0,1,0,0,1
4hop3__524186_219173_128875_72134,4hop3__524186_219173_548463_72134,0.7907,When did the town WLUJ is licensed in become the capital of the state where The Poor Boob's screenwriter was born?,When did the city where Superior Drill Company is located become capitol of the state where the screenwriter of The Poor Boob was born?,none,hybrid,0,0,0,1,0,0,1,0,1,0
2hop__847433_11402,2hop__40270_11402,0.7902,"According to the organization that creates census county division, what is the total area in square miles?","According to the agency that considers if Los Angeles County is to be a separate metropolitan area, what is the total area in square miles?",all,bm25+hybrid,0,1,1,1,1,0,0,1,1,1
2hop__518354_67465,2hop__567588_67465,0.79,When did the performer of Blue Slide Park release Best Day Ever?,When did the performer of Goosebumpz release best day ever?,all,dense+hybrid,0,1,0,0,1,1,1,1,1,1
3hop1__273571_834494_34099,3hop1__273571_834494_34053,0.7897,How long are city council terms in the city in the same county as Summit?,What was the wettest year for the city in the same county as Summit?,dense+hybrid,all,0,0,1,0,1,1,1,1,1,1
2hop__511176_22458,2hop__778212_22458,0.7894,What does the acronym of the organization Danish Football Union is part of stand for?,"What does the abbreviated name of the organization that includes the Scottish Football Association as a member, stand for?",none,none,1,0,0,1,0,0,1,0,0,1
2hop__9174_9237,2hop__326140_9237,0.7894,When did the first mosque in the capital of the Marshall Islands open?,When did the first mosque open where Federated States of Micronesia Maritime Boundary Treaty was signed?,none,none,1,0,0,1,0,0,1,0,0,1
3hop1__540585_568433_51423,3hop1__540585_568433_47686,0.7894,What is the name of the castle in the city where the headquarters of the production company of Miss Spider's Sunny Patch Kids is located?,Where do greyhound buses leave from in the location of the headquarters of the production company of Miss Spider's Sunny Patch Kids?,none,none,1,0,0,1,0,0,1,0,0,1
3hop1__222497_309482_41132,3hop1__222497_309482_89834,0.7892,How many times did plague occur in Al gran sole carico d'amore's composer's work location?,When did the merchant of the city where the composer of Al gran sole carico d'amore takes place?,none,none,1,0,0,1,0,0,1,0,0,1
4hop1__178366_229349_66759_75165,4hop1__625463_229349_66759_54221,0.7891,There is a state A where Storm of the Century was filmed based on the book by the author who wrote a short story featuring the author of This Is My God. What is the population of state A?,Storm of the Century filmed in state A based on the book by the author who wrote a story featuring the author of The Hope. When do alcohol sales start in state A?,none,hybrid,0,0,0,1,0,0,1,0,1,0
3hop1__228_237521_291682,3hop1__67704_237521_291682,0.7889,Who is the wife of the man who produced the documentary of the pop star who influenced Beyonce?,Who is the wife of the man who produced the documentary of the pop star who sings I Want to Rock With You?,dense,none,0,0,0,1,1,0,0,0,0,1
2hop__44259_747874,2hop__83800_747874,0.7888,Who is the sibling of the player who won the 2012 U.S. Open Men's Singles final?,Who's the sibling of the player who won the men's wimbledon championship 2016?,dense+hybrid,dense,0,0,0,1,1,1,1,1,0,0
4hop1__115977_582428_157828_162309,4hop1__118068_582428_157828_162309,0.7887,When did the country whose co-official language was used by the director of And Love Has Vanished first attend the Olympics games as an independent team?,"When did the country, whose co-official language was used by the director of Group Portrait with a Lady, first attend the Olympics as an independent team?",hybrid,hybrid,1,0,0,1,0,0,1,1,1,1
3hop1__136129_87694_64412,3hop1__365934_87694_64412,0.7887,When did the place where the head of the catholic region named after the same saint as the Dakovo Cathedral become its own country?,When did the location of the head of the catholic religion with a basilica named after the same saint as Mantua Cathedral become its own country?,none,none,1,0,0,1,0,0,1,0,0,1
4hop1__131820_59747_211319_557671,3hop1__131820_59747_48534,0.7886,Which county shares a border with the county where the most populous city in the state where WEKL operates is located?,"Who is Grant Park, in the largest city by population in the state where WEKL is found, named after?",none,none,1,0,0,1,0,0,1,0,0,1
3hop1__79039_131926_87157,3hop1__79039_131926_90707,0.7884,What is the direction of flow of the body of water by the home of the juicy lucy?,Where does the body of water by the city home to the Juicy Lucy and the Ohio River meet?,none,none,1,0,0,1,0,0,1,0,0,1
2hop__398344_85513,2hop__398344_439882,0.7881,When is the next episode of the series that Steven the Sword Fighter is a part of being released?,Who is the creator of the main character in the Steven the Sword Fighter series?,none,all,0,0,1,0,0,1,0,0,1,0
2hop__806869_56873,2hop__629030_56873,0.7878,When did Andrea Silenzi's team win the FA cup?,When did the 1979-80 European Cup winner win the FA Cup?,none,all,0,0,1,0,0,1,0,0,1,0
2hop__668407_683671,2hop__789565_416401,0.7877,Who is the father of Empress Wang's husband?,Who is the child of Empress Dowager Huang's child?,dense,dense,1,0,0,1,1,1,1,0,0,1
2hop__42747_83837,2hop__461639_83837,0.7873,Who sings Home Alone Tonight with the singer of Light It Up?,"Who sing ""Home Alone Tonight"" with the performer of ""country Man""?",all,dense,0,1,0,0,1,1,1,1,0,0
4hop1__3496_5274_458768_33633,4hop1__152146_5274_458768_33633,0.7872,What date did the explorer reach the location of the headquarters of the only company larger than BMG's partner from 2005-2007?,When did the explorer reach the headquarters location of the only company larger than Langa natter's record label?,none,none,1,0,0,1,0,0,1,0,0,1
3hop1__635099_131926_13165,3hop1__131783_131926_13165,0.7871,What treaty ceded territory to the US extending west to the body of water by the city where Write This Down was formed?,What treaty ceded territory to the US extending west to the body of water by the location of the Minikahda Club?,none,none,1,0,0,1,0,0,1,0,0,1
4hop2__161602_474028_88460_21057,4hop2__161602_474028_88460_21062,0.787,"During British rule, what wood was mostly produced in the nation that's the boundary between the host of the 2020 AFC U-23 Championship qualification, and the nation containing A Don?",Can foreign tourists cruise to the country between the nation that hosted 2020 AFC U-23 Championship qualification and the one that contains A Don.?,none,none,1,0,0,1,0,0,1,0,0,1
2hop__757497_78606,2hop__803903_78606,0.787,"In Grown Ups, who plays the wife of the actor who produced The Chosen One?",Who plays the wife of Big Stan's director in Grown Ups?,dense,dense,1,0,0,1,1,1,1,0,0,1
3hop1__79039_131926_13165,3hop1__79039_131926_90707,0.7868,What treaty ceded territory to the US extending west to the river next to the city that's the home of the Juicy Lucy?,Where does the body of water by the city home to the Juicy Lucy and the Ohio River meet?,none,none,1,0,0,1,0,0,1,0,0,1
3hop1__305566_568433_47686,3hop1__305566_568433_51423,0.7866,Where do greyhound buses leave from the in the city where the headquarters of the production company which produced A Cosmic Christmas is located?,What is the name of the castle in the city where the headquarters of the production company of A Cosmic Christmas is located?,none,none,1,0,0,1,0,0,1,0,0,1
3hop2__43892_23308_28343,3hop2__104979_23308_28343,0.7863,When did the troops of the country blamed for the stagnation and failure of the Tripartite discussion leave the country that receives the most U.S. foreign aid?,When did the troops of the country blamed for the stagnation and failure of the Tripartite discussion leave the country known for Afghan bread?,none,dense+hybrid,0,0,0,1,0,1,0,0,1,0
3hop1__103197_214799_259594,3hop1__865037_214799_259594,0.7862,What country gas the border troops of the country of the literature of the country of Andreas Zülow's citizenship?,Border troops of the country of literature of the country of citizenship of Rainer Ernst are from what country?,none,none,1,0,0,1,0,0,1,0,0,1
2hop__43283_86694,4hop1__88342_49853_128008_80487,0.786,Who has the most wins in the league that wins the All Star Game more often?,When was the all-star game played for the league that includes the team with the most titles won just before the mlb mvp is awarded?,all,none,0,1,0,0,1,0,0,1,0,0
4hop2__161602_426860_88460_20988,4hop2__161602_426860_88460_21057,0.786,What major conflict is the country between the country that hosted the tournament and the country where That Dam is from known for?,"During British rule, what wood product was produced primarily in the country between the country that hosted the tournament and the country where That Dam is from?",none,none,1,0,0,1,0,0,1,0,0,1
2hop__542569_87295,2hop__776637_87295,0.7856,Who does the performer of A Spoonful of Sugar play in Princess Diaries?,Who does the cast member from Julie play in Princess Diaries?,none,all,0,0,1,0,0,1,0,0,1,0
2hop__37656_36240,2hop__22885_36240,0.7856,What specific part of the document that is the highest authority in Protestantism for morals reference Mary?,"What specific part of the religious scripture that can be fit into a large, loose definition of legal literature does this document reference for Mary?",dense,dense,1,0,0,1,1,1,1,0,0,1
3hop1__208108_547811_80702,3hop1__689538_547811_80702,0.785,What is the name of the famous bridge in the city where the composer of La Silvia was born?,What is the name of the famous bridge in the city where the composer of La costanza trionfante degl'amori e de gl'odii was born?,none,none,1,0,0,1,0,0,1,0,0,1
2hop__13986_40169,2hop__13986_161674,0.785,What year did the storm hit the fleet of the person that Henry fought a short war with in 1183?,What month did the person with whom Henry fought a short war in 1183 go away from the holy land?,none,dense,0,0,0,1,0,1,0,0,0,1
3hop1__573244_339990_15538,3hop1__491648_339990_15538,0.7849,When did the state where Kashinka Hollow is located in reinstate the death penalty?,When did the state where Coles Creek is located reinstate the death penalty?,none,none,1,0,0,1,0,0,1,0,0,1
3hop2__49541_121067_51068,3hop2__49541_140875_51068,0.7848,The queen of england in 1890 is portrayed on the network that broadcast The Pacific Century by whom?,Who is the actress who plays the Queen of England in 1890 on the station that aired High Feather?,none,none,1,0,0,1,0,0,1,0,0,1
3hop1__462125_538202_84283,3hop1__326941_366209_84283,0.7846,Who is the owner of the record label that the performer of Days of Our Lives is on?,Who is the owner of the record label that the performer of Trojans belongs to?,none,none,1,0,0,1,0,0,1,0,0,1
2hop__53433_59035,2hop__51881_20590,0.7846,The beautiful country used as a backdrop for the movie The Lord of the Rings was founded on what date?,When was self-government achieved in the location where Lord of the Rings was filmed?,none,none,1,0,0,1,0,0,1,0,0,1
2hop__6745_6731,2hop__6744_6731,0.7844,What two dialects does the /u/ remaining distinct in this form of Catalan include?,What two dialects are included in the other pattern other vowels follow?,bm25+hybrid,none,0,1,0,0,0,0,1,1,0,0
4hop1__161605_32392_823060_610794,4hop1__129721_32392_823060_610794,0.7843,What county is the city that shares a border with the state capital of the state where Darlington County located in?,What county is the city that shares a border with the state capital of the state where Zubly Cemetery is located in?,none,none,1,0,0,1,0,0,1,0,0,1
2hop__223823_29898,2hop__434218_29898,0.7837,Which affiliate left the owner of Canadian Broadcasting Centre due to an agreement with CHBC?,Which affiliate left the employer of Don Newman due to an agreement with CHBC?,none,none,1,0,0,1,0,0,1,0,0,1
4hop1__151650_5274_458768_33632,4hop1__151650_5274_458768_33637,0.7833,What day is the Feast in the city where the headquarters of the only group larger than Desde El Principio's record label held on?,How many ethnic minorities were looked at differently in the city where the headquarters of the only group larger than Desde El Principio's record label is located?,none,none,1,0,0,1,0,0,1,0,0,1
4hop1__15607_59747_211319_557671,4hop1__15567_59747_211319_557671,0.7828,Which county shares a border with the county where the most populous city in the state where armed robbery is a capital crime is located?,Which county shares a border with the county where the most populous city in the state that sentenced Demarcus Sears to death is located?,none,none,1,0,0,1,0,0,1,0,0,1
3hop1__518381_709625_84283,3hop1__742780_567566_84283,0.7828,Who owns the record label of the Lovin' All Night performer?,Who owns the record label where the singer of All Right records?,none,none,1,0,0,1,0,0,1,0,0,1
2hop__434218_29905,2hop__223823_29905,0.7826,How many mandatory transmitters of Don Newman's employer were updated before the deadline?,How many mandatory transmitters of the Canadian Broadcasting Centre's owner were updated before the deadline?,none,none,1,0,0,1,0,0,1,0,0,1
3hop1__786067_228453_10972,3hop1__390673_228453_10972,0.7825,When did the city that headquarters the manufacturer of McAfee's benchmark elect its first black Mayor?,When did the headquarters city of Kentucky Tavern's manufacturer elect its first black mayor?,none,none,1,0,0,1,0,0,1,0,0,1
4hop1__152562_5274_458768_33632,4hop1__152562_5274_458768_33677,0.7824,"What day is the feast held, in the city that holds the headquarters of the only music company that is larger than the record label of Vilaiyaadu Mankatha?",Vilaiyaadu Mankatha's record label has just one company that is larger than it. When was the most recent Bicycle Friendly Community award given to the city where the headquarters of that larger company lies?,none,none,1,0,0,1,0,0,1,0,0,1
3hop1__622497_160088_73916,3hop1__622497_160088_821792,0.7821,What is the average yearly income for someone with the same nationality as the producer of The Wild Women of Chastity Gulch?,Who wrote a book about growing up in the same nationality as the man who produced The Wild Women of Chastity Gulch?,none,none,1,0,0,1,0,0,1,0,0,1
4hop1__567737_141375_458768_33633,4hop1__567737_141375_458768_33632,0.782,When did the explorer reach the headquarters location of the group Study in Brown's record label is part of?,"What day is the feast held in the city containing the headquarters of the company, that owns the record label that released Study in Brown?",none,none,1,0,0,1,0,0,1,0,0,1
3hop1__801799_547811_80702,3hop1__208108_547811_80702,0.7817,What is the name of the famous bridge in the place of birth of the composer of La fida ninfa?,What is the name of the famous bridge in the city where the composer of La Silvia was born?,none,none,1,0,0,1,0,0,1,0,0,1
3hop1__53690_161697_49779,3hop1__53690_161697_73916,0.7814,Who was a host of Who Wants to be a Millionaire who shares the same nationality as the author of The Feminine Mystique?,What is the average yearly income for the same nationality as the author of The Feminine Mystique?,none,none,1,0,0,1,0,0,1,0,0,1
3hop1__786067_228453_86925,3hop1__786067_228453_10972,0.7814,What is the symbol of the Saints from the city where the headquarters of the manufacturer of McAfee's Benchmark called?,When did the city that headquarters the manufacturer of McAfee's benchmark elect its first black Mayor?,none,none,1,0,0,1,0,0,1,0,0,1
3hop1__106042_64399_53006,3hop1__106042_64399_59680,0.7814,"What is the great mosque constructed at the site of the old temple in the city originating christianity in Rome, Egypt, Judea and the country for Vasilopita?","How many Stations of the Cross happened in the city originating Christianity in Rome, Egypt, Judea and the country for Vasilopita?",none,none,1,0,0,1,0,0,1,0,0,1
2hop__567588_67465,2hop__215898_67465,0.7812,When did the performer of Goosebumpz release best day ever?,"When did the performer of I Love Life, Thank You release Best Day Ever?",dense+hybrid,dense+hybrid,1,0,0,1,1,1,1,1,1,1
4hop1__638706_765799_282674_759393,4hop1__833841_378185_282674_759393,0.7812,What is the seat of the county sharing a border with the county where Tenement was founded?,What is the seat of the county sharing a border with the county in which Amy McKenzie was born?,none,none,1,0,0,1,0,0,1,0,0,1
2hop__170823_120171,2hop__151455_120171,0.7811,What year did the publisher of Labyrinth end?,What was the last year of the Castle of Riddles publisher?,none,dense,0,0,0,1,0,1,0,0,0,1
2hop__6735_6733,2hop__6745_6731,0.781,To what division does the language that comprises the standard pronunciation of Catalan belong?,What two dialects does the /u/ remaining distinct in this form of Catalan include?,bm25+hybrid,bm25+hybrid,1,1,1,1,0,0,1,1,1,1
2hop__747758_58067,2hop__89991_58067,0.7809,Who was honored with the award Dhondo Keshav Karve received prior to becoming president of India?,Who was honored with the highest award in India before becoming president?,dense+hybrid,none,0,0,0,1,1,0,0,1,0,0
3hop1__131820_59747_43101,3hop1__131820_59747_90139,0.7807,The Real Housewives series from the largest city of the state where WEKL transmits started when?,"Which star of the Real Housewives show, set in the largest city by population in the state where WEKL is located, is married to an NFL player?",none,none,1,0,0,1,0,0,1,0,0,1
2hop__70338_36240,2hop__70338_160040,0.7802,"What specific part of the book where the quote ""by the skin of your teeth"" comes from document reference for Mary?",Who is the guy defending this stuff from the book from which by the skin of your teeth originated?,dense+hybrid,dense,0,0,0,1,1,1,1,1,0,0
3hop1__142044_538202_84283,3hop1__285585_538202_84283,0.7802,Who is the owner of the record label of the performer responsible for the album Just Got Started Lovin' You?,Who is the owner of the record label of the performer of Groovy Little Summer Song?,none,none,1,0,0,1,0,0,1,0,0,1
2hop__132472_120537,2hop__132472_684936,0.7801,When was the company that makes ALARM abolished?,The company making ALARM follows which company?,none,none,1,0,0,1,0,0,1,0,0,1
2hop__442175_56873,2hop__50432_56873,0.78,When did the team that Jamie Ward is a member of win the FA Cup?,When did the team that won the 1959 fa cup final beating luton town 2-1 win the fa cup?,none,dense+hybrid,0,0,0,1,0,1,0,0,1,0
3hop2__14253_76873_64554,3hop2__69814_76873_64554,0.78,"Following the conflict that's the setting for Memoirs of a Geisha, the struggle in which some airfield runways were painted green, developed between the U.S. and what nation?","After the war that provides the setting for Memoirs of a Geisha, a conflict in which Germany was divided into two countries, developed between the U.S. and what nation?",bm25,bm25+hybrid,0,1,1,1,0,0,1,0,1,0
2hop__75207_53316,2hop__75207_365216,0.7798,"Before the military coup was staged, who was the president of the country where Fuser and Alberto met the indigenous couple who were traveling to look for work?","In which province is San Clemente, from the country where Fuser and Alberto meet the indigenous couple who were traveling to look for work?",none,all,0,0,1,0,0,1,0,0,1,0
3hop2__140194_49541_51068,3hop2__140194_16797_51068,0.7797,"Who is the actress who plays the role of the Queen of England in 1890, on the network that aired The Dinosaurs!?",What actress plays the first reigning monarch from Britain to set foot in Spain on the network that aired The Dinosaurs?,none,none,1,0,0,1,0,0,1,0,0,1
2hop__59612_42429,2hop__59612_42352,0.7786,When did the French and Indian War end on the continent where London Broil comes from?,How many people were in British Colonies where does the london broil cut come from ?,hybrid,none,0,0,0,1,0,0,1,1,0,0
4hop1__39871_314549_131976_44528,4hop1__39871_314549_131976_90181,0.7784,"Williamsburg, Main Street station and another station share a track in a state bounded by an ocean. Where does that ocean meet the Gulf of Mexico?",What is the deepest part of the ocean by the state where Main Street Station is located?,dense,none,0,0,0,1,1,0,0,0,0,1
3hop1__671542_665330_51423,3hop1__671542_665330_47686,0.7783,What is the name of the castle in city where the performer of Darlings was formed?,Where do greyhound buses leave from in the city where the performer of Darlings formed?,none,none,1,0,0,1,0,0,1,0,0,1
4hop2__161602_474028_88460_21063,4hop2__161602_474028_88460_21062,0.7779,There exists a country A that forms a boundary between the host of the 2020 AFC U-23 Championship and the country containing the village of A Don. What is the business that began trading stocks in the winter of 2014 in country A?,Can foreign tourists cruise to the country between the nation that hosted 2020 AFC U-23 Championship qualification and the one that contains A Don.?,none,none,1,0,0,1,0,0,1,0,0,1
4hop1__767417_624859_355213_203322,4hop1__482815_624859_355213_203322,0.7776,What county shares a border with the county where the performer of Change of Heart was born?,"What county shares a border with the other county, that contains the city, that is the birthplace of the performer of Never Gonna Fall in Love Again?",none,none,1,0,0,1,0,0,1,0,0,1
3hop1__532517_214799_259594,3hop1__865037_214799_259594,0.7768,What country has the border troops of the country of the literature of the country of Karl Maron citizenship?,Border troops of the country of literature of the country of citizenship of Rainer Ernst are from what country?,none,none,1,0,0,1,0,0,1,0,0,1
3hop1__389955_132457_51423,3hop1__307152_400692_51423,0.7768,What is the name of the castle in the city where the performer of I'm Alive and on Fire was formed?,What is the name of the castle in the city where the performer of Fall was born?,none,none,1,0,0,1,0,0,1,0,0,1
3hop1__307152_400692_51423,3hop1__726561_132457_51423,0.7767,What is the name of the castle in the city where the performer of Fall was born?,What is the name of the castle in the city where the performers of Born A Lion was formed?,none,none,1,0,0,1,0,0,1,0,0,1
2hop__847433_11402,2hop__150866_11402,0.7764,"According to the organization that creates census county division, what is the total area in square miles?","According to the agency that published U.S. and World Population Clock, what is the total area in square miles?",all,dense+hybrid,0,1,0,0,1,1,1,1,1,1
3hop1__726561_132457_51423,3hop1__458916_665330_51423,0.7762,What is the name of the castle in the city where the performers of Born A Lion was formed?,What is the name of the castle in the city where the performers of Spirit If.. became a band?,none,none,1,0,0,1,0,0,1,0,0,1
3hop2__304722_590317_63959,3hop2__304722_602987_63959,0.7761,When was the last time the team that Terry Twell was a member of beat the 194-95 winner of the FA Cup?,When was the last time the sports team that employs Joe Gallagher beat the winner of the 1894-95 FA Cup?,none,none,1,0,0,1,0,0,1,0,0,1
2hop__39231_17335,2hop__35173_17335,0.776,When did the person who took over the territory and made it part of their empire die?,When did the person who ended the Archaemenid Empire by conquest in 330 BC die?,none,dense,0,0,0,1,0,1,0,0,0,1
4hop1__145422_698949_157828_162309,3hop1__127821_157828_162309,0.7755,"When did the country, that has the original language of the film named after Vladimir Karalić's birthplace as a co-official language, first attend the Olympics as an independent team?",When did the country using Olivera Marković's native language as one of its official languages first have its own Olympic team?,none,none,1,0,0,1,0,0,1,0,0,1
3hop1__640171_228453_86925,3hop1__823336_228453_86925,0.7755,What is the symbol of the Saints from the city that is the location of Blanton's manufacturer's headquarters called?,What is the symbol of the Saints from the headquarters location of Ten High's manufacturer called?,none,none,1,0,0,1,0,0,1,0,0,1
3hop1__307152_400692_51423,3hop1__702699_792411_51423,0.7753,What is the name of the castle in the city where the performer of Fall was born?,What is the name of the castle in the birth city of the performer on the album Maria?,none,none,1,0,0,1,0,0,1,0,0,1
3hop1__516535_834494_34053,3hop1__516535_834494_33939,0.775,What was the wettest year in the city that shares the same county as the ghost town Allen?,"In 1900, what was the population of the city in the same county as Allen?",dense+hybrid,bm25+hybrid,0,0,1,0,1,0,0,1,1,1
3hop1__354480_834494_34099,3hop1__516535_834494_34099,0.7749,How long are the city council terms in the city that is in the same county as Eric Marcus Municipal Airport?,How long are city council terms in the city located in the county that also contains Allen?,none,dense,0,0,0,1,0,1,0,0,0,1
3hop1__158139_19788_15107,3hop1__157807_19788_15107,0.7749,What percentage of Eritrea adheres to the religion widely practiced where suicides by females are more common in young than old?,What percentage of Eritrea is estimated to adhere to the religion widely practiced in the region that the tentacled snake is native to?,none,none,1,0,0,1,0,0,1,0,0,1
2hop__156658_155922,2hop__155781_155922,0.7744,What body of water does the river that Toongabbie Creek flows into flow into?,What does the river that Darling Mills Creek turns into flow into?,dense,none,0,0,0,1,1,0,0,0,0,1
2hop__273020_57594,2hop__557496_57594,0.7743,What gun was used by Pollack's director in Westworld?,What gun does Amy Madigan's spouse used in westworld?,none,none,1,0,0,1,0,0,1,0,0,1
2hop__458672_20057,2hop__427249_20057,0.7738,Who started the foundation that developed the Free Software Directory?,Who founded the organization that wrote GNU Free Documentation License?,bm25,none,0,1,0,0,0,0,1,0,0,1
4hop3__771862_466199_695123_72134,4hop3__322354_466199_695123_72134,0.7738,When did the town WIZE is licensed in become capitol of the state where Jackson Township is located?,"When did the city that WIZE is licensed to broadcast to, become the capital of the state, that contains the county where the Battle of Rich Mountain occurred?",dense+hybrid,all,0,0,1,0,1,1,1,1,1,1
4hop1__152146_5274_458768_33677,4hop1__567737_141375_458768_33677,0.7736,When was the most recent Bicycle Friendly Community Award given to the city where the headquarters of the only group larger than Långa nätter's record label is located?,When was the most recent Bicycle Friendly Community Award given to the city where the company Study in Brown's record label is part of is headquartered?,none,none,1,0,0,1,0,0,1,0,0,1
2hop__74084_75184,2hop__51074_75184,0.7736,Who played the girlfriend of Chance's voice actor in Homeward Bound in Back to the Future?,Who plays Marty's girlfriend in Back to the Future?,dense,dense+hybrid,0,0,0,1,1,1,1,0,1,0
3hop1__702699_792411_51423,3hop1__408237_400692_51423,0.7736,What is the name of the castle in the birth city of the performer on the album Maria?,What is the name of the castle in the birthplace of Harmony's performer?,none,none,1,0,0,1,0,0,1,0,0,1
3hop1__702699_792411_51423,3hop1__602329_792411_51423,0.7732,What is the name of the castle in the birth city of the performer on the album Maria?,What is the name of the castle in the birth city of the performer who recorded A Day in the Life?,none,none,1,0,0,1,0,0,1,0,0,1
3hop1__462125_538202_84283,3hop1__529164_567566_84283,0.773,Who is the owner of the record label that the performer of Days of Our Lives is on?,Who is the owner of the record label that the performer of Think of Laura is on?,none,none,1,0,0,1,0,0,1,0,0,1
2hop__657913_88628,2hop__25344_88628,0.7727,Who did the producer of Big Jim McLain play in True Grit?,"In True Grit, who did the star play?",dense+hybrid,none,0,0,0,1,1,0,0,1,0,0
3hop1__617062_127905_80286,3hop1__617062_127905_86588,0.7724,Who has the most hits in the history of the organization that includes the team Jim Wilson was released by?,What is the longest home run in the history of the league that Jim Wilson's team is a part of?,dense,none,0,0,0,1,1,0,0,0,0,1
2hop__731584_700117,2hop__385392_756039,0.7724,In which county is the city to which KKVU is licensed to broadcast?,What administrative territorial entity includes the place that KTRP is licensed to broadcast to?,none,none,1,0,0,1,0,0,1,0,0,1
2hop__28287_89399,2hop__38828_89399,0.7722,Who is the voice of the character in Spongebob Squarepants with the same name as the creature that annelid larvae live like?,Who voices the character in Spongebob Squarepants who is named after a glowing species found in some beaches in Portugal?,none,none,1,0,0,1,0,0,1,0,0,1
2hop__46550_85990,2hop__30741_85990,0.7722,Who were the leaders of the opposition of the party that controlled the house of representatives in 2002?,Who were the leaders of the opposition of the party that dominated until the mid-20th century?,none,none,1,0,0,1,0,0,1,0,0,1
2hop__539184_119915,2hop__329676_119915,0.7716,"In what year did Taifa, of the birthplace of Ibn Abbad al-Rundi, cease to exist?",In which year did Taifa of Francisco Giner de los Rios' birthplace cease to exist?,all,none,0,1,0,0,1,0,0,1,0,0
2hop__622308_61845,2hop__563476_61845,0.7715,Who has played for West Ham Ajax and the team from the city where Malcolm Graham died?,Who has played for West Ham Ajax and the team that David Currie plays for?,hybrid,none,0,0,0,1,0,0,1,1,0,0
2hop__284613_87295,2hop__761291_87295,0.7714,Who does the author of the The Last of the Really Great Whangdoodles play in Princess Diaries?,Who does the author of Home: A Memoir of My Early Years play in Princess Diaries?,dense+hybrid,all,0,0,1,0,1,1,1,1,1,1
3hop1__127837_157828_239539,3hop1__127716_157828_239539,0.7709,Where is the headquarters of the Radio Television of the country that has a co-official language in the language that Kuhinjica is in?,Where is the headquarter of the Radio Television of the country whose co-official language is the same as the one Politika is written in?,none,dense,0,0,0,1,0,1,0,0,0,1
2hop__752214_639679,2hop__168816_144857,0.7708,Who is the spouse of the author of Queen of the Elephants?,In what city was the author of Elephant born?,none,none,1,0,0,1,0,0,1,0,0,1
3hop1__587540_514761_594810,3hop1__747772_514761_594810,0.7708,What record label does the spouse of Mama's Broken Heart's performer belong to?,What record label does the spouse of Heart Like Mine's performer belong to?,none,none,1,0,0,1,0,0,1,0,0,1
2hop__536283_67465,2hop__215898_67465,0.7705,When did the performer of Watching Movies release Best Day Ever?,"When did the performer of I Love Life, Thank You release Best Day Ever?",dense+hybrid,dense+hybrid,1,0,0,1,1,1,1,1,1,1
4hop1__370129_621192_10659_42311,4hop1__370129_621192_10659_59955,0.7704,"What is the largest medical school in the nation where, along with the country of citizenship of the mother of Marie Antoinette, many expelled French Jews relocated?","What country is between Lithuania and the country many expelled French Jews relocated to, along with the country of citizenship of Marie Antoinette's mother?",none,none,1,0,0,1,0,0,1,0,0,1
2hop__5190_64006,2hop__88953_64006,0.7704,By approximately what percentage did the Black Death reduce the population of the region that the Soviet Union feared invasion from?,How much did the Black Death reduce the population of the region offered aid by the marshall plan?,none,dense+hybrid,0,0,0,1,0,1,0,0,1,0
2hop__7906_78851,2hop__840174_78851,0.7701,Which professional sports team would you not see play a home game where Jim Foster came up with the idea for arena football?,which professional sports team would you not see play a home game in the venue that held the 2004 Republican National Convention?,none,none,1,0,0,1,0,0,1,0,0,1
4hop1__364476_439408_131976_90181,4hop1__39871_314549_131976_90181,0.7695,"What is the deepest part of the ocean, near the state, where the county that holds the city of Winchester is found?",What is the deepest part of the ocean by the state where Main Street Station is located?,none,none,1,0,0,1,0,0,1,0,0,1
2hop__6265_718451,2hop__59133_512508,0.7693,What field of work did the person who first recognized that hydrogen was a discrete substance work in?,What undertaking included the person who discovered that the number of protons in each element's atoms is unique?,none,none,1,0,0,1,0,0,1,0,0,1
2hop__35137_22901,2hop__35137_22896,0.7691,What Islamic denomination was the author of The Canon of Medicine thought to be a member of?,What is the name of one library that the author of The Canon of Medicine had access to?,dense,dense+hybrid,0,0,0,1,1,1,1,0,1,0
3hop1__109185_720914_27537,3hop1__222497_309482_27537,0.769,Why did Roncalli leave the city where the creator of La Schiavona died?,Why did Roncalli leave the place where the composer of Al gran sole carico d'amore worked?,none,dense,0,0,0,1,0,1,0,0,0,1
2hop__161915_78851,2hop__7906_78851,0.7689,which professional sports team would you not see play a home game in the arena where the last place Cream performed?,Which professional sports team would you not see play a home game where Jim Foster came up with the idea for arena football?,none,none,1,0,0,1,0,0,1,0,0,1
2hop__445963_6095,2hop__445963_6063,0.7686,When was the importation of slaves banned in the birthplace of Francis Watson?,What is the population of Francis Watson's birthplace?,none,none,1,0,0,1,0,0,1,0,0,1
2hop__47712_25719,2hop__16267_25719,0.7685,At the end of which year did tribes from the place where the Celts are said to have migrated from invade the Roman empire?,At the end of which year did the tribes in the area where the Ashkenazi Jews can trace their ancestry to Jews who settled there invade the roman empire?,none,bm25+hybrid,0,0,1,0,0,0,1,0,1,0
3hop1__462125_538202_84283,3hop1__198276_709625_84283,0.7685,Who is the owner of the record label that the performer of Days of Our Lives is on?,Who is the owner of the record label of the performer of What Kind of Love?,none,none,1,0,0,1,0,0,1,0,0,1
4hop1__399219_765799_282674_759393,4hop1__833841_378185_282674_759393,0.7683,What is the seat of the county sharing a border with the county in which Valley New School is located?,What is the seat of the county sharing a border with the county in which Amy McKenzie was born?,none,none,1,0,0,1,0,0,1,0,0,1
4hop1__814349_624859_355213_203322,4hop1__463635_624859_355213_203322,0.7682,What county shares a border with the county where She Did It's performer was born?,What county shares a border with the county where the birthplace of Tonight You're Mine's performer is located?,none,none,1,0,0,1,0,0,1,0,0,1
2hop__123166_47134,2hop__347652_47134,0.768,What is the mascot of William J. Ripple's university?,What is the mascot of the institution that owns Memorial Union?,all,dense+hybrid,0,1,0,0,1,1,1,1,1,1
2hop__689472_52835,2hop__81659_52835,0.768,Who wrote the song turn me on that is performed by performer of Feelin' the Same Way?,Who wrote Turn Me On by the singer of Come Away with Me?,all,all,1,1,1,1,1,1,1,1,1,1
4hop1__463635_624859_355213_203322,4hop1__43565_624859_355213_203322,0.7679,What county shares a border with the county where the birthplace of Tonight You're Mine's performer is located?,Which county shares a border with the county where the city in which the original singer of All By Myself was born is located?,none,hybrid,0,0,0,1,0,0,1,0,1,0
2hop__5658_25002,2hop__5658_161105,0.7678,How long did the pact last between Kravchuk and the person who signed the decree suspending the Communist Party of the Russian SFSR?,By how many votes did the signer of the decree suspending the Communist Party of the Russian SFSR survive impeachment?,all,all,1,1,1,1,1,1,1,1,1,1
4hop1__131820_59747_211319_557671,3hop2__131820_132454_61019,0.7675,Which county shares a border with the county where the most populous city in the state where WEKL operates is located?,"What was the capital of the state where WEKL operates, before the city where Blackberry Smoke was formed?",none,none,1,0,0,1,0,0,1,0,0,1
3hop1__857_846_7890,3hop1__857_846_7870,0.7672,How many places of higher learning are in the city where the Yongle emperor greeted the person to whom the edict was addressed?,"Other than at the 1912 block found in the city where the Yongle Emperor met the leader that the edict was addressed to, where else are there lots of bars?",bm25,all,0,1,1,1,0,1,0,0,1,0
3hop1__584774_131926_87157,3hop1__635099_131926_87157,0.7672,What is the direction of flow of the body of water by the city where Uni-Systems is headquartered?,What is the direction of flow of the body of water by the city where Write This Down was formed?,dense,none,0,0,0,1,1,0,0,0,0,1
2hop__663184_57816,2hop__754753_57816,0.7672,What is the U.S. News ranking of the law school at Bruce Nissen's employer?,What is the U.S. News ranking of the law school at Carlos Alvarez's employer?,all,dense+hybrid,0,1,0,0,1,1,1,1,1,1
2hop__20268_42004,2hop__20268_42014,0.7671,The Directory of Public Worship was approved by a parliament whose modern equivalent has been based where since 2004?,How many members in the seats of the organization that enacted the Directory of Public Worship into law are members of the Scottish Government?,all,all,1,1,1,1,1,1,1,1,1,1
4hop1__567737_141375_458768_33633,4hop1__567737_141375_458768_33637,0.7668,When did the explorer reach the headquarters location of the group Study in Brown's record label is part of?,How many ethnic minorities were looked at differently in the city where the headquarters of the company that Study in Brown's record label is a part of?,none,none,1,0,0,1,0,0,1,0,0,1
4hop1__151650_5274_458768_33632,4hop1__151650_5274_458768_33633,0.7665,What day is the Feast in the city where the headquarters of the only group larger than Desde El Principio's record label held on?,What date did Gaspar reach the region which would be the headquarters of the record label of which the only larger label is the one that signed Desde El Principio?,none,none,1,0,0,1,0,0,1,0,0,1
2hop__388523_75487,2hop__631139_75487,0.7664,Who is the federal leader of the party that James Rajotte is a member of?,Who is the federal leader of the party in which John Lynch-Staunton held a position?,dense+hybrid,all,0,0,1,0,1,1,1,1,1,1
2hop__448615_127908,2hop__203985_524737,0.7661,What league was the team that Jose Cancela was a member of in?,In what league did Jose Miranda's team compete?,dense,none,0,0,0,1,1,0,0,0,0,1
4hop1__373866_5186_10659_23296,3hop1__103890_10659_23296,0.7659,"The People's Socialist Republic of Albania was a member of an organization which was dissolved in Country A. Who invaded the country where many expelled French Jews relocated, other than Country A?","After the Nazis, who invaded the country where, along with the nation that Ágnes Konkoly is from, many expelled French Jews relocated to?",none,none,1,0,0,1,0,0,1,0,0,1
2hop__705035_152093,2hop__152229_604644,0.7659,What label is responsible for the performer of Crazy Love?,What was the record label of the record label of So Insane?,dense,none,0,0,0,1,1,0,0,0,0,1
2hop__73069_88165,2hop__77134_88165,0.7657,Who did the person considered the founder of three major monotheistic religions marry after the death of Sarah?,Who did the person Sarah married to in the bible marry after the death of Sarah?,dense+hybrid,all,0,0,1,0,1,1,1,1,1,1
3hop1__816887_127905_80286,4hop1__88342_75218_128008_80286,0.7656,Who has the most hits in the league of the team that Dick Aylward plays for?,who has had the most hits in the league that includes the team that has played the most games of the type played just before the league MVP is awarded?,dense,none,0,0,0,1,1,0,0,0,0,1
2hop__45296_83837,2hop__461639_83837,0.7656,Who duets with the singer of Someone Else Calling You Baby on the song Home Alone Tonight?,"Who sing ""Home Alone Tonight"" with the performer of ""country Man""?",all,dense,0,1,0,0,1,1,1,1,0,0
4hop1__88342_75218_128008_48717,3hop1__617062_127905_48717,0.7656,Who was second pick in the 1999 draft of the league that has a competition where they give out the MLB MVP award after it?,Who was the second pick in the 1999 draft of the league Jim Wilson played in?,none,none,1,0,0,1,0,0,1,0,0,1
2hop__663184_57816,2hop__510679_57816,0.7653,What is the U.S. News ranking of the law school at Bruce Nissen's employer?,What is the U.S. News ranking of the law school at Abraham Lavender's employer?,all,all,1,1,1,1,1,1,1,1,1,1
3hop1__823336_228453_86925,3hop1__390673_228453_86925,0.7651,What is the symbol of the Saints from the headquarters location of Ten High's manufacturer called?,What is the manufacturer of the Kentucky Tavern headquarters location saints symbol called?,none,none,1,0,0,1,0,0,1,0,0,1
3hop1__671542_665330_51423,3hop1__337705_132457_51423,0.7651,What is the name of the castle in city where the performer of Darlings was formed?,What is the name of the castle in the city where the performer of Never Too Loud was formed?,none,none,1,0,0,1,0,0,1,0,0,1
2hop__121386_37168,2hop__122565_37168,0.765,"According to QS World University Rankings, where does the college that Ibrahim Shihata attended rank?",Where does the university that Mohamed Abu Hamed attended rank according to the QS World University Rankings?,all,all,1,1,1,1,1,1,1,1,1,1
2hop__82910_75184,2hop__51074_75184,0.7647,Who played the girlfriend of Alex P. Keaton's actor on Family Ties in Back to the Future?,Who plays Marty's girlfriend in Back to the Future?,none,dense+hybrid,0,0,0,1,0,1,0,0,1,0
2hop__135822_46621,2hop__40697_46621,0.7645,When was the star to which Solgränd is named after discovered to be the center of the solar system?,When was the celestial object that eluded efforts to measure oxygen discovered to be the center of the solar system?,none,dense+hybrid,0,0,0,1,0,1,0,0,1,0
2hop__766973_770570,4hop1__707078_378185_282674_759393,0.7645,What county is Erik Hort's birthplace a part of?,What is the capital of the county that shares a border with the county that contains the birthplace of Erik Jensen?,all,none,0,1,0,0,1,0,0,1,0,0
3hop1__84887_538202_84283,3hop1__63037_567566_84283,0.7644,Who is the owner of the record label that the singer of I just got started lovin you belongs to?,Who is the owner of the record label that singer of the theme song from the movie Arthur belongs to?,none,none,1,0,0,1,0,0,1,0,0,1
2hop__142699_67465,2hop__567588_67465,0.7641,When did the rapper on On and On and Beyond release Best day Ever?,When did the performer of Goosebumpz release best day ever?,all,dense+hybrid,0,1,0,0,1,1,1,1,1,1
2hop__802991_443552,2hop__341305_332933,0.7635,What is the capital of the county where Fort Deposit is located?,What is the capital of the county that Pine Springs is located in?,dense+hybrid,all,0,0,1,0,1,1,1,1,1,1
2hop__122140_37168,2hop__159816_37168,0.7626,Where does Hala El Badry's university rank according to QS World University Rankings?,According to QS World University Rankings where does the university where Hawass graduated rank?,all,all,1,1,1,1,1,1,1,1,1,1
3hop1__398232_326948_59893,3hop1__398232_326948_10972,0.762,When were the monuments built in the Mother-in-Law performer's birthplace?,When did the place of birth of the performer of Mother-in-Law elect its first black Mayor?,none,dense+hybrid,0,0,0,1,0,1,0,0,1,0
4hop1__31050_725495_49925_349426,4hop1__31050_725495_49925_267352,0.7619,"Whose spouse wanted to reform the Christian denomination whose religion the general population, of Guam, converted to?",What movement did the person who wanted to reform and address the church that the general population converted to lead?,none,none,1,0,0,1,0,0,1,0,0,1
2hop__684287_78303,2hop__748182_78303,0.7619,what was the name of the producer of Forest Warrior walker texas ranger?,"What was the name of one of Top Dog's cast members in the Walker, Texas Ranger?",dense+hybrid,all,0,0,1,0,1,1,1,1,1,1
2hop__821368_14251,2hop__857585_14251,0.7618,What line by a cast member of Doing His Bit is believed to have started the archie nickname?,What line by the Southern Roses cast member is believed to have started the Archie nickname?,dense,bm25+hybrid,0,0,1,0,1,0,0,0,1,0
2hop__776637_87295,2hop__219456_87295,0.7612,Who does the cast member from Julie play in Princess Diaries?,What character in Princess Diaries does the actress play who was also a cast member in On Golden Pond?,all,all,1,1,1,1,1,1,1,1,1,1
3hop1__462125_538202_84283,2hop__358582_189042,0.7609,Who is the owner of the record label that the performer of Days of Our Lives is on?,What is the record label of the Thrill of a Lifetime performer?,none,none,1,0,0,1,0,0,1,0,0,1
2hop__27650_27628,2hop__27650_27619,0.7607,Who is the Vice-President of the body that began to increase their coverage of weaker debts?,Where is the mission for the bank that began to increase their coverage of weaker debts found?,none,dense,0,0,0,1,0,1,0,0,0,1
4hop1__720201_153080_159767_81096,3hop1__129499_33897_81096,0.7606,Who won the 1993 Indy Car Race in the largest city of the state containing the city where the performer of the album Something Like a Bird is from?,Who won the 1993 Indy Car race in the city with the largest population in the state where Poachie Range is located?,none,none,1,0,0,1,0,0,1,0,0,1
2hop__24976_161105,2hop__5658_161105,0.7602,By how many votes did the person the organizers wanted to arrest survive impeachment?,By how many votes did the signer of the decree suspending the Communist Party of the Russian SFSR survive impeachment?,bm25+hybrid,all,0,1,1,1,0,1,0,1,1,1
2hop__748615_123956,2hop__520033_123956,0.7599,On what date did Battle of the birth place of Marzuki Alie end?,On what date did Battle of the birth place of Denny Januar Ali end?,dense+hybrid,dense,0,0,0,1,1,1,1,1,0,0
2hop__85455_158105,2hop__46376_158105,0.7598,Which two features were played up the person who had the biggest net worth in 2017?,Which two features were played up by the highest paid person in the world?,none,none,1,0,0,1,0,0,1,0,0,1
3hop1__307152_400692_51423,3hop1__699507_792411_51423,0.7597,What is the name of the castle in the city where the performer of Fall was born?,What is the name of the castle in the place where the performer of Dragon Dreams was born?,none,none,1,0,0,1,0,0,1,0,0,1
4hop3__373866_5189_38229_86687,3hop1__373866_5189_63702,0.7596,A group of nations of which the People's Socialist Republic of Albania was a member was controlled by one country. When did that country agree to a unified Germany inside of the organization Eisenhower would not discuss during the campaign?,When did the U.S. and the country in effective control of political and military functions of the group the People's Socialist Republic of Albania was a member of become allies?,none,hybrid,0,0,0,1,0,0,1,0,1,0
2hop__2299_38663,2hop__58168_38663,0.7595,What percentage did the Dow Jones fall in the historical era where the book takes place?,What was the percentage that the Dow Jones fell when the US had the highest unemployment rate?,dense,dense,1,0,0,1,1,1,1,0,0,1
2hop__80375_90181,4hop1__39871_314549_131976_90181,0.7595,what is the deepest part of the ocean off the east coast of the united states?,What is the deepest part of the ocean by the state where Main Street Station is located?,dense,none,0,0,0,1,1,0,0,0,0,1
3hop1__462125_538202_84283,3hop1__511157_709625_84283,0.7589,Who is the owner of the record label that the performer of Days of Our Lives is on?,Who owns the record label of the performer of The Houston Kid?,none,none,1,0,0,1,0,0,1,0,0,1
2hop__511176_22458,2hop__35418_22458,0.7589,What does the acronym of the organization Danish Football Union is part of stand for?,What does the acronym of the organization that said there is no historical connection to association football with any other game outside of Europe stand for?,none,dense+hybrid,0,0,0,1,0,1,0,0,1,0
3hop1__17192_78396_54865,3hop1__17192_78396_42428,0.7583,"When were the American colonies lost by the country that owned the region that secured southern Lebanon in 1978, before it achieved country status?",What requests were made by Governor Vaudreuil to the people who formerly controlled the country that invaded southern Lebanon in 1978?,none,none,1,0,0,1,0,0,1,0,0,1
4hop1__199362_378185_282674_759393,4hop1__131632_32392_823060_610794,0.7583,What is the capital of the county that shares a border with the county where WAPL is licensed to broadcast?,What county contains the city with a radio station that broadcasts to the capital city of the state where the Peace center is located?,none,none,1,0,0,1,0,0,1,0,0,1
4hop1__159467_725495_49925_267352,4hop1__159467_725495_49925_349426,0.758,"In New Zealand, 12.6% of Christians belong to a church that is also active in Lesotho. What movement was led by a man who challenged this church?",Who married the man who wanted to reform the institution behind the denomination constituting 12.6% of Christians in New Zealand?,none,none,1,0,0,1,0,0,1,0,0,1
2hop__511296_577502,2hop__511296_2684,0.7579,Who married the actor from Terminator?,What was the name of the law passed by the actor from Terminator?,all,dense,0,1,0,0,1,1,1,1,0,0
4hop1__3496_5274_458768_33633,4hop1__3496_5274_458768_33637,0.7577,What date did the explorer reach the location of the headquarters of the only company larger than BMG's partner from 2005-2007?,How many ethnic minorities were looked at differently where the only group larger than BMG's partner from 2005 to 2007 is headquartered?,none,none,1,0,0,1,0,0,1,0,0,1
2hop__605207_135019,2hop__124807_135019,0.7573,Who is the mother of Andreogeus' father?,Who is the mother of Nephalion's father?,none,dense+hybrid,0,0,0,1,0,1,0,0,1,0
3hop1__131820_59747_43101,3hop1__131820_59747_60748,0.7573,The Real Housewives series from the largest city of the state where WEKL transmits started when?,The largest city in the state where WEKL broadcasts had an historic battle that was fought when?,none,none,1,0,0,1,0,0,1,0,0,1
4hop1__129682_59747_211319_557671,4hop1__93661_59747_211319_557671,0.7573,Which county shares a border with the county where the most populous city in the state where WSFN can be found is located?,Which county shares a border with the county where the most populous city in the state where season 8 of The Walking Dead was filmed is located?,none,none,1,0,0,1,0,0,1,0,0,1
2hop__250030_7298,2hop__82051_7298,0.757,Who started out his career on adult contemporary radio along with the performer of All That Echoes?,"Along with the subject of The One That Got Away, what notable pop artist started out his career on adult contemporary radio?",all,all,1,1,1,1,1,1,1,1,1,1
3hop1__273571_834494_34053,3hop1__273571_834494_34109,0.757,What was the wettest year for the city in the same county as Summit?,What's the PBS station located in the city contained within the county where Summit is also located?,all,all,1,1,1,1,1,1,1,1,1,1
2hop__161151_42429,2hop__59612_42429,0.7569,When did the French and Indian War in the continent where bison antiquus is found end?,When did the French and Indian War end on the continent where London Broil comes from?,none,hybrid,0,0,0,1,0,0,1,0,1,0
3hop1__161433_33952_34099,3hop1__161433_33952_33939,0.7565,How long are the council terms in the second largest city in the US state focused by the cross-border transactions committee of the Department of Real Estate?,"In 1900, what was the population of the second largest city, in the state that the cross-border transactions committee focuses on?",none,bm25,0,0,1,0,0,0,1,0,0,1
2hop__20685_712629,2hop__65202_712629,0.7564,Who was the spouse of the British queen?,Who is the spouse of the owner of the British Virgin Islands?,none,none,1,0,0,1,0,0,1,0,0,1
2hop__389778_78303,2hop__748182_78303,0.7558,"What was the cast member of Missing in Action's name in Walker, Texas Ranger?","What was the name of one of Top Dog's cast members in the Walker, Texas Ranger?",all,all,1,1,1,1,1,1,1,1,1,1
2hop__488811_30078,2hop__488811_30113,0.7554,What military overran much of Erich Zakowski's place of birth?,What else happened in the northern part of Erich Zakowski's birthplace in the now Russian area?,dense,dense+hybrid,0,0,0,1,1,1,1,0,1,0
2hop__765180_123956,3hop1__305282_282081_73772,0.7552,When did the Battle at Choo Hoey's birthplace end?,When was the start of the battle of the birthplace of the performer of III?,none,none,1,0,0,1,0,0,1,0,0,1
3hop1__516535_834494_34088,2hop__145203_34088,0.7549,Where are NASCAR races held in the city in the same county as Allen?,Where does Ulysses Kay's birth city hold NASCAR races?,all,dense+hybrid,0,1,0,0,1,1,1,1,1,1
4hop1__93601_46196_497223_15840,4hop1__46196_497223_15840_36002,0.7547,What is the abbreviated name of the exclusive platform of the video game named for the league with a halftime event just before the publishers clearing house sweepstakes drawing.,"What were the Genesis's advantages over the platform with a three letter abbreviation, that had a video game named after the league in charge of the Super Bowl halftime show?",none,hybrid,0,0,0,1,0,0,1,0,1,0
3hop1__462125_538202_84283,3hop1__389761_567566_84283,0.7547,Who is the owner of the record label that the performer of Days of Our Lives is on?,Who owns the record label of the Another Page performer?,none,none,1,0,0,1,0,0,1,0,0,1
3hop1__93963_170667_18967,4hop1__93963_170667_443779_52195,0.7545,what is the former name of the country where the airport that Lion Air is part is located?,"Who is the president of the newly declared independent country, that established the Timor Leste Commission of Truth and Friendship, with the country containing the airport that includes Lion Air?",none,none,1,0,0,1,0,0,1,0,0,1
2hop__227791_75487,2hop__388523_75487,0.754,Who is the federal leader of the political party Ken Epp belongs to?,Who is the federal leader of the party that James Rajotte is a member of?,all,dense+hybrid,0,1,0,0,1,1,1,1,1,1
2hop__24648_192417,2hop__6956_192417,0.7539,What is the league of the Carolina Panthers an example of?,The league the New England Patriots belongs to is an example of what?,none,none,1,0,0,1,0,0,1,0,0,1
2hop__78873_461854,2hop__623931_656446,0.7536,Who is the female star in Gone with the Wind married to?,Who is the spouse of a cast member of Secrets of a Windmill Girl?,none,dense,0,0,0,1,0,1,0,0,0,1
2hop__157339_156796,2hop__155781_155922,0.7536,Into what river does the river that Thuli River turns into flow?,What does the river that Darling Mills Creek turns into flow into?,none,none,1,0,0,1,0,0,1,0,0,1
2hop__215124_83837,2hop__42747_83837,0.7528,Who sings Home Alone Tonight with the Rain is a Good Thing singer?,Who sings Home Alone Tonight with the singer of Light It Up?,dense+hybrid,all,0,0,1,0,1,1,1,1,1,1
3hop1__274148_792411_51423,3hop1__408237_400692_51423,0.7516,What is the name of the castle in the birthplace of the performer of Bound by the Beauty?,What is the name of the castle in the birthplace of Harmony's performer?,none,none,1,0,0,1,0,0,1,0,0,1
2hop__161151_42429,2hop__161151_42352,0.7511,When did the French and Indian War in the continent where bison antiquus is found end?,How many people were in the British colonies where bison antiquus could be found?,none,dense,0,0,0,1,0,1,0,0,0,1
2hop__235471_565925,2hop__67956_463572,0.7509,What record label did the performer of The Place and the Time belong to?,What record label does the artist who sang you belong to me belong to?,none,none,1,0,0,1,0,0,1,0,0,1
3hop1__506062_792411_51423,3hop1__602329_792411_51423,0.7504,What is the name of the castle in the place of birth of the performer of When I Was a Boy?,What is the name of the castle in the birth city of the performer who recorded A Day in the Life?,none,none,1,0,0,1,0,0,1,0,0,1
4hop3__160230_470287_345497_72134,4hop3__160230_470287_862998_72134,0.7503,When did the death city of Taito Kantonen become the capital of the US state having the statue being the title of the various Latin Mother goddess?,When did the city where Hillcrest High School is located become capitol of the state in which a statue of a Latin mother goddess is located?,none,none,1,0,0,1,0,0,1,0,0,1
4hop1__788226_32392_823060_610794,4hop1__37608_32392_823060_610794,0.75,The capital of the state where Mary Boykin Chesnut lived borders a city within which county?,Which county has the location that shares a border with the city that became the state capital of where Representative Thomas Tucker was from?,none,none,1,0,0,1,0,0,1,0,0,1
2hop__278022_71701,2hop__837900_71701,0.7499,what year did the Japanese get to city where Wang Yue died and the rest of Guangdong province?,"What date did the Japanese get to the city where New Plaza Stadium is located, and the rest of the Guangdong province?",dense+hybrid,all,0,0,1,0,1,1,1,1,1,1
4hop1__129682_59747_211319_557671,4hop1__31333_59747_211319_557671,0.7499,Which county shares a border with the county where the most populous city in the state where WSFN can be found is located?,Which county shares a border with the county where the most populous city in the other state that sent Tennessee the most tourists in 2013 is located?,none,none,1,0,0,1,0,0,1,0,0,1
2hop__56307_604644,2hop__71336_604644,0.7493,"What is the record label of the Hey Now, You're A Rockstar singer?",Which record label does the band who sang hey now you're an allstar belong to?,none,none,1,0,0,1,0,0,1,0,0,1
2hop__403580_37168,2hop__159816_37168,0.7489,"According to QS World University Rankings, what is the ranking of the place that employed Said Ashour?",According to QS World University Rankings where does the university where Hawass graduated rank?,all,all,1,1,1,1,1,1,1,1,1,1
2hop__56851_343058,2hop__71034_343058,0.7488,Who is the spouse of the actress who played the fairy god mother in Shrek 2?,Who is the spouse of the person who sang holding out for a hero in shrek 2?,none,none,1,0,0,1,0,0,1,0,0,1
4hop3__673447_132409_145082_35031,2hop__145082_35034,0.7487,"Among the top five largest urban areas in the state where Infest's performer was formed, where does Tammy Leitner's birth city rank?",What was the population density of Tammy Leitner's city of birth in 2009?,none,bm25+hybrid,0,0,1,0,0,0,1,0,1,0
2hop__825727_584042,2hop__423874_128023,0.7487,What league includes the sports team that has Maycon Carvalho Inez?,In which league was Ilsinho's team?,none,dense,0,0,0,1,0,1,0,0,0,1
3hop1__862117_792411_51423,3hop1__408237_400692_51423,0.748,What is the name of the castle found in the birthplace of the performer of The Speckless Sky?,What is the name of the castle in the birthplace of Harmony's performer?,none,none,1,0,0,1,0,0,1,0,0,1
2hop__20685_712629,2hop__73760_712629,0.7477,Who was the spouse of the British queen?,Who is the spouse of the individual who lives in the houses in Windsor Castle?,none,none,1,0,0,1,0,0,1,0,0,1
3hop1__516535_834494_34109,3hop1__273571_834494_34109,0.7477,"What is the PBS station in the city that shares a county with Allen, Arizona?",What's the PBS station located in the city contained within the county where Summit is also located?,all,all,1,1,1,1,1,1,1,1,1,1
3hop1__307152_400692_51423,3hop1__715607_792411_51423,0.7474,What is the name of the castle in the city where the performer of Fall was born?,What is the name of the castle in the city where the performer of A Collection 1984–1989 was born?,none,none,1,0,0,1,0,0,1,0,0,1
2hop__435184_84856,2hop__198650_84856,0.7474,When does the new season of the show starring the cast member of Pizza Man start?,When does the new season start for the show starring the author of True Story: A Novel?,dense,dense,1,0,0,1,1,1,1,0,0,1
3hop1__71549_486583_84283,3hop1__742780_567566_84283,0.7473,Who owns the record label where Neil Young's co-singer on Four Strong Winds records?,Who owns the record label where the singer of All Right records?,none,none,1,0,0,1,0,0,1,0,0,1
3hop1__518381_709625_84283,2hop__374767_152023,0.7469,Who owns the record label of the Lovin' All Night performer?,What label is responsible for the performer of One Night in America?,none,none,1,0,0,1,0,0,1,0,0,1
2hop__159741_40169,2hop__13986_40169,0.7467,When did a storm disperse the fleet led by the English king who trusted William de Longchamp?,What year did the storm hit the fleet of the person that Henry fought a short war with in 1183?,dense,none,0,0,0,1,1,0,0,0,0,1
3hop1__462125_538202_84283,3hop1__287291_375759_84283,0.7467,Who is the owner of the record label that the performer of Days of Our Lives is on?,Who owns the record label that The Tri-Tone Fascination's performer belongs to?,none,none,1,0,0,1,0,0,1,0,0,1
2hop__153573_44085,2hop__7046_44085,0.7464,What was the show named after the character featured in the video game Mickey's Safari in Letterland?,What was the old show that was named after a character that Walt Disney created in 1928 called?,dense+hybrid,bm25+hybrid,0,0,1,0,1,0,0,1,1,1
2hop__13539_13493,3hop1__92788_648104_13493,0.7462,"In 2009, what series of wins did the team who won the first match in the 1943 Copa del Generalissimo achieve?",What series of wins did the sports team that the all time highest goal scorer in spain national team was a member or achieve in 2009?,dense+hybrid,none,0,0,0,1,1,0,0,1,0,0
2hop__128420_375952,2hop__128342_375952,0.7459,What county is the city where KQBA is located?,In which county is the city of KABG located?,all,all,1,1,1,1,1,1,1,1,1,1
2hop__402530_774333,4hop1__833841_378185_282674_759393,0.7458,What other county does the county where Imperial is located share a border with?,What is the seat of the county sharing a border with the county in which Amy McKenzie was born?,bm25+hybrid,none,0,1,0,0,0,0,1,1,0,0
4hop1__399219_765799_282674_759393,2hop__543050_245420,0.7458,What is the seat of the county sharing a border with the county in which Valley New School is located?,Which city shares border with the area having Bella Vista High School?,none,none,1,0,0,1,0,0,1,0,0,1
2hop__87053_319330,2hop__92716_319330,0.7458,Who was the child of the 28th U.S. president?,Who was the child of the person who started the State of the Union address?,none,dense,0,0,0,1,0,1,0,0,0,1
3hop1__462125_538202_84283,3hop1__568951_567566_84283,0.7454,Who is the owner of the record label that the performer of Days of Our Lives is on?,Who owns the record label of the Every Turn of the World performer?,none,none,1,0,0,1,0,0,1,0,0,1
3hop2__79512_16214_84681,2hop__53433_59035,0.7449,"When did the people who first imported slaves to New York, come to the country where Lord of the Rings was filmed?",The beautiful country used as a backdrop for the movie The Lord of the Rings was founded on what date?,none,none,1,0,0,1,0,0,1,0,0,1
2hop__703767_37168,2hop__159816_37168,0.7448,Where does the employer of Hasan Hanafi rank according to QS World University Rankings?,According to QS World University Rankings where does the university where Hawass graduated rank?,all,all,1,1,1,1,1,1,1,1,1,1
2hop__60880_87295,2hop__776637_87295,0.7447,Who does the actor who plays Nanny in Eloise at Christmastime play in Princess Diaries?,Who does the cast member from Julie play in Princess Diaries?,dense+hybrid,all,0,0,1,0,1,1,1,1,1,1
3hop1__390489_502967_84283,3hop1__142044_538202_84283,0.7445,Who is the owner of the record label of the performer of Flamenco a Go-Go?,Who is the owner of the record label of the performer responsible for the album Just Got Started Lovin' You?,none,none,1,0,0,1,0,0,1,0,0,1
2hop__46550_85990,2hop__66149_85990,0.7444,Who were the leaders of the opposition of the party that controlled the house of representatives in 2002?,Who were the leaders of the opposition party that was created as a result of the kansas-nebraska act?,none,all,0,0,1,0,0,1,0,0,1,0
2hop__701525_342810,4hop1__833841_378185_282674_759393,0.7442,What county shares a border with Cedar Springs?,What is the seat of the county sharing a border with the county in which Amy McKenzie was born?,dense+hybrid,none,0,0,0,1,1,0,0,1,0,0
2hop__75781_512508,2hop__90773_715759,0.7438,What was the person who provided evidence to suggest the existence of the neutron a participant of?,What was the inventor of the atomic bomb trigger a participant in?,none,none,1,0,0,1,0,0,1,0,0,1
2hop__256778_131879,2hop__728969_131890,0.7437,Which is the body of water by the birthplace of Christopher Harris?,Which is the body of water near George Mills' place of birth?,none,dense,0,0,0,1,0,1,0,0,0,1
3hop1__57186_237521_291682,3hop1__228_237521_291682,0.7432,Who's married to the man who produced a documentary about the singer of She's Out of My Life?,Who is the wife of the man who produced the documentary of the pop star who influenced Beyonce?,none,dense,0,0,0,1,0,1,0,0,0,1
3hop1__742780_567566_84283,3hop1__66872_709625_84283,0.743,Who owns the record label where the singer of All Right records?,Who owns the record label of the Till I Can Gain Control Again songwriter?,none,none,1,0,0,1,0,0,1,0,0,1
3hop1__572324_568433_47686,3hop1__241001_568433_47686,0.743,Where do greyhound buses leave from in the city where the headquarters of Care Bears: Journey to Joke-a-lot's production company is located?,Where do Greyhound buses leave from in the city where Arna Selznick's employer is headquartered?,none,none,1,0,0,1,0,0,1,0,0,1
4hop1__444892_32392_823060_610794,3hop1__157177_625046_613900,0.7423,In what county is the city that shares a border with the capital of the state where Levi Casey was born?,The city where the river that Merchants Bridge crosses over is the capital of which county?,none,none,1,0,0,1,0,0,1,0,0,1
2hop__61752_54024,2hop__17827_54024,0.7422,Who is the king that translated the Bible and was on the throne when MacBeth was written?,Which king sold part of the Crown Freehold and commissioned a bible translation?,hybrid,bm25+hybrid,0,0,1,0,0,0,1,1,1,1
2hop__788087_150107,2hop__723101_150107,0.7421,Who published the Communication of the association that Deborah Estrin is a member of?,Who published Communication of the association that W. Bruce Croft is a member of?,dense+hybrid,dense,0,0,0,1,1,1,1,1,0,0
2hop__418941_429437,2hop__157285_556157,0.7412,What is the mouth of the river which serves as the mouth of the Bumping River?,What river is the mouth of the watercourse that turns into the Mtetengwe?,dense,bm25+hybrid,0,0,1,0,1,0,0,0,1,0
2hop__351275_75487,2hop__388523_75487,0.7411,Who is the federal leader of Leon Benoit's political party?,Who is the federal leader of the party that James Rajotte is a member of?,all,dense+hybrid,0,1,0,0,1,1,1,1,1,1
2hop__103889_86452,4hop2__161602_426860_88460_63559,0.7407,"When did Burma change its name to the country of origin of Zaw Win Thet, that he represented at the 2012 Olympics?",When was Burma's name changed to that of the country on the natural boundary between the country that hosted the tournament and the country where That Dam is from?,none,none,1,0,0,1,0,0,1,0,0,1
2hop__488811_30110,2hop__488811_30113,0.7403,What happened to the Curonians who lived in the area where Erich Zakowski was born?,What else happened in the northern part of Erich Zakowski's birthplace in the now Russian area?,all,dense+hybrid,0,1,0,0,1,1,1,1,1,1
2hop__96194_78303,2hop__748182_78303,0.7403,"What was the name of the Hero and the Terror star's character in Walker, Texas Ranger?","What was the name of one of Top Dog's cast members in the Walker, Texas Ranger?",all,all,1,1,1,1,1,1,1,1,1,1
2hop__787538_31270,2hop__813461_31270,0.7403,How many miles between the city where West Creek High School is located in TN and Nashville?,How many miles are there between Nashville and the place in Tennessee where Mark Day was born?,dense+hybrid,all,0,0,1,0,1,1,1,1,1,1
4hop1__819901_32392_823060_610794,4hop1__473563_309800_355213_203322,0.7402,In which county is the city sharing a border with the capitol of the state where Johnson Hagood died?,Which county shares border with the county having the birth city of the director of Let the Good Times Roll?,none,none,1,0,0,1,0,0,1,0,0,1
3hop1__160324_131905_41948,3hop1__147162_131905_41948,0.74,"What body of water was dry land during the last ice age, besides the Irish Channel and the sea near the former Atlantic Hotel?","Besides the body of water by the city where Erwin Speckler died, and the Irish Channel, what else was lowered in the last cold phase?",none,none,1,0,0,1,0,0,1,0,0,1
3hop1__103254_214799_259594,3hop1__865037_214799_259594,0.7397,What country had the Border Troops of the republic known for the literature of the country of citizenship of Ilona Richter?,Border troops of the country of literature of the country of citizenship of Rainer Ernst are from what country?,none,none,1,0,0,1,0,0,1,0,0,1
2hop__159741_161674,2hop__13986_161674,0.7396,What month did the person who retained trust in Longchamp go away to the Holy Land?,What month did the person with whom Henry fought a short war in 1183 go away from the holy land?,dense,dense,1,0,0,1,1,1,1,0,0,1
2hop__435184_67370,2hop__418360_67370,0.7393,When does real time with the pizza man cast member start again in 2018?,When does real time with the author of The New New Rules start again in 2018,none,none,1,0,0,1,0,0,1,0,0,1
3hop2__30152_105895_20999,3hop2__101809_30152_20999,0.7391,What forced the departure from the country responsible for Phoe Pyonn Cho of the people once defied by new coinage?,How were those people defied by the use of new coins later removed from where Myint Myint Aye is from?,dense+hybrid,none,0,0,0,1,1,0,0,1,0,0
4hop1__58323_375563_161848_61344,4hop1__58323_375563_161848_67585,0.739,What continent is the country located near the country of citizenship of The Book Thief's author part of?,"How many stars are on the flag of the nation that first participated in the 1952 Olympics, located near the citizen country of the author of the 2005 novel Thief?",none,none,1,0,0,1,0,0,1,0,0,1
2hop__130867_54221,2hop__131061_54221,0.7389,What time of day can you start purchasing alcohol in the state that includes Narraguagus High School?,How early can you buy alcohol in the state encompassing Tracy-Causer Block?,all,hybrid,0,1,0,0,1,0,0,1,1,1
2hop__462179_643013,4hop1__130276_59747_211319_557671,0.7387,"What shares a border with the administrative territorial entity Radwanice, Polkowice County is located in?",Which county shares a border with the county where the most populous city in the state where Redan High School is located?,all,none,0,1,0,0,1,0,0,1,0,0
2hop__517145_367341,2hop__632161_643449,0.7387,Who is the child of the cast member of Green Ice?,Who is the child of the cast member of Ice Bound: A Woman's Survival at the South Pole?,none,none,1,0,0,1,0,0,1,0,0,1
3hop1__103197_214799_259594,3hop1__103180_214799_259594,0.7382,What country gas the border troops of the country of the literature of the country of Andreas Zülow's citizenship?,What is the country of the border troops of the country of the literature of the country Wilfried Grobner was in?,none,none,1,0,0,1,0,0,1,0,0,1
3hop1__462125_538202_84283,3hop1__45612_502967_84283,0.7379,Who is the owner of the record label that the performer of Days of Our Lives is on?,Who is the owner of the record label of the guitarist who performed on the Top Gun theme?,none,none,1,0,0,1,0,0,1,0,0,1
2hop__217011_80026,2hop__593866_80026,0.7377,Who played the character in Willy Wonka and the Chocolate Factory that the performer of Victrola was named after?,"In Willy Wonka and the Chocolate Factory, who played the character that the group who performs MMXIV was named after?",bm25,none,0,1,0,0,0,0,1,0,0,1
2hop__9174_9237,2hop__9223_9237,0.7376,When did the first mosque in the capital of the Marshall Islands open?,When did the first mosque open in the place where Tobolar Copra plant is located?,none,none,1,0,0,1,0,0,1,0,0,1
2hop__37765_85990,2hop__30741_85990,0.7371,Who were the leaders of the opposition of the political group that has a large number of Protestants?,Who were the leaders of the opposition of the party that dominated until the mid-20th century?,none,none,1,0,0,1,0,0,1,0,0,1
3hop1__398232_326948_78782,3hop1__768500_730460_78782,0.7367,Who was the British general in the battle named after the birth city of the person who recorded Mother-in-Law?,Who was the British general in the Battle of the city where Toussaint's performer was born?,none,none,1,0,0,1,0,0,1,0,0,1
3hop2__43283_12039_93690,4hop1__88342_49853_128008_80487,0.7364,"When did the baseball team from the city where most university graduates stay after acquiring a degree, go the league that wins the All Stars more frequently?",When was the all-star game played for the league that includes the team with the most titles won just before the mlb mvp is awarded?,all,none,0,1,0,0,1,0,0,1,0,0
2hop__789398_74735,2hop__736167_74735,0.7364,What song did Paul McCartney write for the performer of Valotte?,What song did Paul McCartney write for Cynthia Lennon's kid?,bm25,bm25+hybrid,0,1,1,1,0,0,1,0,1,0
2hop__549146_223121,2hop__477492_240386,0.7351,What record label did the person who is part of The Bruce Lee Band start?,What is the record label of the Metalworks Studio founder?,dense+hybrid,none,0,0,0,1,1,0,0,1,0,0
2hop__217011_80026,2hop__864201_80026,0.735,Who played the character in Willy Wonka and the Chocolate Factory that the performer of Victrola was named after?,Who played the character with the same name as the Volcano Girls performer in Willy Wonka and the Chocolate Factory?,bm25,hybrid,0,1,0,0,0,0,1,0,1,0
2hop__776637_87295,2hop__51261_87295,0.735,Who does the cast member from Julie play in Princess Diaries?,Who does the actress that played mary poppins in the 1964 film play in princess diaries?,all,all,1,1,1,1,1,1,1,1,1,1
2hop__141456_6455,2hop__816977_6455,0.7345,What was the resulting browser for the company Mozilla Messaging is a part of?,The developer of Mozilla Sunbird created which browser?,all,bm25+hybrid,0,1,1,1,1,0,0,1,1,1
2hop__351275_75487,2hop__779424_75487,0.734,Who is the federal leader of Leon Benoit's political party?,Who is the federal leader of the party that Pierre-Hugues Boisvenu is a member of?,all,bm25,0,1,1,1,1,0,0,1,0,0
2hop__95673_62765,2hop__95673_121319,0.7334,who did the leading actor in Sammy Going South play in the ten commandments?,Where did the person featured in the film Sammy Going South study or work?,all,none,0,1,0,0,1,0,0,1,0,0
2hop__749997_96912,2hop__91626_96912,0.7334,Who gives out the prize named after the author of Lectures on Jurisprudence?,Who gives out the prize named after the author of The Wealth of Nations?,bm25+hybrid,bm25+hybrid,1,1,1,1,0,0,1,1,1,1
3hop2__326964_320101_7713,3hop2__326964_263934_7713,0.7333,How long had the place of birth of Noel Lee been the capital city of where Yaxing Coah headquarters is located?,How long had the place of birth of Tang Jinhua been the capital city of the Yaxing Coach headquarters location?,none,dense+hybrid,0,0,0,1,0,1,0,0,1,0
2hop__223655_463572,3hop1__142044_538202_84283,0.7333,"What record label released the debut album of the artist behind the 1993 album ""Let There be Love"".",Who is the owner of the record label of the performer responsible for the album Just Got Started Lovin' You?,all,none,0,1,0,0,1,0,0,1,0,0
4hop1__89632_32392_823060_610794,4hop1__73810_32392_823060_610794,0.733,Which country contains the city sharing border with the state capital of the US state filming the movie the patriot?,In what county is located the city that shares a border with the capital of the state that won the 2017 NCAA Basketball Tournament?,none,none,1,0,0,1,0,0,1,0,0,1
2hop__789398_74735,2hop__763380_74735,0.7329,What song did Paul McCartney write for the performer of Valotte?,What song did Paul McCartney write for the person who performed Too Late for Goodbyes?,bm25,dense+hybrid,0,1,0,0,0,1,0,0,1,0
4hop1__93661_59747_211319_557671,4hop1__60000_59747_211319_557671,0.7328,Which county shares a border with the county where the most populous city in the state where season 8 of The Walking Dead was filmed is located?,What county borders the county with the largest city in the state where Birth of a Nation was filmed?,none,none,1,0,0,1,0,0,1,0,0,1
2hop__60229_38663,2hop__58168_38663,0.7323,What was the percentage the Dow Jones fell during the time the first cake mix come out?,What was the percentage that the Dow Jones fell when the US had the highest unemployment rate?,all,dense,0,1,0,0,1,1,1,1,0,0
2hop__20685_712629,2hop__135029_712629,0.7319,Who was the spouse of the British queen?,"Who is the spouse of Prince Edward, Earl of Wessex's mother?",none,none,1,0,0,1,0,0,1,0,0,1
3hop1__587540_514761_594810,3hop1__798544_514761_594810,0.7313,What record label does the spouse of Mama's Broken Heart's performer belong to?,What record label does the spouse of the performer of Somethin' Bad belong to?,none,dense,0,0,0,1,0,1,0,0,0,1
3hop1__30240_740597_41132,3hop1__844109_720914_41132,0.731,How many times did plague occur in the birthplace of the person who used the spice route that the Ottoman Empire controlled?,How many times did the plague occur where the creator of The Entombment died?,none,none,1,0,0,1,0,0,1,0,0,1
2hop__685930_110949,2hop__861047_110949,0.7308,What is the date of birth for the performer of Hits?,What is the date of birth for the performer of Beat Hotel?,none,none,1,0,0,1,0,0,1,0,0,1
3hop1__742780_567566_84283,2hop__142621_225454,0.7307,Who owns the record label where the singer of All Right records?,What is the record label of the co-writer and recording artist of Permission to Fly?,none,none,1,0,0,1,0,0,1,0,0,1
2hop__29606_600504,2hop__89403_122023,0.7307,What field of work was the person who discovered the mathematical relationship between peaks and curves of light at different temperatures in?,Which university educated the scientist who developed an explanation for the photoelectric effect?,dense,none,0,0,0,1,1,0,0,0,0,1
3hop1__572324_568433_47686,3hop1__83970_685536_47686,0.7302,Where do greyhound buses leave from in the city where the headquarters of Care Bears: Journey to Joke-a-lot's production company is located?,Where do greyhound buses leave from in where the headquarters is located of who owns the hard rock hotel in las vegas?,none,none,1,0,0,1,0,0,1,0,0,1
2hop__131951_643670,2hop__157376_643670,0.73,What is the name for the mouth of the watercourse of the body of water by Rotterdam Centrum?,Of which watercourse is the river the Willemsbrug crosses over the mouth?,dense+hybrid,dense+hybrid,1,0,0,1,1,1,1,1,1,1
2hop__35137_22943,2hop__35137_22896,0.7298,Where did the author of The Canon of Medicine think Venus was in relation to the sun?,What is the name of one library that the author of The Canon of Medicine had access to?,none,dense+hybrid,0,0,0,1,0,1,0,0,1,0
3hop1__31995_24918_24939,2hop__31995_8583,0.7294,The leader visiting where Steven Spielberg's grandparents are from met with whom on November 22?,Who did the Slavs have contact with in the country that Steven Spielberg's grandparents were from?,none,all,0,0,1,0,0,1,0,0,1,0
2hop__455158_247871,2hop__128342_375952,0.7289,What county is the NRHEG High School located in?,In which county is the city of KABG located?,all,all,1,1,1,1,1,1,1,1,1,1
2hop__632234_122868,2hop__640262_122868,0.7285,Where did the author of The National Dream go to university?,What university did the author of 1967: The Last Good Year attend?,none,none,1,0,0,1,0,0,1,0,0,1
3hop1__830700_538202_84283,3hop1__226638_538202_84283,0.7276,Who owns the record label of the Shake What God Gave Ya performer?,Who is the owner of the record label that Just Got Started Lovin' You's performer belong to?,none,none,1,0,0,1,0,0,1,0,0,1
2hop__569582_304416,3hop1__829944_474097_84283,0.7275,What record label is the performer of Almost Made Ya signed to?,Who is the owner of the record label that the performer of Better Than Me is signed with?,all,none,0,1,0,0,1,0,0,1,0,0
2hop__498251_126089,2hop__731956_126089,0.7273,Who was in charge of the area where Laren is located?,Who was in charge of the place where Castricum is located?,dense+hybrid,dense,0,0,0,1,1,1,1,1,0,0
2hop__669837_31270,2hop__813461_31270,0.7273,How far from Nashville in miles is the place of death of Felix Ives Batson?,How many miles are there between Nashville and the place in Tennessee where Mark Day was born?,dense+hybrid,all,0,0,1,0,1,1,1,1,1,1
2hop__76314_177869,2hop__50910_177869,0.7272,Who was the spouse of a leading speaker against slavery and publisher of an antislavery newspaper?,Who married the publisher of abolitionist newspaper The North Star?,dense,bm25+dense,0,0,1,0,1,1,1,0,0,1
4hop1__370129_621192_10659_42311,2hop__9285_42311,0.7272,"What is the largest medical school in the nation where, along with the country of citizenship of the mother of Marie Antoinette, many expelled French Jews relocated?",What's the largest med school in what was the nobilities commonwealth?,none,none,1,0,0,1,0,0,1,0,0,1
4hop3__661103_698586_91248_54362,2hop__91248_84207,0.7272,Who burned down the city where Dunn Dunn's recording artist died during the conflict after which the government got involved in healthcare?,Who was the last soldier of the conflict that saw the government getting involved in healthcare to die?,none,dense+hybrid,0,0,0,1,0,1,0,0,1,0
3hop1__129499_33897_81096,2hop__129499_85379,0.7272,Who won the 1993 Indy Car race in the city with the largest population in the state where Poachie Range is located?,When did the region where Poachie Range is located achieve U.S. statehood?,none,bm25,0,0,1,0,0,0,1,0,0,1
2hop__846844_47134,2hop__347652_47134,0.727,What is the mascot of the school that owns Goss Stadium at Coleman Field?,What is the mascot of the institution that owns Memorial Union?,all,dense+hybrid,0,1,0,0,1,1,1,1,1,1
4hop1__89632_32392_823060_610794,2hop__89632_40480,0.7268,Which country contains the city sharing border with the state capital of the US state filming the movie the patriot?,Where did Huguenot nobility settle in the state where the Patriot was filmed?,none,dense,0,0,0,1,0,1,0,0,0,1
2hop__3739_13529,2hop__13548_13529,0.7267,When was the football star who backed out due to relay controversy signed by Barcelona?,When was the person who Messi's goals in Copa del Rey compared to get signed by Barcelona?,all,none,0,1,0,0,1,0,0,1,0,0
2hop__409166_152023,2hop__67956_463572,0.7263,"What record label is responsible for the performer of ""Sanctuary""?",What record label does the artist who sang you belong to me belong to?,none,none,1,0,0,1,0,0,1,0,0,1
2hop__135963_486257,2hop__135652_669373,0.726,The scientist that the GHZ experiment is named for is in what field of work?,Who is the employer of the physicist who Mach number is named after?,all,dense,0,1,0,0,1,1,1,1,0,0
2hop__16844_42173,2hop__315072_120259,0.726,When was the ruler that was dissolved after the Indian Rebellion of 1857 established?,When was the country Merewalh was a citizen of abolished?,none,none,1,0,0,1,0,0,1,0,0,1
2hop__458131_174974,2hop__401710_456439,0.7259,Who is the spouse of the Rabbit Hole's producer?,Who is the spouse of the producer of Dolores Claiborne?,none,dense,0,0,0,1,0,1,0,0,0,1
2hop__198459_61845,2hop__189094_612080,0.7256,Who has played for both West Ham Ajax and the team that Adam Hammill is on?,What league does the team that occupies the Rabat Ajax Football Ground belong to?,none,none,1,0,0,1,0,0,1,0,0,1
2hop__747306_72813,2hop__808562_72813,0.7253,"In The Wire, who is played by the Go for Broke cast member?",Who does the performer of Don't Be Cruel play in the wire?,none,none,1,0,0,1,0,0,1,0,0,1
2hop__29191_80144,2hop__160092_80144,0.7252,Who became the president of Frederic Chopin's original country in 1990?,"In 1990, who became the president of the country that Germany invaded?",none,none,1,0,0,1,0,0,1,0,0,1
2hop__161872_21567,2hop__10515_21567,0.7247,Who in the14th century introduced musical notation used where Jack later participated in a covert mission?,Who introduced a system of musical notation in the 14th century that is used in the area where most of the invasion of the eastern Roman Empire took place?,bm25+hybrid,none,0,1,0,0,0,0,1,1,0,0
3hop1__639955_834494_34053,3hop1__764280_834494_34053,0.7247,What was the wettest year of the city located in the county that also contains Helvetia?,What was the wettest year of the administrative territorial entity that contains the administrative territorial entity where Drexel Heights is located?,bm25+hybrid,none,0,1,0,0,0,0,1,1,0,0
2hop__312223_144857,2hop__763840_144857,0.724,What city was the author of What We Talk About When We Talk About love born in?,What city was the author of Neighbors born in?,none,none,1,0,0,1,0,0,1,0,0,1
2hop__92716_319330,2hop__63214_319330,0.724,Who was the child of the person who started the State of the Union address?,Who is the child of the president under whom prohibition occurred?,dense,none,0,0,0,1,1,0,0,0,0,1
3hop1__830700_538202_84283,2hop__656411_345851,0.724,Who owns the record label of the Shake What God Gave Ya performer?,"The singer, who starred in Shake It Up, signed to which record label?",none,all,0,0,1,0,0,1,0,0,1,0
3hop2__65854_88342_58657,4hop1__88342_49853_128008_80487,0.7239,Who did the team the Detroit Tigers beat in 1935 to win their first world series beat in the event before the MLB MVP award was given out last year?,When was the all-star game played for the league that includes the team with the most titles won just before the mlb mvp is awarded?,none,none,1,0,0,1,0,0,1,0,0,1
2hop__552607_126089,2hop__538412_126089,0.7239,Who was in charge of the province which contains Zeevang?,Who was in charge of the province where Schermer is located?,all,all,1,1,1,1,1,1,1,1,1,1
2hop__808562_72813,2hop__730788_72813,0.7238,Who does the performer of Don't Be Cruel play in the wire?,Who does the Girlfriend performer play in The Wire?,none,none,1,0,0,1,0,0,1,0,0,1
2hop__444265_82341,2hop__524623_82341,0.7238,In what part of Florida is Tom Denney's birthplace located?,Where is Chris Meffert's birth place in the state of Florida?,bm25,none,0,1,0,0,0,0,1,0,0,1
3hop1__8148_24918_24939,3hop1__103751_24918_24991,0.7229,"On November 22, who met with the Russian leader that visited the country where the Surzhyk dialect is spoken, when the protests were taking place?",What went down after the Soviet President visiting the country of origin of Ethella Chupryk while the protests were taking place departed from the Kremlin?,dense+hybrid,all,0,0,1,0,1,1,1,1,1,1
2hop__136067_160249,2hop__34594_160249,0.7228,Between which years did war with the person for whom Pyrrhic victory is named occur?,Between which years was the war with the person who suffered a great amount of losses battling the Roman army?,dense,none,0,0,0,1,1,0,0,0,0,1
2hop__837900_71701,2hop__753260_71701,0.7225,"What date did the Japanese get to the city where New Plaza Stadium is located, and the rest of the Guangdong province?",When did the Japanese get to Liang Jiahong's birthplace and the rest of Guangdong?,all,dense+hybrid,0,1,0,0,1,1,1,1,1,1
2hop__129721_40482,4hop1__129721_32392_823060_610794,0.7219,From whom did the Huguenots in the state encompassing Zubly Cemetery purchase land from?,What county is the city that shares a border with the state capital of the state where Zubly Cemetery is located in?,dense+hybrid,none,0,0,0,1,1,0,0,1,0,0
2hop__788306_131879,2hop__728969_131890,0.7218,Which body of water is by Wyndham Hazelton's birthplace?,Which is the body of water near George Mills' place of birth?,none,dense,0,0,0,1,0,1,0,0,0,1
2hop__107601_110222,2hop__175168_110222,0.7218,When is the birthday of the creator of Le ruisseau noir?,When was the creator of The Painter's Studio born?,dense+hybrid,dense+hybrid,1,0,0,1,1,1,1,1,1,1
2hop__342746_679190,2hop__63002_461854,0.7217,Who is the spouse of the screenwriter of The Actress?,Who is the spouse of the actress who plays Scarlett in Gone With the Wind?,none,none,1,0,0,1,0,0,1,0,0,1
2hop__723404_58556,2hop__35686_58556,0.7216,The owner of IPLEDGE has a food safety system know as what?,What is the food safety system of the antibiotic approval agency known as?,all,none,0,1,0,0,1,0,0,1,0,0
2hop__95687_2684,2hop__95687_577502,0.7214,What was the name of the law passed by who was featured in the film the 6th Day?,Who is the spouse of the leading actor in the film The 6th Day?,none,bm25+hybrid,0,0,1,0,0,0,1,0,1,0
2hop__217011_80026,2hop__353836_80026,0.7213,Who played the character in Willy Wonka and the Chocolate Factory that the performer of Victrola was named after?,"In Willy Wonka and the Chocolate Factory, who played the character that the band who performs Eight Arms to Hold You is named after?",bm25,bm25,1,1,1,1,0,0,1,0,0,1
4hop1__56270_53706_795904_580996,2hop__56270_68396,0.721,What shares a border with the city where the person who went to the state where the 951 area code is used during the gold rush works?,What percentage of the nation's population lives in the state that includes the 951 area code?,none,dense+hybrid,0,0,0,1,0,1,0,0,1,0
2hop__444265_82341,2hop__704217_82341,0.7209,In what part of Florida is Tom Denney's birthplace located?,Where is Sean Hampton's birth place in the state of Florida?,bm25,none,0,1,0,0,0,0,1,0,0,1
2hop__10114_599630,3hop1__19768_19788_10117,0.7207,Where in Zhejiang is the city where Protestants are especially notable?,"Widely practiced in the region having the second largest rain-forest in the world, how long ago did this religion arrive in Zhejiang?",all,bm25,0,1,1,1,1,0,0,1,0,0
2hop__81825_49084,2hop__10620_49084,0.7203,Who plays the character that took the sword out of the stone in once upon a time?,Who plays the legendary figure featured in Historia Regum Britanniae in the show Once Upon a Time?,dense+hybrid,none,0,0,0,1,1,0,0,1,0,0
2hop__136179_13529,2hop__530579_13529,0.7202,When was the player that Iglesia Maradoniana is named after signed by Barcelona?,When was the father of Diego Sinagra signed by Barcelona?,dense+hybrid,dense+hybrid,1,0,0,1,1,1,1,1,1,1
2hop__476927_31270,2hop__813461_31270,0.72,How far is Hod Lisenbee's place of death in TN from Nashville?,How many miles are there between Nashville and the place in Tennessee where Mark Day was born?,dense+hybrid,all,0,0,1,0,1,1,1,1,1,1
2hop__142842_68489,2hop__143915_68489,0.7199,Who did the performer of Night Rocker play on Young and Restless?,who did the performer of Sings America play on young and restless?,none,none,1,0,0,1,0,0,1,0,0,1
2hop__5658_25002,2hop__24973_5674,0.7199,How long did the pact last between Kravchuk and the person who signed the decree suspending the Communist Party of the Russian SFSR?,Who suspended the party that would have maintained power if the treaty was signed in the Russian Soviet Federative Socialist Republic?,all,bm25+hybrid,0,1,1,1,1,0,0,1,1,1
2hop__217011_80026,2hop__847760_80026,0.7198,Who played the character in Willy Wonka and the Chocolate Factory that the performer of Victrola was named after?,Who played Seether's performer in willy wonka and the chocolate factory?,bm25,none,0,1,0,0,0,0,1,0,0,1
2hop__685045_19320,2hop__365236_19320,0.7197,What worldwide ranking does the university where Manuel Isaías López was educated hold?,What worldwide ranking is held by Mario Pani's alma mater?,dense+hybrid,none,0,0,0,1,1,0,0,1,0,0
2hop__10620_79092,2hop__10620_49084,0.7194,"The volcano, named after the legendary King featured in Historia Regum Britanniae, last erupted when?",Who plays the legendary figure featured in Historia Regum Britanniae in the show Once Upon a Time?,none,none,1,0,0,1,0,0,1,0,0,1
2hop__61752_54024,2hop__93145_54024,0.7193,Who is the king that translated the Bible and was on the throne when MacBeth was written?,"Which king, who was England's rule in 1616, translated the Bible?",hybrid,bm25+hybrid,0,0,1,0,0,0,1,1,1,1
2hop__169443_83769,2hop__108158_83769,0.7193,Who did the screenwriter for Good Will Hunting play in Dazed and Confused?,"Who was played by the creator of Push, Nevada in Dazed and Confused?",dense,dense,1,0,0,1,1,1,1,0,0,1
3hop1__354480_834494_34088,3hop1__273571_834494_34088,0.7191,Where do they hold NASCAR races in the city that is in the same county as the Eric Marcus Municipal Airport?,Where does the administrative territorial entity that contains the administrative territorial entity that contains summit hold NASCAR races?,none,none,1,0,0,1,0,0,1,0,0,1
3hop2__92991_72083_76291,2hop__46862_68042,0.7188,When did the party who gained control of congress in the midterm elections in 1946 take control of the determiner of rules of the US House and US Senate?,"When did the political party that favored harsh punishment of southern states after the Civil War, gain control of the House?",none,dense,0,0,0,1,0,1,0,0,0,1
2hop__95673_62765,2hop__96177_62765,0.7182,who did the leading actor in Sammy Going South play in the ten commandments?,Who did the star of Dark Hazard play in The Ten Commandments?,all,dense+hybrid,0,1,0,0,1,1,1,1,1,1
2hop__632234_122868,2hop__849534_122868,0.7181,Where did the author of The National Dream go to university?,What university did the author of The Secret World of Og go to?,none,none,1,0,0,1,0,0,1,0,0,1
2hop__96137_62765,2hop__96137_121319,0.7181,Who did the cast member of The Woman in the Window play in the Ten Commendments?,Where did the actor in The Woman in the Window study or work?,dense+hybrid,none,0,0,0,1,1,0,0,1,0,0
2hop__128420_375952,2hop__525581_161450,0.718,What county is the city where KQBA is located?,Where is the province of Aqqala County located?,all,dense+hybrid,0,1,0,0,1,1,1,1,1,1
2hop__538735_3296,2hop__538735_3299,0.7178,What former contestant did the performer of Addicted ask to marry him?,What season was the performer of Addicted a part of?,dense+hybrid,bm25,0,0,1,0,1,0,0,1,0,0
2hop__685930_110949,2hop__814856_110882,0.7177,What is the date of birth for the performer of Hits?,What is the Smile performer's birthday?,none,none,1,0,0,1,0,0,1,0,0,1
3hop1__241001_568433_47686,3hop1__241001_568433_51423,0.7172,Where do Greyhound buses leave from in the city where Arna Selznick's employer is headquartered?,What is the name of the castle in the headquarters of the company that employs Arna Selznick?,none,none,1,0,0,1,0,0,1,0,0,1
2hop__48776_807969,2hop__50087_807969,0.7168,What team does the 2018 PFA player of the year play for?,What is the sports team of the Premier League's top scorer last season?,none,none,1,0,0,1,0,0,1,0,0,1
2hop__129721_40482,2hop__29339_40482,0.7166,From whom did the Huguenots in the state encompassing Zubly Cemetery purchase land from?,Who did the Huguenots in the state primary Edwards won outside of Georgia buy land from?,dense+hybrid,dense+hybrid,1,0,0,1,1,1,1,1,1,1
2hop__48784_70131,2hop__552546_70131,0.7164,Who constituted the free crops in the location where the democratic government set up in Germany in 1919?,Who constituted the free corps in the country that the Free State of Mecklenburg-Schwerin is located in?,none,dense,0,0,0,1,0,1,0,0,0,1
2hop__731956_126089,2hop__804417_126089,0.7163,Who was in charge of the place where Castricum is located?,Who was in charge of the place where Bergen is located?,dense,none,0,0,0,1,1,0,0,0,0,1
2hop__161151_42429,2hop__161151_50883,0.7161,When did the French and Indian War in the continent where bison antiquus is found end?,Which section of the emergency response guidebook of the continent where bison antiquus are found contains the response guides?,none,all,0,0,1,0,0,1,0,0,1,0
2hop__130508_32379,4hop1__130508_32392_823060_610794,0.716,What is the oldest college in the state that contains Borough House Plantation?,In which county is the city sharing a border with the capitol of the state where Borough House Plantation is located?,hybrid,none,0,0,0,1,0,0,1,1,0,0
2hop__690412_526810,2hop__623501_297043,0.7153,For what river does the river on which Pa Sak Jolasid Dam is located serve as the mouth?,What watercourse is the river on which the Lostock Dam is located the mouth of?,all,none,0,1,0,0,1,0,0,1,0,0
3hop1__635099_131926_87157,2hop__693157_131890,0.7152,What is the direction of flow of the body of water by the city where Write This Down was formed?,What is the body of water by the area where Athlete was formed?,none,bm25,0,0,1,0,0,0,1,0,0,1
2hop__333020_69048,2hop__263638_69048,0.7151,Who is the Chief Judge of the place where Orezi was born?,Who is the Chief Judge of the Tebesa Nemine's birthplace?,all,all,1,1,1,1,1,1,1,1,1,1
2hop__156085_436709,2hop__109131_343058,0.7146,Who is the creator of Mickey Mouse's spouse?,Who is the spouse of the creator of Absolutely Fabulous?,none,none,1,0,0,1,0,0,1,0,0,1
3hop1__106042_64399_52278,3hop1__106042_64399_62676,0.7144,Who controlled the holy land where the brand of Christianity practiced in the country where Vasilopita is lasted up until the 7th century?,"When did the city that spread Christianity to Rome, Egypt, Judea, and the country where Vasilopita originates, become the capital city of the Hebrews?",none,none,1,0,0,1,0,0,1,0,0,1
2hop__333020_69048,2hop__204493_69048,0.7141,Who is the Chief Judge of the place where Orezi was born?,Who is the chief judge of Fred Aghogho Brume's birthplace?,all,all,1,1,1,1,1,1,1,1,1,1
2hop__283298_22402,2hop__810884_22402,0.7139,How many students attend the university employing Marie Theres Fögen?,How many students attend the university that Edith Humphrey was educated?,dense+hybrid,dense,0,0,0,1,1,1,1,1,0,0
2hop__814671_82341,2hop__128608_82341,0.7138,In what region of Florida is WMOP located?,The city where WOCA is located is in which part of Florida?,all,none,0,1,0,0,1,0,0,1,0,0
2hop__265989_531490,2hop__342746_679190,0.7137,Who is the mother of the screenwriter of WarGames?,Who is the spouse of the screenwriter of The Actress?,none,none,1,0,0,1,0,0,1,0,0,1
3hop1__765565_326948_10972,3hop1__765565_326948_78782,0.7137,When did the birthplace of the Here Come the Girls performer elect its first black mayor?,Who was the British general in the birthplace of the performer of Here Come the Girls?,none,none,1,0,0,1,0,0,1,0,0,1
2hop__46550_85990,2hop__94507_654855,0.7135,Who were the leaders of the opposition of the party that controlled the house of representatives in 2002?,What political party does the person that Adversary in the House is based on a member of?,none,none,1,0,0,1,0,0,1,0,0,1
2hop__859431_18803,2hop__695432_18803,0.7134,"In April 2010, what did the company owned by MV Macoma announce it was in the process of doing?",The operator of Brent field announced it was in the process of doing what in April 2010?,all,hybrid,0,1,0,0,1,0,0,1,1,1
2hop__29191_59955,2hop__29191_80144,0.7132,What country is between Lithuania and Frederic Chopin's home country?,Who became the president of Frederic Chopin's original country in 1990?,none,none,1,0,0,1,0,0,1,0,0,1
2hop__276637_126089,2hop__804417_126089,0.7131,Who was in charge of the area where Pavilion Welgelegen is located?,Who was in charge of the place where Bergen is located?,dense+hybrid,none,0,0,0,1,1,0,0,1,0,0
2hop__472486_97805,2hop__286268_97805,0.713,Which war did the operator of the Fabian Wrede-class training ship serve in?,Which war did the operator of the R class patrol boat serve in?,none,none,1,0,0,1,0,0,1,0,0,1
2hop__776637_87295,2hop__85958_87295,0.7127,Who does the cast member from Julie play in Princess Diaries?,What character does the person who played Eliza Doolittle in My Fair Lady play in The Princess Diaries?,all,dense+hybrid,0,1,0,0,1,1,1,1,1,1
2hop__593633_82341,2hop__316374_82341,0.7124,Where is New Perry's place of death found in Florida?,In what part of Florida is Bob Steele's place of death located?,dense,none,0,0,0,1,1,0,0,0,0,1
2hop__87053_319330,2hop__77518_548781,0.7123,Who was the child of the 28th U.S. president?,Where was the president born on the fourth of July born?,none,none,1,0,0,1,0,0,1,0,0,1
2hop__253612_110882,2hop__685930_110949,0.7122,What is the date of birth of the performer of Stand Up?,What is the date of birth for the performer of Hits?,dense,none,0,0,0,1,1,0,0,0,0,1
4hop1__199881_378185_282674_759393,2hop__821197_368148,0.7118,What is the seat of the county sharing a border with the county in which Miller Electric is headquartered?,In which county is Southern Maryland Electric Cooperative headquartered?,bm25,all,0,1,1,1,0,1,0,0,1,0
2hop__776377_857193,2hop__131951_643670,0.7117,What is the mouth of watercourse for the body of water where Bartram's Covered Bridge is located?,What is the name for the mouth of the watercourse of the body of water by Rotterdam Centrum?,none,dense+hybrid,0,0,0,1,0,1,0,0,1,0
2hop__81825_49084,2hop__14078_49084,0.7092,Who plays the character that took the sword out of the stone in once upon a time?,Who plays the person with the same name as he who was caught by surprise in Once Upon a Time?,dense+hybrid,none,0,0,0,1,1,0,0,1,0,0
2hop__31326_31270,2hop__787538_31270,0.7087,What is the distance in miles from Nashville to the place where Hemlock Semiconductor produces electronic components?,How many miles between the city where West Creek High School is located in TN and Nashville?,hybrid,dense+hybrid,0,0,0,1,0,1,0,1,1,1
2hop__825727_584042,2hop__166824_185403,0.7083,What league includes the sports team that has Maycon Carvalho Inez?,What league does the team that plays in Stadio Ciro Vigorito play for?,none,none,1,0,0,1,0,0,1,0,0,1
2hop__607517_161450,2hop__391258_161450,0.7079,Where is the province containing Bandar-e Gaz County located?,Where is the province that contains Maraveh Tappeh County located?,dense,none,0,0,0,1,1,0,0,0,0,1
3hop1__103197_214799_259594,3hop1__102087_214799_259594,0.7077,What country gas the border troops of the country of the literature of the country of Andreas Zülow's citizenship?,"What is the three letter abbreviation for the country, which maintains border troops, that claims Bernd Baumgart as a citizen?",none,none,1,0,0,1,0,0,1,0,0,1
3hop1__398232_326948_10972,2hop__82270_177869,0.7076,When did the place of birth of the performer of Mother-in-Law elect its first black Mayor?,Who is the spouse of the first nominated African American presidential candidate?,dense+hybrid,none,0,0,0,1,1,0,0,1,0,0
2hop__847433_11402,2hop__208602_11402,0.7076,"According to the organization that creates census county division, what is the total area in square miles?","According to the developer of Topologically Integrated Geographic Encoding and Referencing, what is the total area of Atlantic City in square miles?",all,all,1,1,1,1,1,1,1,1,1,1
2hop__14092_8311,2hop__8347_8311,0.7075,When was John's eldest son crowned?,When did the crowning of the person under whom the Chapter House was built happen?,dense+hybrid,dense+hybrid,1,0,0,1,1,1,1,1,1,1
2hop__226204_69048,2hop__204493_69048,0.707,Who is the chief judge of Friday Osanebi's birthplace?,Who is the chief judge of Fred Aghogho Brume's birthplace?,bm25,all,0,1,1,1,0,1,0,0,1,0
2hop__9512_36630,2hop__24441_36630,0.7068,Which countries found economic growth while cog-railways were built in the Alps?,What countries found their economic growth in the period young boys were employed in the glass making industries?,dense+hybrid,none,0,0,0,1,1,0,0,1,0,0
2hop__216959_204037,2hop__661847_288421,0.7065,Who is part of the band which performed Cherchez le Garçon?,Who is part of the band that performed Full Cooperation?,all,dense,0,1,0,0,1,1,1,1,0,0
3hop1__226638_538202_84283,2hop__151705_141308,0.7057,Who is the owner of the record label that Just Got Started Lovin' You's performer belong to?,What company is I Dig Love's record label a part of?,none,hybrid,0,0,0,1,0,0,1,0,1,0
3hop1__30390_36635_87083,2hop__30390_36634,0.7056,"Who holds veto power in the organization that the victors of the conflict active when Hayek began ""Abuse of power"" were given permanent seats in.",How many groups were involved in the war when Hayek started working on Abuse of Reason?,none,bm25+hybrid,0,0,1,0,0,0,1,0,1,0
2hop__2299_1783,2hop__58168_1783,0.7055,Who was New York's mayor during the book's historical period?,Who was the mayor of New York during the time when the US had its highest unemployment rate?,none,none,1,0,0,1,0,0,1,0,0,1
4hop1__130276_59747_211319_557671,2hop__671664_646310,0.7055,Which county shares a border with the county where the most populous city in the state where Redan High School is located?,What city is in the county where the Red Cross is located?,none,all,0,0,1,0,0,1,0,0,1,0
2hop__226204_69048,2hop__862994_69048,0.7054,Who is the chief judge of Friday Osanebi's birthplace?,Who is the chief judge at Gloria Kemasuode's birthplace?,bm25,bm25,1,1,1,1,0,0,1,0,0,1
2hop__744371_78851,2hop__840174_78851,0.7052,Which New York City team does not host NBA games at the site where Jimmy Carter was nominated for president?,which professional sports team would you not see play a home game in the venue that held the 2004 Republican National Convention?,bm25+hybrid,none,0,1,0,0,0,0,1,1,0,0
2hop__123545_47134,2hop__347652_47134,0.7047,Who is the mascot of the university related to Randy Conrads?,What is the mascot of the institution that owns Memorial Union?,all,dense+hybrid,0,1,0,0,1,1,1,1,1,1
2hop__152027_141308,3hop1__142044_538202_84283,0.7047,What is the parent company of the record label releasing Cold Turkey?,Who is the owner of the record label of the performer responsible for the album Just Got Started Lovin' You?,none,none,1,0,0,1,0,0,1,0,0,1
2hop__582045_161450,2hop__128342_375952,0.7046,Where is the province of Gonbad-e Qabus County located?,In which county is the city of KABG located?,dense,all,0,0,1,0,1,1,1,0,1,0
2hop__75169_92673,2hop__161273_92673,0.7036,Where is the starting meridian for the longitude system on the world map?,Where is the pole the balloon was supposed to pass over located on the world map?,none,dense+hybrid,0,0,0,1,0,1,0,0,1,0
2hop__742831_156034,2hop__156700_73244,0.7036,Of which river is the river Kichi Sipi Bridge crosses a tributary?,Where is the origin of the river that Kraai River is a tributary of?,none,none,1,0,0,1,0,0,1,0,0,1
2hop__35136_35117,2hop__41158_35123,0.7034,What's the life span of the scholar who theorized about pulmonary circulation?,What was the lifespan of the person who proposed explanations for the origins of earthquakes and the formation of mountains?,none,none,1,0,0,1,0,0,1,0,0,1
2hop__34734_92852,2hop__67057_52871,0.7034,When did the U.S. stop trading with the country that started hostilities?,"After WWII, when did the US leave the nation it defeated at the Battle of Guadalcanal?",hybrid,none,0,0,0,1,0,0,1,1,0,0
2hop__648648_173389,4hop1__690653_378185_282674_759393,0.7034,The city which contains Broadhurst Park shares a border with what town?,"What is the capital of the county, that shares a border with the other county, that includes the city where Main Hall is located?",all,none,0,1,0,0,1,0,0,1,0,0
2hop__797443_120537,2hop__132472_120537,0.7029,When was the organization that manufactured BAe 146 abolished?,When was the company that makes ALARM abolished?,dense,none,0,0,0,1,1,0,0,0,0,1
2hop__595747_31270,2hop__813461_31270,0.7024,How many miles is Sloan Thomas' birthplace from Nashville?,How many miles are there between Nashville and the place in Tennessee where Mark Day was born?,all,all,1,1,1,1,1,1,1,1,1,1
2hop__82713_84616,2hop__85958_87295,0.7022,What did the actress in My Fair Lady win a Tony for?,What character does the person who played Eliza Doolittle in My Fair Lady play in The Princess Diaries?,none,dense+hybrid,0,0,0,1,0,1,0,0,1,0
2hop__23297_23366,3hop1__5544_34179_23375,0.7022,Why did the leader who broke the Molotov–Ribbentrop Pact by invading Bukovina first sign it?,What year saw the publication of the version of the Molotov–Ribbentrop Pact established by the man who succeeded the leader of the group which created the Soviet state?,none,none,1,0,0,1,0,0,1,0,0,1
2hop__512773_346751,4hop1__668178_765799_282674_759393,0.702,Bancroft's county borders what county?,What is the seat of the county sharing a border with the county where Don Werner was born?,bm25+hybrid,hybrid,0,1,0,0,0,0,1,1,1,1
2hop__176_51164,4hop1__860115_798482_131926_13165,0.7015,When was the signing of the treaty named for the city where Beyoncé got pregnant?,What treaty ceded territory to the US extending west to the river by the city sharing a border with Elizabeth Berg's birthplace?,dense+hybrid,none,0,0,0,1,1,0,0,1,0,0
2hop__685930_110949,2hop__388467_110882,0.7011,What is the date of birth for the performer of Hits?,What is the birth date of the By Your Side performer?,none,dense,0,0,0,1,0,1,0,0,0,1
2hop__685930_110949,2hop__711639_110949,0.7011,What is the date of birth for the performer of Hits?,What is the Sarah performer's birth date?,none,none,1,0,0,1,0,0,1,0,0,1
2hop__96177_121319,2hop__567471_123283,0.7009,Where did the star of Dark Hazard study?,Where did the producer of On Dangerous Ground study or work?,none,none,1,0,0,1,0,0,1,0,0,1
3hop1__119402_102039_158266,2hop__82378_158266,0.7008,What is the leading ballet company in the country where the discoverer of C/2014 Q2 (Lovejoy) is a citizen?,The top ballet company in the top bauxite producing country is what?,none,none,1,0,0,1,0,0,1,0,0,1
2hop__645448_77615,2hop__123104_77615,0.7006,When did military instruction start at the place where Larry Alcala was educated?,When did the military instruction start in the university that Paulo Manalo attended?,all,all,1,1,1,1,1,1,1,1,1,1
2hop__778212_22458,2hop__853227_68633,0.7004,"What does the abbreviated name of the organization that includes the Scottish Football Association as a member, stand for?",Arthur Marryatt is a member of a sports association that has who as president?,none,dense+hybrid,0,0,0,1,0,1,0,0,1,0
2hop__35566_17873,2hop__15368_17873,0.7002,What happened to Buckingham after the departure of the queen who Martha Ann Ricks presented the famed Liberian coffee tree to?,What happened to Buckingham palace after the queen Elizabeth surpassed as the longest lived British monarch left?,all,all,1,1,1,1,1,1,1,1,1,1
2hop__48784_70131,2hop__452580_70131,0.7002,Who constituted the free crops in the location where the democratic government set up in Germany in 1919?,Who constituted the free crops in the state having Free State of Brunswick?,none,none,1,0,0,1,0,0,1,0,0,1
2hop__639445_567836,2hop__195917_575657,0.7001,What county is Gerald T. Whelan's birthplace located in?,In what county is William W. Blair's birthplace located?,dense,all,0,0,1,0,1,1,1,0,1,0
2hop__428940_135373,2hop__864101_135373,0.6996,After what is the body of water Partridge Lake is part of named?,What is the body of water that St. Matthew Island located in named after?,none,none,1,0,0,1,0,0,1,0,0,1
2hop__92716_319330,3hop1__90327_83076_319330,0.6993,Who was the child of the person who started the State of the Union address?,Who is the child of the president who suffered a major defeat when the body which approves members of the American cabinet refused to ratify the Versailles treaty?,dense,none,0,0,0,1,1,0,0,0,0,1
2hop__658472_5385,2hop__274529_5385,0.6992,How many people work at the school where Gene Ball was educated?,How many people work in the school where Ross Porter was educated?,dense,none,0,0,0,1,1,0,0,0,0,1
2hop__391857_162018,3hop1__353661_629431_64412,0.6989,What year did the author of Prince Prigio die?,When did the city where the author of Sacerdotii Nostri Primordia died become its own country?,none,none,1,0,0,1,0,0,1,0,0,1
3hop1__843207_755530_88011,3hop1__222497_309482_80702,0.6987,Where is the Bridge of Sighs located in the place of death of Sonata pian'e forte's composer?,What is the name of the famous bridge in the place where Al gran sole carico d'amore's composer worked?,none,none,1,0,0,1,0,0,1,0,0,1
2hop__151750_141308,3hop1__142044_538202_84283,0.6985,What company is the record label of Magic Christian Music part of?,Who is the owner of the record label of the performer responsible for the album Just Got Started Lovin' You?,none,none,1,0,0,1,0,0,1,0,0,1
2hop__77518_548781,2hop__53175_548781,0.6984,Where was the president born on the fourth of July born?,What is the birth place of the US president with whose election the republican ascendancy of the 1920's began?,none,none,1,0,0,1,0,0,1,0,0,1
2hop__475808_71302,2hop__85931_108632,0.6982,"In The Godfather, who does the producer of Mistress play?",Who created the main character of The Godfather?,dense,all,0,0,1,0,1,1,1,0,1,0
2hop__394720_120259,3hop2__20335_8533_9331,0.6982,When was the kingdom that Heptarchy was part of abolished?,"What dissolved the privileges of the empire using Pan-Slavism as a political tool, the kingdom acquiring some Thuringian territory or Habsburg Monarchy?",none,bm25,0,0,1,0,0,0,1,0,0,1
2hop__217011_80026,2hop__65576_80026,0.698,Who played the character in Willy Wonka and the Chocolate Factory that the performer of Victrola was named after?,Who played the spoilt character in Charlie and the Chocolate Factory?,bm25,none,0,1,0,0,0,0,1,0,0,1
2hop__739909_807845,2hop__269659_722575,0.6977,What publisher was formed from the owner of the The Daily News?,What company owns the owner of National Observer?,none,all,0,0,1,0,0,1,0,0,1,0
2hop__289517_139339,2hop__684839_139312,0.6977,What was the cast member in After Hours nominated for?,What was the cast member from Real Life nominated for?,all,dense,0,1,0,0,1,1,1,1,0,0
2hop__820739_250752,2hop__265989_531490,0.6974,Who is the sibling of the screenwriter of War of the Coprophages?,Who is the mother of the screenwriter of WarGames?,none,none,1,0,0,1,0,0,1,0,0,1
2hop__86458_20273,2hop__609313_20273,0.6973,In what year did the founder of the Presbyterian Church die?,What year did the author of History of the Reformation in Scotland die?,none,all,0,0,1,0,0,1,0,0,1,0
2hop__84971_67668,2hop__88632_67668,0.6971,"The actor who plays Count Olaf in ""A Series of Unfortunate Events"" also plays which character in Batman Under the Red Hood?","In Batman Under the Red Hood, who does the actor of Barney Stinson from How I Met Your Mother play?",all,all,1,1,1,1,1,1,1,1,1,1
2hop__58939_189318,2hop__29349_92763,0.697,Where was Obama's opponent in his first election educated?,What is the enrollment where the first debate between Kerry and Bush took place?,none,none,1,0,0,1,0,0,1,0,0,1
3hop1__654651_55349_651302,3hop1__454441_55349_651302,0.6969,What is the place of birth of who does the voice of stan on the series that Insecurity is part of?,What is the birthplace of the man who does the voice of Stan on the series that includes the episode The Hobbit?,none,none,1,0,0,1,0,0,1,0,0,1
2hop__326404_120065,2hop__451574_120065,0.6962,When did Charles Frederick II's birthplace fall?,What year did Ludwig Friedrich Otto Baumgarten-Crusius's birthplace end?,none,none,1,0,0,1,0,0,1,0,0,1
2hop__161151_50883,2hop__59612_50883,0.6958,Which section of the emergency response guidebook of the continent where bison antiquus are found contains the response guides?,The London broil cut comes from a country with an emergency response guidebook with response guides in which section?,all,all,1,1,1,1,1,1,1,1,1,1
2hop__109131_343058,2hop__280583_229757,0.6958,Who is the spouse of the creator of Absolutely Fabulous?,Who is the spouse of the creator of The Mighty B?,none,none,1,0,0,1,0,0,1,0,0,1
2hop__283_574195,2hop__68158_189357,0.6955,Where was the person who said she is the reigning national voice educated?,Where was the first female supreme court justice educated?,none,none,1,0,0,1,0,0,1,0,0,1
3hop1__102087_214799_259594,4hop1__21282_692112_214799_259594,0.6953,"What is the three letter abbreviation for the country, which maintains border troops, that claims Bernd Baumgart as a citizen?",What is the abbreviation for Angela Merkel's original home country that once had border troops called the Deutsche Grenzpolizei?,none,none,1,0,0,1,0,0,1,0,0,1
2hop__132954_533882,2hop__132469_533882,0.6951,What company was formed after a merger of the company that built ASM-N-5 Gorgon V?,Which company followed the company that made AAM-N-4 Oriole?,all,all,1,1,1,1,1,1,1,1,1,1
2hop__749997_96912,2hop__20536_96912,0.695,Who gives out the prize named after the author of Lectures on Jurisprudence?,Who gives out the award named after the person who argued that colonies were redundant?,bm25+hybrid,hybrid,0,1,0,0,0,0,1,1,1,1
2hop__170914_152093,3hop1__459153_544076_84283,0.6948,"What label is responsible for the performer of ""Friend Like That""?",Who is the owner of the record label that Seventeen's performer belongs to?,none,none,1,0,0,1,0,0,1,0,0,1
2hop__63982_768138,2hop__82669_768138,0.6943,Who is the sibling of the actor who played Joey on Gimme a Break?,Who is the brother of the Melissa and Joey Theme Song singer?,none,none,1,0,0,1,0,0,1,0,0,1
2hop__132954_533882,2hop__133116_533882,0.6942,What company was formed after a merger of the company that built ASM-N-5 Gorgon V?,What company resulted from a merger in 1961 involving the builder of the Martin BM?,all,all,1,1,1,1,1,1,1,1,1,1
2hop__242938_18803,2hop__695432_18803,0.6942,What did M. King Hubbert's employer announce it was in the process of doing in April 2010?,The operator of Brent field announced it was in the process of doing what in April 2010?,bm25+hybrid,hybrid,0,1,0,0,0,0,1,1,1,1
2hop__92900_512508,2hop__31585_61048,0.6938,The person credited with the discovery of the neutron is a participant in what project?,Who was the US physicist who directed the project that developed the first atomic bomb at the same place where Feynman worked on Water Boiler?,bm25+hybrid,dense+hybrid,0,1,0,0,0,1,0,1,1,1
2hop__315267_277284,2hop__145288_502838,0.6927,What administrative territorial entity includes the place where Bill Cockcroft was educated?,Which administrative territorial entity was Roger Franklin born in?,dense+hybrid,none,0,0,0,1,1,0,0,1,0,0
3hop1__241001_568433_47686,2hop__128945_47686,0.6926,Where do Greyhound buses leave from in the city where Arna Selznick's employer is headquartered?,From where do buses leave the city CKIS-FM serves?,none,dense,0,0,0,1,0,1,0,0,0,1
2hop__768312_814677,2hop__263728_705527,0.6925,What religion is Anubis' father part of?,Who is the father of the father of Anwer Ali?,all,none,0,1,0,0,1,0,0,1,0,0
2hop__272714_113442,3hop1__497845_629431_124169,0.6925,On what date did the creator of Peace Concluded die?,On what date did the Governor of the place of death of Princeps Pastorum's author end?,none,none,1,0,0,1,0,0,1,0,0,1
2hop__156085_436709,2hop__557411_652060,0.6925,Who is the creator of Mickey Mouse's spouse?,Who is the spouse of the creator of The Nanny Reunion: A Nosh to Remember?,none,none,1,0,0,1,0,0,1,0,0,1
2hop__390055_82341,2hop__316374_82341,0.6924,Where in florida did Rosalie King die?,In what part of Florida is Bob Steele's place of death located?,none,none,1,0,0,1,0,0,1,0,0,1
2hop__6736_6733,2hop__6750_6733,0.6923,To what division does the place where the most speakers are found belong?,To what division of languages does one with an innovative form belong?,dense,dense,1,0,0,1,1,1,1,0,0,1
2hop__825727_584042,2hop__593397_224832,0.6923,What league includes the sports team that has Maycon Carvalho Inez?,What league includes the operating group of Al Janoub Stadium?,none,bm25+hybrid,0,0,1,0,0,0,1,0,1,0
2hop__446324_620302,2hop__632234_122868,0.6922,The author of Elizabeth and After attended which university?,Where did the author of The National Dream go to university?,bm25+hybrid,none,0,1,0,0,0,0,1,1,0,0
2hop__55129_80460,2hop__106864_80460,0.6921,What is the current population in 2017 of the country being the defending champions of champions trophy?,What was the 2017 population of the country where Bedari was made?,dense+hybrid,all,0,0,1,0,1,1,1,1,1,1
2hop__156658_155922,2hop__611178_131968,0.6918,What body of water does the river that Toongabbie Creek flows into flow into?,Which is the body of water by the village which borders Long Ditton?,dense,all,0,0,1,0,1,1,1,0,1,0
2hop__753715_51329,2hop__696442_51329,0.6913,with what movie did Mary Philips' husband win his only oscar?,What movie did Lauren Bacall's spouse win his only Oscar?,none,none,1,0,0,1,0,0,1,0,0,1
2hop__84172_198548,2hop__66843_494136,0.691,Who is the spouse of the person who does the voice for Smokey the Bear?,Who is the spouse of the actor portraying Jerry Lee Lewis in Great Balls of Fire?,none,none,1,0,0,1,0,0,1,0,0,1
2hop__668407_683671,2hop__256553_617289,0.6909,Who is the father of Empress Wang's husband?,Who is the uncle of Liu Bin?,dense,none,0,0,0,1,1,0,0,0,0,1
2hop__829474_123956,3hop1__305282_282081_73772,0.6908,On what date was the battle where Muhammad Shobran was born?,When was the start of the battle of the birthplace of the performer of III?,dense,none,0,0,0,1,1,0,0,0,0,1
2hop__846388_19320,2hop__685045_19320,0.6907,What worldwide ranking does the university that Pedro Ramirez Vasquez attended hold?,What worldwide ranking does the university where Manuel Isaías López was educated hold?,none,dense+hybrid,0,0,0,1,0,1,0,0,1,0
3hop1__516535_834494_34099,2hop__463884_807572,0.6906,How long are city council terms in the city located in the county that also contains Allen?,What county is the Ira C. Allen Mansion located in?,dense,all,0,0,1,0,1,1,1,0,1,0
2hop__370911_589237,2hop__256336_714772,0.6906,Who is the spouse of the Redcap cast member?,Who is the spouse of a cast member from King of the Mountain?,none,none,1,0,0,1,0,0,1,0,0,1
2hop__496792_392646,3hop1__305282_282081_73772,0.6903,A participant of the Battle of Brechin is an instance of?,When was the start of the battle of the birthplace of the performer of III?,none,none,1,0,0,1,0,0,1,0,0,1
2hop__84103_345851,2hop__656411_345851,0.6901,The actor who plays the girl in Spiderman Homecoming is signed to which record label?,"The singer, who starred in Shake It Up, signed to which record label?",none,all,0,0,1,0,0,1,0,0,1,0
4hop1__130623_32392_823060_610794,4hop1__161605_32392_823060_610794,0.6897,What county has a city that is adjacent to the capital city of Erskine College's state?,What county is the city that shares a border with the state capital of the state where Darlington County located in?,none,none,1,0,0,1,0,0,1,0,0,1
2hop__646493_5385,2hop__274529_5385,0.6888,How many people work in the school where Taylor Mokate was educated?,How many people work in the school where Ross Porter was educated?,dense,none,0,0,0,1,1,0,0,0,0,1
3hop1__462125_538202_84283,2hop__809785_606637,0.6888,Who is the owner of the record label that the performer of Days of Our Lives is on?,What record label does the performer of Adventures in Your Own Backyard belong to?,none,dense+hybrid,0,0,0,1,0,1,0,0,1,0
2hop__191125_781346,2hop__402530_774333,0.6886,What place does the administrative territorial entity that Juba is located in share a border with?,What other county does the county where Imperial is located share a border with?,none,bm25+hybrid,0,0,1,0,0,0,1,0,1,0
2hop__2613_59409,2hop__69_59409,0.6884,The rapper who owns Aspiro was inspired by what when writing Song Cry?,"Who was the artist who is associated with Beyonce's premiere solo recording talking about in the song ""Cry""?",hybrid,none,0,0,0,1,0,0,1,1,0,0
3hop1__640171_228453_86925,3hop1__765565_326948_86925,0.6881,What is the symbol of the Saints from the city that is the location of Blanton's manufacturer's headquarters called?,What is the symbols of the Saints from the place where Here Come the Girl's performer was born called?,none,none,1,0,0,1,0,0,1,0,0,1
2hop__498251_126089,2hop__159146_120065,0.6871,Who was in charge of the area where Laren is located?,What year did the region where Leuna was located come to an end?,dense+hybrid,dense,0,0,0,1,1,1,1,1,0,0
2hop__35445_22458,4hop1__93601_46196_497223_15840,0.6869,What is the full name of the organization that publishes he Laws of the Game?,What is the abbreviated name of the exclusive platform of the video game named for the league with a halftime event just before the publishers clearing house sweepstakes drawing.,none,none,1,0,0,1,0,0,1,0,0,1
2hop__311694_129669,4hop1__145087_32392_823060_610794,0.6869,In which state is Vera Barbosa's place of birth located?,What county is the city that shares a border with the state capital of the state where Velma Barfield was born located in?,none,none,1,0,0,1,0,0,1,0,0,1
2hop__450608_373421,2hop__128342_375952,0.6867,What is the county where Ukmergė District Municipality is located one of?,In which county is the city of KABG located?,all,all,1,1,1,1,1,1,1,1,1,1
2hop__596188_297986,2hop__191125_781346,0.6866,What administrative territorial entity contains the place where Mycenae House is located?,What place does the administrative territorial entity that Juba is located in share a border with?,none,none,1,0,0,1,0,0,1,0,0,1
2hop__272714_113442,2hop__818692_113442,0.6864,On what date did the creator of Peace Concluded die?,What date did the creator of Autumn Leaves die?,none,dense,0,0,0,1,0,1,0,0,0,1
2hop__323534_810083,2hop__168816_144857,0.686,Where was the author of Marcinkus born?,In what city was the author of Elephant born?,bm25+hybrid,none,0,1,0,0,0,0,1,1,0,0
4hop2__161602_474028_88460_20985,2hop__159903_419949,0.6856,Does the capital city hold the majority of the population in the natural boundary between the country that hosted the tournament and the country where A Don is from?,What is the capital of the country it is about?,none,none,1,0,0,1,0,0,1,0,0,1
4hop1__463635_624859_355213_203322,2hop__411091_625230,0.6853,What county shares a border with the county where the birthplace of Tonight You're Mine's performer is located?,In which county is Mark Dismore's birthplace located?,none,all,0,0,1,0,0,1,0,0,1,0
2hop__286268_97805,2hop__362912_97805,0.6852,Which war did the operator of the R class patrol boat serve in?,Which was did the operator of the Jurmo class landing craft serve in?,none,none,1,0,0,1,0,0,1,0,0,1
2hop__152700_141308,3hop1__142044_538202_84283,0.6848,"What company is the record label for Oh Woman, Oh Why a part of?",Who is the owner of the record label of the performer responsible for the album Just Got Started Lovin' You?,all,none,0,1,0,0,1,0,0,1,0,0
2hop__78766_461854,2hop__51965_165532,0.6846,Who is the spouse of the actor who played Scarlet in Gone with the wind?,Who is the spouse of the actor who plays Paul in Breakfast at Tiffany's?,none,none,1,0,0,1,0,0,1,0,0,1
2hop__107690_124896,2hop__175168_110222,0.6837,Who was the father of The Portrait of George Dyer Talking's creator?,When was the creator of The Painter's Studio born?,none,dense+hybrid,0,0,0,1,0,1,0,0,1,0
3hop1__742780_567566_84283,2hop__711946_269414,0.6835,Who owns the record label where the singer of All Right records?,What record label is the performer who released All Your Faded Things on?,none,none,1,0,0,1,0,0,1,0,0,1
2hop__30384_30351,2hop__708145_30351,0.6835,Who did Hay work for after being hired by his other notable influence regarding resource distribution other than Max Weber?,Who did Hayek work for upon being hired by the author of Bureaucracy?,all,all,1,1,1,1,1,1,1,1,1,1
2hop__16844_20510,2hop__159737_27110,0.6834,When was the entity that was dissolved after the Indian Rebellion in 1857 chartered?,During what time span were there findings of habitation in India and the country that withdrew its forces in accordance with the UN resolution of August 1948?,bm25,hybrid,0,1,0,0,0,0,1,0,1,0
2hop__132954_533882,2hop__817096_15463,0.6828,What company was formed after a merger of the company that built ASM-N-5 Gorgon V?,What company merged in 2002 with the CEMM developer?,all,none,0,1,0,0,1,0,0,1,0,0
2hop__195917_575657,2hop__231890_595414,0.6818,In what county is William W. Blair's birthplace located?,Which county does Lloyd Dane's birthplace belong to?,all,none,0,1,0,0,1,0,0,1,0,0
2hop__2416_53663,2hop__157251_556157,0.6815,Where is the river that the engine pumped water from located in the world?,What river does the system containing Umchabezi River serve as the mouth of?,dense+hybrid,all,0,0,1,0,1,1,1,1,1,1
2hop__726892_131968,2hop__728969_131890,0.6812,Which is the body of water by Leo Bennett's place of death?,Which is the body of water near George Mills' place of birth?,none,dense,0,0,0,1,0,1,0,0,0,1
2hop__711639_110949,2hop__677160_110882,0.6806,What is the Sarah performer's birth date?,When was the performer of So Nice born?,none,dense+hybrid,0,0,0,1,0,1,0,0,1,0
2hop__462179_643013,2hop__635187_861533,0.68,"What shares a border with the administrative territorial entity Radwanice, Polkowice County is located in?",What province shares a border with the province where Lago District is located?,all,bm25+hybrid,0,1,1,1,1,0,0,1,1,1
2hop__144784_623159,2hop__488811_30113,0.6798,The city where Dmitry Borisovich was born is located where in Russia?,What else happened in the northern part of Erich Zakowski's birthplace in the now Russian area?,dense+hybrid,dense+hybrid,1,0,0,1,1,1,1,1,1,1
2hop__60229_1783,2hop__58168_1783,0.6798,Who was mayor of New York when the first cake mix came out?,Who was the mayor of New York during the time when the US had its highest unemployment rate?,none,none,1,0,0,1,0,0,1,0,0,1
3hop1__820301_720914_27537,2hop__794999_113442,0.6797,Why did Roncalli leave the place where Crucifixion's creator died?,When did the creator of Christ in the House of His Parents die?,none,all,0,0,1,0,0,1,0,0,1,0
2hop__228_90265,3hop1__228_237521_291682,0.6796,"Who played the artist that influenced Beyonce, in The Jackson 5 American Dream?",Who is the wife of the man who produced the documentary of the pop star who influenced Beyonce?,dense+hybrid,dense,0,0,0,1,1,1,1,1,0,0
2hop__494659_5385,2hop__274529_5385,0.6792,How many people work at the school that holds the Julian P. Kanter Political Commercial Archive?,How many people work in the school where Ross Porter was educated?,none,none,1,0,0,1,0,0,1,0,0,1
2hop__42464_718451,2hop__29606_600504,0.6788,The field of work of the physicist making the first to measure value of the Newton Universal Gravitation Constant is what?,What field of work was the person who discovered the mathematical relationship between peaks and curves of light at different temperatures in?,none,dense,0,0,0,1,0,1,0,0,0,1
2hop__681463_402641,2hop__423972_540249,0.6788,Who is the sibling of Chiang Hsiao-wen?,Who was the sibling of Nannina de' Medici?,all,dense,0,1,0,0,1,1,1,1,0,0
3hop1__66872_709625_84283,2hop__152052_141308,0.6787,Who owns the record label of the Till I Can Gain Control Again songwriter?,What company is the label responsible for Don't Let Me Wait Too Long a part of?,none,dense+hybrid,0,0,0,1,0,1,0,0,1,0
2hop__442516_595885,2hop__864101_135373,0.6785,Which country has a body of water that was inspiration for the name of the Mara Region?,What is the body of water that St. Matthew Island located in named after?,none,none,1,0,0,1,0,0,1,0,0,1
4hop1__767417_624859_355213_203322,2hop__286093_361551,0.6782,What county shares a border with the county where the performer of Change of Heart was born?,In which county was James Finch born?,none,hybrid,0,0,0,1,0,0,1,0,1,0
2hop__832795_350510,2hop__661847_288421,0.6776,What group was the performer of Be the One a member of?,Who is part of the band that performed Full Cooperation?,none,dense,0,0,0,1,0,1,0,0,0,1
2hop__83460_456238,2hop__684287_78303,0.6772,This is an instance of who was named commander in chief of texas forces by the new national government of texas National Forest?,what was the name of the producer of Forest Warrior walker texas ranger?,all,dense+hybrid,0,1,0,0,1,1,1,1,1,1
3hop1__222497_309482_41132,3hop1__222497_737465_93723,0.677,How many times did plague occur in Al gran sole carico d'amore's composer's work location?,"Who played Spyder, from the ""Once Upon a Time"" film set in the place of death of the composer of Al gran sole carico d'amore?",none,none,1,0,0,1,0,0,1,0,0,1
2hop__593688_292889,2hop__71165_807969,0.6769,What country does team that Pa Amadou Gai is a member of play for?,What team does the winner of the 2017 BBC African Footballer of the Year play for?,none,none,1,0,0,1,0,0,1,0,0,1
2hop__124412_402641,2hop__575188_342798,0.6769,Who is the child of Chiang Hsiao-wen's father?,Who is the child of Mahmoud Mirza's father?,all,none,0,1,0,0,1,0,0,1,0,0
4hop1__61681_53706_795904_580996,3hop1__159803_89752_75165,0.6762,What city shares a border with the city where a person went to work during the gold rush in the biggest state in the USA by population?,What's the population of the largest state in the region of the U.S. where trading practices were once threatened by the Navigation Acts?,none,none,1,0,0,1,0,0,1,0,0,1
2hop__394720_120259,2hop__511454_120259,0.6761,When was the kingdom that Heptarchy was part of abolished?,When was Lady Godiva's birthplace abolished?,none,bm25+hybrid,0,0,1,0,0,0,1,0,1,0
2hop__253612_110882,2hop__590631_110882,0.676,What is the date of birth of the performer of Stand Up?,What is the date of birth for the performer of Unbreakable?,dense,dense+hybrid,0,0,0,1,1,1,1,0,1,0
2hop__107548_124896,2hop__107690_124896,0.6755,Who is the father of the artist who painted Head I?,Who was the father of The Portrait of George Dyer Talking's creator?,none,none,1,0,0,1,0,0,1,0,0,1
2hop__702496_430061,2hop__301011_820181,0.6754,What county was Tim Dubois born in?,Which county is the birth place of Keith Sebelius located at?,all,dense,0,1,0,0,1,1,1,1,0,0
2hop__307218_161450,2hop__391258_161450,0.6752,In what part of the country is Minudasht County?,Where is the province that contains Maraveh Tappeh County located?,bm25+hybrid,none,0,1,0,0,0,0,1,1,0,0
2hop__628752_538661,2hop__364489_861485,0.675,Where are the headquarters for the publisher of In the Shadow of Greatness?,Where is the location of the headquarters of the publisher of Bamboo Among the Oaks?,none,none,1,0,0,1,0,0,1,0,0,1
2hop__166824_185403,2hop__157498_127908,0.6749,What league does the team that plays in Stadio Ciro Vigorito play for?,What league does the team that uses Dick's Sporting Goods Park play for?,none,none,1,0,0,1,0,0,1,0,0,1
2hop__50199_59409,2hop__66_59409,0.6749,Who was the person talking at the beginning of Thriller by Fall Out Boy talking about in Song Cry?,"Who was the artist that was featured in Beyonce's first solo album's lead single talking about in the song ""Cry""?",none,none,1,0,0,1,0,0,1,0,0,1
2hop__126306_396277,2hop__126299_396277,0.6748,What is another notable work by the illustrator of Sylvester and the Magic Pebble?,What other notable work did the person who illustrated Shrek work on?,none,none,1,0,0,1,0,0,1,0,0,1
3hop1__459153_544076_84283,2hop__311931_417706,0.6746,Who is the owner of the record label that Seventeen's performer belongs to?,What record label does the performer of Emotional Rain belong to?,none,none,1,0,0,1,0,0,1,0,0,1
2hop__632870_22402,2hop__283298_22402,0.6745,How many students attend where Andre Dreiding is employed?,How many students attend the university employing Marie Theres Fögen?,dense+hybrid,dense+hybrid,1,0,0,1,1,1,1,1,1,1
2hop__547045_131879,2hop__693157_131890,0.6743,What body of water is by the headquarters location of Wipac?,What is the body of water by the area where Athlete was formed?,none,bm25,0,0,1,0,0,0,1,0,0,1
2hop__124933_653666,2hop__76402_653666,0.6738,Who is the mother of the father of Julia Murdock Smith?,Who is the mother of the founder of Mormonism?,dense+hybrid,all,0,0,1,0,1,1,1,1,1,1
2hop__622637_120171,2hop__132929_120537,0.6733,What year did the company that published Starship Command end?,When was the company that makes Skyflash abolished?,dense,dense,1,0,0,1,1,1,1,0,0,1
3hop1__127837_157828_239539,3hop1__104237_214799_259594,0.6731,Where is the headquarters of the Radio Television of the country that has a co-official language in the language that Kuhinjica is in?,What is the abbreviated form of the name of the country where Alfred Kurella hails from?,none,none,1,0,0,1,0,0,1,0,0,1
2hop__123148_5385,2hop__658472_5385,0.6731,How many people work in Susan Winchester's alma mater?,How many people work at the school where Gene Ball was educated?,none,dense,0,0,0,1,0,1,0,0,0,1
2hop__606439_127399,2hop__347686_127399,0.6729,"What year did the group that performed From Them, Through Us, to You form?",In what year was the group who performed Attics To Eden formed?,all,all,1,1,1,1,1,1,1,1,1,1
2hop__13353_17738,2hop__13353_85402,0.6728,What area that abuts the country where the Prunus spinosa leaf much sooner still has some older people who speak West Flemish?,What is the capitol of the country where the Prunus spinosa leaves much sooner?,bm25+hybrid,none,0,1,0,0,0,0,1,1,0,0
2hop__725233_150107,2hop__589264_150107,0.6727,Who published Communications of the publisher of the Mobile Computing and Communications Review?,Who published the Communications of the group that Zhengyou Zhang is a member of?,all,dense,0,1,0,0,1,1,1,1,0,0
2hop__580231_162399,2hop__124932_278133,0.6722,When did the father of Dahyabhai Patel die?,Who was the father of Jujhar Singh's father?,dense+hybrid,dense,0,0,0,1,1,1,1,1,0,0
4hop1__788226_32392_823060_610794,2hop__363214_590899,0.672,The capital of the state where Mary Boykin Chesnut lived borders a city within which county?,The city that Psycho Donuts is located in is in which county?,none,all,0,0,1,0,0,1,0,0,1,0
2hop__33288_157788,2hop__36747_18974,0.6711,What is an example of a railroad line in the country first to invade Manchuria?,Who led the military expedition in the place where the fight between Ming loyalists and Manchus occurred?,bm25+hybrid,bm25+hybrid,1,1,1,1,0,0,1,1,1,1
2hop__269659_722575,2hop__354635_174222,0.671,What company owns the owner of National Observer?,What company succeeded the owner of Empire Sports Network?,all,none,0,1,0,0,1,0,0,1,0,0
2hop__48784_70131,2hop__464479_70131,0.6706,Who constituted the free crops in the location where the democratic government set up in Germany in 1919?,Who constituted the freikorps in the country that the German Socialist Party was part of?,none,dense+hybrid,0,0,0,1,0,1,0,0,1,0
2hop__511296_577502,2hop__414193_176917,0.6705,Who married the actor from Terminator?,Who is married to the cast member of Carolina Moon?,all,dense,0,1,0,0,1,1,1,1,0,0
2hop__788087_150107,2hop__196348_150107,0.6699,Who published the Communication of the association that Deborah Estrin is a member of?,Who published Communications of the organization that Andries van Dam is a member of?,dense+hybrid,bm25,0,0,1,0,1,0,0,1,0,0
2hop__460946_294723,2hop__517145_367341,0.6695,Who is the spouse of the Green performer?,Who is the child of the cast member of Green Ice?,none,none,1,0,0,1,0,0,1,0,0,1
2hop__591435_51329,2hop__95773_51329,0.6695,What movie won the Knock on Any Door cast member his only Oscar?,What movie did the person who acted in the comedy film Crime School win his only Oscar for?,none,none,1,0,0,1,0,0,1,0,0,1
4hop3__373866_5189_38229_86687,2hop__38229_84500,0.6685,A group of nations of which the People's Socialist Republic of Albania was a member was controlled by one country. When did that country agree to a unified Germany inside of the organization Eisenhower would not discuss during the campaign?,What does the name of the topic that Eisenhower didn't discuss during the campaign stand for?,none,none,1,0,0,1,0,0,1,0,0,1
2hop__506035_325512,4hop1__37608_32392_823060_610794,0.6682,In which county was Larkin I. Smith born?,Which county has the location that shares a border with the city that became the state capital of where Representative Thomas Tucker was from?,bm25+hybrid,none,0,1,0,0,0,0,1,1,0,0
3hop2__855821_223623_162182,2hop__144763_599630,0.6681,In what region of the country where Lam Dong is located is John Phan's birthplace?,In which county was Zhu Qinan born?,none,dense+hybrid,0,0,0,1,0,1,0,0,1,0
2hop__605207_135019,2hop__68162_482364,0.6679,Who is the mother of Andreogeus' father?,Who was the father of the leader of the Argonauts in the search for the golden fleece?,none,none,1,0,0,1,0,0,1,0,0,1
2hop__53937_92673,2hop__161273_92673,0.6678,Where is the place where Rudolph the red-nosed reindeer lives on the world map?,Where is the pole the balloon was supposed to pass over located on the world map?,none,dense+hybrid,0,0,0,1,0,1,0,0,1,0
2hop__462179_643013,2hop__424908_500483,0.6673,"What shares a border with the administrative territorial entity Radwanice, Polkowice County is located in?","What shares a border with the administrative district where Bieliny, Świętokrzyskie Voivodeship is the capital?",all,all,1,1,1,1,1,1,1,1,1,1
2hop__47808_198548,2hop__370911_589237,0.667,Who is the wife of the actor of Grace's boyfriend in Frankie and Grace?,Who is the spouse of the Redcap cast member?,none,none,1,0,0,1,0,0,1,0,0,1
2hop__191125_781346,2hop__701895_752697,0.6667,What place does the administrative territorial entity that Juba is located in share a border with?,What administrative territorial entity is the owner of Ciudad Deportiva located?,none,dense,0,0,0,1,0,1,0,0,0,1
2hop__613959_135844,2hop__258940_135844,0.6664,Who is the city that AvtoVAZ's headquarters is located in named after?,Who is the city where Lesnoye Sanatorium is located named after?,all,dense+hybrid,0,1,0,0,1,1,1,1,1,1
2hop__682872_516436,2hop__849534_122868,0.6664,What field does the author of Parallel Worlds work in?,What university did the author of The Secret World of Og go to?,dense,none,0,0,0,1,1,0,0,0,0,1
2hop__412633_15781,2hop__159215_779396,0.6662,"Who, along with the author of An Essay on the History of Civil Society, criticized the idea of social contract theorists?",Where was the person who wrote about the rioting being a dividing factor in Birmingham educated?,all,none,0,1,0,0,1,0,0,1,0,0
2hop__806869_56873,2hop__13574_13498,0.6659,When did Andrea Silenzi's team win the FA cup?,How many UEFA Super Cup awards have been received by the team that has won the treble competitions twice?,none,none,1,0,0,1,0,0,1,0,0,1
2hop__557284_160249,2hop__846921_160249,0.6658,Which years did the war with Antigone's spouse occur?,What years was Aeacides of Epirus's child at war?,none,none,1,0,0,1,0,0,1,0,0,1
2hop__739909_807845,2hop__92590_43786,0.6656,What publisher was formed from the owner of the The Daily News?,Where is the newspaper that originated the term Baby Boomer based?,none,all,0,0,1,0,0,1,0,0,1,0
2hop__6265_718451,2hop__16632_110014,0.6653,What field of work did the person who first recognized that hydrogen was a discrete substance work in?,What year was the person who described the use of bitumen and pitch to tar ships born?,none,none,1,0,0,1,0,0,1,0,0,1
2hop__49409_67668,2hop__142130_67668,0.6652,What character does the actor who played Barney on How I Met Your Mother play in Batman Under the Red Hood?,Who does the Nothing Suits Me Like a Suit artist play in Batman Under the Red Hood?,all,all,1,1,1,1,1,1,1,1,1,1
2hop__636597_480615,2hop__144658_599630,0.6646,What city is located in the county containing Qiantong?,What county was Ye Rongguang born in?,dense+hybrid,dense,0,0,0,1,1,1,1,1,0,0
2hop__852122_150107,2hop__196348_150107,0.6643,Who published Communications of the agency that Michael Schroeder is a member of ?,Who published Communications of the organization that Andries van Dam is a member of?,none,bm25,0,0,1,0,0,0,1,0,0,1
2hop__130668_126089,2hop__804417_126089,0.6642,Who was in charge of the state where Graft-De Rijp is located?,Who was in charge of the place where Bergen is located?,dense+hybrid,none,0,0,0,1,1,0,0,1,0,0
2hop__698577_851686,2hop__581084_828685,0.6642,What is a notable work written by the author of The Timothy files?,"Who employs the author of ""Ravenswood: The Steelworkers' Victory and the Revival of American Labor""?",none,dense+hybrid,0,0,0,1,0,1,0,0,1,0
2hop__60686_229757,2hop__370911_589237,0.6639,Who is the spouse of the actress that plays leslie knope on parks and recreation?,Who is the spouse of the Redcap cast member?,none,none,1,0,0,1,0,0,1,0,0,1
2hop__82713_84616,2hop__280451_84616,0.6635,What did the actress in My Fair Lady win a Tony for?,What did the spouse of Andrea Dotti win a Tony for?,none,none,1,0,0,1,0,0,1,0,0,1
4hop1__399219_765799_282674_759393,4hop1__47210_53706_795904_580996,0.6625,What is the seat of the county sharing a border with the county in which Valley New School is located?,What location borders the city founded by a former newspaper publisher selling supplies in the state where the valley girl accent originated?,none,none,1,0,0,1,0,0,1,0,0,1
2hop__323534_810083,2hop__505860_650613,0.6618,Where was the author of Marcinkus born?,Where was the author of Hannibal and Scipio educated at?,bm25+hybrid,bm25+hybrid,1,1,1,1,0,0,1,1,1,1
3hop1__135392_87694_124169,2hop__144317_120065,0.6617,What date did the Governor of the city where the basilica that is named after the same person as the Bremen Cathedral and the head of the catholic religion is located end?,What year did the city were Hans-Joachim Merker was born end?,none,none,1,0,0,1,0,0,1,0,0,1
2hop__124933_653666,2hop__608902_653666,0.6612,Who is the mother of the father of Julia Murdock Smith?,Who is the mother of Katharine Smith Salisbury's brother?,dense+hybrid,none,0,0,0,1,1,0,0,1,0,0
2hop__44652_165532,2hop__256336_714772,0.6604,Who is the spouse of the actor who played Zeb in How the West was Won?,Who is the spouse of a cast member from King of the Mountain?,dense,none,0,0,0,1,1,0,0,0,0,1
2hop__136214_483189,2hop__635544_110949,0.6601,The person whom Sikyona is named after is part of what?,What is the date of birth of the person who was part of Ratata?,dense+hybrid,dense+hybrid,1,0,0,1,1,1,1,1,1,1
3hop1__398232_326948_78782,2hop__603365_120259,0.6601,Who was the British general in the battle named after the birth city of the person who recorded Mother-in-Law?,When was a participant in the Battle of Maserfield abolished?,none,none,1,0,0,1,0,0,1,0,0,1
2hop__66843_494136,2hop__44815_494136,0.66,Who is the spouse of the actor portraying Jerry Lee Lewis in Great Balls of Fire?,Who is the spouse of the actor of Ethan in A Dog's Purpose?,none,none,1,0,0,1,0,0,1,0,0,1
2hop__562154_69048,2hop__862994_69048,0.6599,Who is the Chief Judge in the place where DeltaWomen's headquarters in located?,Who is the chief judge at Gloria Kemasuode's birthplace?,dense+hybrid,bm25,0,0,1,0,1,0,0,1,0,0
2hop__481809_184805,2hop__124807_135019,0.6597,Who is the child of the horse who also fathered Tompion?,Who is the mother of Nephalion's father?,all,dense+hybrid,0,1,0,0,1,1,1,1,1,1
2hop__827940_277334,2hop__586343_83289,0.6595,Which child of the author of One More Time helped adapt it into a play?,Who is the guy in the video of the performer of One Last Time?,all,dense+hybrid,0,1,0,0,1,1,1,1,1,1
2hop__370564_71701,2hop__166484_798067,0.6593,What year did the japanese get to the current administrative territorial entity of the Century Lotus Stadium and the rest of the guangdong province?,What is the administrative territorial entity of the administrative territorial entity Zuchang Gymnasium is located?,dense+hybrid,none,0,0,0,1,1,0,0,1,0,0
2hop__259228_793698,2hop__216535_370666,0.6593,Where is Ulrich Walter's employer headquartered?,In what city is Alain Lascoux's employer located?,none,none,1,0,0,1,0,0,1,0,0,1
4hop2__161602_426860_88460_126088,2hop__496732_658428,0.6593,Who was in charge in the country that is the natural boundary between the country that hosted the tournament and the country where That Dam is located?,The territory containing Bansaan Island is located at which island?,none,none,1,0,0,1,0,0,1,0,0,1
2hop__466700_214359,2hop__661847_288421,0.6592,"Who is one of the members of the music group that performed ""Good Little Girls""?",Who is part of the band that performed Full Cooperation?,all,dense,0,1,0,0,1,1,1,1,0,0
2hop__96137_121319,2hop__574496_123283,0.6592,Where did the actor in The Woman in the Window study or work?,Where did the founder of the Acting Company study?,none,dense+hybrid,0,0,0,1,0,1,0,0,1,0
2hop__123509_5385,2hop__658472_5385,0.6591,How many people work in the university that is related with Mark F. Green?,How many people work at the school where Gene Ball was educated?,none,dense,0,0,0,1,0,1,0,0,0,1
2hop__765678_310556,2hop__78873_461854,0.6591,Who was married to the star of No Escape?,Who is the female star in Gone with the Wind married to?,none,none,1,0,0,1,0,0,1,0,0,1
2hop__257831_123283,2hop__505860_650613,0.6589,Where did the producer of Julius Caesar study or work?,Where was the author of Hannibal and Scipio educated at?,none,bm25+hybrid,0,0,1,0,0,0,1,0,1,0
2hop__510860_22402,2hop__274529_5385,0.6588,How many students attend the school that employs Roberto Andorno?,How many people work in the school where Ross Porter was educated?,dense,none,0,0,0,1,1,0,0,0,0,1
2hop__62311_62279,3hop1__128516_30587_83479,0.6585,When did Germany launch an air attack on the country the U.S. fought during the American Revolution?,What was Germany's main goal in the battle of the ocean adjacent to the US city having WEDR?,none,none,1,0,0,1,0,0,1,0,0,1
2hop__494659_5385,2hop__650138_22402,0.6582,How many people work at the school that holds the Julian P. Kanter Political Commercial Archive?,How many students attend the school where Max Huber attended?,none,none,1,0,0,1,0,0,1,0,0,1
2hop__61143_165532,2hop__72487_510545,0.6582,Who is the spouse of the actor who played hannibal smith in the a team?,Who is the spouse of the actor that plays vision in avengers age of ultron?,none,none,1,0,0,1,0,0,1,0,0,1
3hop1__139773_88110_77129,3hop1__139773_88110_21193,0.658,"What was the first OS to support the Hyper-V protocol, developed by the company that the letters MS stand for, in the network where The Rachel Maddow Show is found?",What compression method is part of the CAB format used by one of the original partners in the TV channel that hosts Rachel Maddow's show?,dense,dense+hybrid,0,0,0,1,1,1,1,0,1,0
3hop2__67618_30587_44003,3hop1__41865_55331_34700,0.658,Where does the ocean adjacent to Miami meet the body of water where the Mississippi River empties into the sea?,Who sent naval ships to the body of water that joins the Atlantic and the sea where the Rhine ends?,none,none,1,0,0,1,0,0,1,0,0,1
2hop__749997_96912,2hop__860241_766393,0.6577,Who gives out the prize named after the author of Lectures on Jurisprudence?,What award was received by the person who authored Missing Person?,bm25+hybrid,dense,0,1,0,0,0,1,0,1,0,0
2hop__176712_8311,2hop__422295_8311,0.6576,What year was the father of Katherine of England crowned?,"When was the sibling of Alice de Lusignan, Countess of Surrey crowned?",all,bm25+hybrid,0,1,1,1,1,0,0,1,1,1
2hop__31094_31122,2hop__323534_810083,0.6576,The author of Alciphron lived in what century?,Where was the author of Marcinkus born?,none,bm25+hybrid,0,0,1,0,0,0,1,0,1,0
2hop__495316_660579,3hop2__131820_132454_61019,0.6574,"What is the capital of the county which contains Hickory Grove Estates, Mississippi?","What was the capital of the state where WEKL operates, before the city where Blackberry Smoke was formed?",none,none,1,0,0,1,0,0,1,0,0,1
2hop__503085_110222,2hop__107601_110222,0.6574,When was the painter of Femme nue couchée born?,When is the birthday of the creator of Le ruisseau noir?,all,dense+hybrid,0,1,0,0,1,1,1,1,1,1
2hop__683835_709167,2hop__860241_766393,0.6567,What award did the author of The Red Tree receive?,What award was received by the person who authored Missing Person?,none,dense,0,0,0,1,0,1,0,0,0,1
2hop__215896_460425,2hop__252311_366220,0.6565,What is the location of formation of the film company distributing The Boss?,Who founded the company that distributed the film UHF?,all,hybrid,0,1,0,0,1,0,0,1,1,1
2hop__374495_68633,2hop__645367_68633,0.6559,Who is the president of the organization that Avery Brundage is a member of?,Who is the president of the group Kim Un-yong is a member of?,none,none,1,0,0,1,0,0,1,0,0,1
2hop__500379_126537,2hop__516918_126537,0.6553,When did Burroughs Corporation merge to form a new corporation?,In what year was the successor of Sperry Corporation established?,all,all,1,1,1,1,1,1,1,1,1,1
2hop__485221_544917,2hop__2416_53663,0.6551,What body of water includes the terrain feature where Coffee Swamp is located?,Where is the river that the engine pumped water from located in the world?,none,dense+hybrid,0,0,0,1,0,1,0,0,1,0
2hop__263728_705527,2hop__171254_383727,0.6549,Who is the father of the father of Anwer Ali?,Who fathered the father of Alice Clere?,none,dense,0,0,0,1,0,1,0,0,0,1
3hop1__768500_730460_70315,3hop1__768500_730460_78782,0.6549,Where did Katrina hit the hardest in the Toussaint performer's birthplace?,Who was the British general in the Battle of the city where Toussaint's performer was born?,none,none,1,0,0,1,0,0,1,0,0,1
2hop__502473_634689,4hop1__707078_378185_282674_759393,0.6547,Mehmet Hayri Tarhan's birthplace is the capital of what municipality?,What is the capital of the county that shares a border with the county that contains the birthplace of Erik Jensen?,bm25,none,0,1,0,0,0,0,1,0,0,1
2hop__749997_96912,2hop__20059_236755,0.6547,Who gives out the prize named after the author of Lectures on Jurisprudence?,What is a notable work from the person who said the term 'intellectual property' operates as a catch-all,bm25+hybrid,none,0,1,0,0,0,0,1,1,0,0
2hop__511296_2684,2hop__242045_2684,0.6546,What was the name of the law passed by the actor from Terminator?,What law was passed by Maria Shriver's husband?,dense,none,0,0,0,1,1,0,0,0,0,1
2hop__370911_589237,2hop__70584_198548,0.6543,Who is the spouse of the Redcap cast member?,Who is the spouse of the person who played the sergeant major in We Were Soldiers?,none,none,1,0,0,1,0,0,1,0,0,1
2hop__693444_220151,2hop__507722_124896,0.6539,Who is the spouse of Young Man Luther's author?,Who is the father of the author of Novum Organum?,none,none,1,0,0,1,0,0,1,0,0,1
2hop__564984_139312,2hop__860241_766393,0.6537,"The author of the novel ""2030"" was nominated for what award for his role in ""Broadcast News""?",What award was received by the person who authored Missing Person?,all,dense,0,1,0,0,1,1,1,1,0,0
2hop__269076_449113,4hop2__71753_729371_70784_79935,0.6536,Where is the headquarters of the operator of Operation Entebbe?,When was the region that lies to the north of where Israel is located and the location of Operation Earnest Will established?,none,none,1,0,0,1,0,0,1,0,0,1
2hop__635187_861533,2hop__423045_570226,0.6535,What province shares a border with the province where Lago District is located?,The Paracel islands are share a province with what city?,bm25+hybrid,bm25+hybrid,1,1,1,1,0,0,1,1,1,1
2hop__507528_139339,2hop__669160_139339,0.6534,What was the director of Lisa Picard is Famous nominated for?,What was the director of Addicted to Love nominated for?,dense,none,0,0,0,1,1,0,0,0,0,1
2hop__684839_139312,2hop__580458_139390,0.6533,What was the cast member from Real Life nominated for?,What was the cast member of The Bad Man nominated for?,dense,none,0,0,0,1,1,0,0,0,0,1
2hop__123214_22402,2hop__810884_22402,0.6532,How many students attend Daniel Thürer's university?,How many students attend the university that Edith Humphrey was educated?,dense+hybrid,dense,0,0,0,1,1,1,1,1,0,0
2hop__685930_110949,2hop__744055_408817,0.653,What is the date of birth for the performer of Hits?,Who is the lead singer of the band performing Bang Bang Rock & Roll?,none,all,0,0,1,0,0,1,0,0,1,0
2hop__374495_68633,2hop__815205_590407,0.6529,Who is the president of the organization that Avery Brundage is a member of?,Where is the headquarters of the organization that the Office of Science Education is a part of?,none,none,1,0,0,1,0,0,1,0,0,1
2hop__135336_461854,2hop__91667_67223,0.6526,Who was Suzanne Farrington's mother's spouse?,Who married the person telling the story in how i met your mother?,none,none,1,0,0,1,0,0,1,0,0,1
2hop__816977_6455,2hop__315246_88622,0.6518,The developer of Mozilla Sunbird created which browser?,Who is the head of the developer of Simon?,bm25+hybrid,none,0,1,0,0,0,0,1,1,0,0
2hop__677929_696450,2hop__739909_807845,0.6518,Who founded the publisher of The Final Testament of the Holy Bible?,What publisher was formed from the owner of the The Daily News?,none,none,1,0,0,1,0,0,1,0,0,1
2hop__92716_319330,2hop__551235_310309,0.6517,Who was the child of the person who started the State of the Union address?,Who is the child of the creator of A Distinguished Member of the Humane Society?,dense,dense,1,0,0,1,1,1,1,0,0,1
2hop__158247_71142,2hop__16581_16525,0.6514,Who led the muslim forces to retake the proposed embassy destination?,When did the person who first brought a postal service into Umayyad lands become caliph?,none,all,0,0,1,0,0,1,0,0,1,0
2hop__44259_747874,2hop__307719_121900,0.651,Who is the sibling of the player who won the 2012 U.S. Open Men's Singles final?,What college did the 2011 Australian Open - Men's Doubles winner go to?,dense+hybrid,none,0,0,0,1,1,0,0,1,0,0
2hop__587048_621800,2hop__552546_70131,0.6508,What administrative territorial entity does Heinrich Gross's birth place located?,Who constituted the free corps in the country that the Free State of Mecklenburg-Schwerin is located in?,none,dense,0,0,0,1,0,1,0,0,0,1
2hop__486314_544665,2hop__310456_846599,0.6506,Who followed the father of Menucha Rochel Slonim?,Who is the child of the person who followed Tihomir of Serbia?,dense,dense,1,0,0,1,1,1,1,0,0,1
2hop__32254_84601,2hop__135822_46621,0.6506,When did the spacecraft that detected storms on Neptune leave our solar system?,When was the star to which Solgränd is named after discovered to be the center of the solar system?,bm25+hybrid,none,0,1,0,0,0,0,1,1,0,0
2hop__677929_696450,2hop__19007_60935,0.6503,Who founded the publisher of The Final Testament of the Holy Bible?,Who was the first person to do a full translation of the Bible into the script in which Hokkien is sometimes written?,none,none,1,0,0,1,0,0,1,0,0,1
2hop__857493_17335,2hop__468778_88165,0.6503,When did the spouse of Parysatis II die?,Who did the spouse of Hagar marry after the death of Sarah?,none,dense+hybrid,0,0,0,1,0,1,0,0,1,0
2hop__62823_654855,2hop__53175_548781,0.6502,"What political party was the candidate who garnered a million votes during the 1920 election despite being in prison, a member of?",What is the birth place of the US president with whose election the republican ascendancy of the 1920's began?,dense+hybrid,none,0,0,0,1,1,0,0,1,0,0
2hop__77233_33207,2hop__315072_120259,0.6501,How did did the people fare during the reign of the abolisher of sati partha in India?,When was the country Merewalh was a citizen of abolished?,bm25,none,0,1,0,0,0,0,1,0,0,1
2hop__87589_362941,2hop__631139_75487,0.6499,Where was the founder of the National Women's Party born?,Who is the federal leader of the party in which John Lynch-Staunton held a position?,dense,all,0,0,1,0,1,1,1,0,1,0
2hop__499003_853511,2hop__661847_288421,0.6497,What is the record label for the band which performed Pythons?,Who is part of the band that performed Full Cooperation?,all,dense,0,1,0,0,1,1,1,1,0,0
2hop__770487_494646,3hop1__273571_834494_34088,0.6497,What administrative territorial entity contains the headquarters of the Mono Lake Committee?,Where does the administrative territorial entity that contains the administrative territorial entity that contains summit hold NASCAR races?,none,none,1,0,0,1,0,0,1,0,0,1
3hop1__123190_519940_18967,3hop1__145194_160545_34751,0.6496,What is the former name of the country where Atika Suri studied?,What year did the country where Siddhi Savetsila was born form an alliance with Japan?,none,none,1,0,0,1,0,0,1,0,0,1
2hop__72660_319330,2hop__61318_362941,0.6489,Who is the child of the first person who gave in person state of the union?,What is the place of birth of the person who submitted the first version of the equal rights amendment to congress in 1923?,dense+hybrid,none,0,0,0,1,1,0,0,1,0,0
3hop1__21282_692112_236857,4hop1__21282_692112_214799_259594,0.6483,In what country is women's football played in the country where the German chancellor criticized by The Sun held citizenship?,What is the abbreviation for Angela Merkel's original home country that once had border troops called the Deutsche Grenzpolizei?,dense,none,0,0,0,1,1,0,0,0,0,1
2hop__332453_139339,2hop__507528_139339,0.6481,What was the director of The Accidental Husband nominated for?,What was the director of Lisa Picard is Famous nominated for?,dense,dense,1,0,0,1,1,1,1,0,0,1
3hop1__131820_59747_60748,2hop__131455_11960,0.6473,The largest city in the state where WEKL broadcasts had an historic battle that was fought when?,What is the tallest building in the state where KZAR is located?,none,none,1,0,0,1,0,0,1,0,0,1
2hop__528263_865831,4hop1__44149_32392_823060_610794,0.6471,In which county is Kimbrough Memorial Stadium located?,What county is the city that shares a border with the state capital of the state where the RBC Heritage Golf Tournament is played in?,all,none,0,1,0,0,1,0,0,1,0,0
2hop__574419_270105,4hop1__436202_378185_282674_759393,0.6467,What is the seat of the county where Van Hook Township is located?,What is the seat of the county sharing a border with the county in which J.P. Hayes was born?,none,none,1,0,0,1,0,0,1,0,0,1
2hop__20685_712629,2hop__433694_20273,0.6467,Who was the spouse of the British queen?,In what year did Margaret Knox's spouse pass away?,none,dense,0,0,0,1,0,1,0,0,0,1
2hop__475070_532404,2hop__729651_631003,0.6465,Where was the spouse of Frances Tupper born?,Who is Frances Freeling Broderip's sibling?,all,none,0,1,0,0,1,0,0,1,0,0
2hop__415518_616002,2hop__683835_709167,0.6464,What award did the author of The Happy Journey to Trenton and Camden receive?,What award did the author of The Red Tree receive?,none,none,1,0,0,1,0,0,1,0,0,1
2hop__498061_88622,2hop__315246_88622,0.6463,Who's the head of the owner of ThinThread?,Who is the head of the developer of Simon?,none,none,1,0,0,1,0,0,1,0,0,1
2hop__55129_80460,2hop__161507_77849,0.6462,What is the current population in 2017 of the country being the defending champions of champions trophy?,Who is the newly elected Chief Justice of the country where Masherbrum is located?,dense+hybrid,dense+hybrid,1,0,0,1,1,1,1,1,1,1
2hop__15258_54866,3hop2__140194_16797_51068,0.6456,What actress plays the princess who England proposed to affiliate with Wales to quell a rebellion?,What actress plays the first reigning monarch from Britain to set foot in Spain on the network that aired The Dinosaurs?,dense,none,0,0,0,1,1,0,0,0,0,1
3hop1__857_846_7794,2hop__7855_7794,0.6455,"In 2010, what was the population of the city where the Yongle emperor greeted the person to whom the edict was addressed?",What is the population in 2010 of they city popular with tourists?,hybrid,dense+hybrid,0,0,0,1,0,1,0,1,1,1
3hop1__128516_30587_83479,2hop__390947_232243,0.6455,What was Germany's main goal in the battle of the ocean adjacent to the US city having WEDR?,What is the goal of the group that European Movement Germany is a member of?,none,all,0,0,1,0,0,1,0,0,1,0
2hop__478978_124498,2hop__335899_124498,0.6448,Who is the father of the performer of Je dis aime?,Who is the father of the performer of Qui de noux deux?,dense+hybrid,dense,0,0,0,1,1,1,1,1,0,0
2hop__283_574195,2hop__286_574195,0.6447,Where was the person who said she is the reigning national voice educated?,From where did the man who said Beyoncé is the heir-apparent diva of the United States graduate?,none,none,1,0,0,1,0,0,1,0,0,1
2hop__227031_144857,2hop__763840_144857,0.6446,What is the name of the city where Tess Gallagher's spouse was born in?,What city was the author of Neighbors born in?,none,none,1,0,0,1,0,0,1,0,0,1
2hop__299142_347613,2hop__310456_846599,0.6445,Who is the child of Sigrid Eskilsdotter's child?,Who is the child of the person who followed Tihomir of Serbia?,dense+hybrid,dense,0,0,0,1,1,1,1,1,0,0
3hop1__127837_157828_239539,2hop__29873_679424,0.6445,Where is the headquarters of the Radio Television of the country that has a co-official language in the language that Kuhinjica is in?,In which country is the province where Serbian and Croatian languages are both official?,none,dense,0,0,0,1,0,1,0,0,0,1
2hop__373759_136043,3hop1__747772_514761_594810,0.6442,What is the performer of Heartbeat named after?,What record label does the spouse of Heart Like Mine's performer belong to?,none,none,1,0,0,1,0,0,1,0,0,1
2hop__81682_707195,3hop1__465684_160545_62931,0.6437,The island where they filmed ninja warrior in Australia is located in what harbor?,Where in the country where Bodindecha was born was The Beach filmed?,bm25,none,0,1,0,0,0,0,1,0,0,1
2hop__175168_110222,2hop__501624_181960,0.6437,When was the creator of The Painter's Studio born?,Where did the painter of The Mud Bath study?,dense+hybrid,none,0,0,0,1,1,0,0,1,0,0
2hop__635185_141338,2hop__122651_141338,0.6434,What company is the employer of Marie Rutkoski part of?,What company is Zena Tsarfin's school a part of?,none,dense,0,0,0,1,0,1,0,0,0,1
2hop__709357_136043,2hop__471509_136043,0.6429,The Move Ya Body song's band is named after who?,The Nicole and Natalie album's band is named after who?,dense+hybrid,all,0,0,1,0,1,1,1,1,1,1
3hop1__635099_131926_13165,2hop__130404_59180,0.6427,What treaty ceded territory to the US extending west to the body of water by the city where Write This Down was formed?,What date saw the writing of the song where the devil went down to the state where WDXQ is located?,none,all,0,0,1,0,0,1,0,0,1,0
2hop__83938_5666,3hop1__465684_160545_34751,0.6427,Who was the first president in the country where the Kamchatka Peninsula is located?,What year did the country that includes the birth city of Bodindecha form an alliance with Japan?,none,none,1,0,0,1,0,0,1,0,0,1
2hop__136067_160249,2hop__87953_17335,0.6427,Between which years did war with the person for whom Pyrrhic victory is named occur?,When did the winner of the Battle between Poras and Sikander die?,dense,none,0,0,0,1,1,0,0,0,0,1
2hop__315267_277284,2hop__829358_754719,0.6425,What administrative territorial entity includes the place where Bill Cockcroft was educated?,What administrative territorial entity does Darley Ramon Torres's place of birth located?,dense+hybrid,dense,0,0,0,1,1,1,1,1,0,0
2hop__551235_310309,2hop__293131_110222,0.6424,Who is the child of the creator of A Distinguished Member of the Humane Society?,What is the date of birth of the 'Woman with a Parrot' creator?,dense,bm25,0,0,1,0,1,0,0,0,0,1
2hop__518354_67465,2hop__811015_3300,0.6423,When did the performer of Blue Slide Park release Best Day Ever?,What season was the performer of Blue Skies on?,all,dense,0,1,0,0,1,1,1,1,0,0
2hop__20433_157939,2hop__153573_109006,0.6422,What year was the waterfowl character with his own series of satirical comic books created?,Who developed the eponymous character from the series that contains Mickey's Safari in Letterland?,none,all,0,0,1,0,0,1,0,0,1,0
2hop__351045_47134,2hop__347652_47134,0.6421,What is the mascot of the operator of RV Wecoma?,What is the mascot of the institution that owns Memorial Union?,bm25+dense,dense+hybrid,0,1,0,0,1,1,1,0,1,0
2hop__107905_110222,2hop__108336_772156,0.6417,When is the date of birth of the creator of A Burial at Ornans?,Where did the creator of the Allegory of Isabella d'Este's Coronation die?,dense,none,0,0,0,1,1,0,0,0,0,1
2hop__424294_19033,2hop__168816_144857,0.6415,Where did the author of A Lion's Tale: Around the World in Spandex win in 2008?,In what city was the author of Elephant born?,none,none,1,0,0,1,0,0,1,0,0,1
2hop__55966_162341,2hop__60336_169233,0.6414,What kind of recognition did the actor who played the game maker in hunger games receive?,What award did the actor who played Peter Pan in the movie Hook receive?,dense,dense+hybrid,0,0,0,1,1,1,1,0,1,0
2hop__386236_350892,2hop__197470_271394,0.6409,Where was Osbert Sitwell's sibling educated?,Where was Tyler MacDuff's child educated?,all,dense+hybrid,0,1,0,0,1,1,1,1,1,1
2hop__474885_22402,2hop__650138_22402,0.6407,How many students attend the school that granted Francis Travis a Ph.D.?,How many students attend the school where Max Huber attended?,none,none,1,0,0,1,0,0,1,0,0,1
2hop__6956_192417,2hop__58691_192417,0.6405,The league the New England Patriots belongs to is an example of what?,The league playing in the Thursday night football game is a type of what?,none,none,1,0,0,1,0,0,1,0,0,1
2hop__510647_507085,2hop__195917_575657,0.6404,Who is the father of the person that Crockett County is named after?,In what county is William W. Blair's birthplace located?,all,all,1,1,1,1,1,1,1,1,1,1
2hop__703767_37168,2hop__599396_19320,0.6402,Where does the employer of Hasan Hanafi rank according to QS World University Rankings?,What worldwide ranking does Javier Barros Sierra's employer hold?,all,none,0,1,0,0,1,0,0,1,0,0
2hop__323534_810083,2hop__231805_514393,0.6402,Where was the author of Marcinkus born?,What is the birthplace of St. Simeon Stylites' author?,bm25+hybrid,none,0,1,0,0,0,0,1,1,0,0
2hop__64537_482364,2hop__83489_747874,0.6397,Who is the father of the man with the same name as the Big Brother hot dog challenge winner?,Who is the brother of the player who has won the most bbc sports personality of the year awards?,none,dense,0,0,0,1,0,1,0,0,0,1
2hop__421324_97805,2hop__135993_160249,0.6396,Which war did the operator of Finnish coastal defence ship Väinämöinen serve in?,In which years did the war with the person who the Ioannina National Airport is name after occur?,all,bm25,0,1,1,1,1,0,0,1,0,0
2hop__30741_85990,2hop__82858_654855,0.6393,Who were the leaders of the opposition of the party that dominated until the mid-20th century?,What political party was the socialist candidate part of who ran for president in 1912?,none,dense+hybrid,0,0,0,1,0,1,0,0,1,0
2hop__61143_165532,2hop__335418_279684,0.6391,Who is the spouse of the actor who played hannibal smith in the a team?,What team was Anna Benson's husband on?,none,dense,0,0,0,1,0,1,0,0,0,1
3hop1__53690_161697_85460,2hop__178922_5385,0.6389,What is the average salary of a working citizen of the same nationality as the author of The Feminine Mystique?,How many people work in the publisher of World Literature Today?,none,none,1,0,0,1,0,0,1,0,0,1
4hop2__9988_158279_70784_79935,3hop2__25177_19506_23299,0.6379,"When was the region that lies to the north of what used to be known as the ""Near East"" and the location of the final destination of exported crops created?","After the period which limited the supply of shellac; Białystok, Przemyśl were returned to what country along with the region they had been given in the Treaty of Schönbrunn?",none,hybrid,0,0,0,1,0,0,1,0,1,0
2hop__42027_42004,2hop__693157_131890,0.6377,"Since 2004, what is the location of the body to which, if a matter is not specifically reserved, it is devolved?",What is the body of water by the area where Athlete was formed?,hybrid,bm25,0,0,1,0,0,0,1,1,0,0
2hop__605207_135019,2hop__233551_746883,0.6371,Who is the mother of Andreogeus' father?,Who does William Clito's father follow?,none,none,1,0,0,1,0,0,1,0,0,1
2hop__12039_11957,3hop2__43283_12039_93690,0.6366,What geological event caused the foundations of the land beneath the city where most university graduates stay after acquiring a degree?,"When did the baseball team from the city where most university graduates stay after acquiring a degree, go the league that wins the All Stars more frequently?",bm25+hybrid,all,0,1,1,1,0,1,0,1,1,1
2hop__21075_5028,4hop2__161602_426860_88460_63559,0.6365,What was the average per capita GVA in 2013 of the country which created Burma's academic system?,When was Burma's name changed to that of the country on the natural boundary between the country that hosted the tournament and the country where That Dam is from?,dense+hybrid,none,0,0,0,1,1,0,0,1,0,0
2hop__55552_158105,2hop__486392_35739,0.6363,What two features of Windows 98 were highlighted by the man who announced Windows in 1983?,When was the version of Windows 8 from the company that Iceweasel was based on made accessible?,all,none,0,1,0,0,1,0,0,1,0,0
2hop__269076_449113,2hop__363216_787353,0.6363,Where is the headquarters of the operator of Operation Entebbe?,Where is the headquarters of the 1st Combat Communication Squadron located?,none,none,1,0,0,1,0,0,1,0,0,1
2hop__611538_152907,4hop1__842143_153080_33897_81096,0.6358,What city is the star of 'Three Strangers in Rome' from?,Who won the Indy Car Race in the largest populated city of the state where the performer of Mingus Three is from?,none,none,1,0,0,1,0,0,1,0,0,1
2hop__137061_45752,2hop__347652_47134,0.6358,Why does the place where Step Up Revolution takes place have a duck for a mascot?,What is the mascot of the institution that owns Memorial Union?,none,dense+hybrid,0,0,0,1,0,1,0,0,1,0
3hop1__398232_326948_59893,2hop__244193_461106,0.6353,When were the monuments built in the Mother-in-Law performer's birthplace?,What movement does the creator of the Washington Monument belong to?,none,none,1,0,0,1,0,0,1,0,0,1
2hop__403060_92763,2hop__557743_92763,0.6353,What is the enrollment at the school that owns the Miami Hurricane?,What is the enrollment at Henry Latimer's alma mater?,dense+hybrid,dense,0,0,0,1,1,1,1,1,0,0
2hop__35989_623159,2hop__488811_30113,0.6348,In what oblast is the oldest city in the northeast located?,What else happened in the northern part of Erich Zakowski's birthplace in the now Russian area?,all,dense+hybrid,0,1,0,0,1,1,1,1,1,1
2hop__132909_33564,2hop__6827_55848,0.6346,During which era was the company that makes Nirbhay founded?,When was the first branch of the company that bought FleetBoston Financial established?,none,none,1,0,0,1,0,0,1,0,0,1
2hop__596188_297986,2hop__238499_431914,0.633,What administrative territorial entity contains the place where Mycenae House is located?,What administrative territorial entity includes the arrondissement that contains the Digne Cathedral?,none,all,0,0,1,0,0,1,0,0,1,0
2hop__596188_297986,2hop__147260_623159,0.6329,What administrative territorial entity contains the place where Mycenae House is located?,What territorial entity does the town where John the Hairy lived belong to?,none,none,1,0,0,1,0,0,1,0,0,1
2hop__491195_265959,2hop__780238_110949,0.6323,Who is the mother of the composer of Jag tror på sommaren?,When was the composer of Till dom ensamma born?,none,bm25,0,0,1,0,0,0,1,0,0,1
2hop__686395_141338,2hop__259228_793698,0.6312,What company is Frederic Ewen's employer part of?,Where is Ulrich Walter's employer headquartered?,bm25,none,0,1,0,0,0,0,1,0,0,1
3hop1__398232_326948_59893,2hop__13731_801817,0.6311,When were the monuments built in the Mother-in-Law performer's birthplace?,Where was Mary's betrothed born?,none,none,1,0,0,1,0,0,1,0,0,1
2hop__175175_347233,4hop1__324759_378185_282674_759393,0.631,In which county did Snappy Tomato Pizza form?,What is the capital of the county that shares a border with the county where Pierce Manufacturing's headquarters are located?,none,none,1,0,0,1,0,0,1,0,0,1
3hop1__139773_88110_77129,2hop__13106_158105,0.6308,"What was the first OS to support the Hyper-V protocol, developed by the company that the letters MS stand for, in the network where The Rachel Maddow Show is found?",Which two features were played up the Microsoft executive who announced IPTV in 2007?,dense,dense,1,0,0,1,1,1,1,0,0,1
2hop__445963_6098,3hop1__23058_20608_36327,0.6308,Over how many slaves ended up getting emancipated on the birth place of Francis Watson?,What did Bloomberg name the country formerly known as the region where the Spanish and Portuguese took most of their slaves from?,dense,none,0,0,0,1,1,0,0,0,0,1
2hop__107238_64918,3hop1__504362_443779_52195,0.6296,Who was president when congress declared war on the country where Glumpers was filmed?,Who is the president of the new country that jointly established a Commission of Truth and Friendship with the country that Solor is a part of?,none,none,1,0,0,1,0,0,1,0,0,1
2hop__789565_416401,2hop__439614_349102,0.6284,Who is the child of Empress Dowager Huang's child?,What type of animal is Xiao Liwu's mother?,dense,dense+hybrid,0,0,0,1,1,1,1,0,1,0
2hop__711639_110949,2hop__554167_451128,0.6283,What is the Sarah performer's birth date?,Who is the child of the Victim of Romance performer?,none,none,1,0,0,1,0,0,1,0,0,1
2hop__274110_413723,4hop1__580153_49925_13759_736921,0.628,In which district was Ernie Watts born?,Where is the district that the person who wanted to reform and address the religion that practices candidacy preach a sermon on Marian devotion before his death located?,dense+hybrid,none,0,0,0,1,1,0,0,1,0,0
2hop__699172_141338,2hop__216256_141338,0.6277,What company is the school where Lawrence Landweber was educated a part of?,What company is the school where Ernest G. McClain is employed a part of?,none,dense,0,0,0,1,0,1,0,0,0,1
2hop__517145_367341,2hop__822965_165304,0.6266,Who is the child of the cast member of Green Ice?,Who is the child of the actor who is a cast member of Love in Pawn?,none,none,1,0,0,1,0,0,1,0,0,1
2hop__256553_617289,2hop__301587_233146,0.6258,Who is the uncle of Liu Bin?,Who is the grandfather of James Mayer de Rothschild?,none,none,1,0,0,1,0,0,1,0,0,1
2hop__498251_126089,2hop__131818_161450,0.6255,Who was in charge of the area where Laren is located?,Where is the Voshmgir District located?,dense+hybrid,dense+hybrid,1,0,0,1,1,1,1,1,1,1
2hop__398344_439882,2hop__94629_1110,0.6249,Who is the creator of the main character in the Steven the Sword Fighter series?,In what year was Twilight Princess from the game series on which The Legend of Neil was based originally planned for release?,all,all,1,1,1,1,1,1,1,1,1,1
2hop__832795_350510,2hop__245835_762148,0.6241,What group was the performer of Be the One a member of?,Who is part of the group performing Ask the Fish?,none,dense,0,0,0,1,0,1,0,0,0,1
2hop__121145_561444,2hop__115515_779396,0.6239,Who did the creator of Derech Mitzvosecha follow?,Where was the creator of the Lap Engine educated?,none,dense,0,0,0,1,0,1,0,0,0,1
2hop__39954_80303,2hop__249867_557232,0.6238,What is the name of the game reserve in the country where hunters spend 50 to 100 times more than the average ecotourist?,Which country is the Desert Forest Golf Club located in?,all,dense+hybrid,0,1,0,0,1,1,1,1,1,1
2hop__697729_576069,2hop__41158_35123,0.6237,Adolf Overweg died in what geological area?,What was the lifespan of the person who proposed explanations for the origins of earthquakes and the formation of mountains?,none,none,1,0,0,1,0,0,1,0,0,1
3hop1__23058_20608_36327,3hop2__30956_65244_84681,0.6236,What did Bloomberg name the country formerly known as the region where the Spanish and Portuguese took most of their slaves from?,"When did the people who controlled New York before it became an English colony, come to the country where John Kerry's yacht was built?",none,none,1,0,0,1,0,0,1,0,0,1
2hop__835171_141338,2hop__216256_141338,0.6234,What company is the college where Wolf V. Vishniac studied a part of?,What company is the school where Ernest G. McClain is employed a part of?,all,dense,0,1,0,0,1,1,1,1,0,0
2hop__259267_22402,2hop__283298_22402,0.6233,How many students attend where Rudolf Wolf was educated?,How many students attend the university employing Marie Theres Fögen?,dense,dense+hybrid,0,0,0,1,1,1,1,0,1,0
2hop__153009_44880,3hop1__305282_282081_10972,0.6232,Who is the mayor presiding now where Merrill Elam was born?,When did the city where Ill's performer was born elect its first black mayor?,none,none,1,0,0,1,0,0,1,0,0,1
2hop__249867_557232,2hop__455392_40315,0.6229,Which country is the Desert Forest Golf Club located in?,How many campuses are there in the institution that Desert Studies Center is a part of?,dense+hybrid,dense,0,0,0,1,1,1,1,1,0,0
2hop__341176_711757,2hop__450608_373421,0.6226,What other district is found in the same county as Gmina Stężyca?,What is the county where Ukmergė District Municipality is located one of?,none,all,0,0,1,0,0,1,0,0,1,0
2hop__80070_89752,2hop__848156_130869,0.6223,What is the largest state in the region where the Handmaid's Tale takes place?,What state contains the place where Fatata te Miti is displayed?,none,none,1,0,0,1,0,0,1,0,0,1
2hop__81268_85407,3hop1__152880_131926_87157,0.6223,What was the 2018 population of the Italian city that's underwater?,What is the direction of flow of the body of water by the city that Astronautalis is from?,all,none,0,1,0,0,1,0,0,1,0,0
4hop2__103790_14670_8987_8974,2hop__865961_159109,0.6223,Ivo Werner is from Country A that invaded Country B because their military branch that Air Defense Artillery is part of was unprepared. Country B was the only communist country to have an embassy where?,Where is the country with ISO code ISO 3166-2:CV located?,none,bm25+hybrid,0,0,1,0,0,0,1,0,1,0
2hop__756620_127399,2hop__661847_288421,0.6213,What year did the Leone brothers start their band?,Who is part of the band that performed Full Cooperation?,dense+hybrid,dense,0,0,0,1,1,1,1,1,0,0
2hop__678516_179720,2hop__280583_229757,0.6212,Who was married to the creator of Ruby Loftus Screwing a Breech Ring?,Who is the spouse of the creator of The Mighty B?,none,none,1,0,0,1,0,0,1,0,0,1
2hop__15650_77173,2hop__316374_82341,0.6208,Where are the Ozark Mountains located within the state where Robert Patton worked in May 2014?,In what part of Florida is Bob Steele's place of death located?,hybrid,none,0,0,0,1,0,0,1,1,0,0
2hop__132954_533882,2hop__481349_302087,0.6207,What company was formed after a merger of the company that built ASM-N-5 Gorgon V?,Which company owns the manufacturer of Learjet 60?,all,dense,0,1,0,0,1,1,1,1,0,0
2hop__697790_864352,2hop__47808_198548,0.6207,Who is the child of Caroline LeRoy's spouse?,Who is the wife of the actor of Grace's boyfriend in Frankie and Grace?,none,none,1,0,0,1,0,0,1,0,0,1
2hop__669456_108549,2hop__358270_108549,0.619,Who wrote the show that Jimmy Olsen works for?,Who wrote the TV Series containing the Finale episodes?,dense,none,0,0,0,1,1,0,0,0,0,1
2hop__20059_236755,2hop__417937_158105,0.6186,What is a notable work from the person who said the term 'intellectual property' operates as a catch-all,Which two features were played up by the author of Business @ the Speed of Thought?,none,none,1,0,0,1,0,0,1,0,0,1
2hop__640262_122868,2hop__685280_510757,0.6183,What university did the author of 1967: The Last Good Year attend?,The Unwinding author volunteered for which organisation?,none,dense,0,0,0,1,0,1,0,0,0,1
2hop__156702_51769,2hop__2416_86208,0.6183,What is the life expectancy of the type of retriever named after the body of water the Patuxent River turns into?,When does the river that pumps the engine flood every year?,dense,none,0,0,0,1,1,0,0,0,0,1
2hop__15416_58040,2hop__131455_11960,0.6179,What is the highest city in the state where Dell ranks sixth by revenue?,What is the tallest building in the state where KZAR is located?,none,none,1,0,0,1,0,0,1,0,0,1
2hop__242753_658778,2hop__108336_772156,0.6178,What group is the creator of Judith and the Head of Holofernes a member of?,Where did the creator of the Allegory of Isabella d'Este's Coronation die?,dense,none,0,0,0,1,1,0,0,0,0,1
2hop__84439_482364,2hop__25396_593388,0.6175,Who is the father of the person who fulfilled the warning beware the man with one sandal?,Who was the father of the person who issued the Tamworth manifesto?,none,dense+hybrid,0,0,0,1,0,1,0,0,1,0
2hop__149862_108549,2hop__126299_396277,0.6174,Who created the work that features the appearance of Cosmic Boy?,What other notable work did the person who illustrated Shrek work on?,none,none,1,0,0,1,0,0,1,0,0,1
2hop__16844_42173,2hop__47071_162399,0.6169,When was the ruler that was dissolved after the Indian Rebellion of 1857 established?,When did the person who launched the Bardoli Satyagraha on 4th february 1928 die?,none,dense+hybrid,0,0,0,1,0,1,0,0,1,0
2hop__92590_43786,2hop__47257_43786,0.6164,Where is the newspaper that originated the term Baby Boomer based?,Where is the base of the newspaper saying if you find yourself in a hole stop digging?,all,all,1,1,1,1,1,1,1,1,1,1
2hop__17508_17335,3hop1__108833_720914_27537,0.6155,When did the person all of the diadochi painted themselves to look like die?,Why did Roncalli leave the place where artist who made The Bacchanal of the Andrians died?,none,none,1,0,0,1,0,0,1,0,0,1
2hop__25396_212301,2hop__754682_730690,0.615,Who is the child of the person who issued the Tamworth manifesto?,What movement was Vibullia Alcia Agrippina's child a proponent for?,dense,bm25+hybrid,0,0,1,0,1,0,0,0,1,0
2hop__477492_240386,2hop__504464_708278,0.6147,What is the record label of the Metalworks Studio founder?,Who was the company preceding Metalmark Capital named after?,none,dense,0,0,0,1,0,1,0,0,0,1
2hop__499577_617190,2hop__310456_846599,0.6146,Who is the spouse of the child of Peter Andreas Heiberg?,Who is the child of the person who followed Tihomir of Serbia?,dense+hybrid,dense,0,0,0,1,1,1,1,1,0,0
3hop1__158848_66089_86107,3hop1__41865_55331_34700,0.6145,Which city of the sea linked to another sea that Theodoric was trying to gain access to by attacking Narbo Martius was the main port of Axum?,Who sent naval ships to the body of water that joins the Atlantic and the sea where the Rhine ends?,hybrid,none,0,0,0,1,0,0,1,1,0,0
2hop__39420_39345,2hop__53175_548781,0.6143,When did the president of Notre Dame in 2012 begin his tenure?,What is the birth place of the US president with whose election the republican ascendancy of the 1920's began?,all,none,0,1,0,0,1,0,0,1,0,0
2hop__144303_483189,2hop__168816_144857,0.6137,What mythology is the city where Eutychides was born in a part of?,In what city was the author of Elephant born?,all,none,0,1,0,0,1,0,0,1,0,0
2hop__29367_29376,3hop1__86965_488922_4093,0.6135,What event caused the Liberal Party of Australia's longest-serving leader to become Prime Minister?,What is the term for the prime minister in the country where legislators are elected for six year terms?,none,none,1,0,0,1,0,0,1,0,0,1
2hop__146919_29244,2hop__827995_159109,0.6132,What is the busiest airport in the city where Marcel Bich died?,Where is Amílcar Cabral International Airport?,hybrid,none,0,0,0,1,0,0,1,1,0,0
2hop__543853_124498,2hop__64537_482364,0.6127,Who is the father of the Labo M performer?,Who is the father of the man with the same name as the Big Brother hot dog challenge winner?,none,none,1,0,0,1,0,0,1,0,0,1
2hop__391873_88622,2hop__315246_88622,0.6124,Who is the head of the agency that created MYSTIC?,Who is the head of the developer of Simon?,none,none,1,0,0,1,0,0,1,0,0,1
2hop__673655_316668,2hop__586343_83289,0.6117,What instrument is played by the person from The Blackout All-Stars?,Who is the guy in the video of the performer of One Last Time?,none,dense+hybrid,0,0,0,1,0,1,0,0,1,0
2hop__153573_109006,2hop__126188_396277,0.6116,Who developed the eponymous character from the series that contains Mickey's Safari in Letterland?,The author of Abel's Island wrote what 1982 book featuring a mouse-dentist?,all,all,1,1,1,1,1,1,1,1,1,1
2hop__596188_297986,2hop__731228_609866,0.6115,What administrative territorial entity contains the place where Mycenae House is located?,What district is the headquarter of Julia's House located?,none,none,1,0,0,1,0,0,1,0,0,1
2hop__54651_169233,2hop__170914_152093,0.6109,What award did the singer of Never Had a Friend Like Me in Aladdin receive?,"What label is responsible for the performer of ""Friend Like That""?",dense,none,0,0,0,1,1,0,0,0,0,1
2hop__466700_214359,2hop__496961_554601,0.6108,"Who is one of the members of the music group that performed ""Good Little Girls""?",What's the place of birth of the former member of The Sunnyboys?,all,all,1,1,1,1,1,1,1,1,1,1
2hop__700093_455653,2hop__87589_362941,0.6101,Who founded the political party of Dimuthu Bandara Abayakoon?,Where was the founder of the National Women's Party born?,dense,dense,1,0,0,1,1,1,1,0,0,1
3hop1__6362_14336_21111,2hop__106864_80460,0.6094,The population of the country that worked with the outfit behind Man in Space Soonest numbers how much?,What was the 2017 population of the country where Bedari was made?,none,all,0,0,1,0,0,1,0,0,1,0
2hop__487706_40501,2hop__32541_85460,0.6094,How many refugees emigrated to the participant of Battle of Kentish Knock?,What is the median household income for people today of the same country as the witness to the Blitz?,dense+hybrid,all,0,0,1,0,1,1,1,1,1,1
2hop__527400_159673,2hop__810411_159673,0.6092,"This cast member in ""Search for the Gods"" also plays a character in which film?","What other film is the cast member of Now You See Him, Now You Don't a character for?",dense,dense+hybrid,0,0,0,1,1,1,1,0,1,0
2hop__17508_17335,2hop__826864_17335,0.6092,When did the person all of the diadochi painted themselves to look like die?,When did the owner of Bucephalus die?,none,none,1,0,0,1,0,0,1,0,0,1
2hop__96062_159673,2hop__810411_159673,0.6091,What other movie did the cast member of Escape from L.A. play a character in?,"What other film is the cast member of Now You See Him, Now You Don't a character for?",dense,dense+hybrid,0,0,0,1,1,1,1,0,1,0
2hop__204146_850295,2hop__168816_144857,0.6087,Who is the sibling of the author of Kapalkundala?,In what city was the author of Elephant born?,dense,none,0,0,0,1,1,0,0,0,0,1
2hop__271045_68633,2hop__815205_590407,0.6084,Who is the president of the organization Julio Maglione is located?,Where is the headquarters of the organization that the Office of Science Education is a part of?,all,none,0,1,0,0,1,0,0,1,0,0
2hop__3131_3300,2hop__143915_68489,0.6079,Which season was the runner up of the third season of American Idol on?,who did the performer of Sings America play on young and restless?,none,none,1,0,0,1,0,0,1,0,0,1
2hop__92900_512508,2hop__159902_362941,0.6075,The person credited with the discovery of the neutron is a participant in what project?,Where was the person featured on the Chester Arthur coin born?,bm25+hybrid,none,0,1,0,0,0,0,1,1,0,0
2hop__130668_126089,2hop__819974_129669,0.6072,Who was in charge of the state where Graft-De Rijp is located?,In which state is Póvoa de Santa Iria's municipality located?,dense+hybrid,none,0,0,0,1,1,0,0,1,0,0
2hop__131275_72870,2hop__341305_332933,0.6059,Who did the state where Christian Science Pleasant View Home was located vote for in 2016?,What is the capital of the county that Pine Springs is located in?,none,all,0,0,1,0,0,1,0,0,1,0
2hop__754021_20057,2hop__279729_20057,0.6059,Who started the organization that founded Defective by Design?,Who founded what Robert J Chassell is a member of?,bm25,none,0,1,0,0,0,0,1,0,0,1
2hop__403712_793210,2hop__124932_278133,0.6047,"Who is the father of Edward Baring, 1st Baron Revelstoke's father?",Who was the father of Jujhar Singh's father?,all,dense,0,1,0,0,1,1,1,1,0,0
2hop__695364_513121,2hop__159902_362941,0.6032,Who is the child of the male star of the 1921 film Money?,Where was the person featured on the Chester Arthur coin born?,dense+hybrid,none,0,0,0,1,1,0,0,1,0,0
2hop__145220_58439,2hop__144150_82341,0.6032,Notre Dame is located is what section of Camille Cottin's birthplace?,In what part of Florida is Tom Denney's birthplace located?,bm25+hybrid,none,0,1,0,0,0,0,1,1,0,0
2hop__135668_561444,2hop__76402_653666,0.6025,"Who is daughter to the third Rebbe of Chabad Lubavitch, named after his father?",Who is the mother of the founder of Mormonism?,all,all,1,1,1,1,1,1,1,1,1,1
2hop__497191_129669,2hop__274110_413723,0.6025,In which district was Alhandra born?,In which district was Ernie Watts born?,dense+hybrid,dense+hybrid,1,0,0,1,1,1,1,1,1,1
2hop__9014_679424,2hop__464479_70131,0.6011,The Socialist Autonomous Province of the city where there were mass executions of Danube Swabian population are located in where?,Who constituted the freikorps in the country that the German Socialist Party was part of?,none,dense+hybrid,0,0,0,1,0,1,0,0,1,0
2hop__799936_20273,2hop__159215_779396,0.6009,What year did the author of The First Blast of the Trumpet Against the Monstruous Regiment of Women die?,Where was the person who wrote about the rioting being a dividing factor in Birmingham educated?,none,none,1,0,0,1,0,0,1,0,0,1
2hop__809096_491515,2hop__233551_746883,0.6005,Where did William Beckford's child die?,Who does William Clito's father follow?,all,none,0,1,0,0,1,0,0,1,0,0
2hop__207476_625987,3hop1__857241_503371_21711,0.6003,"Who is the grandmother of Philippe, Duke of Orléans?",When was the Palau de la Generalitat constructed in the city where Martin from the region where Erla is located died?,none,dense+hybrid,0,0,0,1,0,1,0,0,1,0
2hop__147212_60904,2hop__269659_722575,0.6,Who owns the rehabilitation center at the place where Hank Moonjean died?,What company owns the owner of National Observer?,dense+hybrid,all,0,0,1,0,1,1,1,1,1,1
2hop__289517_139339,2hop__805610_392181,0.5997,What was the cast member in After Hours nominated for?,"What did the director of ""A Stitch for Time"" win at the 54th Academy Awards?",all,all,1,1,1,1,1,1,1,1,1,1
2hop__95687_577502,2hop__43776_162341,0.5993,Who is the spouse of the leading actor in the film The 6th Day?,What other recognition did the Oscar winner for Best Actor in 2006 receive?,bm25+hybrid,none,0,1,0,0,0,0,1,1,0,0
2hop__48481_319887,2hop__51760_602275,0.5989,Where was the actor who plays Kurt in Daddy's Home 2 educated?,Who was the child of the person that Mel Brooks played in Mr. Peabody and Sherman?,none,none,1,0,0,1,0,0,1,0,0,1
2hop__59366_71206,3hop1__654651_55349_651302,0.5987,"On The Drew Carey Show, who plays the character with the same name as the character who died in 47 Meters Down?",What is the place of birth of who does the voice of stan on the series that Insecurity is part of?,none,none,1,0,0,1,0,0,1,0,0,1
2hop__682872_516436,2hop__149983_108549,0.5986,What field does the author of Parallel Worlds work in?,Who wrote the fictional work Doctor Fate exists in?,dense,bm25,0,0,1,0,1,0,0,0,0,1
3hop1__273571_834494_34053,2hop__130984_55721,0.5985,What was the wettest year for the city in the same county as Summit?,What place gets the most rain where Sandy High School is?,all,all,1,1,1,1,1,1,1,1,1,1
4hop3__160230_470287_128875_72134,2hop__96812_130869,0.5983,When did the town WLUJ is licensed in become capitol of the state in which a statue of a Latin mother goddess is located?,The Small Cowper Madonna painting is displayed in what state?,dense,dense,1,0,0,1,1,1,1,0,0,1
2hop__554145_88622,2hop__852122_150107,0.5978,Who is the head of the main subject of NSA in popular culture?,Who published Communications of the agency that Michael Schroeder is a member of ?,dense,none,0,0,0,1,1,0,0,0,0,1
2hop__698577_851686,2hop__647996_551681,0.5962,What is a notable work written by the author of The Timothy files?,What is another notable work made by the author of Miss Sara Sampson?,none,none,1,0,0,1,0,0,1,0,0,1
2hop__55966_162341,2hop__77775_162341,0.5957,What kind of recognition did the actor who played the game maker in hunger games receive?,What recognition did the actor of Truman Capote from Capote receive?,dense,all,0,0,1,0,1,1,1,0,1,0
2hop__852657_155922,2hop__155781_155922,0.5957,Into what harbour does the river Lennox Bridge in Parramatta crosses flow?,What does the river that Darling Mills Creek turns into flow into?,all,none,0,1,0,0,1,0,0,1,0,0
2hop__648648_173389,2hop__362107_652514,0.5954,The city which contains Broadhurst Park shares a border with what town?,In which borough was Callum McManaman born?,all,all,1,1,1,1,1,1,1,1,1,1
3hop2__31398_2130_2232,2hop__620853_22458,0.5951,"What franchise of the pro soccer organization headquartered in New York, is based in the city that produced the album considered the true portrait of the No Wave movement?",What does the name of the organization the Haiti national football team belongs to stand for?,dense+hybrid,dense,0,0,0,1,1,1,1,1,0,0
2hop__333020_69048,2hop__747894_135844,0.5918,Who is the Chief Judge of the place where Orezi was born?,Whom is the birth place of Ravil Aryapov named after?,all,dense+hybrid,0,1,0,0,1,1,1,1,1,1
4hop1__199881_378185_282674_759393,2hop__85753_64503,0.5917,What is the seat of the county sharing a border with the county in which Miller Electric is headquartered?,How deep is the Riverwalk in San Antonio in the state that still uses electric chair?,bm25,dense,0,1,0,0,0,1,0,0,0,1
2hop__267938_92763,2hop__242938_18803,0.5914,What is the enrollment at Jack Clay's employer?,What did M. King Hubbert's employer announce it was in the process of doing in April 2010?,none,bm25+hybrid,0,0,1,0,0,0,1,0,1,0
2hop__728887_159109,2hop__829358_754719,0.5911,Where is Assomada located?,What administrative territorial entity does Darley Ramon Torres's place of birth located?,none,dense,0,0,0,1,0,1,0,0,0,1
2hop__77832_159673,2hop__96194_78303,0.5894,The actor who plays copper in Fox and the Hound is a character in which film?,"What was the name of the Hero and the Terror star's character in Walker, Texas Ranger?",none,all,0,0,1,0,0,1,0,0,1,0
2hop__93230_319887,2hop__51760_122023,0.5894,What institute did the actor playing the voice of John Smith in Pocahontas attend?,What is the name of the university that educated the character that Mel Brooks plays in Mr. Peabody and Sherman?,none,none,1,0,0,1,0,0,1,0,0,1
2hop__144303_483189,2hop__771477_149987,0.5871,What mythology is the city where Eutychides was born in a part of?,Which mythological tradition has the group of heroes that includes Aegialeus?,all,all,1,1,1,1,1,1,1,1,1,1
4hop1__444892_32392_823060_610794,2hop__865828_377862,0.5866,In what county is the city that shares a border with the capital of the state where Levi Casey was born?,Which city is in the same county as Gmina Jordanow?,none,dense+hybrid,0,0,0,1,0,1,0,0,1,0
2hop__780652_93362,2hop__63982_768138,0.5847,What film features Anil Devgan's sibling?,Who is the sibling of the actor who played Joey on Gimme a Break?,none,none,1,0,0,1,0,0,1,0,0,1
2hop__200391_44187,2hop__726892_131968,0.5838,"In the Tom Hanks movie Castaway, what is the object with the same name as Vance Page's place of death?",Which is the body of water by Leo Bennett's place of death?,dense,none,0,0,0,1,1,0,0,0,0,1
2hop__1845_38366,2hop__362107_652514,0.5821,What is the population of the borough that contains the neighborhood of Riverdale?,In which borough was Callum McManaman born?,none,all,0,0,1,0,0,1,0,0,1,0
2hop__475808_74481,2hop__644898_64046,0.5807,"In The Godfather Part II, who did the producer of Mistress play?",Who plays the prison warden in the second movie in the series with the same name as the place where James Trainer died?,dense+hybrid,none,0,0,0,1,1,0,0,1,0,0
4hop1__342858_131850_33952_34088,2hop__92385_2072,0.5804,Where does the second largest city in the state where Yuma's Library District is located hold NASCAR races?,What is the public library system called in the place where the Cosbys live in New York?,none,none,1,0,0,1,0,0,1,0,0,1
3hop2__106842_30645_84681,3hop1__516535_834494_34109,0.5784,When did the people who first settled the Delaware Valley come to the country which produced the show @Seven?,"What is the PBS station in the city that shares a county with Allen, Arizona?",none,all,0,0,1,0,0,1,0,0,1,0
2hop__149710_108549,2hop__398344_439882,0.5774,Who is the show Hawkgirl is from by?,Who is the creator of the main character in the Steven the Sword Fighter series?,dense+hybrid,all,0,0,1,0,1,1,1,1,1,1
2hop__59366_71206,2hop__252521_80650,0.5766,"On The Drew Carey Show, who plays the character with the same name as the character who died in 47 Meters Down?",Who played the character in the Santa Clause 3 that has a series named after it that includes Frost at Christmas?,none,all,0,0,1,0,0,1,0,0,1,0
2hop__611538_152907,2hop__839126_472799,0.5723,What city is the star of 'Three Strangers in Rome' from?,Which competition did the performer of Cadore 33 participated?,none,none,1,0,0,1,0,0,1,0,0,1
2hop__726717_610238,3hop1__273571_834494_34088,0.5717,What is the network which National Cycle Route 57 is part of an example of?,Where does the administrative territorial entity that contains the administrative territorial entity that contains summit hold NASCAR races?,all,none,0,1,0,0,1,0,0,1,0,0
2hop__556426_9237,3hop2__6989_37759_74563,0.5714,When did the first mosque open where Air Marshall Islands is headquartered?,"When did the religious order that founded Harvard College, arrive in the region of the U.S. served by the Rainbow Times?",all,bm25,0,1,1,1,1,0,0,1,0,0
2hop__267938_92763,2hop__703493_162341,0.5713,What is the enrollment at Jack Clay's employer?,What recognition did the Jack Goes Boating director receive?,none,dense+hybrid,0,0,0,1,0,1,0,0,1,0
2hop__77134_88165,2hop__40970_90367,0.5653,Who did the person Sarah married to in the bible marry after the death of Sarah?,What was the role of God in the Biblical crossing of the sea where herbivorous fishes have been seen feeding on gelatinous zooplankton?,all,hybrid,0,1,0,0,1,0,0,1,1,1
2hop__243084_523417,2hop__398344_85513,0.5647,What is the anime that has Seta Sōjirō an instance of?,When is the next episode of the series that Steven the Sword Fighter is a part of being released?,all,none,0,1,0,0,1,0,0,1,0,0
2hop__460091_405771,2hop__596188_297986,0.5386,What taxa is Ommatidae part of?,What administrative territorial entity contains the place where Mycenae House is located?,dense+hybrid,none,0,0,0,1,1,0,0,1,0,0
